time,open,high,low,close,volume
2024-04-12T12:05:00+00:00,235.0,235.0,235.0,235.0,59868
2024-04-12T12:10:00+00:00,235.0,236.65,228.0,233.5,115884
2024-04-12T12:15:00+00:00,233.5,235.0,233.05,234.1,27458
2024-04-12T12:20:00+00:00,234.15,234.3,233.15,234.0,18999
2024-04-12T12:25:00+00:00,234.0,234.7,233.9,234.45,10288
2024-04-12T12:30:00+00:00,234.4,234.6,234.3,234.5,10160
2024-04-12T12:35:00+00:00,234.55,235.0,234.45,234.9,10214
2024-04-12T12:40:00+00:00,234.85,236.5,234.8,235.65,43079
2024-04-12T12:45:00+00:00,235.65,239.9,235.55,238.9,48361
2024-04-12T12:50:00+00:00,238.9,239.8,237.15,238.25,18351
2024-04-12T12:55:00+00:00,238.25,239.8,238.05,238.85,13068
2024-04-12T13:00:00+00:00,238.9,239.0,237.55,238.6,12165
2024-04-12T13:05:00+00:00,238.4,238.9,237.2,237.5,7245
2024-04-12T13:10:00+00:00,237.5,237.5,236.5,237.05,11334
2024-04-12T13:15:00+00:00,237.05,238.6,237.0,238.55,9507
2024-04-12T13:20:00+00:00,238.55,238.55,237.0,237.05,6463
2024-04-12T13:25:00+00:00,237.05,237.85,237.0,237.5,9096
2024-04-12T13:30:00+00:00,237.2,237.5,237.05,237.35,2853
2024-04-12T13:35:00+00:00,237.2,237.4,237.1,237.2,2826
2024-04-12T13:40:00+00:00,237.2,237.2,235.2,235.7,10137
2024-04-12T13:45:00+00:00,236.4,236.5,235.0,235.45,15002
2024-04-12T13:50:00+00:00,235.45,235.7,235.3,235.35,5981
2024-04-12T13:55:00+00:00,235.4,235.5,235.0,235.15,9888
2024-04-12T14:00:00+00:00,235.15,235.85,235.15,235.85,3107
2024-04-12T14:05:00+00:00,235.85,236.4,235.6,236.15,5009
2024-04-12T14:10:00+00:00,236.3,236.4,235.0,235.1,8040
2024-04-12T14:15:00+00:00,235.1,235.45,234.7,235.0,11934
2024-04-12T14:20:00+00:00,234.95,235.0,234.75,234.95,2282
2024-04-12T14:25:00+00:00,235.0,235.45,234.75,235.45,6936
2024-04-12T14:30:00+00:00,235.4,236.25,235.35,236.0,3875
2024-04-12T14:35:00+00:00,236.0,236.0,235.0,235.8,2637
2024-04-12T14:40:00+00:00,235.85,235.95,235.0,235.35,3408
2024-04-12T14:45:00+00:00,235.2,235.8,235.0,235.5,2080
2024-04-12T14:50:00+00:00,235.5,235.8,235.0,235.0,3299
2024-04-12T14:55:00+00:00,235.05,235.2,235.0,235.05,3046
2024-04-12T15:00:00+00:00,235.05,235.2,235.0,235.05,1996
2024-04-12T15:05:00+00:00,235.05,235.15,235.05,235.05,901
2024-04-12T15:10:00+00:00,235.1,235.25,235.05,235.2,1827
2024-04-12T15:15:00+00:00,235.2,235.4,235.2,235.2,2614
2024-04-12T15:20:00+00:00,235.25,235.4,235.2,235.3,1093
2024-04-12T15:25:00+00:00,235.3,235.35,235.05,235.05,3322
2024-04-12T15:30:00+00:00,235.15,235.35,235.0,235.05,4956
2024-04-12T15:35:00+00:00,235.0,235.05,234.9,234.9,2442
2024-04-12T15:45:00+00:00,234.9,234.9,234.9,234.9,1984
2024-04-15T06:55:00+00:00,235.0,235.0,235.0,235.0,670
2024-04-15T07:00:00+00:00,235.1,236.05,234.9,234.95,6647
2024-04-15T07:05:00+00:00,235.0,235.5,234.9,235.05,3104
2024-04-15T07:10:00+00:00,235.05,235.1,234.75,234.75,3926
2024-04-15T07:15:00+00:00,234.75,234.9,233.0,233.45,5967
2024-04-15T07:20:00+00:00,233.4,233.45,232.0,232.15,6480
2024-04-15T07:25:00+00:00,232.2,232.8,232.1,232.35,3057
2024-04-15T07:30:00+00:00,232.35,233.4,232.15,233.15,2136
2024-04-15T07:35:00+00:00,233.1,233.55,232.15,233.4,2152
2024-04-15T07:40:00+00:00,233.4,234.0,233.4,233.9,1767
2024-04-15T07:45:00+00:00,233.9,233.9,233.05,233.1,870
2024-04-15T07:50:00+00:00,233.1,233.9,233.0,233.85,1399
2024-04-15T07:55:00+00:00,233.85,233.95,233.85,233.85,703
2024-04-15T08:00:00+00:00,233.85,234.4,233.85,234.05,1173
2024-04-15T08:05:00+00:00,234.3,234.4,233.95,234.05,731
2024-04-15T08:10:00+00:00,234.25,234.25,233.85,234.15,738
2024-04-15T08:15:00+00:00,234.1,234.2,233.95,234.05,537
2024-04-15T08:20:00+00:00,234.0,234.05,233.95,234.0,117
2024-04-15T08:25:00+00:00,234.0,234.15,233.95,234.0,304
2024-04-15T08:30:00+00:00,234.0,234.4,234.0,234.35,1123
2024-04-15T08:35:00+00:00,234.15,234.35,234.1,234.15,319
2024-04-15T08:40:00+00:00,234.15,234.3,234.1,234.25,387
2024-04-15T08:45:00+00:00,234.15,234.5,234.1,234.5,786
2024-04-15T08:50:00+00:00,234.25,234.6,234.25,234.3,926
2024-04-15T08:55:00+00:00,234.3,234.9,234.3,234.65,616
2024-04-15T09:00:00+00:00,234.65,234.85,234.6,234.65,631
2024-04-15T09:05:00+00:00,234.6,234.8,234.3,234.4,487
2024-04-15T09:10:00+00:00,234.4,234.7,234.05,234.45,691
2024-04-15T09:15:00+00:00,234.25,234.75,234.1,234.1,346
2024-04-15T09:20:00+00:00,234.15,234.6,234.1,234.3,238
2024-04-15T09:25:00+00:00,234.15,234.55,234.05,234.05,597
2024-04-15T09:30:00+00:00,234.05,234.65,234.05,234.15,428
2024-04-15T09:35:00+00:00,234.25,234.3,234.15,234.15,419
2024-04-15T09:40:00+00:00,234.2,234.85,234.2,234.55,647
2024-04-15T09:45:00+00:00,234.55,235.0,234.5,234.95,1899
2024-04-15T09:50:00+00:00,234.95,235.0,234.9,234.95,704
2024-04-15T09:55:00+00:00,235.0,235.0,234.95,234.95,478
2024-04-15T10:00:00+00:00,234.95,235.0,234.95,235.0,306
2024-04-15T10:05:00+00:00,235.0,235.1,234.95,235.0,288
2024-04-15T10:10:00+00:00,235.0,235.2,234.9,234.95,1388
2024-04-15T10:15:00+00:00,235.15,235.2,234.95,235.0,325
2024-04-15T10:20:00+00:00,235.0,235.0,234.8,234.9,305
2024-04-15T10:25:00+00:00,234.7,235.0,234.05,234.95,1011
2024-04-15T10:30:00+00:00,234.7,234.95,234.3,234.3,220
2024-04-15T10:35:00+00:00,234.3,234.65,234.2,234.45,194
2024-04-15T10:40:00+00:00,234.45,234.7,234.45,234.7,116
2024-04-15T10:45:00+00:00,234.7,235.0,234.5,234.95,748
2024-04-15T10:50:00+00:00,234.65,235.0,234.65,235.0,244
2024-04-15T10:55:00+00:00,235.0,235.0,234.65,234.7,134
2024-04-15T11:00:00+00:00,234.7,234.9,234.45,234.7,410
2024-04-15T11:05:00+00:00,234.45,234.7,234.4,234.65,107
2024-04-15T11:10:00+00:00,234.5,234.8,234.3,234.8,167
2024-04-15T11:15:00+00:00,234.8,234.95,234.75,234.8,284
2024-04-15T11:20:00+00:00,234.8,234.95,234.4,234.5,241
2024-04-15T11:25:00+00:00,234.35,234.95,234.35,234.55,177
2024-04-15T11:30:00+00:00,234.6,234.6,234.4,234.4,75
2024-04-15T11:35:00+00:00,234.4,234.7,234.4,234.4,163
2024-04-15T11:40:00+00:00,234.45,234.6,234.3,234.4,127
2024-04-15T11:45:00+00:00,234.5,234.5,233.85,234.15,2507
2024-04-15T11:50:00+00:00,234.1,234.25,233.0,233.95,2455
2024-04-15T11:55:00+00:00,233.85,234.65,233.6,234.65,670
2024-04-15T12:00:00+00:00,234.6,234.65,234.25,234.5,145
2024-04-15T12:05:00+00:00,234.5,234.5,234.2,234.2,108
2024-04-15T12:10:00+00:00,234.2,234.55,234.2,234.3,203
2024-04-15T12:15:00+00:00,234.5,234.5,233.7,233.7,365
2024-04-15T12:20:00+00:00,233.7,234.45,233.7,233.9,67
2024-04-15T12:25:00+00:00,233.9,234.05,233.7,233.9,178
2024-04-15T12:30:00+00:00,233.9,234.35,233.9,234.15,230
2024-04-15T12:35:00+00:00,233.9,234.0,233.45,233.55,610
2024-04-15T12:40:00+00:00,233.6,234.45,233.6,233.85,227
2024-04-15T12:45:00+00:00,234.15,234.25,233.6,233.6,202
2024-04-15T12:50:00+00:00,233.6,233.7,233.6,233.6,200
2024-04-15T12:55:00+00:00,233.7,234.3,233.6,234.25,455
2024-04-15T13:00:00+00:00,234.15,234.25,233.95,234.0,277
2024-04-15T13:05:00+00:00,234.0,234.25,233.85,233.9,436
2024-04-15T13:10:00+00:00,234.0,234.25,233.6,233.6,266
2024-04-15T13:15:00+00:00,233.6,233.9,233.6,233.65,527
2024-04-15T13:20:00+00:00,233.65,234.15,233.4,234.1,272
2024-04-15T13:25:00+00:00,234.1,234.1,234.0,234.0,169
2024-04-15T13:30:00+00:00,234.0,234.1,234.0,234.0,367
2024-04-15T13:35:00+00:00,234.1,234.35,234.0,234.35,231
2024-04-15T13:40:00+00:00,234.05,234.4,234.05,234.1,216
2024-04-15T13:45:00+00:00,234.35,234.4,234.05,234.1,127
2024-04-15T13:50:00+00:00,234.05,234.55,234.05,234.55,834
2024-04-15T13:55:00+00:00,234.6,234.7,234.5,234.65,787
2024-04-15T14:00:00+00:00,234.55,234.7,234.5,234.6,180
2024-04-15T14:05:00+00:00,234.6,234.7,234.5,234.5,764
2024-04-15T14:10:00+00:00,234.5,234.65,234.5,234.5,136
2024-04-15T14:15:00+00:00,234.6,234.65,234.05,234.1,223
2024-04-15T14:20:00+00:00,234.1,234.35,234.0,234.35,490
2024-04-15T14:25:00+00:00,234.05,234.25,234.0,234.0,138
2024-04-15T14:30:00+00:00,234.0,234.15,234.0,234.0,182
2024-04-15T14:35:00+00:00,234.1,234.15,234.0,234.05,449
2024-04-15T14:40:00+00:00,234.05,234.2,234.05,234.2,88
2024-04-15T14:45:00+00:00,234.1,234.5,234.0,234.1,470
2024-04-15T14:50:00+00:00,234.45,234.45,234.0,234.4,372
2024-04-15T14:55:00+00:00,234.05,234.05,233.95,234.0,235
2024-04-15T15:00:00+00:00,233.95,234.3,233.8,234.3,97
2024-04-15T15:05:00+00:00,234.0,234.4,233.95,234.05,109
2024-04-15T15:10:00+00:00,234.35,234.5,234.05,234.1,202
2024-04-15T15:15:00+00:00,234.15,234.5,234.05,234.15,205
2024-04-15T15:20:00+00:00,234.05,234.45,234.05,234.1,96
2024-04-15T15:25:00+00:00,234.05,234.5,234.0,234.05,401
2024-04-15T15:30:00+00:00,234.25,234.3,234.0,234.25,205
2024-04-15T15:35:00+00:00,234.3,234.3,234.0,234.2,269
2024-04-15T15:45:00+00:00,234.2,234.2,234.2,234.2,97
2024-04-16T06:55:00+00:00,234.2,234.2,234.2,234.2,83
2024-04-16T07:00:00+00:00,234.0,234.0,232.3,232.8,2065
2024-04-16T07:05:00+00:00,232.55,233.55,232.55,233.4,879
2024-04-16T07:10:00+00:00,233.05,233.5,233.0,233.05,1089
2024-04-16T07:15:00+00:00,233.05,233.05,232.05,232.1,2940
2024-04-16T07:20:00+00:00,232.5,233.2,232.5,233.15,1328
2024-04-16T07:25:00+00:00,233.0,233.2,232.2,232.2,1445
2024-04-16T07:30:00+00:00,232.3,232.75,231.9,232.2,3049
2024-04-16T07:35:00+00:00,232.2,232.6,231.8,231.9,2585
2024-04-16T07:40:00+00:00,231.95,232.6,231.8,231.9,3307
2024-04-16T07:45:00+00:00,231.95,232.0,231.1,231.1,2448
2024-04-16T07:50:00+00:00,231.25,231.8,231.05,231.8,1368
2024-04-16T07:55:00+00:00,231.9,232.6,231.6,232.5,4127
2024-04-16T08:00:00+00:00,232.5,232.65,232.5,232.5,890
2024-04-16T08:05:00+00:00,232.5,232.65,232.5,232.5,951
2024-04-16T08:10:00+00:00,232.5,232.6,232.5,232.6,896
2024-04-16T08:15:00+00:00,232.6,232.6,232.5,232.5,296
2024-04-16T08:20:00+00:00,232.6,232.6,232.5,232.5,320
2024-04-16T08:25:00+00:00,232.5,232.6,232.5,232.5,349
2024-04-16T08:30:00+00:00,232.6,232.6,232.05,232.35,223
2024-04-16T08:35:00+00:00,232.35,232.5,231.95,232.0,800
2024-04-16T08:40:00+00:00,232.0,232.3,232.0,232.0,507
2024-04-16T08:45:00+00:00,232.0,232.45,231.95,232.25,1032
2024-04-16T08:50:00+00:00,232.3,232.4,232.0,232.15,403
2024-04-16T08:55:00+00:00,232.15,232.65,232.1,232.55,3078
2024-04-16T09:00:00+00:00,232.65,232.7,232.5,232.55,267
2024-04-16T09:05:00+00:00,232.5,232.5,232.1,232.15,1340
2024-04-16T09:10:00+00:00,232.15,232.6,232.15,232.5,453
2024-04-16T09:15:00+00:00,232.6,232.6,232.5,232.55,357
2024-04-16T09:20:00+00:00,232.55,232.65,232.5,232.5,336
2024-04-16T09:25:00+00:00,232.55,232.6,232.5,232.5,572
2024-04-16T09:30:00+00:00,232.5,232.65,232.5,232.55,796
2024-04-16T09:35:00+00:00,232.55,232.65,232.5,232.5,161
2024-04-16T09:40:00+00:00,232.5,232.55,232.1,232.1,951
2024-04-16T09:45:00+00:00,232.15,232.3,232.1,232.1,110
2024-04-16T09:50:00+00:00,232.1,232.35,232.0,232.0,913
2024-04-16T09:55:00+00:00,232.0,232.25,232.0,232.05,859
2024-04-16T10:00:00+00:00,232.05,232.15,232.0,232.0,180
2024-04-16T10:05:00+00:00,232.05,232.25,232.0,232.05,179
2024-04-16T10:10:00+00:00,232.05,232.15,232.0,232.15,175
2024-04-16T10:15:00+00:00,232.05,232.15,232.0,232.15,171
2024-04-16T10:20:00+00:00,232.05,232.5,232.0,232.0,612
2024-04-16T10:25:00+00:00,232.05,232.5,232.0,232.05,2630
2024-04-16T10:30:00+00:00,232.0,232.55,232.0,232.55,2645
2024-04-16T10:35:00+00:00,232.55,232.6,232.5,232.55,562
2024-04-16T10:40:00+00:00,232.6,232.6,232.5,232.6,851
2024-04-16T10:45:00+00:00,232.3,232.6,232.2,232.6,188
2024-04-16T10:50:00+00:00,232.6,232.6,232.5,232.5,321
2024-04-16T10:55:00+00:00,232.5,232.6,232.0,232.0,1662
2024-04-16T11:00:00+00:00,232.1,232.3,232.05,232.3,52
2024-04-16T11:05:00+00:00,232.15,232.3,232.05,232.1,85
2024-04-16T11:10:00+00:00,232.1,233.2,232.05,233.0,3849
2024-04-16T11:15:00+00:00,233.0,233.3,233.0,233.0,474
2024-04-16T11:20:00+00:00,233.1,233.3,233.1,233.1,242
2024-04-16T11:25:00+00:00,233.1,233.2,233.0,233.0,944
2024-04-16T11:30:00+00:00,233.0,233.0,232.05,232.5,2650
2024-04-16T11:35:00+00:00,232.5,232.55,232.1,232.55,499
2024-04-16T11:40:00+00:00,232.5,232.6,232.15,232.5,1184
2024-04-16T11:45:00+00:00,232.5,232.6,232.5,232.6,692
2024-04-16T11:50:00+00:00,232.6,232.6,232.5,232.5,254
2024-04-16T11:55:00+00:00,232.55,232.55,232.2,232.2,422
2024-04-16T12:00:00+00:00,232.25,232.55,232.15,232.5,90
2024-04-16T12:05:00+00:00,232.55,232.55,232.5,232.5,71
2024-04-16T12:10:00+00:00,232.5,232.6,232.5,232.5,162
2024-04-16T12:15:00+00:00,232.6,232.65,232.15,232.65,2981
2024-04-16T12:20:00+00:00,232.65,232.65,232.6,232.6,139
2024-04-16T12:25:00+00:00,232.6,232.7,232.6,232.7,306
2024-04-16T12:30:00+00:00,232.6,232.7,232.6,232.6,326
2024-04-16T12:35:00+00:00,232.6,232.7,232.6,232.6,178
2024-04-16T12:40:00+00:00,232.7,233.15,232.6,233.0,1026
2024-04-16T12:45:00+00:00,233.0,233.15,233.0,233.0,364
2024-04-16T12:50:00+00:00,233.0,233.1,232.6,232.6,1234
2024-04-16T12:55:00+00:00,233.0,233.15,232.6,233.05,633
2024-04-16T13:00:00+00:00,233.15,233.15,233.0,233.0,184
2024-04-16T13:05:00+00:00,233.0,233.3,233.0,233.25,959
2024-04-16T13:10:00+00:00,233.25,233.4,233.25,233.3,238
2024-04-16T13:15:00+00:00,233.3,233.35,233.25,233.25,194
2024-04-16T13:20:00+00:00,233.25,233.4,233.0,233.0,255
2024-04-16T13:25:00+00:00,233.0,233.35,233.0,233.0,934
2024-04-16T13:30:00+00:00,233.0,233.3,233.0,233.0,459
2024-04-16T13:35:00+00:00,233.0,233.35,233.0,233.0,89
2024-04-16T13:40:00+00:00,233.2,233.2,233.0,233.0,256
2024-04-16T13:45:00+00:00,233.15,233.25,233.0,233.0,175
2024-04-16T13:50:00+00:00,233.0,233.5,233.0,233.5,1052
2024-04-16T13:55:00+00:00,233.5,233.9,233.05,233.3,581
2024-04-16T14:00:00+00:00,233.3,233.5,233.3,233.5,136
2024-04-16T14:05:00+00:00,233.5,233.9,233.5,233.5,407
2024-04-16T14:10:00+00:00,233.7,233.8,233.15,233.35,391
2024-04-16T14:15:00+00:00,233.4,233.6,233.3,233.3,264
2024-04-16T14:20:00+00:00,233.3,233.65,233.15,233.2,588
2024-04-16T14:25:00+00:00,233.45,233.55,233.15,233.15,350
2024-04-16T14:30:00+00:00,233.15,233.5,233.1,233.25,218
2024-04-16T14:35:00+00:00,233.3,233.35,233.25,233.25,165
2024-04-16T14:40:00+00:00,233.25,233.35,233.25,233.25,216
2024-04-16T14:45:00+00:00,233.25,233.35,233.25,233.25,327
2024-04-16T14:50:00+00:00,233.25,234.15,233.0,234.0,5509
2024-04-16T14:55:00+00:00,234.0,234.1,233.4,233.4,447
2024-04-16T15:00:00+00:00,233.45,234.1,233.4,234.0,666
2024-04-16T15:05:00+00:00,234.0,234.1,233.8,233.8,3474
2024-04-16T15:10:00+00:00,233.9,233.9,233.75,233.85,39
2024-04-16T15:15:00+00:00,233.75,233.9,233.55,233.55,253
2024-04-16T15:20:00+00:00,233.8,234.1,233.55,233.85,2232
2024-04-16T15:25:00+00:00,234.0,234.0,233.0,233.0,9310
2024-04-16T15:30:00+00:00,233.15,233.8,233.05,233.3,226
2024-04-16T15:35:00+00:00,233.2,234.0,233.05,234.0,3443
2024-04-16T15:45:00+00:00,233.85,233.85,233.85,233.85,14
2024-04-17T06:55:00+00:00,233.9,233.9,233.9,233.9,65
2024-04-17T07:00:00+00:00,233.9,234.95,232.85,233.2,1200
2024-04-17T07:05:00+00:00,233.2,233.95,233.2,233.3,341
2024-04-17T07:10:00+00:00,233.3,233.85,233.2,233.85,216
2024-04-17T07:15:00+00:00,233.85,233.95,233.2,233.2,451
2024-04-17T07:20:00+00:00,233.2,233.85,233.2,233.5,349
2024-04-17T07:25:00+00:00,233.25,233.55,233.2,233.2,218
2024-04-17T07:30:00+00:00,233.2,233.55,233.0,233.0,341
2024-04-17T07:35:00+00:00,233.0,233.2,232.75,233.0,740
2024-04-17T07:40:00+00:00,233.0,233.15,233.0,233.0,228
2024-04-17T07:45:00+00:00,233.0,233.15,232.75,233.05,371
2024-04-17T07:50:00+00:00,233.05,233.15,233.0,233.05,637
2024-04-17T07:55:00+00:00,233.15,233.2,232.7,232.7,544
2024-04-17T08:00:00+00:00,232.7,233.0,232.7,232.95,151
2024-04-17T08:05:00+00:00,232.95,232.95,232.7,232.7,280
2024-04-17T08:10:00+00:00,232.7,232.95,232.3,232.6,372
2024-04-17T08:15:00+00:00,232.9,233.0,232.3,232.45,799
2024-04-17T08:20:00+00:00,232.3,232.85,232.2,232.85,197
2024-04-17T08:25:00+00:00,232.75,232.85,232.5,232.85,81
2024-04-17T08:30:00+00:00,232.55,232.8,232.25,232.25,231
2024-04-17T08:35:00+00:00,232.25,232.95,232.25,232.7,211
2024-04-17T08:40:00+00:00,232.35,232.85,232.3,232.8,355
2024-04-17T08:45:00+00:00,232.8,232.95,232.35,232.95,306
2024-04-17T08:50:00+00:00,232.9,232.9,232.55,232.55,81
2024-04-17T08:55:00+00:00,232.55,232.7,232.5,232.5,239
2024-04-17T09:00:00+00:00,232.6,232.6,232.5,232.5,92
2024-04-17T09:05:00+00:00,232.5,232.6,232.5,232.5,38
2024-04-17T09:10:00+00:00,232.5,232.6,232.25,232.5,187
2024-04-17T09:15:00+00:00,232.5,232.5,232.2,232.3,267
2024-04-17T09:20:00+00:00,232.35,232.5,232.1,232.3,967
2024-04-17T09:25:00+00:00,232.2,232.5,232.2,232.25,388
2024-04-17T09:30:00+00:00,232.25,232.95,232.25,232.35,394
2024-04-17T09:35:00+00:00,232.35,232.6,232.0,232.05,1424
2024-04-17T09:40:00+00:00,232.1,232.4,232.0,232.4,277
2024-04-17T09:45:00+00:00,232.3,232.8,231.9,232.15,3644
2024-04-17T09:50:00+00:00,232.15,232.2,232.0,232.0,1035
2024-04-17T09:55:00+00:00,232.05,232.3,232.05,232.05,130
2024-04-17T10:00:00+00:00,232.2,232.3,232.05,232.3,213
2024-04-17T10:05:00+00:00,232.1,232.35,231.1,231.9,4721
2024-04-17T10:10:00+00:00,231.85,232.25,231.75,232.1,172
2024-04-17T10:15:00+00:00,232.1,232.3,231.7,231.7,214
2024-04-17T10:20:00+00:00,231.65,231.85,231.0,231.05,1921
2024-04-17T10:25:00+00:00,231.05,231.85,231.05,231.8,653
2024-04-17T10:30:00+00:00,231.85,232.0,231.8,231.85,84
2024-04-17T10:35:00+00:00,232.2,232.25,231.85,231.85,172
2024-04-17T10:40:00+00:00,232.1,232.1,231.85,231.85,18
2024-04-17T10:45:00+00:00,231.85,232.35,231.85,231.9,346
2024-04-17T10:50:00+00:00,231.9,232.35,231.9,232.25,87
2024-04-17T10:55:00+00:00,232.05,232.3,232.0,232.0,47
2024-04-17T11:00:00+00:00,232.05,232.25,232.05,232.1,51
2024-04-17T11:05:00+00:00,232.2,232.25,232.05,232.05,54
2024-04-17T11:10:00+00:00,232.05,232.1,231.85,231.85,225
2024-04-17T11:15:00+00:00,231.85,232.0,231.8,231.8,272
2024-04-17T11:20:00+00:00,231.8,231.95,231.8,231.8,68
2024-04-17T11:25:00+00:00,231.8,231.9,231.8,231.9,240
2024-04-17T11:30:00+00:00,231.8,232.6,231.8,231.9,2616
2024-04-17T11:35:00+00:00,231.8,232.3,231.8,231.85,371
2024-04-17T11:40:00+00:00,231.85,232.0,231.8,232.0,214
2024-04-17T11:45:00+00:00,231.8,232.45,231.8,232.25,286
2024-04-17T11:50:00+00:00,232.45,232.45,231.95,232.25,114
2024-04-17T11:55:00+00:00,232.2,232.25,231.9,231.95,25
2024-04-17T12:00:00+00:00,231.9,232.0,231.85,231.85,47
2024-04-17T12:05:00+00:00,231.85,231.9,231.85,231.85,45
2024-04-17T12:10:00+00:00,231.95,231.95,231.85,231.9,47
2024-04-17T12:15:00+00:00,231.95,232.0,231.6,231.65,135
2024-04-17T12:20:00+00:00,231.65,231.75,231.5,231.55,426
2024-04-17T12:25:00+00:00,231.55,231.9,231.55,231.55,107
2024-04-17T12:30:00+00:00,231.55,231.8,231.5,231.65,732
2024-04-17T12:35:00+00:00,231.55,231.85,231.5,231.65,211
2024-04-17T12:40:00+00:00,231.65,231.7,231.55,231.7,95
2024-04-17T12:45:00+00:00,231.6,231.85,231.55,231.6,101
2024-04-17T12:50:00+00:00,231.65,231.85,231.55,231.6,1073
2024-04-17T12:55:00+00:00,231.65,231.9,231.65,231.9,1552
2024-04-17T13:00:00+00:00,232.0,232.15,231.9,232.0,512
2024-04-17T13:05:00+00:00,232.0,232.45,232.0,232.1,307
2024-04-17T13:10:00+00:00,232.35,232.5,232.15,232.45,154
2024-04-17T13:15:00+00:00,232.25,232.5,232.2,232.2,118
2024-04-17T13:20:00+00:00,232.25,232.85,232.15,232.7,234
2024-04-17T13:25:00+00:00,232.7,232.85,232.35,232.85,246
2024-04-17T13:30:00+00:00,232.55,233.1,232.05,233.1,979
2024-04-17T13:35:00+00:00,233.0,233.1,233.0,233.0,45
2024-04-17T13:40:00+00:00,233.0,233.1,232.25,232.35,280
2024-04-17T13:45:00+00:00,232.35,232.45,232.0,232.0,3263
2024-04-17T13:50:00+00:00,232.25,232.6,232.15,232.5,30
2024-04-17T13:55:00+00:00,232.6,232.7,232.2,232.2,91
2024-04-17T14:00:00+00:00,232.2,232.45,232.15,232.15,58
2024-04-17T14:05:00+00:00,232.4,232.6,232.15,232.3,76
2024-04-17T14:10:00+00:00,232.4,233.05,232.3,233.05,479
2024-04-17T14:15:00+00:00,233.0,233.05,233.0,233.0,140
2024-04-17T14:20:00+00:00,233.0,233.05,232.5,232.5,496
2024-04-17T14:25:00+00:00,232.45,232.8,232.4,232.6,31
2024-04-17T14:30:00+00:00,232.45,232.8,232.35,232.45,64
2024-04-17T14:35:00+00:00,232.45,232.75,232.25,232.25,137
2024-04-17T14:40:00+00:00,232.25,232.75,232.25,232.55,64
2024-04-17T14:45:00+00:00,232.55,232.7,232.5,232.5,210
2024-04-17T14:50:00+00:00,232.55,232.95,232.5,232.9,68
2024-04-17T14:55:00+00:00,232.65,232.65,232.5,232.5,538
2024-04-17T15:00:00+00:00,232.5,232.75,232.15,232.65,537
2024-04-17T15:05:00+00:00,232.55,232.55,232.15,232.15,593
2024-04-17T15:10:00+00:00,232.25,232.85,232.25,232.55,161
2024-04-17T15:15:00+00:00,232.55,232.75,232.5,232.5,727
2024-04-17T15:20:00+00:00,232.5,232.7,232.5,232.5,269
2024-04-17T15:25:00+00:00,232.25,232.7,232.05,232.05,358
2024-04-17T15:30:00+00:00,232.25,232.35,232.05,232.15,134
2024-04-17T15:35:00+00:00,232.15,232.25,232.0,232.25,477
2024-04-17T15:45:00+00:00,232.2,232.2,232.2,232.2,92
2024-04-18T06:55:00+00:00,232.2,232.2,232.2,232.2,3
2024-04-18T07:00:00+00:00,232.25,232.45,231.45,232.0,585
2024-04-18T07:05:00+00:00,232.0,232.15,231.1,231.25,1453
2024-04-18T07:10:00+00:00,231.45,231.85,231.1,231.1,312
2024-04-18T07:15:00+00:00,231.1,231.7,231.1,231.5,563
2024-04-18T07:20:00+00:00,231.55,232.05,231.5,232.0,488
2024-04-18T07:25:00+00:00,232.0,232.05,230.95,232.0,3570
2024-04-18T07:30:00+00:00,232.0,232.15,232.0,232.1,293
2024-04-18T07:35:00+00:00,232.1,232.2,232.05,232.05,125
2024-04-18T07:40:00+00:00,232.1,232.2,232.05,232.05,466
2024-04-18T07:45:00+00:00,232.05,232.1,232.05,232.05,564
2024-04-18T07:50:00+00:00,232.05,232.1,232.05,232.05,259
2024-04-18T07:55:00+00:00,232.05,232.65,232.05,232.65,490
2024-04-18T08:00:00+00:00,232.5,232.65,232.5,232.6,304
2024-04-18T08:05:00+00:00,232.6,232.75,232.5,232.5,148
2024-04-18T08:10:00+00:00,232.5,232.75,232.5,232.7,384
2024-04-18T08:15:00+00:00,232.7,232.8,232.5,232.55,304
2024-04-18T08:20:00+00:00,232.55,233.8,232.55,233.7,1991
2024-04-18T08:25:00+00:00,233.7,233.7,233.0,233.05,488
2024-04-18T08:30:00+00:00,233.1,233.95,233.1,233.9,1524
2024-04-18T08:35:00+00:00,233.9,234.2,233.85,234.0,6416
2024-04-18T08:40:00+00:00,234.05,234.4,234.0,234.4,322
2024-04-18T08:45:00+00:00,234.4,234.4,234.05,234.05,369
2024-04-18T08:50:00+00:00,234.05,234.1,234.0,234.1,50
2024-04-18T08:55:00+00:00,234.0,234.25,234.0,234.15,945
2024-04-18T09:00:00+00:00,234.05,234.05,233.85,233.85,978
2024-04-18T09:05:00+00:00,233.85,233.95,233.85,233.85,308
2024-04-18T09:10:00+00:00,233.85,233.95,233.85,233.95,244
2024-04-18T09:15:00+00:00,233.95,233.95,233.85,233.85,250
2024-04-18T09:20:00+00:00,233.85,233.95,233.85,233.85,298
2024-04-18T09:25:00+00:00,233.85,234.3,233.85,234.1,1171
2024-04-18T09:30:00+00:00,234.15,234.45,234.05,234.15,731
2024-04-18T09:35:00+00:00,234.15,234.3,234.05,234.05,137
2024-04-18T09:40:00+00:00,234.1,234.1,234.05,234.05,182
2024-04-18T09:45:00+00:00,234.05,234.25,234.05,234.05,57
2024-04-18T09:50:00+00:00,234.05,234.3,234.05,234.3,95
2024-04-18T09:55:00+00:00,234.15,234.45,234.1,234.2,1066
2024-04-18T10:00:00+00:00,234.3,234.3,234.05,234.1,130
2024-04-18T10:05:00+00:00,234.1,234.3,234.05,234.05,222
2024-04-18T10:10:00+00:00,234.15,234.2,234.0,234.15,358
2024-04-18T10:15:00+00:00,234.05,234.15,234.0,234.05,124
2024-04-18T10:20:00+00:00,234.05,234.15,234.0,234.15,143
2024-04-18T10:25:00+00:00,234.15,234.2,234.15,234.2,367
2024-04-18T10:30:00+00:00,234.2,234.25,234.2,234.2,52
2024-04-18T10:35:00+00:00,234.2,234.4,234.2,234.2,171
2024-04-18T10:40:00+00:00,234.25,234.35,234.2,234.35,95
2024-04-18T10:45:00+00:00,234.25,234.25,234.0,234.1,450
2024-04-18T10:50:00+00:00,234.0,234.1,234.0,234.0,105
2024-04-18T10:55:00+00:00,234.0,234.05,234.0,234.05,398
2024-04-18T11:00:00+00:00,234.05,234.05,234.0,234.0,110
2024-04-18T11:05:00+00:00,234.0,234.05,234.0,234.05,122
2024-04-18T11:10:00+00:00,234.0,234.05,234.0,234.05,965
2024-04-18T11:15:00+00:00,234.05,234.05,233.85,234.0,443
2024-04-18T11:20:00+00:00,233.9,233.9,233.85,233.85,455
2024-04-18T11:25:00+00:00,233.85,234.0,233.85,234.0,80
2024-04-18T11:30:00+00:00,233.9,234.0,233.9,234.0,21
2024-04-18T11:35:00+00:00,233.9,234.0,233.85,233.85,77
2024-04-18T11:40:00+00:00,233.85,233.95,233.85,233.85,107
2024-04-18T11:45:00+00:00,233.85,233.9,233.85,233.85,723
2024-04-18T11:50:00+00:00,233.9,233.9,233.15,233.65,257
2024-04-18T11:55:00+00:00,233.35,234.0,233.35,234.0,295
2024-04-18T12:00:00+00:00,234.0,234.05,234.0,234.05,415
2024-04-18T12:05:00+00:00,234.05,234.1,234.0,234.05,323
2024-04-18T12:10:00+00:00,234.05,234.05,234.0,234.0,95
2024-04-18T12:15:00+00:00,234.0,234.05,234.0,234.0,43
2024-04-18T12:20:00+00:00,234.0,234.05,234.0,234.0,750
2024-04-18T12:25:00+00:00,234.05,234.3,234.0,234.3,681
2024-04-18T12:30:00+00:00,234.25,234.35,234.25,234.25,463
2024-04-18T12:35:00+00:00,234.25,234.3,234.25,234.3,200
2024-04-18T12:40:00+00:00,234.05,234.35,234.05,234.35,134
2024-04-18T12:45:00+00:00,234.3,234.35,234.05,234.15,48
2024-04-18T12:50:00+00:00,234.15,234.15,233.35,233.35,783
2024-04-18T12:55:00+00:00,233.45,233.8,233.1,233.5,373
2024-04-18T13:00:00+00:00,233.5,233.7,233.5,233.7,70
2024-04-18T13:05:00+00:00,233.65,234.0,233.65,234.0,52
2024-04-18T13:10:00+00:00,234.0,234.15,234.0,234.0,787
2024-04-18T13:15:00+00:00,234.0,234.05,234.0,234.0,501
2024-04-18T13:20:00+00:00,234.0,234.0,233.85,233.85,176
2024-04-18T13:25:00+00:00,233.85,234.0,233.85,233.95,125
2024-04-18T13:30:00+00:00,233.95,234.0,233.9,233.95,71
2024-04-18T13:35:00+00:00,233.9,234.0,233.85,233.9,397
2024-04-18T13:40:00+00:00,233.95,234.2,233.9,234.2,952
2024-04-18T13:45:00+00:00,234.15,234.2,234.15,234.15,39
2024-04-18T13:50:00+00:00,234.2,234.5,234.15,234.5,1167
2024-04-18T13:55:00+00:00,234.55,234.9,234.55,234.9,1615
2024-04-18T14:00:00+00:00,234.9,235.0,234.65,235.0,2259
2024-04-18T14:05:00+00:00,234.95,235.0,234.5,234.5,976
2024-04-18T14:10:00+00:00,234.5,234.85,234.5,234.5,52
2024-04-18T14:15:00+00:00,234.6,235.0,234.15,234.3,623
2024-04-18T14:20:00+00:00,234.5,235.0,234.15,234.3,496
2024-04-18T14:25:00+00:00,234.3,234.6,234.2,234.6,88
2024-04-18T14:30:00+00:00,234.65,234.95,234.6,234.6,254
2024-04-18T14:35:00+00:00,234.6,235.0,234.6,235.0,1096
2024-04-18T14:40:00+00:00,234.95,235.45,234.9,235.2,4944
2024-04-18T14:45:00+00:00,235.3,236.75,235.15,236.35,4770
2024-04-18T14:50:00+00:00,236.35,236.45,235.5,235.5,1024
2024-04-18T14:55:00+00:00,235.5,236.3,235.5,236.0,693
2024-04-18T15:00:00+00:00,236.0,236.0,235.6,235.85,129
2024-04-18T15:05:00+00:00,235.85,235.95,235.65,235.7,178
2024-04-18T15:10:00+00:00,235.85,235.85,235.5,235.6,256
2024-04-18T15:15:00+00:00,235.6,235.7,235.6,235.7,99
2024-04-18T15:20:00+00:00,235.65,235.7,235.55,235.6,184
2024-04-18T15:25:00+00:00,235.6,235.6,235.5,235.5,75
2024-04-18T15:30:00+00:00,235.5,235.6,235.5,235.5,232
2024-04-18T15:35:00+00:00,235.5,235.6,235.5,235.55,160
2024-04-18T15:45:00+00:00,235.05,235.05,235.05,235.05,79
2024-04-19T06:55:00+00:00,235.7,235.7,235.7,235.7,73
2024-04-19T07:00:00+00:00,235.65,236.0,235.0,235.5,473
2024-04-19T07:05:00+00:00,235.5,235.65,234.05,234.05,1016
2024-04-19T07:10:00+00:00,234.05,234.5,233.6,233.65,238
2024-04-19T07:15:00+00:00,233.8,234.5,233.65,234.35,315
2024-04-19T07:20:00+00:00,233.95,235.4,233.9,235.2,672
2024-04-19T07:25:00+00:00,235.15,235.65,235.1,235.25,402
2024-04-19T07:30:00+00:00,235.25,235.25,235.1,235.2,1099
2024-04-19T07:35:00+00:00,235.25,235.25,235.1,235.1,605
2024-04-19T07:40:00+00:00,235.1,235.2,235.1,235.2,42
2024-04-19T07:45:00+00:00,235.15,235.2,235.0,235.0,248
2024-04-19T07:50:00+00:00,235.0,235.15,235.0,235.1,710
2024-04-19T07:55:00+00:00,235.0,235.2,235.0,235.15,113
2024-04-19T08:00:00+00:00,235.05,235.15,235.0,235.05,100
2024-04-19T08:05:00+00:00,235.05,235.15,235.05,235.1,181
2024-04-19T08:10:00+00:00,235.1,235.3,235.1,235.3,240
2024-04-19T08:15:00+00:00,235.3,235.3,235.05,235.05,41
2024-04-19T08:20:00+00:00,235.15,235.2,235.05,235.05,91
2024-04-19T08:25:00+00:00,235.05,235.2,235.0,235.05,968
2024-04-19T08:30:00+00:00,235.05,235.2,235.0,235.05,195
2024-04-19T08:35:00+00:00,235.05,235.15,235.0,235.0,96
2024-04-19T08:40:00+00:00,235.0,235.2,235.0,235.1,161
2024-04-19T08:45:00+00:00,235.05,235.15,235.0,235.1,46
2024-04-19T08:50:00+00:00,235.2,235.2,235.0,235.05,74
2024-04-19T08:55:00+00:00,235.05,235.1,235.0,235.1,122
2024-04-19T09:00:00+00:00,235.1,235.3,235.1,235.3,182
2024-04-19T09:05:00+00:00,235.25,235.35,235.25,235.25,180
2024-04-19T09:10:00+00:00,235.25,235.35,235.25,235.3,43
2024-04-19T09:15:00+00:00,235.3,235.3,235.25,235.25,80
2024-04-19T09:20:00+00:00,235.3,235.35,235.25,235.3,133
2024-04-19T09:25:00+00:00,235.25,235.35,235.25,235.25,426
2024-04-19T09:30:00+00:00,235.25,235.35,235.25,235.25,337
2024-04-19T09:35:00+00:00,235.3,235.35,235.25,235.25,560
2024-04-19T09:40:00+00:00,235.25,235.45,235.25,235.3,596
2024-04-19T09:45:00+00:00,235.3,235.7,235.3,235.55,773
2024-04-19T09:50:00+00:00,235.55,235.8,235.5,235.8,617
2024-04-19T09:55:00+00:00,235.55,235.95,235.55,235.65,1441
2024-04-19T10:00:00+00:00,235.65,235.95,235.6,235.85,274
2024-04-19T10:05:00+00:00,235.85,236.5,235.6,236.5,2773
2024-04-19T10:10:00+00:00,236.5,236.55,235.6,235.75,732
2024-04-19T10:15:00+00:00,235.75,235.75,235.5,235.6,415
2024-04-19T10:20:00+00:00,235.5,235.7,235.5,235.65,353
2024-04-19T10:25:00+00:00,235.7,236.5,235.6,236.5,480
2024-04-19T10:30:00+00:00,236.5,236.5,236.0,236.5,2429
2024-04-19T10:35:00+00:00,236.55,236.55,236.2,236.2,669
2024-04-19T10:40:00+00:00,236.4,236.85,236.1,236.85,789
2024-04-19T10:45:00+00:00,236.85,236.95,236.55,236.55,1360
2024-04-19T10:50:00+00:00,236.6,237.5,236.6,237.45,4601
2024-04-19T10:55:00+00:00,237.45,237.9,237.2,237.9,3108
2024-04-19T11:00:00+00:00,237.9,240.0,237.8,239.5,5059
2024-04-19T11:05:00+00:00,239.5,244.7,238.55,240.9,9595
2024-04-19T11:10:00+00:00,240.45,240.9,238.65,239.05,8174
2024-04-19T11:15:00+00:00,239.05,240.5,238.65,240.35,3504
2024-04-19T11:20:00+00:00,240.35,243.0,240.35,242.65,6463
2024-04-19T11:25:00+00:00,242.85,242.95,241.1,241.6,3799
2024-04-19T11:30:00+00:00,241.95,242.7,241.55,242.0,3765
2024-04-19T11:35:00+00:00,242.4,242.8,242.05,242.5,2076
2024-04-19T11:40:00+00:00,242.45,242.85,242.1,242.85,3216
2024-04-19T11:45:00+00:00,242.75,243.8,242.3,242.5,3883
2024-04-19T11:50:00+00:00,242.4,242.6,242.0,242.2,1776
2024-04-19T11:55:00+00:00,242.2,243.3,242.2,243.0,2053
2024-04-19T12:00:00+00:00,242.7,243.25,242.3,243.0,1488
2024-04-19T12:05:00+00:00,243.05,243.5,243.0,243.5,902
2024-04-19T12:10:00+00:00,243.5,243.5,242.25,243.15,1417
2024-04-19T12:15:00+00:00,242.7,243.2,242.3,242.5,1234
2024-04-19T12:20:00+00:00,242.55,243.25,242.5,243.0,1115
2024-04-19T12:25:00+00:00,243.0,244.7,243.0,244.35,4291
2024-04-19T12:30:00+00:00,244.4,246.75,243.8,246.1,8710
2024-04-19T12:35:00+00:00,246.05,246.7,244.4,245.2,1900
2024-04-19T12:40:00+00:00,245.05,247.0,244.65,246.65,4767
2024-04-19T12:45:00+00:00,246.85,249.95,246.85,248.35,7834
2024-04-19T12:50:00+00:00,248.5,248.65,247.5,248.55,2612
2024-04-19T12:55:00+00:00,248.45,248.65,247.9,248.15,1583
2024-04-19T13:00:00+00:00,248.2,248.3,244.2,244.95,4236
2024-04-19T13:05:00+00:00,244.95,245.6,243.6,245.05,3864
2024-04-19T13:10:00+00:00,245.15,245.65,244.55,245.15,874
2024-04-19T13:15:00+00:00,245.05,245.45,244.65,245.35,669
2024-04-19T13:20:00+00:00,245.35,245.85,245.05,245.75,1244
2024-04-19T13:25:00+00:00,245.6,247.95,245.35,247.75,2177
2024-04-19T13:30:00+00:00,247.45,248.0,246.35,247.95,2246
2024-04-19T13:35:00+00:00,247.95,248.2,245.6,246.45,2628
2024-04-19T13:40:00+00:00,246.35,246.65,245.4,246.35,1716
2024-04-19T13:45:00+00:00,246.3,246.5,245.55,245.6,409
2024-04-19T13:50:00+00:00,245.6,245.9,244.7,245.9,1542
2024-04-19T13:55:00+00:00,245.85,246.0,245.15,245.15,880
2024-04-19T14:00:00+00:00,245.2,245.75,244.95,245.25,756
2024-04-19T14:05:00+00:00,245.0,245.55,244.7,244.75,814
2024-04-19T14:10:00+00:00,244.75,245.0,244.7,244.7,2177
2024-04-19T14:15:00+00:00,244.7,244.7,242.7,243.2,3592
2024-04-19T14:20:00+00:00,243.15,243.6,242.2,242.25,1741
2024-04-19T14:25:00+00:00,242.25,242.35,240.55,241.35,3498
2024-04-19T14:30:00+00:00,241.25,242.2,240.7,242.1,884
2024-04-19T14:35:00+00:00,242.05,242.95,241.9,242.1,1131
2024-04-19T14:40:00+00:00,242.0,242.65,241.9,242.55,2442
2024-04-19T14:45:00+00:00,242.35,242.9,241.9,242.75,1561
2024-04-19T14:50:00+00:00,242.8,244.9,242.8,243.7,913
2024-04-19T14:55:00+00:00,243.65,243.7,242.95,243.6,54
2024-04-19T15:00:00+00:00,243.65,244.0,243.35,243.75,318
2024-04-19T15:05:00+00:00,243.75,246.2,243.35,246.2,1732
2024-04-19T15:10:00+00:00,245.6,247.0,245.0,245.1,889
2024-04-19T15:15:00+00:00,245.1,246.2,244.0,244.9,732
2024-04-19T15:20:00+00:00,244.1,244.85,242.8,243.75,938
2024-04-19T15:25:00+00:00,243.75,244.35,243.25,244.0,257
2024-04-19T15:30:00+00:00,244.35,244.6,244.05,244.5,272
2024-04-19T15:35:00+00:00,244.5,245.25,243.05,243.15,805
2024-04-19T15:45:00+00:00,243.1,243.1,243.1,243.1,213
2024-04-22T06:55:00+00:00,243.1,243.1,243.1,243.1,238
2024-04-22T07:00:00+00:00,243.0,243.95,240.0,243.75,4833
2024-04-22T07:05:00+00:00,243.55,243.85,241.4,242.75,1944
2024-04-22T07:10:00+00:00,242.65,242.65,240.25,240.45,2441
2024-04-22T07:15:00+00:00,240.5,240.95,240.25,240.3,1259
2024-04-22T07:20:00+00:00,240.3,243.35,240.25,242.6,1196
2024-04-22T07:25:00+00:00,242.6,242.85,240.25,240.6,955
2024-04-22T07:30:00+00:00,240.6,241.45,240.25,240.7,1235
2024-04-22T07:35:00+00:00,240.95,241.95,240.4,241.8,676
2024-04-22T07:40:00+00:00,241.6,242.35,241.15,242.35,1022
2024-04-22T07:45:00+00:00,242.35,242.4,241.5,241.9,354
2024-04-22T07:50:00+00:00,241.9,241.9,241.0,241.5,597
2024-04-22T07:55:00+00:00,241.5,242.05,241.4,241.5,565
2024-04-22T08:00:00+00:00,241.5,241.5,241.0,241.3,441
2024-04-22T08:05:00+00:00,241.3,241.35,241.05,241.3,195
2024-04-22T08:10:00+00:00,241.3,241.5,241.3,241.45,559
2024-04-22T08:15:00+00:00,241.4,241.5,241.3,241.5,1173
2024-04-22T08:20:00+00:00,241.45,242.85,241.45,242.55,1762
2024-04-22T08:25:00+00:00,242.5,242.85,241.8,242.15,1629
2024-04-22T08:30:00+00:00,242.15,242.3,242.0,242.05,151
2024-04-22T08:35:00+00:00,242.05,242.25,241.45,241.8,1584
2024-04-22T08:40:00+00:00,241.45,241.85,241.0,241.0,1329
2024-04-22T08:45:00+00:00,241.0,241.2,240.6,240.65,584
2024-04-22T08:50:00+00:00,240.65,240.85,240.5,240.5,93
2024-04-22T08:55:00+00:00,240.5,241.15,240.45,240.9,892
2024-04-22T09:00:00+00:00,240.55,241.05,240.2,240.9,750
2024-04-22T09:05:00+00:00,240.7,240.85,240.2,240.55,710
2024-04-22T09:10:00+00:00,240.55,241.3,240.55,241.1,632
2024-04-22T09:15:00+00:00,241.1,241.1,240.3,240.9,652
2024-04-22T09:20:00+00:00,240.95,241.85,240.45,241.0,1004
2024-04-22T09:25:00+00:00,240.8,241.5,240.8,241.1,584
2024-04-22T09:30:00+00:00,241.5,241.55,240.4,240.5,632
2024-04-22T09:35:00+00:00,240.8,241.0,240.4,240.45,862
2024-04-22T09:40:00+00:00,240.35,240.65,240.3,240.5,338
2024-04-22T09:45:00+00:00,240.5,240.55,240.3,240.3,348
2024-04-22T09:50:00+00:00,240.35,240.5,240.25,240.3,1668
2024-04-22T09:55:00+00:00,240.35,240.35,240.0,240.0,5368
2024-04-22T10:00:00+00:00,240.0,240.65,238.2,240.3,3841
2024-04-22T10:05:00+00:00,240.35,240.4,240.35,240.4,1244
2024-04-22T10:10:00+00:00,240.4,240.95,240.15,240.95,1845
2024-04-22T10:15:00+00:00,240.9,240.95,240.6,240.95,1263
2024-04-22T10:20:00+00:00,240.9,240.95,240.6,240.95,1258
2024-04-22T10:25:00+00:00,240.95,240.95,240.55,240.9,1510
2024-04-22T10:30:00+00:00,240.65,240.95,240.55,240.65,492
2024-04-22T10:35:00+00:00,240.85,240.95,240.15,240.2,880
2024-04-22T10:40:00+00:00,240.2,240.2,238.9,239.35,1824
2024-04-22T10:45:00+00:00,239.35,239.75,239.35,239.75,278
2024-04-22T10:50:00+00:00,239.6,239.95,239.6,239.95,396
2024-04-22T10:55:00+00:00,239.9,240.25,239.85,240.25,544
2024-04-22T11:00:00+00:00,240.1,240.6,240.05,240.3,697
2024-04-22T11:05:00+00:00,240.35,240.8,240.15,240.8,510
2024-04-22T11:10:00+00:00,240.8,240.95,240.5,240.95,4256
2024-04-22T11:15:00+00:00,240.95,242.35,240.7,241.4,16647
2024-04-22T11:20:00+00:00,241.8,242.0,240.9,241.9,670
2024-04-22T11:25:00+00:00,241.9,242.15,241.5,241.95,1207
2024-04-22T11:30:00+00:00,241.95,242.4,240.85,240.85,3961
2024-04-22T11:35:00+00:00,240.95,241.2,240.5,240.5,1275
2024-04-22T11:40:00+00:00,240.4,241.45,240.1,241.45,809
2024-04-22T11:45:00+00:00,241.45,241.45,240.95,241.15,546
2024-04-22T11:50:00+00:00,241.15,241.15,240.5,241.0,427
2024-04-22T11:55:00+00:00,241.0,241.0,239.9,241.0,19100
2024-04-22T12:00:00+00:00,241.0,241.0,240.15,240.15,4109
2024-04-22T12:05:00+00:00,240.7,240.85,240.6,240.8,824
2024-04-22T12:10:00+00:00,240.8,240.85,240.7,240.75,658
2024-04-22T12:15:00+00:00,240.8,240.8,240.7,240.7,627
2024-04-22T12:20:00+00:00,240.75,240.75,240.6,240.7,609
2024-04-22T12:25:00+00:00,240.65,240.7,240.55,240.6,469
2024-04-22T12:30:00+00:00,240.65,240.7,240.5,240.65,704
2024-04-22T12:35:00+00:00,240.7,241.0,240.65,240.95,939
2024-04-22T12:40:00+00:00,241.0,241.0,240.75,240.75,966
2024-04-22T12:45:00+00:00,240.95,241.0,240.75,241.0,440
2024-04-22T12:50:00+00:00,241.0,241.0,240.9,240.95,173
2024-04-22T12:55:00+00:00,240.85,241.0,240.8,241.0,340
2024-04-22T13:00:00+00:00,241.0,241.0,240.85,240.85,377
2024-04-22T13:05:00+00:00,240.95,241.0,240.85,240.95,152
2024-04-22T13:10:00+00:00,240.95,241.0,240.4,240.4,926
2024-04-22T13:15:00+00:00,240.5,240.5,240.4,240.4,327
2024-04-22T13:20:00+00:00,240.4,240.5,240.1,240.3,789
2024-04-22T13:25:00+00:00,240.15,240.5,240.15,240.5,131
2024-04-22T13:30:00+00:00,240.5,240.5,240.3,240.35,393
2024-04-22T13:35:00+00:00,240.35,240.45,240.2,240.45,167
2024-04-22T13:40:00+00:00,240.35,240.45,240.25,240.4,231
2024-04-22T13:45:00+00:00,240.4,240.45,240.25,240.45,87
2024-04-22T13:50:00+00:00,240.45,240.5,240.0,240.3,1847
2024-04-22T13:55:00+00:00,240.25,240.35,240.05,240.1,182
2024-04-22T14:00:00+00:00,240.1,240.25,240.0,240.0,809
2024-04-22T14:05:00+00:00,240.05,240.2,240.0,240.2,1523
2024-04-22T14:10:00+00:00,240.05,240.2,239.7,239.7,817
2024-04-22T14:15:00+00:00,239.85,240.0,239.6,239.6,648
2024-04-22T14:20:00+00:00,239.6,240.0,239.6,239.6,702
2024-04-22T14:25:00+00:00,239.6,239.7,238.3,238.95,2850
2024-04-22T14:30:00+00:00,238.7,238.9,238.6,238.7,529
2024-04-22T14:35:00+00:00,238.7,238.9,238.55,238.8,390
2024-04-22T14:40:00+00:00,238.8,239.0,238.8,238.85,282
2024-04-22T14:45:00+00:00,238.95,239.0,238.85,239.0,1403
2024-04-22T14:50:00+00:00,239.0,239.0,238.95,238.95,295
2024-04-22T14:55:00+00:00,239.0,240.0,237.85,238.65,13329
2024-04-22T15:00:00+00:00,238.6,241.45,238.25,241.1,6702
2024-04-22T15:05:00+00:00,241.1,242.45,240.2,240.25,2518
2024-04-22T15:10:00+00:00,240.25,241.5,240.0,241.3,810
2024-04-22T15:15:00+00:00,241.4,241.9,240.9,240.95,588
2024-04-22T15:20:00+00:00,241.05,241.75,240.4,241.75,743
2024-04-22T15:25:00+00:00,241.75,241.9,241.35,241.65,366
2024-04-22T15:30:00+00:00,241.65,241.9,240.65,240.75,845
2024-04-22T15:35:00+00:00,241.2,241.5,240.05,240.05,657
2024-04-22T15:45:00+00:00,241.45,241.45,241.45,241.45,287
2024-04-23T06:55:00+00:00,241.5,241.5,241.5,241.5,366
2024-04-23T07:00:00+00:00,241.5,244.0,240.75,243.5,5181
2024-04-23T07:05:00+00:00,243.15,244.1,242.6,243.3,2877
2024-04-23T07:10:00+00:00,243.45,245.5,243.4,245.45,3752
2024-04-23T07:15:00+00:00,245.45,248.95,245.2,246.1,10371
2024-04-23T07:20:00+00:00,246.1,248.0,245.05,245.25,4192
2024-04-23T07:25:00+00:00,245.25,246.95,245.25,246.25,1721
2024-04-23T07:30:00+00:00,246.25,246.25,244.7,244.7,1762
2024-04-23T07:35:00+00:00,244.75,245.75,244.7,245.65,484
2024-04-23T07:40:00+00:00,245.6,245.6,244.1,244.1,909
2024-04-23T07:45:00+00:00,244.15,245.0,243.5,244.35,1410
2024-04-23T07:50:00+00:00,244.9,245.5,244.25,245.35,684
2024-04-23T07:55:00+00:00,245.0,245.7,243.8,243.8,824
2024-04-23T08:00:00+00:00,243.8,244.9,243.55,243.75,1069
2024-04-23T08:05:00+00:00,243.9,244.7,243.55,244.3,379
2024-04-23T08:10:00+00:00,244.25,244.35,243.2,243.95,659
2024-04-23T08:15:00+00:00,243.95,243.95,243.25,243.25,324
2024-04-23T08:20:00+00:00,243.3,244.0,243.3,243.5,572
2024-04-23T08:25:00+00:00,243.5,245.6,243.35,244.45,1982
2024-04-23T08:30:00+00:00,243.9,245.0,243.65,245.0,747
2024-04-23T08:35:00+00:00,245.0,245.0,244.15,244.95,209
2024-04-23T08:40:00+00:00,245.0,245.0,244.2,244.5,140
2024-04-23T08:45:00+00:00,244.5,244.8,244.1,244.8,220
2024-04-23T08:50:00+00:00,244.65,245.0,244.65,244.95,1372
2024-04-23T08:55:00+00:00,244.95,245.1,244.65,245.1,150
2024-04-23T09:00:00+00:00,245.1,245.25,245.0,245.25,205
2024-04-23T09:05:00+00:00,245.1,246.6,245.05,246.0,1645
2024-04-23T09:10:00+00:00,245.65,247.3,245.65,246.45,2097
2024-04-23T09:15:00+00:00,247.0,248.0,245.8,246.75,2203
2024-04-23T09:20:00+00:00,246.7,246.75,245.35,246.45,935
2024-04-23T09:25:00+00:00,246.45,246.45,244.8,246.0,1074
2024-04-23T09:30:00+00:00,245.7,246.7,245.6,246.05,521
2024-04-23T09:35:00+00:00,245.9,246.0,245.75,245.75,99
2024-04-23T09:40:00+00:00,245.75,246.0,245.75,245.9,389
2024-04-23T09:45:00+00:00,246.0,246.0,245.55,245.8,558
2024-04-23T09:50:00+00:00,245.8,245.9,244.35,244.7,632
2024-04-23T09:55:00+00:00,244.95,245.85,244.3,244.3,792
2024-04-23T10:00:00+00:00,244.3,244.3,244.1,244.15,594
2024-04-23T10:05:00+00:00,244.1,244.1,244.0,244.0,603
2024-04-23T10:10:00+00:00,244.0,244.0,243.05,243.05,756
2024-04-23T10:15:00+00:00,243.05,245.25,243.05,244.5,1520
2024-04-23T10:20:00+00:00,244.1,245.2,243.05,243.45,828
2024-04-23T10:25:00+00:00,243.85,244.05,243.55,243.55,55
2024-04-23T10:30:00+00:00,243.8,244.6,243.5,243.5,280
2024-04-23T10:35:00+00:00,243.55,243.7,243.25,243.35,337
2024-04-23T10:40:00+00:00,243.4,244.0,243.1,243.1,2098
2024-04-23T10:45:00+00:00,243.15,243.15,243.1,243.15,181
2024-04-23T10:50:00+00:00,243.15,243.15,241.35,241.35,4037
2024-04-23T10:55:00+00:00,241.55,242.4,241.35,242.15,978
2024-04-23T11:00:00+00:00,242.05,242.05,241.0,241.35,2722
2024-04-23T11:05:00+00:00,241.65,241.7,241.15,241.4,180
2024-04-23T11:10:00+00:00,241.35,242.75,241.35,242.4,914
2024-04-23T11:15:00+00:00,242.5,242.9,242.4,242.9,128
2024-04-23T11:20:00+00:00,242.85,242.9,242.5,242.5,280
2024-04-23T11:25:00+00:00,242.5,242.75,242.5,242.5,407
2024-04-23T11:30:00+00:00,242.55,242.55,241.0,241.75,776
2024-04-23T11:35:00+00:00,241.75,242.3,241.5,241.85,123
2024-04-23T11:40:00+00:00,242.25,242.55,240.05,240.3,3652
2024-04-23T11:45:00+00:00,240.3,240.6,239.4,240.35,4246
2024-04-23T11:50:00+00:00,240.4,240.4,238.6,238.9,5327
2024-04-23T11:55:00+00:00,238.8,239.0,237.15,238.0,6268
2024-04-23T12:00:00+00:00,238.05,239.35,237.8,239.15,983
2024-04-23T12:05:00+00:00,239.15,240.0,239.1,239.8,1556
2024-04-23T12:10:00+00:00,239.85,239.85,238.5,239.2,1117
2024-04-23T12:15:00+00:00,239.2,239.6,238.0,238.05,2062
2024-04-23T12:20:00+00:00,238.05,238.6,238.0,238.6,1060
2024-04-23T12:25:00+00:00,238.6,238.6,237.7,237.8,1447
2024-04-23T12:30:00+00:00,237.8,237.9,237.3,237.7,3192
2024-04-23T12:35:00+00:00,237.85,237.9,237.25,237.65,4073
2024-04-23T12:40:00+00:00,237.65,237.7,237.2,237.7,629
2024-04-23T12:45:00+00:00,237.7,238.2,237.5,237.9,574
2024-04-23T12:50:00+00:00,237.9,238.05,237.5,237.5,426
2024-04-23T12:55:00+00:00,237.7,237.9,237.5,237.9,363
2024-04-23T13:00:00+00:00,237.8,237.95,237.65,237.65,94
2024-04-23T13:05:00+00:00,237.7,238.0,237.6,237.8,375
2024-04-23T13:10:00+00:00,237.8,238.05,237.5,237.55,418
2024-04-23T13:15:00+00:00,237.75,237.95,237.5,237.5,350
2024-04-23T13:20:00+00:00,237.55,237.75,237.5,237.55,1300
2024-04-23T13:25:00+00:00,237.7,237.9,237.55,237.9,246
2024-04-23T13:30:00+00:00,237.7,238.2,237.7,238.1,296
2024-04-23T13:35:00+00:00,238.1,238.25,238.0,238.15,408
2024-04-23T13:40:00+00:00,238.05,238.6,238.0,238.6,487
2024-04-23T13:45:00+00:00,238.45,239.55,238.45,238.75,690
2024-04-23T13:50:00+00:00,238.9,238.9,238.55,238.55,183
2024-04-23T13:55:00+00:00,238.5,238.75,238.45,238.5,331
2024-04-23T14:00:00+00:00,238.55,238.8,238.3,238.55,235
2024-04-23T14:05:00+00:00,238.6,238.7,238.4,238.4,231
2024-04-23T14:10:00+00:00,238.4,238.65,238.25,238.4,315
2024-04-23T14:15:00+00:00,238.4,238.55,238.35,238.5,71
2024-04-23T14:20:00+00:00,238.45,238.45,238.25,238.25,278
2024-04-23T14:25:00+00:00,238.25,238.5,238.25,238.5,81
2024-04-23T14:30:00+00:00,238.35,238.35,238.25,238.3,114
2024-04-23T14:35:00+00:00,238.3,238.6,238.25,238.45,266
2024-04-23T14:40:00+00:00,238.6,238.65,238.35,238.35,139
2024-04-23T14:45:00+00:00,238.55,238.55,238.3,238.3,56
2024-04-23T14:50:00+00:00,238.3,238.45,238.25,238.25,196
2024-04-23T14:55:00+00:00,238.25,238.45,238.25,238.45,128
2024-04-23T15:00:00+00:00,238.3,238.45,238.3,238.3,145
2024-04-23T15:05:00+00:00,238.4,238.4,238.35,238.4,94
2024-04-23T15:10:00+00:00,238.35,238.65,238.35,238.65,252
2024-04-23T15:15:00+00:00,238.45,238.7,238.35,238.35,156
2024-04-23T15:20:00+00:00,238.55,238.8,238.1,238.1,1018
2024-04-23T15:25:00+00:00,238.1,238.4,238.0,238.05,462
2024-04-23T15:30:00+00:00,238.05,238.75,238.05,238.75,379
2024-04-23T15:35:00+00:00,238.75,238.75,238.1,238.25,97
2024-04-23T15:45:00+00:00,238.05,238.05,238.05,238.05,250
2024-04-24T06:55:00+00:00,238.0,238.0,238.0,238.0,162
2024-04-24T07:00:00+00:00,237.9,238.0,235.5,235.9,4323
2024-04-24T07:05:00+00:00,235.9,235.9,230.0,230.1,18455
2024-04-24T07:10:00+00:00,230.25,232.9,230.0,232.05,4403
2024-04-24T07:15:00+00:00,232.05,233.45,232.05,233.4,1463
2024-04-24T07:20:00+00:00,233.45,233.7,232.5,233.0,1759
2024-04-24T07:25:00+00:00,232.95,233.75,232.5,233.05,653
2024-04-24T07:30:00+00:00,233.2,234.45,233.05,233.9,626
2024-04-24T07:35:00+00:00,233.9,234.9,233.55,233.6,3529
2024-04-24T07:40:00+00:00,233.6,234.65,233.6,234.35,558
2024-04-24T07:45:00+00:00,234.35,234.35,233.75,233.85,437
2024-04-24T07:50:00+00:00,234.0,234.35,234.0,234.35,238
2024-04-24T07:55:00+00:00,234.35,237.8,234.05,235.45,2455
2024-04-24T08:00:00+00:00,235.4,235.9,235.3,235.3,881
2024-04-24T08:05:00+00:00,235.35,236.0,234.7,235.8,289
2024-04-24T08:10:00+00:00,235.5,235.9,235.5,235.5,181
2024-04-24T08:15:00+00:00,235.5,235.6,234.7,235.0,310
2024-04-24T08:20:00+00:00,235.0,235.5,234.9,235.2,380
2024-04-24T08:25:00+00:00,235.2,235.35,235.0,235.2,124
2024-04-24T08:30:00+00:00,235.15,235.2,235.05,235.05,48
2024-04-24T08:35:00+00:00,235.05,235.1,234.7,235.1,1092
2024-04-24T08:40:00+00:00,235.1,235.1,235.0,235.0,132
2024-04-24T08:45:00+00:00,235.1,235.1,234.8,235.05,167
2024-04-24T08:50:00+00:00,235.0,235.2,234.75,235.2,203
2024-04-24T08:55:00+00:00,235.15,235.15,234.6,234.85,603
2024-04-24T09:00:00+00:00,234.9,235.15,234.85,235.1,50
2024-04-24T09:05:00+00:00,235.1,235.95,235.1,235.75,248
2024-04-24T09:10:00+00:00,235.8,235.9,235.2,235.45,155
2024-04-24T09:15:00+00:00,235.6,235.85,235.6,235.75,94
2024-04-24T09:20:00+00:00,235.65,235.75,235.5,235.5,184
2024-04-24T09:25:00+00:00,235.5,235.5,235.1,235.1,245
2024-04-24T09:30:00+00:00,235.1,235.4,235.1,235.4,38
2024-04-24T09:35:00+00:00,235.2,235.35,235.2,235.35,9
2024-04-24T09:40:00+00:00,235.2,235.4,235.15,235.3,44
2024-04-24T09:45:00+00:00,235.35,235.35,235.1,235.1,116
2024-04-24T09:50:00+00:00,235.1,235.15,235.1,235.1,40
2024-04-24T09:55:00+00:00,235.1,235.35,235.1,235.3,229
2024-04-24T10:00:00+00:00,235.3,235.3,235.15,235.15,28
2024-04-24T10:05:00+00:00,235.15,235.35,235.1,235.1,239
2024-04-24T10:10:00+00:00,235.1,235.3,235.1,235.1,11
2024-04-24T10:15:00+00:00,235.1,235.3,235.1,235.1,543
2024-04-24T10:20:00+00:00,235.3,235.35,234.9,235.0,307
2024-04-24T10:25:00+00:00,235.0,235.1,235.0,235.0,80
2024-04-24T10:30:00+00:00,235.15,235.4,235.0,235.1,110
2024-04-24T10:35:00+00:00,235.05,235.4,235.05,235.4,165
2024-04-24T10:40:00+00:00,235.4,235.4,235.1,235.2,89
2024-04-24T10:45:00+00:00,235.2,235.35,235.1,235.1,281
2024-04-24T10:50:00+00:00,235.1,235.3,235.1,235.3,119
2024-04-24T10:55:00+00:00,235.3,235.45,235.1,235.3,125
2024-04-24T11:00:00+00:00,235.2,235.25,235.0,235.2,718
2024-04-24T11:05:00+00:00,235.2,235.2,235.0,235.0,508
2024-04-24T11:10:00+00:00,235.15,235.25,234.8,235.25,527
2024-04-24T11:15:00+00:00,235.25,235.3,234.85,235.2,57
2024-04-24T11:20:00+00:00,235.15,235.6,235.05,235.6,451
2024-04-24T11:25:00+00:00,235.55,235.55,234.75,234.75,692
2024-04-24T11:30:00+00:00,234.75,235.2,234.65,234.85,216
2024-04-24T11:35:00+00:00,234.8,235.25,234.65,234.7,73
2024-04-24T11:40:00+00:00,234.7,235.0,234.7,234.95,24
2024-04-24T11:45:00+00:00,234.75,235.3,234.7,234.9,88
2024-04-24T11:50:00+00:00,235.1,235.1,234.75,235.0,28
2024-04-24T11:55:00+00:00,235.0,235.2,234.85,235.2,24
2024-04-24T12:00:00+00:00,235.0,235.1,234.8,235.1,17
2024-04-24T12:05:00+00:00,235.1,235.35,234.85,234.85,24
2024-04-24T12:10:00+00:00,234.85,235.2,234.85,235.0,91
2024-04-24T12:15:00+00:00,234.95,235.1,234.8,234.8,37
2024-04-24T12:20:00+00:00,235.0,235.4,234.7,235.15,79
2024-04-24T12:25:00+00:00,235.0,235.3,235.0,235.0,29
2024-04-24T12:30:00+00:00,235.0,235.3,234.75,234.75,89
2024-04-24T12:35:00+00:00,235.05,235.15,234.85,234.85,7
2024-04-24T12:40:00+00:00,234.85,235.0,234.85,234.95,3
2024-04-24T12:45:00+00:00,234.95,235.25,234.9,234.9,30
2024-04-24T12:50:00+00:00,235.15,235.2,234.9,234.95,10
2024-04-24T12:55:00+00:00,235.0,235.25,234.95,235.0,78
2024-04-24T13:00:00+00:00,235.15,235.15,234.95,234.95,13
2024-04-24T13:05:00+00:00,235.1,235.1,234.65,235.0,549
2024-04-24T13:10:00+00:00,234.9,235.0,234.65,234.65,18
2024-04-24T13:15:00+00:00,234.9,235.0,234.65,235.0,139
2024-04-24T13:20:00+00:00,235.05,235.1,235.05,235.1,25
2024-04-24T13:25:00+00:00,235.1,235.15,235.0,235.1,19
2024-04-24T13:30:00+00:00,235.15,235.15,234.7,235.05,166
2024-04-24T13:35:00+00:00,235.1,235.4,234.75,234.75,251
2024-04-24T13:40:00+00:00,234.8,235.05,234.7,234.75,224
2024-04-24T13:45:00+00:00,234.75,235.0,234.65,235.0,199
2024-04-24T13:50:00+00:00,234.8,235.0,234.7,235.0,28
2024-04-24T13:55:00+00:00,235.0,235.4,235.0,235.1,32
2024-04-24T14:00:00+00:00,235.35,235.35,235.05,235.1,64
2024-04-24T14:05:00+00:00,235.1,235.25,235.0,235.0,72
2024-04-24T14:10:00+00:00,235.0,235.15,234.7,234.75,101
2024-04-24T14:15:00+00:00,235.1,235.45,235.1,235.4,132
2024-04-24T14:20:00+00:00,235.1,235.1,234.95,235.0,15
2024-04-24T14:25:00+00:00,235.15,235.35,234.85,235.2,118
2024-04-24T14:30:00+00:00,235.0,235.25,234.95,235.25,10
2024-04-24T14:35:00+00:00,235.05,235.05,235.05,235.05,3
2024-04-24T14:40:00+00:00,235.05,235.05,234.9,234.9,56
2024-04-24T14:45:00+00:00,234.9,235.0,234.9,235.0,23
2024-04-24T14:50:00+00:00,235.0,235.3,235.0,235.05,227
2024-04-24T14:55:00+00:00,235.05,235.3,235.05,235.1,71
2024-04-24T15:00:00+00:00,235.25,235.45,235.25,235.35,247
2024-04-24T15:05:00+00:00,235.35,236.0,235.3,236.0,657
2024-04-24T15:10:00+00:00,236.0,236.9,235.9,236.0,291
2024-04-24T15:15:00+00:00,235.85,236.3,235.85,235.95,5
2024-04-24T15:20:00+00:00,235.75,236.15,235.75,235.95,55
2024-04-24T15:25:00+00:00,235.95,236.55,235.65,235.7,627
2024-04-24T15:30:00+00:00,236.5,236.5,235.1,235.1,253
2024-04-24T15:35:00+00:00,235.15,235.15,235.05,235.05,83
2024-04-24T15:45:00+00:00,235.05,235.05,235.05,235.05,238
2024-04-25T06:55:00+00:00,235.0,235.0,235.0,235.0,586
2024-04-25T07:00:00+00:00,235.0,235.0,234.0,234.2,979
2024-04-25T07:05:00+00:00,234.2,234.65,232.05,233.0,7101
2024-04-25T07:10:00+00:00,233.0,233.6,232.7,233.6,1409
2024-04-25T07:15:00+00:00,233.55,234.9,233.1,233.65,1541
2024-04-25T07:20:00+00:00,233.7,233.85,233.65,233.65,268
2024-04-25T07:25:00+00:00,233.65,233.75,233.5,233.7,273
2024-04-25T07:30:00+00:00,233.55,234.3,233.55,234.3,515
2024-04-25T07:35:00+00:00,234.15,235.0,234.1,234.95,921
2024-04-25T07:40:00+00:00,234.95,235.0,234.5,234.5,759
2024-04-25T07:45:00+00:00,234.5,234.85,234.0,234.05,271
2024-04-25T07:50:00+00:00,234.05,234.5,234.0,234.0,119
2024-04-25T07:55:00+00:00,234.25,234.3,234.0,234.0,63
2024-04-25T08:00:00+00:00,234.0,234.0,233.6,233.7,503
2024-04-25T08:05:00+00:00,233.7,233.95,233.5,233.55,332
2024-04-25T08:10:00+00:00,233.5,233.55,233.5,233.5,2137
2024-04-25T08:15:00+00:00,233.5,234.15,233.2,234.15,499
2024-04-25T08:20:00+00:00,233.95,234.2,233.5,233.65,430
2024-04-25T08:25:00+00:00,233.65,234.1,233.6,233.65,57
2024-04-25T08:30:00+00:00,233.65,234.15,233.65,233.7,58
2024-04-25T08:35:00+00:00,233.7,233.75,233.5,233.7,861
2024-04-25T08:40:00+00:00,233.8,233.95,233.7,233.85,42
2024-04-25T08:45:00+00:00,233.85,233.95,233.85,233.9,62
2024-04-25T08:50:00+00:00,233.9,233.95,233.85,233.85,51
2024-04-25T08:55:00+00:00,233.85,234.2,233.6,233.65,1207
2024-04-25T09:00:00+00:00,233.75,234.2,233.6,234.0,295
2024-04-25T09:05:00+00:00,234.05,234.2,234.0,234.0,429
2024-04-25T09:10:00+00:00,234.15,234.15,234.0,234.05,555
2024-04-25T09:15:00+00:00,234.0,234.1,234.0,234.0,190
2024-04-25T09:20:00+00:00,234.1,234.2,234.0,234.2,334
2024-04-25T09:25:00+00:00,234.05,234.2,234.0,234.15,436
2024-04-25T09:30:00+00:00,234.05,234.15,234.05,234.1,107
2024-04-25T09:35:00+00:00,234.2,234.2,234.05,234.1,78
2024-04-25T09:40:00+00:00,234.1,234.2,234.05,234.05,139
2024-04-25T09:45:00+00:00,234.2,234.2,234.0,234.15,359
2024-04-25T09:50:00+00:00,234.2,234.2,234.0,234.15,364
2024-04-25T09:55:00+00:00,234.1,234.4,234.1,234.4,19
2024-04-25T10:00:00+00:00,234.15,234.55,233.1,233.8,1178
2024-04-25T10:05:00+00:00,233.5,233.75,233.5,233.7,16
2024-04-25T10:10:00+00:00,233.7,233.75,233.15,233.45,133
2024-04-25T10:15:00+00:00,233.4,233.75,233.4,233.5,329
2024-04-25T10:20:00+00:00,233.5,233.9,233.4,233.5,128
2024-04-25T10:25:00+00:00,233.8,234.0,233.8,234.0,36
2024-04-25T10:30:00+00:00,233.95,234.0,233.7,233.7,31
2024-04-25T10:35:00+00:00,233.75,233.9,233.6,233.6,17
2024-04-25T10:40:00+00:00,233.6,233.65,233.0,233.4,1853
2024-04-25T10:45:00+00:00,233.25,233.5,233.1,233.4,201
2024-04-25T10:50:00+00:00,233.25,233.9,233.2,233.3,75
2024-04-25T10:55:00+00:00,233.3,233.3,233.25,233.25,27
2024-04-25T11:00:00+00:00,233.25,234.65,233.2,234.65,187
2024-04-25T11:05:00+00:00,234.4,234.4,234.25,234.25,5
2024-04-25T11:10:00+00:00,234.0,234.0,233.75,233.9,33
2024-04-25T11:15:00+00:00,233.95,234.0,233.5,233.6,159
2024-04-25T11:20:00+00:00,233.65,233.7,233.55,233.7,8
2024-04-25T11:25:00+00:00,233.75,233.95,233.7,233.7,14
2024-04-25T11:30:00+00:00,233.7,233.95,233.7,233.95,63
2024-04-25T11:35:00+00:00,233.95,233.95,233.9,233.9,78
2024-04-25T11:40:00+00:00,233.9,233.9,233.9,233.9,16
2024-04-25T11:45:00+00:00,233.8,233.85,233.35,233.35,62
2024-04-25T11:50:00+00:00,233.55,233.55,232.9,233.0,2308
2024-04-25T11:55:00+00:00,232.9,233.0,232.85,233.0,136
2024-04-25T12:00:00+00:00,233.35,233.9,233.0,233.1,256
2024-04-25T12:05:00+00:00,233.4,233.55,232.95,232.95,198
2024-04-25T12:10:00+00:00,233.1,233.9,232.9,233.9,277
2024-04-25T12:15:00+00:00,233.85,233.85,233.5,233.85,66
2024-04-25T12:20:00+00:00,233.8,234.5,233.65,234.5,5351
2024-04-25T12:25:00+00:00,234.3,234.3,233.95,234.2,58
2024-04-25T12:30:00+00:00,234.1,234.3,233.95,233.95,127
2024-04-25T12:35:00+00:00,233.95,234.0,233.9,233.9,41
2024-04-25T12:40:00+00:00,233.95,234.05,233.9,234.05,115
2024-04-25T12:45:00+00:00,234.05,234.1,233.95,234.1,11
2024-04-25T12:50:00+00:00,234.1,234.15,233.95,233.95,16
2024-04-25T12:55:00+00:00,234.15,234.15,233.95,234.1,70
2024-04-25T13:00:00+00:00,234.0,234.0,234.0,234.0,65
2024-04-25T13:05:00+00:00,234.0,234.0,233.95,234.0,24
2024-04-25T13:10:00+00:00,234.0,234.0,233.95,233.95,46
2024-04-25T13:15:00+00:00,234.0,234.0,233.9,233.9,92
2024-04-25T13:20:00+00:00,233.9,234.35,233.9,234.35,220
2024-04-25T13:25:00+00:00,234.3,234.3,233.9,234.05,132
2024-04-25T13:30:00+00:00,234.0,234.2,234.0,234.2,55
2024-04-25T13:35:00+00:00,234.25,234.35,234.0,234.0,1005
2024-04-25T13:40:00+00:00,234.05,234.05,234.0,234.0,6
2024-04-25T13:45:00+00:00,234.0,234.0,234.0,234.0,6
2024-04-25T13:50:00+00:00,234.0,234.35,234.0,234.3,2949
2024-04-25T13:55:00+00:00,234.1,234.1,234.1,234.1,1
2024-04-25T14:00:00+00:00,234.25,234.35,234.25,234.35,87
2024-04-25T14:10:00+00:00,234.05,234.3,234.0,234.0,232
2024-04-25T14:15:00+00:00,234.05,234.05,234.0,234.0,107
2024-04-25T14:20:00+00:00,234.0,234.0,234.0,234.0,4
2024-04-25T14:25:00+00:00,234.0,234.05,234.0,234.05,24
2024-04-25T14:30:00+00:00,234.05,234.05,234.0,234.0,15
2024-04-25T14:35:00+00:00,234.0,234.3,234.0,234.3,115
2024-04-25T14:40:00+00:00,234.3,234.3,234.05,234.05,70
2024-04-25T14:45:00+00:00,234.05,234.3,234.05,234.3,9
2024-04-25T14:50:00+00:00,234.3,234.35,234.3,234.35,397
2024-04-25T14:55:00+00:00,234.35,234.35,234.3,234.35,15
2024-04-25T15:00:00+00:00,234.35,234.35,234.3,234.35,119
2024-04-25T15:05:00+00:00,234.35,234.35,234.3,234.3,463
2024-04-25T15:10:00+00:00,234.35,234.8,234.3,234.8,755
2024-04-25T15:15:00+00:00,234.85,235.1,234.85,235.05,859
2024-04-25T15:20:00+00:00,235.1,236.5,234.55,235.7,2397
2024-04-25T15:25:00+00:00,235.4,235.95,235.1,235.95,107
2024-04-25T15:30:00+00:00,235.95,236.0,235.0,235.1,252
2024-04-25T15:35:00+00:00,235.3,235.8,234.55,235.45,103
2024-04-25T15:45:00+00:00,235.45,235.45,235.45,235.45,1
2024-04-26T06:55:00+00:00,235.0,235.0,235.0,235.0,926
2024-04-26T07:00:00+00:00,235.0,235.35,233.1,233.55,3304
2024-04-26T07:05:00+00:00,233.55,233.9,233.5,233.85,3393
2024-04-26T07:10:00+00:00,233.55,233.9,232.7,233.05,4562
2024-04-26T07:15:00+00:00,233.05,233.55,232.5,233.15,2623
2024-04-26T07:20:00+00:00,233.05,233.9,232.65,233.35,989
2024-04-26T07:25:00+00:00,233.7,234.2,233.55,234.15,3374
2024-04-26T07:30:00+00:00,233.95,234.15,233.7,233.75,76
2024-04-26T07:35:00+00:00,233.65,233.95,233.6,233.9,174
2024-04-26T07:40:00+00:00,233.9,234.1,233.5,233.5,786
2024-04-26T07:45:00+00:00,233.7,233.75,233.5,233.65,355
2024-04-26T07:50:00+00:00,233.55,233.55,232.7,233.0,2475
2024-04-26T07:55:00+00:00,233.05,233.2,233.0,233.2,524
2024-04-26T08:00:00+00:00,233.1,233.1,232.65,232.95,1401
2024-04-26T08:05:00+00:00,232.95,233.0,232.3,232.35,14532
2024-04-26T08:10:00+00:00,232.35,233.0,232.3,232.95,7000
2024-04-26T08:15:00+00:00,232.8,233.15,232.55,232.55,2661
2024-04-26T08:20:00+00:00,232.6,232.6,232.55,232.55,801
2024-04-26T08:25:00+00:00,232.55,232.6,232.55,232.6,1160
2024-04-26T08:30:00+00:00,232.55,232.6,232.55,232.6,661
2024-04-26T08:35:00+00:00,232.6,232.75,232.55,232.55,856
2024-04-26T08:40:00+00:00,232.7,232.9,232.6,232.9,879
2024-04-26T08:45:00+00:00,232.9,233.15,232.85,233.0,312
2024-04-26T08:50:00+00:00,233.0,233.15,233.0,233.0,146
2024-04-26T08:55:00+00:00,233.0,233.0,232.55,232.75,600
2024-04-26T09:00:00+00:00,232.8,232.8,232.6,232.8,100
2024-04-26T09:05:00+00:00,232.75,232.8,232.7,232.7,159
2024-04-26T09:10:00+00:00,232.75,232.75,232.65,232.7,144
2024-04-26T09:15:00+00:00,232.7,232.7,232.55,232.6,156
2024-04-26T09:20:00+00:00,232.6,232.65,232.45,232.5,705
2024-04-26T09:25:00+00:00,232.5,232.6,232.45,232.6,433
2024-04-26T09:30:00+00:00,232.55,232.6,232.5,232.5,169
2024-04-26T09:35:00+00:00,232.6,232.6,232.45,232.45,325
2024-04-26T09:40:00+00:00,232.45,232.5,232.4,232.5,171
2024-04-26T09:45:00+00:00,232.5,232.5,232.3,232.45,586
2024-04-26T09:50:00+00:00,232.45,232.45,232.2,232.4,483
2024-04-26T09:55:00+00:00,232.45,232.45,232.3,232.3,434
2024-04-26T10:00:00+00:00,232.3,233.0,232.3,232.85,450
2024-04-26T10:05:00+00:00,232.85,232.85,232.55,232.85,35
2024-04-26T10:10:00+00:00,232.8,232.85,232.55,232.85,66
2024-04-26T10:15:00+00:00,232.6,233.95,232.55,233.15,601
2024-04-26T10:20:00+00:00,233.1,234.15,233.1,233.5,267
2024-04-26T10:25:00+00:00,233.5,233.95,233.5,233.95,48
2024-04-26T10:30:00+00:00,233.95,233.95,233.2,233.65,16
2024-04-26T10:35:00+00:00,233.65,233.7,233.05,233.25,230
2024-04-26T10:40:00+00:00,233.2,233.65,232.65,232.9,435
2024-04-26T10:45:00+00:00,232.9,233.15,232.5,232.8,289
2024-04-26T10:50:00+00:00,232.8,233.0,232.4,232.85,194
2024-04-26T10:55:00+00:00,232.85,233.0,232.7,232.75,32
2024-04-26T11:00:00+00:00,232.7,232.8,232.5,232.8,64
2024-04-26T11:05:00+00:00,232.8,232.8,232.7,232.8,59
2024-04-26T11:10:00+00:00,232.8,233.3,232.8,233.3,362
2024-04-26T11:15:00+00:00,233.05,233.3,233.0,233.05,77
2024-04-26T11:20:00+00:00,233.05,233.75,232.9,233.75,351
2024-04-26T11:25:00+00:00,233.7,233.7,232.9,233.65,1095
2024-04-26T11:30:00+00:00,233.5,233.6,233.1,233.15,38
2024-04-26T11:35:00+00:00,233.4,233.7,233.4,233.7,53
2024-04-26T11:40:00+00:00,233.65,233.65,233.05,233.05,49
2024-04-26T11:45:00+00:00,233.15,233.2,233.0,233.0,18
2024-04-26T11:50:00+00:00,233.2,233.2,232.9,232.9,234
2024-04-26T11:55:00+00:00,233.2,233.2,232.8,232.85,32
2024-04-26T12:00:00+00:00,232.9,233.1,232.8,232.8,128
2024-04-26T12:05:00+00:00,233.05,234.15,232.7,232.85,693
2024-04-26T12:10:00+00:00,232.85,233.6,232.45,233.0,521
2024-04-26T12:15:00+00:00,232.6,232.75,232.05,232.05,1847
2024-04-26T12:20:00+00:00,232.05,232.75,232.0,232.15,1206
2024-04-26T12:25:00+00:00,232.15,232.95,232.0,232.0,587
2024-04-26T12:30:00+00:00,232.05,232.5,232.05,232.5,184
2024-04-26T12:35:00+00:00,232.45,233.0,232.05,232.55,694
2024-04-26T12:40:00+00:00,232.85,233.0,232.3,232.95,236
2024-04-26T12:45:00+00:00,232.95,232.95,232.15,232.3,430
2024-04-26T12:50:00+00:00,232.2,233.2,232.1,233.2,1004
2024-04-26T12:55:00+00:00,233.2,233.25,233.0,233.0,257
2024-04-26T13:00:00+00:00,233.0,233.4,232.5,233.15,285
2024-04-26T13:05:00+00:00,233.3,233.6,233.15,233.55,133
2024-04-26T13:10:00+00:00,233.3,233.3,233.1,233.3,121
2024-04-26T13:15:00+00:00,233.25,233.6,233.1,233.4,365
2024-04-26T13:20:00+00:00,233.2,233.4,233.15,233.35,17
2024-04-26T13:25:00+00:00,233.45,233.45,233.15,233.15,5
2024-04-26T13:30:00+00:00,233.3,233.35,233.15,233.15,9
2024-04-26T13:35:00+00:00,233.15,233.15,233.1,233.15,91
2024-04-26T13:40:00+00:00,233.25,233.3,232.95,233.3,120
2024-04-26T13:45:00+00:00,233.3,233.3,232.5,233.0,123
2024-04-26T13:50:00+00:00,233.05,233.2,232.4,232.5,296
2024-04-26T13:55:00+00:00,232.5,232.65,232.35,232.35,175
2024-04-26T14:00:00+00:00,232.35,232.55,232.35,232.5,20
2024-04-26T14:05:00+00:00,232.5,232.65,232.35,232.65,128
2024-04-26T14:10:00+00:00,232.45,232.65,232.45,232.65,25
2024-04-26T14:15:00+00:00,232.65,233.05,232.6,232.6,45
2024-04-26T14:20:00+00:00,232.75,233.0,232.75,232.9,34
2024-04-26T14:25:00+00:00,232.95,233.0,232.8,232.9,52
2024-04-26T14:30:00+00:00,232.8,232.9,232.55,232.65,45
2024-04-26T14:35:00+00:00,232.75,232.9,232.55,232.6,45
2024-04-26T14:40:00+00:00,232.6,232.8,232.5,232.7,69
2024-04-26T14:45:00+00:00,232.7,232.95,232.55,232.85,57
2024-04-26T14:50:00+00:00,232.6,233.0,232.6,232.8,165
2024-04-26T14:55:00+00:00,232.8,232.9,232.5,232.75,373
2024-04-26T15:00:00+00:00,232.65,232.8,232.55,232.8,27
2024-04-26T15:05:00+00:00,232.7,232.8,232.55,232.55,28
2024-04-26T15:10:00+00:00,232.55,232.75,232.55,232.75,56
2024-04-26T15:15:00+00:00,232.6,232.75,232.5,232.75,574
2024-04-26T15:20:00+00:00,232.55,233.85,232.55,233.7,1349
2024-04-26T15:25:00+00:00,233.65,233.8,233.15,233.3,234
2024-04-26T15:30:00+00:00,233.25,234.2,233.15,234.0,3379
2024-04-26T15:35:00+00:00,234.15,234.2,233.15,233.15,620
2024-04-26T15:45:00+00:00,233.15,233.15,233.15,233.15,75
2024-04-27T06:55:00+00:00,233.0,233.0,233.0,233.0,16
2024-04-27T07:00:00+00:00,233.1,233.85,233.05,233.1,140
2024-04-27T07:05:00+00:00,233.8,233.85,232.15,232.15,852
2024-04-27T07:10:00+00:00,232.1,233.9,232.1,233.35,474
2024-04-27T07:15:00+00:00,232.95,233.85,232.3,233.85,190
2024-04-27T07:20:00+00:00,233.85,233.85,233.5,233.8,227
2024-04-27T07:25:00+00:00,233.8,233.85,233.6,233.6,60
2024-04-27T07:30:00+00:00,233.75,233.9,233.5,233.9,734
2024-04-27T07:35:00+00:00,233.8,233.8,232.25,232.25,1610
2024-04-27T07:40:00+00:00,232.85,233.5,232.3,233.5,115
2024-04-27T07:45:00+00:00,232.75,233.3,232.2,232.65,2119
2024-04-27T07:50:00+00:00,232.65,232.75,232.35,232.4,98
2024-04-27T07:55:00+00:00,232.4,233.0,232.35,232.55,91
2024-04-27T08:00:00+00:00,232.55,232.8,232.4,232.6,73
2024-04-27T08:05:00+00:00,232.45,232.55,232.25,232.45,276
2024-04-27T08:10:00+00:00,232.45,232.85,232.45,232.85,185
2024-04-27T08:15:00+00:00,232.75,232.95,232.7,232.7,71
2024-04-27T08:20:00+00:00,232.9,233.2,232.9,233.1,201
2024-04-27T08:25:00+00:00,233.1,233.2,232.75,233.1,150
2024-04-27T08:30:00+00:00,233.1,233.15,232.6,233.0,145
2024-04-27T08:35:00+00:00,233.0,233.0,232.6,232.7,154
2024-04-27T08:40:00+00:00,232.8,233.25,232.8,233.25,122
2024-04-27T08:45:00+00:00,233.0,233.1,232.75,233.1,52
2024-04-27T08:50:00+00:00,233.05,233.55,233.0,233.25,471
2024-04-27T08:55:00+00:00,233.25,233.25,233.1,233.1,36
2024-04-27T09:00:00+00:00,233.25,233.25,233.05,233.05,72
2024-04-27T09:05:00+00:00,233.2,233.3,233.0,233.15,407
2024-04-27T09:10:00+00:00,233.15,233.25,233.0,233.0,282
2024-04-27T09:15:00+00:00,233.0,233.05,233.0,233.0,298
2024-04-27T09:20:00+00:00,233.0,233.25,233.0,233.25,25
2024-04-27T09:25:00+00:00,233.25,233.7,233.25,233.7,347
2024-04-27T09:30:00+00:00,233.35,233.65,233.2,233.65,58
2024-04-27T09:35:00+00:00,233.65,233.7,233.15,233.25,56
2024-04-27T09:40:00+00:00,233.4,233.4,233.25,233.25,2
2024-04-27T09:45:00+00:00,233.15,233.2,233.0,233.2,106
2024-04-27T09:50:00+00:00,233.05,233.2,233.0,233.0,230
2024-04-27T09:55:00+00:00,233.2,233.2,233.0,233.0,126
2024-04-27T10:00:00+00:00,233.2,233.2,232.6,232.6,549
2024-04-27T10:05:00+00:00,232.65,233.1,232.55,232.85,695
2024-04-27T10:10:00+00:00,232.85,233.15,232.8,233.1,97
2024-04-27T10:15:00+00:00,232.8,232.8,232.5,232.75,263
2024-04-27T10:20:00+00:00,232.75,232.8,232.55,232.55,16
2024-04-27T10:25:00+00:00,232.55,232.8,232.55,232.75,55
2024-04-27T10:30:00+00:00,232.6,232.7,232.6,232.7,45
2024-04-27T10:35:00+00:00,232.7,232.75,232.55,232.55,33
2024-04-27T10:40:00+00:00,232.7,233.1,232.6,233.1,137
2024-04-27T10:45:00+00:00,233.1,233.1,233.05,233.1,67
2024-04-27T10:50:00+00:00,233.1,233.15,233.05,233.15,50
2024-04-27T10:55:00+00:00,233.15,233.15,232.75,232.75,31
2024-04-27T11:00:00+00:00,232.8,232.9,232.75,232.8,108
2024-04-27T11:05:00+00:00,232.75,232.9,232.7,232.9,79
2024-04-27T11:10:00+00:00,232.9,233.15,232.9,233.15,7
2024-04-27T11:15:00+00:00,232.9,233.15,232.9,233.0,23
2024-04-27T11:20:00+00:00,233.15,233.2,232.95,232.95,48
2024-04-27T11:25:00+00:00,233.2,233.2,232.95,232.95,19
2024-04-27T11:30:00+00:00,233.15,233.25,232.95,233.0,45
2024-04-27T11:35:00+00:00,233.0,233.4,232.95,233.4,72
2024-04-27T11:40:00+00:00,233.3,233.35,233.25,233.25,15
2024-04-27T11:45:00+00:00,233.25,233.25,232.95,232.95,30
2024-04-27T11:50:00+00:00,232.95,233.0,232.9,233.0,15
2024-04-27T11:55:00+00:00,233.0,233.05,232.9,233.05,164
2024-04-27T12:00:00+00:00,233.05,233.25,233.0,233.0,57
2024-04-27T12:05:00+00:00,233.15,233.15,233.05,233.05,24
2024-04-27T12:10:00+00:00,233.0,233.05,232.8,232.9,197
2024-04-27T12:15:00+00:00,233.15,233.15,232.8,232.8,6
2024-04-27T12:20:00+00:00,233.0,233.0,232.7,232.7,117
2024-04-27T12:25:00+00:00,232.75,232.95,232.75,232.95,7
2024-04-27T12:30:00+00:00,232.75,232.95,232.7,232.95,147
2024-04-27T12:35:00+00:00,232.9,232.95,232.7,232.75,130
2024-04-27T12:40:00+00:00,232.7,232.7,232.65,232.65,425
2024-04-27T12:45:00+00:00,232.7,232.7,232.65,232.7,6
2024-04-27T12:50:00+00:00,232.7,232.7,232.6,232.6,81
2024-04-27T12:55:00+00:00,232.65,232.7,232.6,232.6,199
2024-04-27T13:00:00+00:00,232.7,232.7,232.6,232.6,37
2024-04-27T13:05:00+00:00,232.6,232.65,232.6,232.65,15
2024-04-27T13:10:00+00:00,232.6,232.75,232.6,232.75,69
2024-04-27T13:15:00+00:00,232.8,233.1,232.75,233.1,90
2024-04-27T13:20:00+00:00,233.0,233.1,233.0,233.1,169
2024-04-27T13:25:00+00:00,233.1,233.15,233.0,233.0,179
2024-04-27T13:30:00+00:00,233.0,233.1,233.0,233.1,339
2024-04-27T13:35:00+00:00,233.1,234.05,233.1,234.0,2344
2024-04-27T13:40:00+00:00,234.0,234.25,234.0,234.25,16
2024-04-27T13:45:00+00:00,234.05,234.25,234.0,234.0,110
2024-04-27T13:50:00+00:00,233.6,233.9,233.6,233.85,14
2024-04-27T13:55:00+00:00,233.85,233.85,233.7,233.7,6
2024-04-27T14:00:00+00:00,233.65,233.65,233.55,233.55,3
2024-04-27T14:05:00+00:00,233.55,233.55,233.3,233.3,86
2024-04-27T14:10:00+00:00,233.3,233.3,233.2,233.25,124
2024-04-27T14:15:00+00:00,233.25,234.55,233.25,234.55,1053
2024-04-27T14:20:00+00:00,234.55,234.8,234.5,234.55,93
2024-04-27T14:25:00+00:00,234.55,234.6,234.5,234.55,177
2024-04-27T14:30:00+00:00,234.5,234.55,234.5,234.55,6
2024-04-27T14:35:00+00:00,234.55,234.75,234.55,234.75,76
2024-04-27T14:40:00+00:00,234.55,234.9,234.55,234.9,117
2024-04-27T14:45:00+00:00,234.7,234.7,234.5,234.5,185
2024-04-27T14:50:00+00:00,234.5,234.8,234.5,234.5,215
2024-04-27T14:55:00+00:00,234.5,234.7,234.5,234.5,96
2024-04-27T15:00:00+00:00,234.55,234.75,234.55,234.75,51
2024-04-27T15:05:00+00:00,234.55,234.9,234.5,234.9,249
2024-04-27T15:10:00+00:00,234.9,235.0,234.9,235.0,341
2024-04-27T15:15:00+00:00,234.95,235.0,234.95,234.95,145
2024-04-27T15:20:00+00:00,235.0,235.0,234.95,234.95,567
2024-04-27T15:25:00+00:00,234.95,235.0,234.95,234.95,363
2024-04-27T15:30:00+00:00,234.95,235.0,234.5,234.55,206
2024-04-27T15:35:00+00:00,234.5,234.9,234.5,234.9,139
2024-04-27T15:45:00+00:00,234.5,234.5,234.5,234.5,115
2024-04-29T06:55:00+00:00,234.7,234.7,234.7,234.7,91
2024-04-29T07:00:00+00:00,234.75,235.65,234.5,234.75,188
2024-04-29T07:05:00+00:00,234.5,234.85,233.15,233.95,343
2024-04-29T07:10:00+00:00,233.5,234.6,233.5,233.85,54
2024-04-29T07:15:00+00:00,233.6,234.95,233.6,234.25,43
2024-04-29T07:20:00+00:00,234.35,234.9,234.2,234.25,110
2024-04-29T07:25:00+00:00,234.2,234.2,233.65,233.65,33
2024-04-29T07:30:00+00:00,233.65,234.5,233.5,234.15,241
2024-04-29T07:35:00+00:00,233.8,234.75,233.5,234.75,55
2024-04-29T07:40:00+00:00,233.95,234.65,233.55,233.55,103
2024-04-29T07:45:00+00:00,233.75,234.5,233.15,233.15,799
2024-04-29T07:50:00+00:00,233.2,233.4,233.2,233.4,12
2024-04-29T07:55:00+00:00,233.4,233.4,233.15,233.15,107
2024-04-29T08:00:00+00:00,233.15,233.3,233.15,233.25,11
2024-04-29T08:05:00+00:00,233.3,233.6,233.2,233.6,65
2024-04-29T08:10:00+00:00,233.45,233.6,233.3,233.3,36
2024-04-29T08:15:00+00:00,233.5,233.6,233.3,233.3,35
2024-04-29T08:20:00+00:00,233.25,233.3,233.25,233.3,13
2024-04-29T08:25:00+00:00,233.25,233.25,233.15,233.15,545
2024-04-29T08:30:00+00:00,233.15,233.2,233.15,233.2,27
2024-04-29T08:35:00+00:00,233.2,233.35,233.2,233.2,102
2024-04-29T08:40:00+00:00,233.35,233.4,233.25,233.25,10
2024-04-29T08:45:00+00:00,233.3,233.4,233.2,233.2,34
2024-04-29T08:50:00+00:00,233.25,233.4,233.25,233.3,12
2024-04-29T08:55:00+00:00,233.4,233.4,233.3,233.3,4
2024-04-29T09:00:00+00:00,233.3,233.55,233.25,233.3,36
2024-04-29T09:05:00+00:00,233.3,233.45,233.25,233.25,20
2024-04-29T09:10:00+00:00,233.4,233.4,233.25,233.4,10
2024-04-29T09:15:00+00:00,233.4,233.55,233.25,233.55,68
2024-04-29T09:20:00+00:00,233.6,233.65,233.6,233.65,9
2024-04-29T09:25:00+00:00,233.7,233.7,233.4,233.4,16
2024-04-29T09:30:00+00:00,233.4,233.5,233.2,233.5,135
2024-04-29T09:35:00+00:00,233.5,233.5,232.5,232.5,873
2024-04-29T09:40:00+00:00,232.65,232.65,232.3,232.3,841
2024-04-29T09:45:00+00:00,232.55,232.8,232.45,232.8,61
2024-04-29T09:50:00+00:00,232.8,233.0,232.6,233.0,79
2024-04-29T09:55:00+00:00,232.75,233.0,232.75,233.0,6
2024-04-29T10:00:00+00:00,233.0,233.05,232.75,233.05,11
2024-04-29T10:05:00+00:00,233.05,233.05,232.75,232.85,8
2024-04-29T10:10:00+00:00,232.95,233.15,232.75,233.15,35
2024-04-29T10:15:00+00:00,232.85,232.85,232.5,232.55,149
2024-04-29T10:20:00+00:00,232.55,232.75,232.55,232.75,36
2024-04-29T10:25:00+00:00,232.9,233.6,232.9,233.45,169
2024-04-29T10:30:00+00:00,233.1,233.25,233.0,233.0,4
2024-04-29T10:35:00+00:00,233.05,233.1,232.85,233.1,84
2024-04-29T10:40:00+00:00,233.2,233.2,233.2,233.2,12
2024-04-29T10:45:00+00:00,233.35,233.6,233.35,233.35,49
2024-04-29T10:50:00+00:00,233.35,233.35,233.3,233.3,16
2024-04-29T10:55:00+00:00,233.3,233.55,233.25,233.5,44
2024-04-29T11:00:00+00:00,233.5,233.8,233.5,233.7,56
2024-04-29T11:05:00+00:00,233.7,233.75,233.5,233.5,8
2024-04-29T11:10:00+00:00,233.4,233.65,233.35,233.65,39
2024-04-29T11:15:00+00:00,233.45,233.65,233.45,233.45,12
2024-04-29T11:20:00+00:00,233.45,233.65,233.45,233.45,17
2024-04-29T11:25:00+00:00,233.65,233.65,233.25,233.25,103
2024-04-29T11:30:00+00:00,233.45,233.5,233.2,233.2,25
2024-04-29T11:35:00+00:00,233.2,233.25,233.2,233.2,231
2024-04-29T11:40:00+00:00,233.2,233.45,233.2,233.25,103
2024-04-29T11:45:00+00:00,233.45,233.5,233.25,233.45,48
2024-04-29T11:50:00+00:00,233.55,233.7,233.55,233.65,98
2024-04-29T11:55:00+00:00,233.65,233.65,233.1,233.2,380
2024-04-29T12:00:00+00:00,233.1,233.2,232.85,233.2,34
2024-04-29T12:05:00+00:00,233.2,233.45,232.5,233.0,283
2024-04-29T12:10:00+00:00,232.95,233.0,232.9,232.9,15
2024-04-29T12:15:00+00:00,233.0,233.15,232.4,232.85,462
2024-04-29T12:20:00+00:00,232.65,232.75,232.5,232.6,31
2024-04-29T12:25:00+00:00,232.6,232.75,232.6,232.65,53
2024-04-29T12:30:00+00:00,232.65,232.8,232.65,232.7,22
2024-04-29T12:35:00+00:00,232.85,232.9,232.85,232.9,11
2024-04-29T12:40:00+00:00,232.9,232.95,232.6,232.9,87
2024-04-29T12:45:00+00:00,232.85,232.9,232.6,232.6,15
2024-04-29T12:50:00+00:00,232.85,232.85,232.7,232.7,7
2024-04-29T12:55:00+00:00,232.9,233.05,232.85,232.85,16
2024-04-29T13:00:00+00:00,232.85,232.95,232.8,232.8,5
2024-04-29T13:05:00+00:00,232.95,232.95,232.8,232.8,3
2024-04-29T13:10:00+00:00,232.8,232.9,232.75,232.9,48
2024-04-29T13:15:00+00:00,232.8,232.8,232.7,232.7,80
2024-04-29T13:20:00+00:00,232.8,232.8,232.7,232.7,21
2024-04-29T13:25:00+00:00,232.8,232.9,232.7,232.7,45
2024-04-29T13:30:00+00:00,232.7,232.7,232.7,232.7,13
2024-04-29T13:35:00+00:00,232.85,232.9,232.35,232.35,292
2024-04-29T13:40:00+00:00,232.6,232.6,232.4,232.6,13
2024-04-29T13:45:00+00:00,232.6,232.9,232.5,232.55,320
2024-04-29T13:50:00+00:00,232.8,232.9,232.6,232.9,26
2024-04-29T13:55:00+00:00,232.9,233.15,232.7,232.75,51
2024-04-29T14:00:00+00:00,232.7,232.75,232.65,232.65,25
2024-04-29T14:05:00+00:00,232.9,233.15,232.85,233.15,21
2024-04-29T14:10:00+00:00,233.0,233.25,232.85,232.85,43
2024-04-29T14:15:00+00:00,233.2,233.2,233.2,233.2,3
2024-04-29T14:20:00+00:00,233.2,233.2,232.95,233.2,29
2024-04-29T14:25:00+00:00,233.0,233.1,232.8,232.85,14
2024-04-29T14:30:00+00:00,232.85,232.95,232.75,232.95,34
2024-04-29T14:35:00+00:00,232.95,233.2,232.95,233.2,32
2024-04-29T14:40:00+00:00,233.15,233.2,232.7,232.7,83
2024-04-29T14:45:00+00:00,232.85,233.05,232.85,233.05,8
2024-04-29T14:50:00+00:00,232.85,233.15,232.85,232.9,17
2024-04-29T14:55:00+00:00,232.9,233.05,232.85,232.85,28
2024-04-29T15:00:00+00:00,233.1,233.1,232.5,232.65,128
2024-04-29T15:05:00+00:00,232.8,232.95,232.7,232.7,25
2024-04-29T15:15:00+00:00,232.9,232.9,232.7,232.7,5
2024-04-29T15:20:00+00:00,232.85,233.0,232.7,232.7,62
2024-04-29T15:25:00+00:00,232.95,232.95,232.55,232.9,32
2024-04-29T15:30:00+00:00,232.65,232.75,232.6,232.75,18
2024-04-29T15:35:00+00:00,232.65,232.8,232.65,232.65,44
2024-04-29T15:45:00+00:00,232.6,232.6,232.6,232.6,78
2024-04-30T06:55:00+00:00,232.6,232.6,232.6,232.6,3
2024-04-30T07:00:00+00:00,232.65,233.15,232.6,233.15,66
2024-04-30T07:05:00+00:00,233.25,233.25,232.65,232.75,27
2024-04-30T07:10:00+00:00,232.6,232.9,232.5,232.7,65
2024-04-30T07:15:00+00:00,233.1,233.2,232.8,233.05,46
2024-04-30T07:20:00+00:00,232.9,232.9,232.5,232.65,239
2024-04-30T07:25:00+00:00,232.8,232.95,232.7,232.75,36
2024-04-30T07:30:00+00:00,232.75,232.9,232.25,232.25,559
2024-04-30T07:35:00+00:00,232.25,232.3,232.15,232.15,180
2024-04-30T07:40:00+00:00,232.2,232.25,232.05,232.25,185
2024-04-30T07:45:00+00:00,232.25,232.25,232.1,232.25,66
2024-04-30T07:50:00+00:00,232.25,232.25,232.0,232.2,335
2024-04-30T07:55:00+00:00,232.25,232.45,232.25,232.35,111
2024-04-30T08:00:00+00:00,232.35,232.45,232.05,232.05,103
2024-04-30T08:05:00+00:00,232.1,232.45,232.0,232.45,190
2024-04-30T08:10:00+00:00,232.15,232.2,232.05,232.05,65
2024-04-30T08:15:00+00:00,232.4,232.45,232.2,232.4,40
2024-04-30T08:20:00+00:00,232.4,232.45,232.3,232.3,44
2024-04-30T08:25:00+00:00,232.35,232.35,232.2,232.2,49
2024-04-30T08:30:00+00:00,232.2,232.45,232.2,232.25,62
2024-04-30T08:35:00+00:00,232.25,232.45,232.15,232.2,82
2024-04-30T08:40:00+00:00,232.2,232.5,232.2,232.25,70
2024-04-30T08:45:00+00:00,232.25,232.5,232.25,232.5,19
2024-04-30T08:50:00+00:00,232.45,232.45,232.3,232.45,8
2024-04-30T08:55:00+00:00,232.45,232.6,232.3,232.6,79
2024-04-30T09:00:00+00:00,232.6,232.6,232.45,232.45,7
2024-04-30T09:05:00+00:00,232.4,232.4,232.3,232.4,11
2024-04-30T09:10:00+00:00,232.4,232.5,232.35,232.45,16
2024-04-30T09:15:00+00:00,232.45,232.7,232.3,232.7,71
2024-04-30T09:20:00+00:00,232.65,232.7,232.1,232.6,354
2024-04-30T09:25:00+00:00,232.45,232.5,232.1,232.45,87
2024-04-30T09:30:00+00:00,232.2,232.2,232.1,232.15,56
2024-04-30T09:35:00+00:00,232.15,232.25,232.15,232.25,11
2024-04-30T09:40:00+00:00,232.15,232.4,232.15,232.15,23
2024-04-30T09:45:00+00:00,232.15,232.35,232.15,232.35,8
2024-04-30T09:50:00+00:00,232.3,232.45,232.3,232.45,24
2024-04-30T09:55:00+00:00,232.2,232.2,232.2,232.2,5
2024-04-30T10:00:00+00:00,232.35,232.35,232.35,232.35,37
2024-04-30T10:05:00+00:00,232.2,232.3,232.2,232.3,6
2024-04-30T10:10:00+00:00,232.3,232.3,232.15,232.15,27
2024-04-30T10:15:00+00:00,232.2,232.2,232.2,232.2,3
2024-04-30T10:20:00+00:00,232.3,232.6,232.3,232.6,253
2024-04-30T10:25:00+00:00,232.3,232.8,232.3,232.8,125
2024-04-30T10:30:00+00:00,232.75,232.85,232.5,232.8,137
2024-04-30T10:35:00+00:00,232.5,233.0,232.5,232.65,76
2024-04-30T10:40:00+00:00,232.8,232.8,232.65,232.65,4
2024-04-30T10:45:00+00:00,232.65,232.8,232.55,232.8,28
2024-04-30T10:50:00+00:00,232.8,232.85,232.65,232.8,6
2024-04-30T10:55:00+00:00,232.65,232.85,232.5,232.65,31
2024-04-30T11:00:00+00:00,232.55,232.85,232.55,232.6,8
2024-04-30T11:05:00+00:00,232.7,232.8,232.55,232.55,8
2024-04-30T11:10:00+00:00,232.7,232.7,232.3,232.3,47
2024-04-30T11:15:00+00:00,232.5,232.5,232.35,232.35,8
2024-04-30T11:20:00+00:00,232.55,232.55,232.35,232.35,3
2024-04-30T11:25:00+00:00,232.35,232.65,232.1,232.65,253
2024-04-30T11:30:00+00:00,232.35,232.65,232.35,232.65,3
2024-04-30T11:35:00+00:00,232.35,232.35,232.35,232.35,2
2024-04-30T11:40:00+00:00,232.3,232.55,232.25,232.55,11
2024-04-30T11:45:00+00:00,232.55,232.55,232.2,232.2,30
2024-04-30T11:55:00+00:00,232.55,232.6,232.2,232.6,10
2024-04-30T12:00:00+00:00,232.55,232.55,232.5,232.55,10
2024-04-30T12:10:00+00:00,232.3,232.6,232.3,232.55,54
2024-04-30T12:15:00+00:00,232.55,232.55,232.3,232.3,24
2024-04-30T12:20:00+00:00,232.35,232.35,232.35,232.35,1
2024-04-30T12:25:00+00:00,232.4,232.4,232.35,232.35,169
2024-04-30T12:30:00+00:00,232.55,232.6,232.35,232.6,27
2024-04-30T12:35:00+00:00,232.4,232.4,232.4,232.4,20
2024-04-30T12:40:00+00:00,232.55,232.55,232.55,232.55,1
2024-04-30T12:45:00+00:00,232.45,232.45,232.4,232.4,3
2024-04-30T12:50:00+00:00,232.4,232.55,232.35,232.55,55
2024-04-30T12:55:00+00:00,232.35,232.55,232.35,232.55,3
2024-04-30T13:00:00+00:00,232.55,232.55,232.35,232.35,22
2024-04-30T13:05:00+00:00,232.3,232.55,232.3,232.55,24
2024-04-30T13:10:00+00:00,232.35,232.55,232.3,232.55,4
2024-04-30T13:15:00+00:00,232.5,232.55,232.5,232.55,81
2024-04-30T13:20:00+00:00,232.5,232.65,232.25,232.25,30
2024-04-30T13:25:00+00:00,232.35,232.35,232.25,232.25,15
2024-04-30T13:30:00+00:00,232.5,232.6,232.5,232.55,131
2024-04-30T13:35:00+00:00,232.5,232.55,232.5,232.55,3
2024-04-30T13:40:00+00:00,232.65,232.7,232.6,232.65,7
2024-04-30T13:45:00+00:00,232.65,232.65,232.5,232.5,15
2024-04-30T13:50:00+00:00,232.5,232.5,232.5,232.5,391
2024-04-30T13:55:00+00:00,232.65,232.7,232.5,232.5,19
2024-04-30T14:00:00+00:00,232.5,232.75,232.5,232.7,21
2024-04-30T14:05:00+00:00,232.6,232.6,232.5,232.5,145
2024-04-30T14:10:00+00:00,232.6,232.6,232.45,232.45,103
2024-04-30T14:15:00+00:00,232.5,232.5,232.45,232.45,10
2024-04-30T14:20:00+00:00,232.6,232.7,232.25,232.25,133
2024-04-30T14:25:00+00:00,232.45,232.45,232.25,232.3,19
2024-04-30T14:30:00+00:00,232.3,232.3,232.3,232.3,1
2024-04-30T14:35:00+00:00,232.35,232.4,232.35,232.4,16
2024-04-30T14:40:00+00:00,232.45,232.45,232.35,232.35,12
2024-04-30T14:45:00+00:00,232.35,232.55,232.35,232.4,11
2024-04-30T14:50:00+00:00,232.4,232.5,232.3,232.5,12
2024-04-30T15:00:00+00:00,232.35,232.45,232.3,232.3,9
2024-04-30T15:05:00+00:00,232.3,232.3,232.05,232.3,789
2024-04-30T15:10:00+00:00,232.2,232.35,232.2,232.35,12
2024-04-30T15:15:00+00:00,232.35,232.35,232.0,232.0,249
2024-04-30T15:20:00+00:00,232.05,232.25,232.0,232.25,125
2024-04-30T15:25:00+00:00,232.2,232.4,232.1,232.4,69
2024-04-30T15:30:00+00:00,232.35,232.4,232.0,232.0,48
2024-04-30T15:35:00+00:00,232.1,232.3,232.05,232.3,11
2024-04-30T15:45:00+00:00,232.0,232.0,232.0,232.0,377
2024-05-02T06:55:00+00:00,232.45,232.45,232.45,232.45,91
2024-05-02T07:00:00+00:00,232.0,232.9,231.0,232.0,1952
2024-05-02T07:05:00+00:00,231.25,234.0,231.0,232.15,1234
2024-05-02T07:10:00+00:00,232.3,232.7,231.75,232.2,197
2024-05-02T07:15:00+00:00,232.35,232.4,231.9,232.4,501
2024-05-02T07:20:00+00:00,232.35,232.55,232.3,232.35,66
2024-05-02T07:25:00+00:00,232.35,232.7,232.2,232.35,56
2024-05-02T07:30:00+00:00,232.35,232.55,232.15,232.3,54
2024-05-02T07:35:00+00:00,232.35,232.35,232.0,232.05,424
2024-05-02T07:40:00+00:00,232.2,232.25,232.1,232.2,104
2024-05-02T07:45:00+00:00,232.2,232.2,232.05,232.05,46
2024-05-02T07:50:00+00:00,232.05,232.2,232.0,232.05,104
2024-05-02T07:55:00+00:00,232.05,232.15,232.0,232.0,186
2024-05-02T08:00:00+00:00,232.0,232.4,232.0,232.35,192
2024-05-02T08:05:00+00:00,232.25,232.35,232.0,232.25,52
2024-05-02T08:10:00+00:00,232.15,232.85,232.0,232.75,203
2024-05-02T08:15:00+00:00,232.65,232.65,232.0,232.0,80
2024-05-02T08:20:00+00:00,232.1,232.15,232.05,232.05,24
2024-05-02T08:25:00+00:00,232.15,232.2,232.1,232.15,44
2024-05-02T08:30:00+00:00,232.15,232.2,232.0,232.1,339
2024-05-02T08:35:00+00:00,232.0,232.1,232.0,232.1,33
2024-05-02T08:40:00+00:00,232.05,232.6,232.0,232.55,323
2024-05-02T08:45:00+00:00,232.55,232.55,232.05,232.05,29
2024-05-02T08:50:00+00:00,232.15,232.2,232.05,232.05,33
2024-05-02T08:55:00+00:00,232.1,232.45,232.05,232.2,105
2024-05-02T09:00:00+00:00,232.4,232.45,232.4,232.45,11
2024-05-02T09:05:00+00:00,232.2,232.35,232.0,232.35,169
2024-05-02T09:10:00+00:00,232.2,232.35,232.15,232.15,24
2024-05-02T09:15:00+00:00,232.15,232.35,232.1,232.25,24
2024-05-02T09:20:00+00:00,232.25,232.3,232.25,232.3,18
2024-05-02T09:25:00+00:00,232.25,232.25,232.25,232.25,1
2024-05-02T09:30:00+00:00,232.25,232.35,232.25,232.3,18
2024-05-02T09:35:00+00:00,232.3,232.55,232.25,232.25,137
2024-05-02T09:40:00+00:00,232.35,232.35,232.15,232.35,45
2024-05-02T09:45:00+00:00,232.2,232.2,232.15,232.15,4
2024-05-02T09:50:00+00:00,232.15,232.35,232.15,232.35,51
2024-05-02T09:55:00+00:00,232.2,232.2,232.15,232.15,34
2024-05-02T10:00:00+00:00,232.3,232.3,232.15,232.15,6
2024-05-02T10:05:00+00:00,232.15,232.25,232.15,232.25,85
2024-05-02T10:10:00+00:00,232.2,232.2,232.2,232.2,1
2024-05-02T10:15:00+00:00,232.2,232.55,232.15,232.55,184
2024-05-02T10:20:00+00:00,232.2,232.2,232.15,232.15,52
2024-05-02T10:25:00+00:00,232.15,232.15,232.1,232.1,53
2024-05-02T10:30:00+00:00,232.1,232.3,232.0,232.3,1313
2024-05-02T10:35:00+00:00,232.0,232.0,232.0,232.0,61
2024-05-02T10:40:00+00:00,232.0,232.05,232.0,232.05,178
2024-05-02T10:45:00+00:00,232.0,232.05,232.0,232.05,220
2024-05-02T10:50:00+00:00,232.05,232.25,232.05,232.1,32
2024-05-02T10:55:00+00:00,232.1,232.2,232.05,232.05,7
2024-05-02T11:00:00+00:00,232.05,232.1,232.05,232.05,20
2024-05-02T11:05:00+00:00,232.1,232.4,232.1,232.4,74
2024-05-02T11:10:00+00:00,232.25,232.4,232.1,232.2,45
2024-05-02T11:15:00+00:00,232.1,232.6,232.1,232.5,268
2024-05-02T11:20:00+00:00,232.55,232.6,232.2,232.2,74
2024-05-02T11:25:00+00:00,232.25,232.25,232.25,232.25,1
2024-05-02T11:30:00+00:00,232.25,232.25,232.1,232.1,36
2024-05-02T11:35:00+00:00,232.35,232.45,232.2,232.2,7
2024-05-02T11:40:00+00:00,232.25,232.25,232.05,232.05,29
2024-05-02T11:45:00+00:00,232.35,232.4,232.35,232.35,8
2024-05-02T11:50:00+00:00,232.2,232.35,232.1,232.35,14
2024-05-02T11:55:00+00:00,232.15,232.25,232.0,232.05,453
2024-05-02T12:00:00+00:00,232.1,232.1,232.05,232.05,11
2024-05-02T12:05:00+00:00,232.05,232.2,232.0,232.15,135
2024-05-02T12:10:00+00:00,232.15,232.15,232.05,232.05,13
2024-05-02T12:15:00+00:00,232.05,232.1,232.0,232.0,277
2024-05-02T12:20:00+00:00,232.1,232.1,232.0,232.0,16
2024-05-02T12:25:00+00:00,232.1,232.1,232.0,232.05,190
2024-05-02T12:30:00+00:00,232.15,232.15,232.05,232.05,13
2024-05-02T12:35:00+00:00,232.05,232.05,232.05,232.05,28
2024-05-02T12:40:00+00:00,232.0,232.05,232.0,232.0,217
2024-05-02T12:45:00+00:00,232.0,232.1,232.0,232.1,16
2024-05-02T12:50:00+00:00,232.1,232.1,232.0,232.1,34
2024-05-02T12:55:00+00:00,232.0,232.1,232.0,232.1,30
2024-05-02T13:00:00+00:00,232.1,232.1,232.0,232.0,44
2024-05-02T13:05:00+00:00,232.0,232.05,232.0,232.0,169
2024-05-02T13:10:00+00:00,232.0,232.2,232.0,232.0,538
2024-05-02T13:15:00+00:00,232.0,232.05,232.0,232.05,84
2024-05-02T13:20:00+00:00,232.0,232.1,232.0,232.0,332
2024-05-02T13:25:00+00:00,232.0,232.05,232.0,232.05,129
2024-05-02T13:30:00+00:00,232.0,232.05,232.0,232.05,67
2024-05-02T13:35:00+00:00,232.0,232.15,232.0,232.1,29
2024-05-02T13:40:00+00:00,232.1,232.1,231.75,231.75,154
2024-05-02T13:45:00+00:00,231.95,232.2,231.95,232.2,363
2024-05-02T13:50:00+00:00,232.2,232.5,232.05,232.05,196
2024-05-02T13:55:00+00:00,232.1,232.35,232.05,232.25,45
2024-05-02T14:00:00+00:00,232.1,232.1,232.1,232.1,1
2024-05-02T14:05:00+00:00,232.15,232.4,232.05,232.15,75
2024-05-02T14:10:00+00:00,232.15,232.15,232.0,232.0,9
2024-05-02T14:15:00+00:00,232.0,232.25,232.0,232.2,6
2024-05-02T14:20:00+00:00,232.05,232.3,232.0,232.0,59
2024-05-02T14:25:00+00:00,232.05,232.25,232.05,232.05,58
2024-05-02T14:30:00+00:00,232.05,232.05,232.05,232.05,30
2024-05-02T14:35:00+00:00,232.15,232.25,232.15,232.15,8
2024-05-02T14:40:00+00:00,232.15,232.15,232.15,232.15,21
2024-05-02T14:45:00+00:00,232.15,232.25,232.15,232.25,12
2024-05-02T14:50:00+00:00,232.25,232.25,232.15,232.25,18
2024-05-02T15:00:00+00:00,232.15,232.2,232.0,232.0,128
2024-05-02T15:05:00+00:00,232.05,232.05,232.05,232.05,1
2024-05-02T15:10:00+00:00,232.05,232.2,232.0,232.0,80
2024-05-02T15:15:00+00:00,232.0,232.0,232.0,232.0,15
2024-05-02T15:20:00+00:00,232.0,232.05,232.0,232.0,95
2024-05-02T15:25:00+00:00,232.0,232.05,232.0,232.0,313
2024-05-02T15:30:00+00:00,232.05,232.05,232.0,232.0,40
2024-05-02T15:35:00+00:00,232.0,232.0,232.0,232.0,46
2024-05-02T15:45:00+00:00,232.0,232.0,232.0,232.0,148
2024-05-03T06:55:00+00:00,231.5,231.5,231.5,231.5,22
2024-05-03T07:00:00+00:00,231.55,232.95,231.55,232.85,293
2024-05-03T07:05:00+00:00,232.45,232.6,232.2,232.2,128
2024-05-03T07:10:00+00:00,232.45,232.85,232.2,232.45,119
2024-05-03T07:15:00+00:00,232.4,232.6,232.35,232.55,37
2024-05-03T07:20:00+00:00,232.25,232.45,232.15,232.15,75
2024-05-03T07:25:00+00:00,232.2,232.2,232.1,232.1,58
2024-05-03T07:30:00+00:00,232.1,232.4,232.0,232.1,596
2024-05-03T07:35:00+00:00,232.25,232.25,232.05,232.05,36
2024-05-03T07:40:00+00:00,232.05,232.15,232.05,232.15,8
2024-05-03T07:45:00+00:00,232.05,232.15,232.0,232.15,196
2024-05-03T07:50:00+00:00,232.0,232.4,232.0,232.1,265
2024-05-03T07:55:00+00:00,232.05,232.85,232.0,232.6,1513
2024-05-03T08:00:00+00:00,232.65,232.85,232.2,232.2,538
2024-05-03T08:05:00+00:00,232.35,232.55,232.15,232.3,138
2024-05-03T08:10:00+00:00,232.25,232.4,232.1,232.4,75
2024-05-03T08:15:00+00:00,232.15,232.55,232.05,232.05,516
2024-05-03T08:20:00+00:00,232.15,232.45,232.1,232.45,48
2024-05-03T08:25:00+00:00,232.3,232.45,232.1,232.45,70
2024-05-03T08:30:00+00:00,232.4,232.75,232.4,232.65,234
2024-05-03T08:35:00+00:00,232.5,232.55,232.5,232.55,285
2024-05-03T08:40:00+00:00,232.5,232.6,232.1,232.6,220
2024-05-03T08:45:00+00:00,232.4,232.7,232.15,232.25,67
2024-05-03T08:50:00+00:00,232.45,232.65,232.25,232.35,34
2024-05-03T08:55:00+00:00,232.5,232.5,232.05,232.25,108
2024-05-03T09:00:00+00:00,232.1,232.1,232.05,232.1,69
2024-05-03T09:05:00+00:00,232.05,232.2,232.05,232.1,100
2024-05-03T09:10:00+00:00,232.05,232.3,232.05,232.1,50
2024-05-03T09:15:00+00:00,232.1,232.5,232.1,232.5,186
2024-05-03T09:20:00+00:00,232.55,232.55,232.5,232.5,125
2024-05-03T09:25:00+00:00,232.5,232.55,232.5,232.55,243
2024-05-03T09:30:00+00:00,232.5,232.75,232.2,232.2,695
2024-05-03T09:35:00+00:00,232.25,232.3,232.05,232.05,332
2024-05-03T09:40:00+00:00,232.25,232.25,232.1,232.1,41
2024-05-03T09:45:00+00:00,232.1,232.55,232.1,232.2,141
2024-05-03T09:50:00+00:00,232.35,232.35,232.2,232.2,9
2024-05-03T09:55:00+00:00,232.2,232.35,232.1,232.1,55
2024-05-03T10:00:00+00:00,232.1,232.25,232.1,232.1,16
2024-05-03T10:05:00+00:00,232.25,232.55,232.25,232.55,76
2024-05-03T10:10:00+00:00,232.55,232.55,232.5,232.5,684
2024-05-03T10:15:00+00:00,232.55,232.7,232.55,232.55,91
2024-05-03T10:20:00+00:00,232.55,232.55,232.55,232.55,12
2024-05-03T10:25:00+00:00,232.55,232.65,232.5,232.55,65
2024-05-03T10:30:00+00:00,232.55,232.55,232.2,232.2,272
2024-05-03T10:35:00+00:00,232.3,232.4,232.2,232.2,43
2024-05-03T10:40:00+00:00,232.25,232.5,232.25,232.5,30
2024-05-03T10:45:00+00:00,232.5,232.5,232.5,232.5,18
2024-05-03T10:50:00+00:00,232.5,232.5,232.5,232.5,4
2024-05-03T10:55:00+00:00,232.55,232.8,232.55,232.8,152
2024-05-03T11:00:00+00:00,232.6,232.7,232.6,232.7,18
2024-05-03T11:05:00+00:00,232.6,232.6,232.6,232.6,5
2024-05-03T11:10:00+00:00,232.7,232.75,232.6,232.6,47
2024-05-03T11:15:00+00:00,232.6,232.75,232.6,232.6,56
2024-05-03T11:20:00+00:00,232.65,232.75,232.6,232.6,19
2024-05-03T11:25:00+00:00,232.6,232.6,232.6,232.6,4
2024-05-03T11:30:00+00:00,232.6,232.65,232.6,232.65,7
2024-05-03T11:35:00+00:00,232.65,232.75,232.65,232.65,10
2024-05-03T11:40:00+00:00,232.65,232.75,232.65,232.7,3
2024-05-03T11:45:00+00:00,232.6,232.7,232.55,232.6,32
2024-05-03T11:50:00+00:00,232.6,232.75,232.55,232.55,13
2024-05-03T11:55:00+00:00,232.7,232.75,232.6,232.6,26
2024-05-03T12:00:00+00:00,232.6,232.7,232.55,232.55,25
2024-05-03T12:05:00+00:00,232.55,232.7,232.55,232.55,65
2024-05-03T12:10:00+00:00,232.55,232.55,232.5,232.5,16
2024-05-03T12:15:00+00:00,232.5,232.55,232.5,232.5,75
2024-05-03T12:20:00+00:00,232.5,232.5,232.5,232.5,2
2024-05-03T12:25:00+00:00,232.55,232.55,232.5,232.5,97
2024-05-03T12:30:00+00:00,232.5,232.5,232.5,232.5,97
2024-05-03T12:35:00+00:00,232.5,232.55,232.5,232.55,5
2024-05-03T12:40:00+00:00,232.5,232.55,232.5,232.5,28
2024-05-03T12:45:00+00:00,232.5,232.75,232.5,232.75,37
2024-05-03T12:50:00+00:00,232.6,232.65,232.55,232.65,30
2024-05-03T12:55:00+00:00,232.65,232.7,232.55,232.65,25
2024-05-03T13:00:00+00:00,232.7,232.7,232.5,232.5,37
2024-05-03T13:05:00+00:00,232.6,232.7,232.5,232.7,23
2024-05-03T13:10:00+00:00,232.7,233.5,232.7,233.5,1366
2024-05-03T13:15:00+00:00,233.45,233.5,233.4,233.4,30
2024-05-03T13:20:00+00:00,233.4,233.45,233.2,233.4,39
2024-05-03T13:25:00+00:00,233.35,233.35,233.1,233.1,35
2024-05-03T13:30:00+00:00,233.05,233.25,233.0,233.0,60
2024-05-03T13:35:00+00:00,233.0,233.2,233.0,233.0,24
2024-05-03T13:40:00+00:00,233.0,233.0,233.0,233.0,53
2024-05-03T13:45:00+00:00,233.2,233.2,233.0,233.0,6
2024-05-03T13:50:00+00:00,233.05,233.2,233.0,233.0,8
2024-05-03T13:55:00+00:00,233.2,233.25,233.05,233.05,40
2024-05-03T14:00:00+00:00,233.05,233.2,233.0,233.2,30
2024-05-03T14:05:00+00:00,233.2,233.2,233.05,233.05,19
2024-05-03T14:10:00+00:00,233.05,233.15,233.0,233.15,104
2024-05-03T14:15:00+00:00,233.1,233.1,233.0,233.05,275
2024-05-03T14:20:00+00:00,233.05,233.05,233.05,233.05,14
2024-05-03T14:25:00+00:00,233.1,233.1,233.0,233.0,200
2024-05-03T14:30:00+00:00,233.0,233.0,233.0,233.0,113
2024-05-03T14:35:00+00:00,233.0,233.5,233.0,233.5,700
2024-05-03T14:40:00+00:00,233.75,233.9,233.55,233.75,361
2024-05-03T14:45:00+00:00,233.6,233.7,233.5,233.7,148
2024-05-03T14:50:00+00:00,233.7,233.75,233.6,233.6,93
2024-05-03T14:55:00+00:00,233.6,233.65,233.5,233.65,156
2024-05-03T15:00:00+00:00,233.55,233.55,233.5,233.5,116
2024-05-03T15:05:00+00:00,233.55,233.9,233.5,233.55,223
2024-05-03T15:10:00+00:00,233.55,233.65,233.55,233.55,16
2024-05-03T15:15:00+00:00,233.55,233.8,233.5,233.5,36
2024-05-03T15:20:00+00:00,233.5,233.8,233.5,233.8,17
2024-05-03T15:25:00+00:00,233.5,234.1,233.5,234.0,889
2024-05-03T15:30:00+00:00,234.05,234.1,234.0,234.0,58
2024-05-03T15:35:00+00:00,234.0,234.0,233.6,234.0,222
2024-05-03T15:45:00+00:00,232.5,232.5,232.5,232.5,182
2024-05-06T06:55:00+00:00,232.5,232.5,232.5,232.5,7
2024-05-06T07:00:00+00:00,232.1,233.35,232.1,233.05,120
2024-05-06T07:05:00+00:00,233.05,235.0,233.0,234.95,979
2024-05-06T07:10:00+00:00,234.95,235.0,233.1,234.05,767
2024-05-06T07:15:00+00:00,233.45,233.9,233.0,233.0,276
2024-05-06T07:20:00+00:00,233.0,233.4,232.95,232.95,193
2024-05-06T07:25:00+00:00,232.95,232.95,232.1,232.2,152
2024-05-06T07:30:00+00:00,232.2,232.7,232.1,232.45,179
2024-05-06T07:35:00+00:00,232.35,232.4,232.1,232.25,40
2024-05-06T07:40:00+00:00,232.25,232.4,232.1,232.15,62
2024-05-06T07:45:00+00:00,232.25,232.8,232.25,232.8,37
2024-05-06T07:50:00+00:00,232.75,232.85,232.6,232.75,85
2024-05-06T07:55:00+00:00,232.7,233.65,232.55,233.4,117
2024-05-06T08:00:00+00:00,233.1,233.25,233.0,233.0,25
2024-05-06T08:05:00+00:00,233.05,233.35,232.65,233.2,64
2024-05-06T08:10:00+00:00,232.8,232.8,232.55,232.6,59
2024-05-06T08:15:00+00:00,232.65,232.9,232.6,232.65,28
2024-05-06T08:20:00+00:00,232.6,232.85,232.5,232.55,131
2024-05-06T08:25:00+00:00,232.6,233.5,232.6,232.95,134
2024-05-06T08:30:00+00:00,232.95,232.95,232.8,232.8,32
2024-05-06T08:35:00+00:00,232.8,232.8,232.55,232.6,114
2024-05-06T08:40:00+00:00,232.6,232.7,232.55,232.6,33
2024-05-06T08:45:00+00:00,232.7,232.7,232.6,232.6,3
2024-05-06T08:50:00+00:00,232.65,232.75,232.6,232.75,8
2024-05-06T08:55:00+00:00,232.6,232.75,232.6,232.6,14
2024-05-06T09:00:00+00:00,232.6,232.65,232.6,232.65,7
2024-05-06T09:05:00+00:00,232.65,232.65,232.55,232.55,77
2024-05-06T09:10:00+00:00,232.55,232.7,232.55,232.6,19
2024-05-06T09:15:00+00:00,232.6,232.6,232.55,232.55,27
2024-05-06T09:20:00+00:00,232.55,232.6,232.55,232.55,75
2024-05-06T09:25:00+00:00,232.6,232.8,232.55,232.8,49
2024-05-06T09:30:00+00:00,232.85,232.95,232.6,232.95,72
2024-05-06T09:35:00+00:00,232.8,233.1,232.8,233.1,86
2024-05-06T09:40:00+00:00,233.1,233.1,233.05,233.05,20
2024-05-06T09:45:00+00:00,233.05,233.05,233.0,233.0,55
2024-05-06T09:50:00+00:00,233.0,233.1,233.0,233.0,70
2024-05-06T09:55:00+00:00,233.05,233.05,233.05,233.05,10
2024-05-06T10:00:00+00:00,233.1,233.1,233.05,233.05,32
2024-05-06T10:05:00+00:00,233.1,233.1,233.05,233.1,153
2024-05-06T10:10:00+00:00,233.05,233.55,233.05,233.55,1855
2024-05-06T10:15:00+00:00,233.5,233.5,233.2,233.2,190
2024-05-06T10:20:00+00:00,233.2,233.2,233.15,233.15,21
2024-05-06T10:25:00+00:00,233.1,233.1,233.05,233.1,35
2024-05-06T10:30:00+00:00,233.05,233.1,233.05,233.1,23
2024-05-06T10:35:00+00:00,233.05,233.05,233.05,233.05,25
2024-05-06T10:40:00+00:00,233.05,233.05,233.0,233.0,92
2024-05-06T10:45:00+00:00,233.0,233.05,233.0,233.05,11
2024-05-06T10:50:00+00:00,233.0,233.0,233.0,233.0,19
2024-05-06T10:55:00+00:00,233.0,233.05,233.0,233.05,3
2024-05-06T11:00:00+00:00,233.05,233.1,233.0,233.0,94
2024-05-06T11:05:00+00:00,233.0,233.0,233.0,233.0,24
2024-05-06T11:10:00+00:00,233.0,233.0,233.0,233.0,13
2024-05-06T11:15:00+00:00,233.0,233.1,233.0,233.0,24
2024-05-06T11:20:00+00:00,233.0,233.05,233.0,233.05,5
2024-05-06T11:25:00+00:00,233.1,233.1,233.05,233.05,3
2024-05-06T11:30:00+00:00,233.05,233.05,233.0,233.05,63
2024-05-06T11:35:00+00:00,233.05,233.1,233.05,233.1,13
2024-05-06T11:40:00+00:00,233.1,233.1,233.0,233.0,21
2024-05-06T11:45:00+00:00,233.0,233.1,233.0,233.0,19
2024-05-06T11:50:00+00:00,233.0,233.0,233.0,233.0,93
2024-05-06T11:55:00+00:00,233.0,233.05,233.0,233.05,231
2024-05-06T12:00:00+00:00,233.1,233.1,233.1,233.1,103
2024-05-06T12:05:00+00:00,233.1,233.1,233.0,233.05,57
2024-05-06T12:10:00+00:00,233.1,233.1,233.05,233.05,15
2024-05-06T12:15:00+00:00,233.15,233.5,233.15,233.5,63
2024-05-06T12:20:00+00:00,233.5,233.55,233.5,233.5,102
2024-05-06T12:25:00+00:00,233.8,233.9,233.6,233.9,20
2024-05-06T12:30:00+00:00,233.65,233.8,233.0,233.0,1835
2024-05-06T12:35:00+00:00,233.0,233.4,233.0,233.3,8
2024-05-06T12:40:00+00:00,233.5,233.5,232.55,233.0,618
2024-05-06T12:45:00+00:00,233.05,233.4,233.0,233.0,7
2024-05-06T12:50:00+00:00,233.0,233.5,233.0,233.45,44
2024-05-06T12:55:00+00:00,233.4,233.4,233.05,233.05,4
2024-05-06T13:00:00+00:00,233.15,233.4,233.05,233.05,22
2024-05-06T13:05:00+00:00,233.05,233.05,233.05,233.05,2
2024-05-06T13:10:00+00:00,233.35,233.45,233.35,233.45,42
2024-05-06T13:15:00+00:00,233.45,233.45,233.15,233.15,3
2024-05-06T13:20:00+00:00,233.1,233.25,233.1,233.25,21
2024-05-06T13:25:00+00:00,233.1,233.25,233.1,233.25,16
2024-05-06T13:30:00+00:00,233.1,233.1,233.1,233.1,2
2024-05-06T13:35:00+00:00,233.1,233.25,233.1,233.1,7
2024-05-06T13:40:00+00:00,233.1,233.2,233.05,233.05,23
2024-05-06T13:45:00+00:00,233.05,233.15,233.0,233.05,46
2024-05-06T13:50:00+00:00,233.05,233.05,233.0,233.0,48
2024-05-06T13:55:00+00:00,233.05,233.05,232.6,233.0,1284
2024-05-06T14:00:00+00:00,233.05,233.1,233.0,233.1,12
2024-05-06T14:05:00+00:00,233.1,233.1,233.1,233.1,3
2024-05-06T14:10:00+00:00,233.0,233.05,233.0,233.0,82
2024-05-06T14:15:00+00:00,233.0,233.0,233.0,233.0,33
2024-05-06T14:20:00+00:00,233.0,233.05,233.0,233.05,172
2024-05-06T14:25:00+00:00,233.05,233.05,233.0,233.0,15
2024-05-06T14:30:00+00:00,233.0,233.05,233.0,233.0,26
2024-05-06T14:35:00+00:00,233.0,233.0,233.0,233.0,84
2024-05-06T14:40:00+00:00,233.05,233.1,233.0,233.0,883
2024-05-06T14:45:00+00:00,233.0,233.0,232.2,232.75,103
2024-05-06T14:50:00+00:00,232.75,232.75,232.1,232.6,146
2024-05-06T14:55:00+00:00,232.65,232.65,232.25,232.25,4
2024-05-06T15:00:00+00:00,232.3,232.3,232.0,232.05,233
2024-05-06T15:05:00+00:00,232.2,232.4,232.2,232.35,15
2024-05-06T15:10:00+00:00,232.35,232.4,232.35,232.4,4
2024-05-06T15:15:00+00:00,232.4,232.4,232.35,232.35,12
2024-05-06T15:20:00+00:00,232.4,232.4,232.15,232.35,100
2024-05-06T15:25:00+00:00,232.2,232.3,232.2,232.3,7
2024-05-06T15:30:00+00:00,232.15,232.2,232.1,232.2,143
2024-05-06T15:35:00+00:00,232.2,232.25,232.15,232.15,45
2024-05-06T15:45:00+00:00,232.15,232.15,232.15,232.15,98
2024-05-07T06:55:00+00:00,232.15,232.15,232.15,232.15,10
2024-05-07T07:00:00+00:00,232.15,232.45,232.05,232.05,93
2024-05-07T07:05:00+00:00,232.05,232.1,232.0,232.05,357
2024-05-07T07:10:00+00:00,232.05,232.65,232.0,232.3,151
2024-05-07T07:15:00+00:00,232.7,232.7,232.05,232.45,75
2024-05-07T07:20:00+00:00,232.1,232.6,232.1,232.6,87
2024-05-07T07:25:00+00:00,232.55,232.65,232.5,232.5,109
2024-05-07T07:30:00+00:00,232.5,232.55,232.5,232.55,49
2024-05-07T07:35:00+00:00,232.5,232.55,232.5,232.5,236
2024-05-07T07:40:00+00:00,232.5,232.6,232.5,232.6,69
2024-05-07T07:45:00+00:00,232.5,232.55,232.5,232.5,134
2024-05-07T07:50:00+00:00,232.5,232.5,232.5,232.5,95
2024-05-07T07:55:00+00:00,232.5,233.25,232.5,233.05,504
2024-05-07T08:00:00+00:00,232.85,233.1,232.5,232.55,217
2024-05-07T08:05:00+00:00,232.55,233.1,232.1,233.1,332
2024-05-07T08:10:00+00:00,233.05,233.15,232.65,233.15,41
2024-05-07T08:15:00+00:00,233.0,233.15,232.8,232.8,43
2024-05-07T08:20:00+00:00,233.0,233.1,232.5,232.75,199
2024-05-07T08:25:00+00:00,232.55,232.75,232.55,232.55,31
2024-05-07T08:30:00+00:00,232.55,233.05,232.5,233.05,42
2024-05-07T08:35:00+00:00,232.7,233.0,232.7,233.0,130
2024-05-07T08:40:00+00:00,233.0,233.05,233.0,233.0,246
2024-05-07T08:45:00+00:00,233.05,233.2,233.0,233.2,101
2024-05-07T08:50:00+00:00,233.05,233.2,232.55,232.55,132
2024-05-07T08:55:00+00:00,233.0,233.0,232.65,232.65,14
2024-05-07T09:00:00+00:00,232.7,232.85,232.7,232.85,2
2024-05-07T09:05:00+00:00,232.7,232.85,232.6,232.7,59
2024-05-07T09:10:00+00:00,232.7,232.75,232.0,232.0,1466
2024-05-07T09:15:00+00:00,232.05,232.3,231.85,232.0,89
2024-05-07T09:20:00+00:00,232.05,232.3,232.0,232.3,61
2024-05-07T09:25:00+00:00,232.3,232.55,232.25,232.55,45
2024-05-07T09:30:00+00:00,232.5,232.5,232.5,232.5,1
2024-05-07T09:35:00+00:00,232.3,232.4,232.25,232.4,20
2024-05-07T09:40:00+00:00,232.25,232.45,232.25,232.45,4
2024-05-07T09:45:00+00:00,232.3,232.3,232.3,232.3,10
2024-05-07T09:50:00+00:00,232.4,232.4,232.25,232.4,9
2024-05-07T09:55:00+00:00,232.3,232.3,232.25,232.25,21
2024-05-07T10:00:00+00:00,232.3,232.3,232.25,232.25,83
2024-05-07T10:05:00+00:00,232.3,233.2,232.3,233.0,1211
2024-05-07T10:10:00+00:00,233.0,233.2,233.0,233.05,14
2024-05-07T10:15:00+00:00,233.05,233.3,233.0,233.3,282
2024-05-07T10:20:00+00:00,233.3,233.3,233.1,233.25,10
2024-05-07T10:25:00+00:00,233.1,233.25,233.05,233.05,18
2024-05-07T10:30:00+00:00,233.05,233.05,233.05,233.05,42
2024-05-07T10:35:00+00:00,233.0,233.05,233.0,233.0,60
2024-05-07T10:40:00+00:00,233.0,234.05,233.0,234.05,875
2024-05-07T10:45:00+00:00,234.2,234.2,234.0,234.0,156
2024-05-07T10:50:00+00:00,234.0,234.15,234.0,234.15,183
2024-05-07T10:55:00+00:00,234.0,234.7,233.55,234.2,441
2024-05-07T11:00:00+00:00,233.9,234.0,233.8,233.8,31
2024-05-07T11:05:00+00:00,233.8,233.8,233.7,233.7,5
2024-05-07T11:10:00+00:00,233.7,233.9,233.55,233.9,6
2024-05-07T11:15:00+00:00,233.95,234.0,233.5,233.5,276
2024-05-07T11:20:00+00:00,233.6,234.0,233.5,233.55,107
2024-05-07T11:25:00+00:00,233.55,233.55,233.15,233.15,109
2024-05-07T11:30:00+00:00,233.2,233.2,233.05,233.15,47
2024-05-07T11:35:00+00:00,233.2,233.2,233.2,233.2,1
2024-05-07T11:40:00+00:00,233.05,233.05,233.05,233.05,39
2024-05-07T11:45:00+00:00,233.0,233.1,233.0,233.1,25
2024-05-07T11:50:00+00:00,233.15,234.35,233.1,234.0,262
2024-05-07T11:55:00+00:00,233.55,233.9,233.4,233.7,72
2024-05-07T12:00:00+00:00,233.7,233.95,233.7,233.7,72
2024-05-07T12:05:00+00:00,233.9,234.1,233.7,234.1,144
2024-05-07T12:10:00+00:00,234.0,234.1,234.0,234.0,50
2024-05-07T12:15:00+00:00,234.0,234.1,234.0,234.0,222
2024-05-07T12:20:00+00:00,234.0,234.1,234.0,234.0,147
2024-05-07T12:25:00+00:00,234.0,234.05,234.0,234.0,72
2024-05-07T12:30:00+00:00,234.05,234.05,234.0,234.0,30
2024-05-07T12:35:00+00:00,234.0,234.0,234.0,234.0,6
2024-05-07T12:40:00+00:00,234.0,234.0,234.0,234.0,165
2024-05-07T12:45:00+00:00,234.0,234.05,234.0,234.0,7
2024-05-07T12:50:00+00:00,234.0,234.35,234.0,234.35,533
2024-05-07T12:55:00+00:00,234.1,234.3,234.05,234.2,16
2024-05-07T13:00:00+00:00,234.2,234.3,234.2,234.3,39
2024-05-07T13:05:00+00:00,234.2,234.2,234.2,234.2,1
2024-05-07T13:10:00+00:00,234.2,234.2,234.2,234.2,49
2024-05-07T13:15:00+00:00,234.2,234.2,234.2,234.2,12
2024-05-07T13:20:00+00:00,234.2,234.2,233.1,233.45,349
2024-05-07T13:25:00+00:00,233.5,233.8,233.45,233.8,25
2024-05-07T13:30:00+00:00,233.5,233.5,233.45,233.45,3
2024-05-07T13:35:00+00:00,233.8,233.9,233.4,233.4,18
2024-05-07T13:40:00+00:00,233.45,233.45,233.15,233.15,3
2024-05-07T13:45:00+00:00,233.35,233.35,233.05,233.1,50
2024-05-07T13:50:00+00:00,233.15,233.35,233.0,233.0,48
2024-05-07T13:55:00+00:00,233.05,233.9,233.05,233.9,61
2024-05-07T14:00:00+00:00,233.55,233.8,233.5,233.8,8
2024-05-07T14:05:00+00:00,233.55,233.95,233.5,233.95,22
2024-05-07T14:10:00+00:00,233.6,233.6,233.55,233.55,4
2024-05-07T14:15:00+00:00,233.5,233.5,233.5,233.5,31
2024-05-07T14:20:00+00:00,233.5,233.5,233.5,233.5,42
2024-05-07T14:25:00+00:00,233.5,233.5,233.5,233.5,32
2024-05-07T14:30:00+00:00,233.5,234.0,233.5,234.0,181
2024-05-07T14:35:00+00:00,234.0,234.1,234.0,234.0,287
2024-05-07T14:40:00+00:00,234.05,234.2,234.0,234.0,177
2024-05-07T14:45:00+00:00,233.95,233.95,233.55,233.55,8
2024-05-07T14:50:00+00:00,233.85,234.9,233.55,234.9,2139
2024-05-07T14:55:00+00:00,234.9,235.0,233.95,234.9,681
2024-05-07T15:00:00+00:00,234.95,235.0,234.15,235.0,562
2024-05-07T15:05:00+00:00,234.4,234.4,234.05,234.05,56
2024-05-07T15:10:00+00:00,234.55,234.6,234.15,234.15,4
2024-05-07T15:15:00+00:00,234.1,234.1,234.05,234.05,14
2024-05-07T15:20:00+00:00,234.05,234.1,234.05,234.1,3
2024-05-07T15:25:00+00:00,234.1,234.1,234.1,234.1,5
2024-05-07T15:30:00+00:00,234.05,234.1,234.05,234.05,28
2024-05-07T15:35:00+00:00,234.05,234.05,234.0,234.0,79
2024-05-08T06:55:00+00:00,233.0,233.0,233.0,233.0,32
2024-05-08T07:00:00+00:00,232.95,233.8,232.8,233.05,82
2024-05-08T07:05:00+00:00,233.05,233.4,233.05,233.4,51
2024-05-08T07:10:00+00:00,233.3,233.8,232.95,233.3,70
2024-05-08T07:15:00+00:00,233.0,233.4,232.55,232.7,66
2024-05-08T07:20:00+00:00,232.75,232.95,231.9,231.95,2391
2024-05-08T07:25:00+00:00,231.95,232.0,231.9,232.0,690
2024-05-08T07:30:00+00:00,232.0,232.0,231.95,231.95,614
2024-05-08T07:35:00+00:00,232.0,232.0,231.95,232.0,597
2024-05-08T07:40:00+00:00,232.0,232.0,231.9,231.95,169
2024-05-08T07:45:00+00:00,231.9,232.0,231.85,232.0,861
2024-05-08T07:50:00+00:00,232.0,232.25,231.9,232.0,440
2024-05-08T07:55:00+00:00,232.15,233.2,232.15,232.8,270
2024-05-08T08:00:00+00:00,232.65,232.65,232.2,232.2,82
2024-05-08T08:10:00+00:00,232.25,232.25,232.15,232.15,33
2024-05-08T08:15:00+00:00,232.15,232.2,232.0,232.2,84
2024-05-08T08:20:00+00:00,232.1,232.3,232.0,232.0,158
2024-05-08T08:25:00+00:00,232.15,232.25,232.0,232.25,170
2024-05-08T08:30:00+00:00,232.05,232.3,232.0,232.1,66
2024-05-08T08:35:00+00:00,232.1,232.3,232.1,232.3,80
2024-05-08T08:40:00+00:00,232.3,232.3,232.15,232.3,18
2024-05-08T08:45:00+00:00,232.3,232.85,232.3,232.8,147
2024-05-08T08:50:00+00:00,232.4,232.75,232.0,232.45,236
2024-05-08T08:55:00+00:00,232.3,232.3,232.05,232.3,55
2024-05-08T09:00:00+00:00,232.25,232.3,232.1,232.3,22
2024-05-08T09:05:00+00:00,232.25,232.3,232.1,232.1,7
2024-05-08T09:10:00+00:00,232.1,232.3,232.05,232.25,109
2024-05-08T09:15:00+00:00,232.2,232.85,232.1,232.15,577
2024-05-08T09:20:00+00:00,232.1,232.25,232.0,232.25,205
2024-05-08T09:25:00+00:00,232.2,232.25,232.0,232.05,267
2024-05-08T09:30:00+00:00,232.15,232.15,232.15,232.15,5
2024-05-08T09:35:00+00:00,232.15,232.2,232.15,232.2,29
2024-05-08T09:40:00+00:00,232.15,232.2,232.05,232.2,76
2024-05-08T09:45:00+00:00,232.2,232.2,232.15,232.2,8
2024-05-08T09:50:00+00:00,232.2,233.2,232.2,233.0,2376
2024-05-08T09:55:00+00:00,232.7,232.7,232.7,232.7,1
2024-05-08T10:00:00+00:00,232.65,233.0,232.6,232.9,34
2024-05-08T10:05:00+00:00,232.85,232.9,232.7,232.9,43
2024-05-08T10:10:00+00:00,232.7,233.1,232.5,233.1,168
2024-05-08T10:15:00+00:00,233.05,233.05,233.0,233.0,112
2024-05-08T10:20:00+00:00,233.0,233.05,233.0,233.0,51
2024-05-08T10:25:00+00:00,233.0,233.15,233.0,233.05,53
2024-05-08T10:30:00+00:00,233.05,233.2,233.05,233.1,534
2024-05-08T10:35:00+00:00,233.1,233.4,233.1,233.4,68
2024-05-08T10:40:00+00:00,233.1,233.3,233.05,233.05,102
2024-05-08T10:45:00+00:00,232.85,232.95,232.55,232.95,14
2024-05-08T10:50:00+00:00,232.9,232.9,232.9,232.9,12
2024-05-08T10:55:00+00:00,232.9,232.9,232.65,232.65,3
2024-05-08T11:00:00+00:00,232.8,233.0,232.65,232.65,231
2024-05-08T11:05:00+00:00,232.55,233.1,232.55,233.0,7
2024-05-08T11:10:00+00:00,232.8,233.0,232.6,232.65,42
2024-05-08T11:15:00+00:00,232.65,232.9,232.6,232.9,18
2024-05-08T11:20:00+00:00,232.6,232.9,232.4,232.9,42
2024-05-08T11:25:00+00:00,232.85,232.85,232.15,232.3,124
2024-05-08T11:30:00+00:00,232.6,232.6,232.3,232.3,8
2024-05-08T11:35:00+00:00,232.55,232.65,232.55,232.65,9
2024-05-08T11:40:00+00:00,232.7,232.8,232.45,232.8,7
2024-05-08T11:45:00+00:00,232.75,232.9,232.35,232.55,77
2024-05-08T11:50:00+00:00,232.8,232.85,232.55,232.55,10
2024-05-08T11:55:00+00:00,232.8,232.8,232.5,232.55,57
2024-05-08T12:00:00+00:00,232.5,232.9,232.5,232.75,43
2024-05-08T12:05:00+00:00,232.75,232.75,232.55,232.55,17
2024-05-08T12:10:00+00:00,232.8,233.05,232.55,233.05,80
2024-05-08T12:15:00+00:00,233.05,233.05,233.0,233.0,283
2024-05-08T12:20:00+00:00,233.0,233.0,233.0,233.0,1
2024-05-08T12:25:00+00:00,233.05,233.05,233.0,233.05,34
2024-05-08T12:30:00+00:00,233.0,233.0,232.15,232.15,250
2024-05-08T12:35:00+00:00,232.5,232.65,232.3,232.6,18
2024-05-08T12:40:00+00:00,232.4,232.55,232.3,232.3,5
2024-05-08T12:45:00+00:00,232.45,232.55,232.35,232.45,57
2024-05-08T12:50:00+00:00,232.3,232.4,232.25,232.25,35
2024-05-08T12:55:00+00:00,232.25,232.35,232.0,232.0,2569
2024-05-08T13:00:00+00:00,232.0,232.0,231.95,232.0,812
2024-05-08T13:05:00+00:00,231.95,232.0,231.95,232.0,226
2024-05-08T13:10:00+00:00,232.0,232.0,231.9,231.9,372
2024-05-08T13:15:00+00:00,231.95,231.95,231.75,231.8,533
2024-05-08T13:20:00+00:00,231.8,231.95,231.8,231.95,99
2024-05-08T13:25:00+00:00,231.95,231.95,231.9,231.95,259
2024-05-08T13:30:00+00:00,231.9,231.95,231.9,231.9,21
2024-05-08T13:35:00+00:00,231.9,231.95,231.9,231.95,14
2024-05-08T13:40:00+00:00,231.9,231.95,231.9,231.9,155
2024-05-08T13:45:00+00:00,231.9,231.95,231.9,231.9,112
2024-05-08T13:50:00+00:00,231.9,231.95,231.9,231.9,43
2024-05-08T13:55:00+00:00,231.9,231.95,231.85,231.85,179
2024-05-08T14:00:00+00:00,231.9,231.95,231.9,231.95,23
2024-05-08T14:05:00+00:00,231.95,232.0,231.9,232.0,47
2024-05-08T14:10:00+00:00,232.0,232.0,232.0,232.0,65
2024-05-08T14:15:00+00:00,232.0,232.0,231.9,231.95,99
2024-05-08T14:20:00+00:00,231.95,231.95,231.9,231.9,51
2024-05-08T14:25:00+00:00,231.9,231.95,231.9,231.95,29
2024-05-08T14:30:00+00:00,231.9,231.9,231.9,231.9,65
2024-05-08T14:35:00+00:00,231.9,231.9,231.85,231.9,5
2024-05-08T14:40:00+00:00,231.9,231.9,231.9,231.9,3
2024-05-08T14:45:00+00:00,231.9,231.9,231.85,231.85,9
2024-05-08T14:50:00+00:00,231.85,231.85,231.85,231.85,5
2024-05-08T14:55:00+00:00,231.9,231.9,231.8,231.8,57
2024-05-08T15:00:00+00:00,231.9,231.9,231.75,231.75,42
2024-05-08T15:05:00+00:00,231.75,231.9,231.75,231.9,170
2024-05-08T15:10:00+00:00,231.9,231.95,231.8,231.95,47
2024-05-08T15:15:00+00:00,231.85,231.85,231.7,231.7,137
2024-05-08T15:20:00+00:00,231.7,232.0,231.7,231.8,213
2024-05-08T15:25:00+00:00,231.9,231.9,231.8,231.9,57
2024-05-08T15:30:00+00:00,231.9,231.9,231.9,231.9,23
2024-05-08T15:35:00+00:00,231.8,231.85,231.75,231.8,59
2024-05-08T15:45:00+00:00,231.75,231.75,231.75,231.75,161
2024-05-10T06:55:00+00:00,231.8,231.8,231.8,231.8,12
2024-05-10T07:00:00+00:00,231.9,232.35,231.8,232.0,122
2024-05-10T07:05:00+00:00,232.0,232.1,231.6,231.6,378
2024-05-10T07:10:00+00:00,231.75,231.8,231.7,231.8,104
2024-05-10T07:15:00+00:00,231.75,231.75,231.55,231.6,301
2024-05-10T07:20:00+00:00,231.55,231.8,231.5,231.5,147
2024-05-10T07:25:00+00:00,231.5,231.6,231.4,231.4,166
2024-05-10T07:30:00+00:00,231.4,231.4,231.0,231.05,1079
2024-05-10T07:35:00+00:00,231.15,231.65,231.15,231.65,67
2024-05-10T07:40:00+00:00,231.65,231.7,231.5,231.65,36
2024-05-10T07:45:00+00:00,231.5,231.5,231.4,231.4,12
2024-05-10T07:50:00+00:00,231.5,231.5,231.3,231.3,86
2024-05-10T07:55:00+00:00,231.25,231.3,231.25,231.3,107
2024-05-10T08:00:00+00:00,231.35,231.6,231.3,231.5,59
2024-05-10T08:05:00+00:00,231.45,231.45,231.3,231.35,52
2024-05-10T08:10:00+00:00,231.3,231.45,231.3,231.35,15
2024-05-10T08:15:00+00:00,231.45,231.45,231.35,231.35,2
2024-05-10T08:20:00+00:00,231.35,231.35,231.35,231.35,5
2024-05-10T08:25:00+00:00,231.35,231.45,231.25,231.35,53
2024-05-10T08:30:00+00:00,231.35,231.35,231.3,231.35,15
2024-05-10T08:35:00+00:00,231.35,231.35,231.3,231.35,98
2024-05-10T08:40:00+00:00,231.35,231.4,231.35,231.35,5
2024-05-10T08:45:00+00:00,231.35,231.55,231.35,231.55,106
2024-05-10T08:50:00+00:00,231.35,231.4,231.2,231.2,126
2024-05-10T08:55:00+00:00,231.35,231.35,231.3,231.3,3
2024-05-10T09:00:00+00:00,231.2,231.3,231.2,231.2,21
2024-05-10T09:05:00+00:00,231.2,231.5,231.2,231.45,105
2024-05-10T09:10:00+00:00,231.45,231.45,231.25,231.25,31
2024-05-10T09:15:00+00:00,231.5,231.5,231.5,231.5,2
2024-05-10T09:20:00+00:00,231.6,231.6,231.5,231.5,3
2024-05-10T09:25:00+00:00,231.6,231.7,231.6,231.65,24
2024-05-10T09:30:00+00:00,231.5,231.5,231.5,231.5,1
2024-05-10T09:35:00+00:00,231.5,231.5,231.5,231.5,45
2024-05-10T09:40:00+00:00,231.4,231.5,231.35,231.5,36
2024-05-10T09:45:00+00:00,231.4,231.45,231.3,231.45,76
2024-05-10T09:50:00+00:00,231.45,231.45,231.35,231.35,12
2024-05-10T09:55:00+00:00,231.35,231.35,231.3,231.3,20
2024-05-10T10:05:00+00:00,231.35,231.35,231.35,231.35,10
2024-05-10T10:10:00+00:00,231.3,231.35,231.3,231.3,22
2024-05-10T10:15:00+00:00,231.35,231.35,231.2,231.2,215
2024-05-10T10:20:00+00:00,231.2,231.2,230.85,230.9,772
2024-05-10T10:25:00+00:00,230.9,231.2,230.9,231.05,206
2024-05-10T10:30:00+00:00,231.05,231.05,230.95,230.95,42
2024-05-10T10:35:00+00:00,231.05,231.05,230.95,230.95,39
2024-05-10T10:40:00+00:00,230.95,231.05,230.95,230.95,5
2024-05-10T10:45:00+00:00,230.95,231.0,230.9,231.0,35
2024-05-10T10:50:00+00:00,231.0,231.1,230.95,230.95,48
2024-05-10T10:55:00+00:00,231.15,231.15,231.0,231.0,16
2024-05-10T11:00:00+00:00,231.0,231.0,230.95,230.95,14
2024-05-10T11:05:00+00:00,230.95,230.95,230.7,230.8,213
2024-05-10T11:10:00+00:00,230.85,230.9,230.8,230.8,20
2024-05-10T11:15:00+00:00,230.85,230.95,230.85,230.85,62
2024-05-10T11:20:00+00:00,230.85,231.0,230.8,230.8,74
2024-05-10T11:25:00+00:00,230.9,231.0,230.8,230.95,39
2024-05-10T11:30:00+00:00,230.85,230.95,230.85,230.95,6
2024-05-10T11:35:00+00:00,230.9,230.95,230.8,230.9,51
2024-05-10T11:40:00+00:00,230.8,230.9,230.8,230.9,18
2024-05-10T11:45:00+00:00,230.8,230.9,230.8,230.9,23
2024-05-10T11:50:00+00:00,230.85,230.9,230.8,230.9,20
2024-05-10T11:55:00+00:00,230.9,230.9,230.8,230.85,19
2024-05-10T12:00:00+00:00,230.8,230.85,230.8,230.85,40
2024-05-10T12:05:00+00:00,230.8,230.85,230.8,230.85,10
2024-05-10T12:10:00+00:00,230.85,230.85,230.85,230.85,70
2024-05-10T12:15:00+00:00,230.8,230.85,230.8,230.85,68
2024-05-10T12:20:00+00:00,230.85,230.85,230.85,230.85,74
2024-05-10T12:25:00+00:00,230.95,230.95,230.85,230.85,15
2024-05-10T12:30:00+00:00,230.95,230.95,230.85,230.95,9
2024-05-10T12:35:00+00:00,230.95,230.95,230.85,230.95,14
2024-05-10T12:40:00+00:00,230.95,230.95,230.85,230.95,15
2024-05-10T12:45:00+00:00,231.0,231.0,230.9,231.0,7
2024-05-10T12:50:00+00:00,231.0,231.0,231.0,231.0,21
2024-05-10T12:55:00+00:00,231.0,231.0,230.9,231.0,135
2024-05-10T13:00:00+00:00,231.0,231.0,230.9,231.0,10
2024-05-10T13:05:00+00:00,231.0,231.0,231.0,231.0,12
2024-05-10T13:10:00+00:00,231.0,231.0,230.9,231.0,270
2024-05-10T13:15:00+00:00,231.0,231.0,231.0,231.0,14
2024-05-10T13:20:00+00:00,231.0,231.0,230.9,230.9,3
2024-05-10T13:25:00+00:00,230.9,230.9,230.9,230.9,26
2024-05-10T13:30:00+00:00,230.95,231.0,230.9,231.0,19
2024-05-10T13:35:00+00:00,231.0,231.0,230.85,230.9,132
2024-05-10T13:40:00+00:00,230.9,230.95,230.85,230.95,35
2024-05-10T13:45:00+00:00,230.95,231.0,230.9,230.9,104
2024-05-10T13:50:00+00:00,230.95,231.0,230.9,230.9,41
2024-05-10T13:55:00+00:00,230.9,230.9,230.9,230.9,2
2024-05-10T14:00:00+00:00,230.9,231.0,230.9,230.9,5
2024-05-10T14:05:00+00:00,230.9,231.0,230.9,230.9,13
2024-05-10T14:10:00+00:00,231.0,231.25,230.9,231.25,263
2024-05-10T14:15:00+00:00,231.25,231.25,231.25,231.25,1
2024-05-10T14:20:00+00:00,231.2,231.25,231.15,231.25,11
2024-05-10T14:25:00+00:00,231.25,231.25,231.1,231.1,55
2024-05-10T14:30:00+00:00,231.1,231.2,231.1,231.2,18
2024-05-10T14:35:00+00:00,231.2,231.2,231.2,231.2,4
2024-05-10T14:40:00+00:00,231.1,231.25,231.1,231.15,305
2024-05-10T14:45:00+00:00,231.25,231.25,231.25,231.25,20
2024-05-10T14:50:00+00:00,231.25,231.25,231.15,231.15,30
2024-05-10T14:55:00+00:00,231.25,231.25,231.25,231.25,13
2024-05-10T15:00:00+00:00,231.25,231.25,231.2,231.2,2
2024-05-10T15:05:00+00:00,231.25,231.25,231.25,231.25,4
2024-05-10T15:10:00+00:00,231.2,231.2,231.15,231.15,20
2024-05-10T15:15:00+00:00,231.15,231.2,231.1,231.1,27
2024-05-10T15:20:00+00:00,231.1,231.2,231.1,231.2,13
2024-05-10T15:25:00+00:00,231.2,231.25,231.2,231.25,58
2024-05-10T15:30:00+00:00,231.25,231.25,231.15,231.25,75
2024-05-10T15:35:00+00:00,231.25,231.25,231.2,231.2,69
2024-05-10T15:45:00+00:00,231.1,231.1,231.1,231.1,57
2024-05-13T06:55:00+00:00,231.2,231.2,231.2,231.2,1
2024-05-13T07:00:00+00:00,231.2,231.9,230.9,231.45,194
2024-05-13T07:05:00+00:00,231.45,231.45,231.1,231.2,79
2024-05-13T07:10:00+00:00,231.2,231.25,231.15,231.15,168
2024-05-13T07:15:00+00:00,231.3,231.75,231.25,231.55,69
2024-05-13T07:20:00+00:00,231.75,231.85,231.5,231.85,105
2024-05-13T07:25:00+00:00,231.85,231.85,231.25,231.45,234
2024-05-13T07:30:00+00:00,231.45,231.9,231.4,231.75,75
2024-05-13T07:35:00+00:00,231.9,234.7,231.15,233.4,3091
2024-05-13T07:40:00+00:00,233.4,233.5,232.85,233.15,265
2024-05-13T07:45:00+00:00,233.2,233.2,232.05,232.55,722
2024-05-13T07:50:00+00:00,232.05,232.9,232.05,232.75,273
2024-05-13T07:55:00+00:00,232.7,232.7,232.05,232.45,112
2024-05-13T08:00:00+00:00,232.2,232.9,232.2,232.9,234
2024-05-13T08:05:00+00:00,232.75,232.8,232.2,232.2,83
2024-05-13T08:10:00+00:00,232.35,232.65,232.15,232.65,49
2024-05-13T08:15:00+00:00,232.3,232.45,231.35,231.75,555
2024-05-13T08:20:00+00:00,231.75,231.8,231.7,231.7,29
2024-05-13T08:25:00+00:00,231.7,231.7,231.4,231.6,61
2024-05-13T08:30:00+00:00,231.55,231.75,231.45,231.45,58
2024-05-13T08:35:00+00:00,231.5,231.85,231.4,231.85,63
2024-05-13T08:40:00+00:00,231.85,231.9,231.1,231.6,373
2024-05-13T08:45:00+00:00,231.3,231.3,231.3,231.3,2
2024-05-13T08:50:00+00:00,231.5,231.9,231.5,231.9,100
2024-05-13T08:55:00+00:00,231.95,232.4,231.9,231.9,220
2024-05-13T09:00:00+00:00,231.9,232.15,231.9,232.1,11
2024-05-13T09:05:00+00:00,232.2,232.2,232.05,232.05,2
2024-05-13T09:10:00+00:00,232.05,232.15,231.8,231.8,84
2024-05-13T09:15:00+00:00,231.7,231.7,231.5,231.5,40
2024-05-13T09:20:00+00:00,231.85,231.85,231.85,231.85,2
2024-05-13T09:25:00+00:00,231.6,231.6,231.55,231.55,13
2024-05-13T09:30:00+00:00,231.55,231.85,231.5,231.85,39
2024-05-13T09:35:00+00:00,231.6,231.85,231.6,231.85,5
2024-05-13T09:40:00+00:00,231.85,231.9,231.85,231.9,9
2024-05-13T09:45:00+00:00,231.85,231.9,231.55,231.55,18
2024-05-13T09:50:00+00:00,231.75,231.85,231.75,231.8,33
2024-05-13T09:55:00+00:00,231.8,231.9,231.8,231.9,38
2024-05-13T10:00:00+00:00,231.9,231.9,231.8,231.8,15
2024-05-13T10:05:00+00:00,231.9,231.9,231.8,231.8,4
2024-05-13T10:10:00+00:00,231.8,231.8,231.8,231.8,6
2024-05-13T10:15:00+00:00,231.8,231.85,231.7,231.7,47
2024-05-13T10:20:00+00:00,231.6,231.6,231.55,231.6,13
2024-05-13T10:25:00+00:00,231.55,231.75,231.55,231.75,21
2024-05-13T10:30:00+00:00,231.6,233.2,231.6,232.25,1077
2024-05-13T10:35:00+00:00,232.15,233.5,232.15,233.15,658
2024-05-13T10:40:00+00:00,232.75,233.45,231.5,232.05,493
2024-05-13T10:45:00+00:00,232.2,232.7,232.2,232.35,146
2024-05-13T10:50:00+00:00,232.35,232.7,232.15,232.7,97
2024-05-13T10:55:00+00:00,232.4,232.45,232.0,232.05,117
2024-05-13T11:00:00+00:00,232.05,232.25,232.05,232.25,9
2024-05-13T11:05:00+00:00,232.25,232.85,232.25,232.7,145
2024-05-13T11:10:00+00:00,232.8,232.85,232.35,232.35,46
2024-05-13T11:15:00+00:00,232.65,233.9,232.45,232.45,461
2024-05-13T11:20:00+00:00,232.45,233.15,232.45,233.15,124
2024-05-13T11:25:00+00:00,232.75,232.75,232.45,232.45,47
2024-05-13T11:30:00+00:00,232.45,232.7,232.2,232.7,57
2024-05-13T11:35:00+00:00,232.65,232.65,232.15,232.3,659
2024-05-13T11:40:00+00:00,232.25,232.25,232.25,232.25,1
2024-05-13T11:45:00+00:00,232.2,232.65,232.2,232.65,83
2024-05-13T11:50:00+00:00,232.65,232.9,232.65,232.65,56
2024-05-13T11:55:00+00:00,232.9,232.9,232.65,232.65,9
2024-05-13T12:00:00+00:00,232.45,232.65,232.3,232.3,54
2024-05-13T12:05:00+00:00,232.3,232.4,232.25,232.4,22
2024-05-13T12:10:00+00:00,232.25,232.25,232.1,232.2,36
2024-05-13T12:15:00+00:00,232.1,232.1,232.1,232.1,107
2024-05-13T12:20:00+00:00,232.1,232.1,231.7,231.7,376
2024-05-13T12:25:00+00:00,231.7,232.1,231.4,231.55,1529
2024-05-13T12:30:00+00:00,231.55,231.55,231.45,231.45,49
2024-05-13T12:35:00+00:00,231.45,231.5,231.45,231.45,37
2024-05-13T12:40:00+00:00,231.75,231.9,231.55,231.55,63
2024-05-13T12:45:00+00:00,231.55,231.55,231.55,231.55,19
2024-05-13T12:50:00+00:00,231.8,232.1,231.6,231.7,180
2024-05-13T12:55:00+00:00,231.65,231.95,231.6,231.6,41
2024-05-13T13:05:00+00:00,231.65,232.1,231.45,232.05,441
2024-05-13T13:10:00+00:00,231.7,231.7,231.7,231.7,1
2024-05-13T13:15:00+00:00,231.75,232.05,231.6,231.6,197
2024-05-13T13:20:00+00:00,231.45,231.6,231.45,231.5,160
2024-05-13T13:25:00+00:00,231.8,231.8,231.4,231.45,170
2024-05-13T13:30:00+00:00,231.45,231.65,231.45,231.45,12
2024-05-13T13:35:00+00:00,231.45,231.7,231.45,231.7,19
2024-05-13T13:40:00+00:00,231.7,231.7,231.45,231.45,3
2024-05-13T13:45:00+00:00,231.5,231.85,231.4,231.85,99
2024-05-13T13:50:00+00:00,231.55,231.55,231.55,231.55,1
2024-05-13T13:55:00+00:00,231.55,231.55,231.45,231.45,43
2024-05-13T14:00:00+00:00,231.5,231.5,231.5,231.5,4
2024-05-13T14:05:00+00:00,231.45,231.45,231.4,231.4,60
2024-05-13T14:10:00+00:00,231.4,231.45,231.4,231.4,70
2024-05-13T14:15:00+00:00,231.4,231.4,231.35,231.35,15
2024-05-13T14:20:00+00:00,231.4,231.4,231.35,231.35,86
2024-05-13T14:25:00+00:00,231.35,231.35,231.3,231.3,145
2024-05-13T14:30:00+00:00,231.25,231.6,231.1,231.6,76
2024-05-13T14:35:00+00:00,231.3,231.55,231.3,231.55,4
2024-05-13T14:40:00+00:00,231.3,231.3,231.1,231.1,62
2024-05-13T14:45:00+00:00,231.05,231.3,231.0,231.05,494
2024-05-13T14:50:00+00:00,231.05,231.3,231.05,231.3,14
2024-05-13T14:55:00+00:00,231.3,231.3,231.05,231.1,5
2024-05-13T15:00:00+00:00,231.3,231.35,231.15,231.15,42
2024-05-13T15:05:00+00:00,231.35,231.4,231.1,231.1,34
2024-05-13T15:10:00+00:00,231.35,231.35,231.35,231.35,4
2024-05-13T15:15:00+00:00,231.4,231.4,231.4,231.4,1
2024-05-13T15:20:00+00:00,231.35,231.35,231.35,231.35,5
2024-05-13T15:25:00+00:00,231.35,231.35,231.35,231.35,7
2024-05-13T15:30:00+00:00,231.35,231.5,231.1,231.45,49
2024-05-13T15:35:00+00:00,231.15,231.15,231.15,231.15,1
2024-05-13T15:45:00+00:00,231.15,231.15,231.15,231.15,77
2024-05-14T06:55:00+00:00,231.8,231.8,231.8,231.8,3
2024-05-14T07:00:00+00:00,231.2,233.45,231.0,232.3,705
2024-05-14T07:05:00+00:00,232.35,232.35,231.65,232.0,160
2024-05-14T07:10:00+00:00,231.7,232.0,231.6,231.65,158
2024-05-14T07:15:00+00:00,231.65,232.0,231.5,231.95,74
2024-05-14T07:20:00+00:00,231.65,232.05,231.55,232.0,183
2024-05-14T07:25:00+00:00,231.6,231.6,231.55,231.55,18
2024-05-14T07:30:00+00:00,231.95,232.3,231.65,232.05,203
2024-05-14T07:35:00+00:00,232.15,232.15,231.65,231.65,55
2024-05-14T07:40:00+00:00,231.7,231.8,231.65,231.8,32
2024-05-14T07:45:00+00:00,231.65,231.8,231.3,231.8,29
2024-05-14T07:50:00+00:00,231.75,231.8,231.35,231.65,47
2024-05-14T07:55:00+00:00,231.65,231.7,231.55,231.55,9
2024-05-14T08:00:00+00:00,231.7,231.9,231.25,231.8,78
2024-05-14T08:05:00+00:00,231.8,231.9,231.2,231.55,108
2024-05-14T08:10:00+00:00,231.55,231.85,231.55,231.55,14
2024-05-14T08:15:00+00:00,231.55,231.55,231.3,231.5,66
2024-05-14T08:20:00+00:00,231.4,231.55,231.35,231.55,9
2024-05-14T08:25:00+00:00,231.4,231.6,231.3,231.4,50
2024-05-14T08:30:00+00:00,231.45,231.8,231.35,231.45,43
2024-05-14T08:35:00+00:00,231.45,232.0,231.45,232.0,119
2024-05-14T08:40:00+00:00,231.65,231.95,231.5,231.95,115
2024-05-14T08:45:00+00:00,232.0,232.0,231.95,231.95,59
2024-05-14T08:50:00+00:00,231.95,231.95,231.55,231.55,54
2024-05-14T08:55:00+00:00,231.7,231.7,231.5,231.5,50
2024-05-14T09:00:00+00:00,231.5,231.55,231.5,231.55,12
2024-05-14T09:05:00+00:00,231.6,231.6,231.5,231.5,17
2024-05-14T09:10:00+00:00,231.55,231.95,231.5,231.55,73
2024-05-14T09:15:00+00:00,231.55,231.9,231.55,231.9,4
2024-05-14T09:20:00+00:00,231.6,231.6,231.5,231.5,28
2024-05-14T09:25:00+00:00,231.5,231.6,231.5,231.6,145
2024-05-14T09:30:00+00:00,231.5,231.5,231.4,231.4,10
2024-05-14T09:35:00+00:00,231.4,231.4,231.4,231.4,1
2024-05-14T09:40:00+00:00,231.4,231.5,231.35,231.5,49
2024-05-14T09:45:00+00:00,231.35,231.35,231.3,231.35,8
2024-05-14T09:50:00+00:00,231.4,231.4,231.3,231.3,15
2024-05-14T09:55:00+00:00,231.4,231.55,231.4,231.55,25
2024-05-14T10:00:00+00:00,231.35,231.35,231.35,231.35,8
2024-05-14T10:05:00+00:00,231.35,231.35,231.05,231.05,240
2024-05-14T10:10:00+00:00,231.1,231.4,231.05,231.25,34
2024-05-14T10:15:00+00:00,231.05,231.25,231.05,231.05,88
2024-05-14T10:20:00+00:00,231.05,231.05,231.05,231.05,10
2024-05-14T10:25:00+00:00,231.25,231.25,231.25,231.25,2
2024-05-14T10:30:00+00:00,231.1,231.1,230.9,230.95,205
2024-05-14T10:35:00+00:00,231.2,231.3,231.0,231.0,44
2024-05-14T10:40:00+00:00,231.2,231.2,231.05,231.05,18
2024-05-14T10:45:00+00:00,231.05,231.15,231.0,231.15,6
2024-05-14T10:50:00+00:00,231.2,231.2,231.1,231.1,28
2024-05-14T10:55:00+00:00,231.15,231.15,231.05,231.05,152
2024-05-14T11:00:00+00:00,231.15,231.15,231.05,231.05,3
2024-05-14T11:05:00+00:00,231.1,231.1,231.05,231.05,137
2024-05-14T11:10:00+00:00,231.05,231.1,231.0,231.05,21
2024-05-14T11:15:00+00:00,231.2,231.2,231.0,231.0,6
2024-05-14T11:20:00+00:00,231.05,231.05,230.15,230.85,1818
2024-05-14T11:25:00+00:00,230.85,231.05,230.6,230.85,47
2024-05-14T11:30:00+00:00,230.95,231.0,230.4,230.7,56
2024-05-14T11:35:00+00:00,230.65,230.9,230.3,230.65,190
2024-05-14T11:40:00+00:00,230.35,230.45,230.0,230.0,2381
2024-05-14T11:45:00+00:00,230.0,230.1,229.2,230.1,1105
2024-05-14T11:50:00+00:00,230.05,230.05,228.2,230.05,1153
2024-05-14T11:55:00+00:00,229.7,230.5,229.7,230.1,270
2024-05-14T12:00:00+00:00,230.15,230.45,230.1,230.45,139
2024-05-14T12:05:00+00:00,230.2,230.4,230.15,230.25,74
2024-05-14T12:10:00+00:00,230.2,230.2,229.5,229.5,88
2024-05-14T12:15:00+00:00,229.5,229.5,229.1,229.45,437
2024-05-14T12:20:00+00:00,229.2,229.4,229.15,229.4,185
2024-05-14T12:25:00+00:00,229.4,229.4,229.15,229.2,214
2024-05-14T12:30:00+00:00,229.3,229.35,229.1,229.35,31
2024-05-14T12:35:00+00:00,229.15,229.4,229.1,229.4,93
2024-05-14T12:40:00+00:00,229.3,229.35,229.15,229.15,92
2024-05-14T12:45:00+00:00,229.15,229.3,229.05,229.3,107
2024-05-14T12:50:00+00:00,229.3,229.35,229.3,229.35,103
2024-05-14T12:55:00+00:00,229.35,229.35,229.05,229.1,106
2024-05-14T13:00:00+00:00,229.3,229.3,229.15,229.3,81
2024-05-14T13:05:00+00:00,229.35,229.35,229.3,229.35,37
2024-05-14T13:10:00+00:00,229.35,229.35,229.3,229.35,27
2024-05-14T13:15:00+00:00,229.3,229.3,229.2,229.2,127
2024-05-14T13:20:00+00:00,229.2,229.2,229.05,229.05,42
2024-05-14T13:25:00+00:00,229.15,229.25,229.1,229.1,96
2024-05-14T13:30:00+00:00,229.1,229.25,229.05,229.2,96
2024-05-14T13:35:00+00:00,229.2,229.3,228.95,228.95,623
2024-05-14T13:40:00+00:00,228.95,229.1,228.9,228.95,158
2024-05-14T13:45:00+00:00,229.1,229.25,228.95,229.25,39
2024-05-14T13:50:00+00:00,229.0,229.15,228.6,228.7,347
2024-05-14T13:55:00+00:00,228.75,228.85,228.5,228.55,184
2024-05-14T14:00:00+00:00,228.85,228.95,228.45,228.95,92
2024-05-14T14:05:00+00:00,228.7,228.9,228.25,228.6,337
2024-05-14T14:10:00+00:00,228.75,229.0,228.75,228.95,142
2024-05-14T14:15:00+00:00,228.95,229.0,228.85,229.0,89
2024-05-14T14:20:00+00:00,229.0,229.0,228.8,228.8,32
2024-05-14T14:25:00+00:00,228.8,229.0,228.8,229.0,66
2024-05-14T14:30:00+00:00,228.8,229.2,228.8,229.15,28
2024-05-14T14:35:00+00:00,229.15,229.35,228.55,228.55,255
2024-05-14T14:40:00+00:00,228.55,228.95,228.3,228.3,353
2024-05-14T14:45:00+00:00,228.4,229.45,228.3,229.2,135
2024-05-14T14:50:00+00:00,228.9,229.0,228.75,229.0,23
2024-05-14T14:55:00+00:00,229.0,229.0,228.95,229.0,96
2024-05-14T15:00:00+00:00,229.0,229.3,228.75,228.9,161
2024-05-14T15:05:00+00:00,229.25,229.25,228.75,228.8,85
2024-05-14T15:10:00+00:00,229.05,229.55,228.75,229.2,194
2024-05-14T15:15:00+00:00,228.95,229.0,228.75,228.95,33
2024-05-14T15:20:00+00:00,228.75,228.95,228.75,228.95,25
2024-05-14T15:25:00+00:00,228.75,228.9,228.7,228.75,18
2024-05-14T15:30:00+00:00,228.8,228.8,228.7,228.75,50
2024-05-14T15:35:00+00:00,228.7,228.75,228.6,228.75,128
2024-05-14T15:45:00+00:00,228.75,228.75,228.75,228.75,88
2024-05-15T06:55:00+00:00,228.75,228.75,228.75,228.75,8
2024-05-15T07:00:00+00:00,228.75,230.7,228.7,228.75,224
2024-05-15T07:05:00+00:00,228.85,230.35,228.85,229.5,197
2024-05-15T07:10:00+00:00,229.5,230.15,228.5,228.55,379
2024-05-15T07:15:00+00:00,228.55,229.0,224.0,226.4,2865
2024-05-15T07:20:00+00:00,226.1,227.5,226.1,226.55,967
2024-05-15T07:25:00+00:00,226.3,226.75,226.0,226.4,357
2024-05-15T07:30:00+00:00,226.4,226.4,225.8,226.15,814
2024-05-15T07:35:00+00:00,226.0,227.4,226.0,227.15,1183
2024-05-15T07:40:00+00:00,227.15,227.15,226.5,227.15,745
2024-05-15T07:45:00+00:00,227.15,227.3,225.05,225.5,2356
2024-05-15T07:50:00+00:00,225.85,225.85,225.1,225.75,1090
2024-05-15T07:55:00+00:00,225.6,225.7,225.45,225.6,718
2024-05-15T08:00:00+00:00,225.5,225.6,225.4,225.45,217
2024-05-15T08:05:00+00:00,225.6,226.5,225.45,226.5,774
2024-05-15T08:10:00+00:00,226.45,226.55,226.0,226.0,78
2024-05-15T08:15:00+00:00,226.15,226.15,225.6,225.8,604
2024-05-15T08:20:00+00:00,225.8,225.95,225.5,225.65,274
2024-05-15T08:25:00+00:00,225.9,226.3,225.7,226.25,167
2024-05-15T08:30:00+00:00,226.2,226.45,225.9,226.0,259
2024-05-15T08:35:00+00:00,226.0,226.0,225.9,226.0,70
2024-05-15T08:40:00+00:00,226.0,226.35,225.9,226.1,199
2024-05-15T08:45:00+00:00,226.1,226.1,225.9,226.0,55
2024-05-15T08:50:00+00:00,225.95,226.1,225.95,226.1,102
2024-05-15T08:55:00+00:00,226.05,227.8,226.05,227.0,1515
2024-05-15T09:00:00+00:00,227.0,227.2,226.0,226.6,349
2024-05-15T09:05:00+00:00,226.3,226.8,225.95,226.8,370
2024-05-15T09:10:00+00:00,226.55,227.2,226.5,227.15,139
2024-05-15T09:15:00+00:00,227.15,227.15,226.55,226.9,209
2024-05-15T09:20:00+00:00,226.9,226.9,225.95,226.0,1658
2024-05-15T09:25:00+00:00,226.0,226.2,226.0,226.05,396
2024-05-15T09:30:00+00:00,226.05,226.15,225.95,226.0,317
2024-05-15T09:35:00+00:00,226.0,226.0,225.8,225.8,317
2024-05-15T09:40:00+00:00,225.8,225.95,225.8,225.85,155
2024-05-15T09:45:00+00:00,225.85,226.65,225.85,226.25,515
2024-05-15T09:50:00+00:00,226.65,226.85,226.3,226.3,168
2024-05-15T09:55:00+00:00,226.3,226.6,226.3,226.35,22
2024-05-15T10:00:00+00:00,226.3,226.65,226.15,226.6,182
2024-05-15T10:05:00+00:00,226.65,226.75,226.0,226.3,214
2024-05-15T10:10:00+00:00,226.3,226.6,225.9,225.95,534
2024-05-15T10:15:00+00:00,226.0,226.0,225.95,226.0,20
2024-05-15T10:20:00+00:00,226.0,226.25,225.55,225.7,1144
2024-05-15T10:25:00+00:00,225.7,225.7,225.55,225.6,329
2024-05-15T10:30:00+00:00,225.55,226.8,225.4,226.2,1040
2024-05-15T10:35:00+00:00,226.55,226.55,225.95,225.95,27
2024-05-15T10:40:00+00:00,225.75,225.8,225.4,225.4,254
2024-05-15T10:45:00+00:00,225.45,225.65,224.95,225.0,2917
2024-05-15T10:50:00+00:00,224.95,225.5,224.6,225.25,418
2024-05-15T10:55:00+00:00,225.25,225.35,225.05,225.35,309
2024-05-15T11:00:00+00:00,225.3,225.35,225.15,225.35,75
2024-05-15T11:05:00+00:00,225.2,225.85,225.2,225.85,190
2024-05-15T11:10:00+00:00,225.45,225.5,225.15,225.5,109
2024-05-15T11:15:00+00:00,225.45,225.95,225.15,225.5,144
2024-05-15T11:20:00+00:00,225.5,225.6,225.1,225.25,54
2024-05-15T11:25:00+00:00,225.4,225.75,225.25,225.75,118
2024-05-15T11:30:00+00:00,225.6,225.8,225.6,225.8,28
2024-05-15T11:35:00+00:00,225.65,225.75,225.3,225.3,133
2024-05-15T11:40:00+00:00,225.4,225.75,225.4,225.4,44
2024-05-15T11:45:00+00:00,225.4,225.75,225.4,225.6,60
2024-05-15T11:50:00+00:00,225.7,225.7,225.6,225.6,28
2024-05-15T11:55:00+00:00,225.6,225.65,225.5,225.5,37
2024-05-15T12:00:00+00:00,225.5,225.7,225.5,225.5,57
2024-05-15T12:05:00+00:00,225.45,226.1,225.4,225.8,134
2024-05-15T12:10:00+00:00,225.8,226.0,225.2,226.0,489
2024-05-15T12:15:00+00:00,226.0,226.2,225.95,225.95,496
2024-05-15T12:20:00+00:00,226.1,226.1,225.9,225.95,43
2024-05-15T12:25:00+00:00,226.1,226.2,225.9,226.1,191
2024-05-15T12:30:00+00:00,226.15,226.15,226.0,226.15,32
2024-05-15T12:35:00+00:00,226.2,226.2,226.05,226.05,21
2024-05-15T12:40:00+00:00,226.05,226.1,226.0,226.0,79
2024-05-15T12:45:00+00:00,226.1,226.1,225.95,226.0,23
2024-05-15T12:50:00+00:00,226.0,226.15,226.0,226.15,153
2024-05-15T12:55:00+00:00,226.1,226.15,226.1,226.15,66
2024-05-15T13:00:00+00:00,226.1,226.15,226.05,226.05,32
2024-05-15T13:05:00+00:00,226.05,226.15,226.05,226.1,53
2024-05-15T13:10:00+00:00,226.15,226.15,226.1,226.15,42
2024-05-15T13:15:00+00:00,226.1,226.1,225.9,225.95,126
2024-05-15T13:20:00+00:00,225.95,226.2,225.95,226.2,84
2024-05-15T13:25:00+00:00,226.25,226.6,225.75,225.75,86
2024-05-15T13:30:00+00:00,225.9,226.2,225.9,226.2,90
2024-05-15T13:35:00+00:00,226.2,226.2,226.2,226.2,1
2024-05-15T13:40:00+00:00,226.05,226.2,225.95,226.2,32
2024-05-15T13:45:00+00:00,226.05,226.05,225.8,225.8,133
2024-05-15T13:50:00+00:00,225.85,225.95,225.7,225.9,96
2024-05-15T13:55:00+00:00,225.95,225.95,225.6,225.95,234
2024-05-15T14:00:00+00:00,226.05,226.5,226.05,226.4,152
2024-05-15T14:05:00+00:00,226.4,226.4,225.85,225.85,55
2024-05-15T14:10:00+00:00,225.85,226.35,225.8,226.25,90
2024-05-15T14:15:00+00:00,226.05,226.45,226.0,226.35,66
2024-05-15T14:20:00+00:00,226.4,226.55,226.05,226.55,225
2024-05-15T14:25:00+00:00,226.55,226.55,226.15,226.25,24
2024-05-15T14:30:00+00:00,226.35,226.6,226.3,226.6,92
2024-05-15T14:35:00+00:00,226.6,226.6,226.3,226.3,17
2024-05-15T14:40:00+00:00,226.25,226.35,226.25,226.25,37
2024-05-15T14:45:00+00:00,226.15,226.15,225.85,225.85,132
2024-05-15T14:50:00+00:00,225.85,225.85,225.65,225.65,93
2024-05-15T14:55:00+00:00,225.65,225.7,225.65,225.7,9
2024-05-15T15:00:00+00:00,225.7,225.85,225.5,225.55,291
2024-05-15T15:05:00+00:00,225.55,225.8,225.55,225.8,208
2024-05-15T15:10:00+00:00,225.8,225.8,225.5,225.5,69
2024-05-15T15:15:00+00:00,225.65,225.65,225.5,225.5,55
2024-05-15T15:20:00+00:00,225.5,225.5,225.1,225.45,457
2024-05-15T15:25:00+00:00,225.5,225.5,225.4,225.4,43
2024-05-15T15:30:00+00:00,225.45,225.45,225.3,225.3,122
2024-05-15T15:35:00+00:00,225.3,225.4,225.0,225.4,612
2024-05-15T15:45:00+00:00,225.4,225.4,225.4,225.4,15
2024-05-16T06:55:00+00:00,225.4,225.4,225.4,225.4,101
2024-05-16T07:00:00+00:00,225.45,225.85,225.4,225.7,160
2024-05-16T07:05:00+00:00,225.8,226.35,225.55,226.3,92
2024-05-16T07:10:00+00:00,226.3,227.15,226.3,227.1,442
2024-05-16T07:15:00+00:00,227.1,227.15,226.45,227.1,124
2024-05-16T07:20:00+00:00,227.15,227.15,226.6,226.95,111
2024-05-16T07:25:00+00:00,226.6,226.8,226.55,226.75,17
2024-05-16T07:30:00+00:00,226.75,226.75,225.5,226.4,246
2024-05-16T07:35:00+00:00,226.45,226.45,226.0,226.05,58
2024-05-16T07:40:00+00:00,226.1,226.75,226.1,226.4,87
2024-05-16T07:45:00+00:00,226.4,226.75,226.2,226.2,17
2024-05-16T07:50:00+00:00,226.15,226.7,226.1,226.7,43
2024-05-16T07:55:00+00:00,226.3,226.6,226.25,226.25,24
2024-05-16T08:00:00+00:00,226.25,226.55,226.25,226.55,10
2024-05-16T08:05:00+00:00,226.6,226.75,226.35,226.65,91
2024-05-16T08:10:00+00:00,226.65,226.7,226.65,226.7,23
2024-05-16T08:15:00+00:00,226.7,226.7,226.65,226.65,5
2024-05-16T08:20:00+00:00,226.7,226.75,226.65,226.75,22
2024-05-16T08:25:00+00:00,226.5,226.5,226.4,226.45,12
2024-05-16T08:30:00+00:00,226.45,226.75,226.45,226.75,15
2024-05-16T08:35:00+00:00,226.75,226.75,226.35,226.35,41
2024-05-16T08:40:00+00:00,226.35,226.8,226.35,226.45,71
2024-05-16T08:45:00+00:00,226.35,226.75,226.35,226.75,41
2024-05-16T08:50:00+00:00,226.45,226.75,226.45,226.75,11
2024-05-16T08:55:00+00:00,226.75,226.75,226.45,226.55,9
2024-05-16T09:00:00+00:00,226.45,226.6,226.45,226.5,16
2024-05-16T09:05:00+00:00,226.5,226.55,226.45,226.55,94
2024-05-16T09:10:00+00:00,226.55,226.75,226.5,226.75,131
2024-05-16T09:15:00+00:00,226.5,226.5,226.4,226.4,23
2024-05-16T09:20:00+00:00,226.6,226.65,226.6,226.65,4
2024-05-16T09:25:00+00:00,226.65,226.75,226.4,226.45,85
2024-05-16T09:30:00+00:00,226.5,226.95,226.4,226.95,216
2024-05-16T09:35:00+00:00,226.55,226.9,226.5,226.5,10
2024-05-16T09:40:00+00:00,226.9,226.9,226.5,226.5,12
2024-05-16T09:45:00+00:00,226.5,226.7,226.4,226.7,11
2024-05-16T09:50:00+00:00,226.5,226.5,226.3,226.5,41
2024-05-16T09:55:00+00:00,226.3,226.4,226.05,226.4,80
2024-05-16T10:00:00+00:00,226.35,226.35,225.95,225.95,49
2024-05-16T10:05:00+00:00,225.95,226.4,225.95,226.05,186
2024-05-16T10:10:00+00:00,226.1,226.3,226.1,226.1,4
2024-05-16T10:15:00+00:00,226.1,226.4,226.05,226.35,105
2024-05-16T10:20:00+00:00,226.15,226.4,226.15,226.4,13
2024-05-16T10:25:00+00:00,226.4,226.4,226.2,226.2,117
2024-05-16T10:30:00+00:00,226.2,226.2,225.6,225.65,185
2024-05-16T10:35:00+00:00,225.6,226.05,225.5,225.9,251
2024-05-16T10:40:00+00:00,225.9,227.15,225.25,225.85,689
2024-05-16T10:45:00+00:00,226.35,226.65,225.25,225.25,192
2024-05-16T10:50:00+00:00,225.3,225.8,225.05,225.2,278
2024-05-16T10:55:00+00:00,225.3,225.5,225.2,225.2,165
2024-05-16T11:00:00+00:00,225.45,225.9,225.2,225.25,269
2024-05-16T11:05:00+00:00,225.3,225.5,225.2,225.2,175
2024-05-16T11:10:00+00:00,225.2,225.25,225.0,225.0,226
2024-05-16T11:15:00+00:00,225.3,225.3,225.0,225.0,190
2024-05-16T11:20:00+00:00,225.0,225.5,224.55,225.4,318
2024-05-16T11:25:00+00:00,225.4,225.65,225.4,225.4,199
2024-05-16T11:30:00+00:00,225.4,225.55,224.6,224.6,245
2024-05-16T11:35:00+00:00,224.6,224.95,224.15,224.3,338
2024-05-16T11:40:00+00:00,224.4,224.7,224.05,224.05,222
2024-05-16T11:45:00+00:00,224.1,224.4,224.0,224.0,264
2024-05-16T11:50:00+00:00,224.0,224.35,224.0,224.05,309
2024-05-16T11:55:00+00:00,224.25,224.65,224.05,224.05,206
2024-05-16T12:00:00+00:00,224.05,224.7,224.0,224.05,287
2024-05-16T12:05:00+00:00,224.05,224.3,224.0,224.0,169
2024-05-16T12:10:00+00:00,224.3,224.5,224.0,224.0,204
2024-05-16T12:15:00+00:00,224.1,224.25,223.6,223.7,243
2024-05-16T12:20:00+00:00,223.7,224.3,223.6,223.65,211
2024-05-16T12:25:00+00:00,223.65,224.0,221.0,222.0,2596
2024-05-16T12:30:00+00:00,222.55,223.0,221.6,222.75,301
2024-05-16T12:35:00+00:00,222.8,223.1,222.4,222.4,173
2024-05-16T12:40:00+00:00,222.45,223.0,222.45,222.75,117
2024-05-16T12:45:00+00:00,222.75,222.75,222.0,222.25,241
2024-05-16T12:50:00+00:00,222.25,222.85,222.0,222.6,208
2024-05-16T12:55:00+00:00,222.55,222.55,222.05,222.05,42
2024-05-16T13:00:00+00:00,222.1,222.4,222.05,222.4,99
2024-05-16T13:05:00+00:00,222.45,226.35,222.45,223.55,1008
2024-05-16T13:10:00+00:00,223.85,223.95,223.45,223.9,141
2024-05-16T13:15:00+00:00,223.85,224.05,223.35,224.05,37
2024-05-16T13:20:00+00:00,223.75,223.75,223.4,223.5,166
2024-05-16T13:25:00+00:00,223.7,223.75,223.45,223.45,45
2024-05-16T13:30:00+00:00,223.45,223.45,223.05,223.2,58
2024-05-16T13:35:00+00:00,223.4,223.4,223.0,223.1,149
2024-05-16T13:40:00+00:00,223.05,223.1,223.05,223.1,71
2024-05-16T13:45:00+00:00,223.05,223.25,223.05,223.1,16
2024-05-16T13:50:00+00:00,223.1,223.55,223.05,223.55,112
2024-05-16T13:55:00+00:00,223.55,223.6,221.75,221.75,653
2024-05-16T14:00:00+00:00,221.75,222.65,221.5,221.5,600
2024-05-16T14:05:00+00:00,222.35,222.35,221.0,221.0,1089
2024-05-16T14:10:00+00:00,221.05,221.65,220.5,220.5,824
2024-05-16T14:15:00+00:00,221.05,221.05,220.1,220.5,767
2024-05-16T14:20:00+00:00,220.55,220.65,220.0,220.3,1218
2024-05-16T14:25:00+00:00,220.35,221.6,220.3,221.05,801
2024-05-16T14:30:00+00:00,220.95,221.1,220.7,220.95,632
2024-05-16T14:35:00+00:00,220.95,221.85,220.7,220.7,880
2024-05-16T14:40:00+00:00,220.85,221.05,220.65,220.8,851
2024-05-16T14:45:00+00:00,220.85,221.05,220.65,220.7,707
2024-05-16T14:50:00+00:00,220.95,221.05,220.65,220.65,709
2024-05-16T14:55:00+00:00,220.75,220.95,220.65,220.7,734
2024-05-16T15:00:00+00:00,220.8,220.85,220.65,220.65,604
2024-05-16T15:05:00+00:00,220.75,220.8,220.65,220.65,839
2024-05-16T15:10:00+00:00,220.75,221.45,220.65,221.0,690
2024-05-16T15:15:00+00:00,221.0,222.1,221.0,221.1,936
2024-05-16T15:20:00+00:00,221.1,221.5,221.0,221.05,658
2024-05-16T15:25:00+00:00,221.05,221.3,221.05,221.05,661
2024-05-16T15:30:00+00:00,221.05,221.1,221.0,221.05,562
2024-05-16T15:35:00+00:00,221.0,221.2,221.0,221.05,366
2024-05-16T15:45:00+00:00,221.05,221.05,221.05,221.05,257
2024-05-17T06:55:00+00:00,221.1,221.1,221.1,221.1,15
2024-05-17T07:00:00+00:00,221.1,222.8,221.1,222.25,280
2024-05-17T07:05:00+00:00,222.25,222.5,221.8,222.0,869
2024-05-17T07:10:00+00:00,222.1,222.2,222.0,222.1,50
2024-05-17T07:15:00+00:00,222.1,222.1,222.0,222.1,139
2024-05-17T07:20:00+00:00,222.0,222.2,222.0,222.2,109
2024-05-17T07:25:00+00:00,222.2,222.45,222.15,222.15,94
2024-05-17T07:30:00+00:00,222.4,222.45,222.3,222.45,33
2024-05-17T07:35:00+00:00,222.45,222.45,222.0,222.45,401
2024-05-17T07:40:00+00:00,222.15,222.5,222.0,222.0,418
2024-05-17T07:45:00+00:00,222.0,222.4,221.7,221.9,97
2024-05-17T07:50:00+00:00,221.9,222.3,221.9,221.95,72
2024-05-17T07:55:00+00:00,221.9,222.4,221.9,222.0,55
2024-05-17T08:00:00+00:00,221.95,222.35,221.85,222.15,82
2024-05-17T08:05:00+00:00,222.2,222.2,221.85,221.85,43
2024-05-17T08:10:00+00:00,221.85,222.0,221.85,222.0,14
2024-05-17T08:15:00+00:00,221.95,222.2,221.5,221.65,321
2024-05-17T08:20:00+00:00,221.65,221.65,221.35,221.45,94
2024-05-17T08:25:00+00:00,221.45,221.8,221.3,221.8,94
2024-05-17T08:30:00+00:00,221.9,221.9,221.1,221.1,142
2024-05-17T08:35:00+00:00,221.15,221.6,221.15,221.6,30
2024-05-17T08:40:00+00:00,221.65,221.65,221.05,221.3,142
2024-05-17T08:45:00+00:00,221.3,221.3,221.2,221.3,34
2024-05-17T08:50:00+00:00,221.25,221.25,221.15,221.15,323
2024-05-17T08:55:00+00:00,221.25,221.55,221.15,221.2,73
2024-05-17T09:00:00+00:00,221.55,221.55,221.2,221.55,22
2024-05-17T09:05:00+00:00,221.55,221.55,221.55,221.55,2
2024-05-17T09:10:00+00:00,221.5,221.7,221.5,221.7,29
2024-05-17T09:15:00+00:00,221.7,221.85,221.5,221.8,45
2024-05-17T09:20:00+00:00,221.8,221.8,221.5,221.8,12
2024-05-17T09:25:00+00:00,221.8,221.8,221.8,221.8,21
2024-05-17T09:30:00+00:00,221.8,221.8,221.7,221.7,21
2024-05-17T09:35:00+00:00,221.6,221.7,220.75,220.85,477
2024-05-17T09:40:00+00:00,221.5,221.5,220.8,221.0,26
2024-05-17T09:45:00+00:00,220.8,220.95,220.7,220.75,60
2024-05-17T09:50:00+00:00,220.7,221.1,220.7,221.1,61
2024-05-17T09:55:00+00:00,221.1,221.1,221.0,221.1,7
2024-05-17T10:00:00+00:00,221.1,221.3,221.1,221.3,18
2024-05-17T10:05:00+00:00,221.25,221.3,220.7,221.3,37
2024-05-17T10:10:00+00:00,220.8,221.3,220.75,221.3,12
2024-05-17T10:15:00+00:00,221.05,221.05,221.05,221.05,1
2024-05-17T10:20:00+00:00,221.35,221.35,221.0,221.0,15
2024-05-17T10:25:00+00:00,221.0,221.0,220.5,221.0,149
2024-05-17T10:30:00+00:00,221.0,221.25,220.7,221.25,47
2024-05-17T10:35:00+00:00,220.85,221.15,220.8,220.9,7
2024-05-17T10:40:00+00:00,220.9,220.9,220.75,220.75,18
2024-05-17T10:45:00+00:00,220.9,221.3,220.85,221.2,70
2024-05-17T10:50:00+00:00,221.35,222.0,221.35,222.0,126
2024-05-17T10:55:00+00:00,221.5,221.75,221.0,221.15,97
2024-05-17T11:00:00+00:00,221.15,221.5,220.95,221.1,19
2024-05-17T11:05:00+00:00,221.45,221.5,221.0,221.0,135
2024-05-17T11:10:00+00:00,221.35,221.45,221.0,221.15,13
2024-05-17T11:15:00+00:00,221.05,221.15,221.0,221.15,38
2024-05-17T11:20:00+00:00,221.15,221.15,221.0,221.15,36
2024-05-17T11:25:00+00:00,221.15,221.5,221.0,221.5,40
2024-05-17T11:30:00+00:00,221.5,221.5,220.95,221.0,134
2024-05-17T11:35:00+00:00,221.2,221.3,220.6,220.6,469
2024-05-17T11:40:00+00:00,220.6,220.6,217.1,219.0,4922
2024-05-17T11:45:00+00:00,219.0,221.3,218.3,218.6,16630
2024-05-17T11:50:00+00:00,218.3,219.55,218.0,219.0,1488
2024-05-17T11:55:00+00:00,218.9,220.0,218.9,219.15,2959
2024-05-17T12:00:00+00:00,219.15,221.35,219.15,220.0,3507
2024-05-17T12:05:00+00:00,220.0,221.25,220.0,221.05,393
2024-05-17T12:10:00+00:00,221.0,221.15,220.65,220.8,382
2024-05-17T12:15:00+00:00,221.05,221.15,220.75,221.15,980
2024-05-17T12:20:00+00:00,221.15,221.15,220.8,220.8,169
2024-05-17T12:25:00+00:00,221.05,221.2,220.7,220.75,90
2024-05-17T12:30:00+00:00,220.95,221.1,220.6,220.95,646
2024-05-17T12:35:00+00:00,220.55,221.1,220.55,221.1,764
2024-05-17T12:40:00+00:00,221.0,221.0,220.15,220.95,127
2024-05-17T12:45:00+00:00,220.95,220.95,220.1,220.5,54
2024-05-17T12:50:00+00:00,220.3,220.3,219.85,219.9,249
2024-05-17T12:55:00+00:00,220.0,220.1,219.7,220.0,58
2024-05-17T13:00:00+00:00,220.1,220.7,220.0,220.0,66
2024-05-17T13:05:00+00:00,220.0,220.0,219.9,219.9,11
2024-05-17T13:10:00+00:00,219.9,220.15,219.8,220.15,69
2024-05-17T13:15:00+00:00,220.15,220.15,220.0,220.0,7
2024-05-17T13:20:00+00:00,220.0,220.15,220.0,220.15,72
2024-05-17T13:25:00+00:00,220.15,220.65,220.0,220.55,17
2024-05-17T13:30:00+00:00,220.55,220.7,220.05,220.05,68
2024-05-17T13:35:00+00:00,220.1,220.55,220.05,220.1,82
2024-05-17T13:40:00+00:00,220.05,220.45,220.05,220.45,80
2024-05-17T13:45:00+00:00,220.2,220.45,220.05,220.1,17
2024-05-17T13:50:00+00:00,220.1,220.1,220.0,220.05,85
2024-05-17T13:55:00+00:00,220.25,220.35,220.05,220.2,52
2024-05-17T14:00:00+00:00,220.05,220.35,220.05,220.05,32
2024-05-17T14:05:00+00:00,220.05,220.1,220.0,220.1,203
2024-05-17T14:10:00+00:00,220.1,220.35,220.05,220.05,92
2024-05-17T14:15:00+00:00,220.2,220.2,220.05,220.15,16
2024-05-17T14:20:00+00:00,220.05,221.0,219.6,220.0,859
2024-05-17T14:25:00+00:00,219.75,219.75,219.6,219.7,222
2024-05-17T14:30:00+00:00,219.7,219.7,219.6,219.6,68
2024-05-17T14:35:00+00:00,219.6,219.7,219.55,219.55,362
2024-05-17T14:40:00+00:00,219.65,221.1,219.45,219.45,1178
2024-05-17T14:45:00+00:00,219.75,221.1,219.45,221.1,695
2024-05-17T14:50:00+00:00,221.1,221.1,219.35,220.05,288
2024-05-17T14:55:00+00:00,219.7,220.1,219.55,220.1,25
2024-05-17T15:00:00+00:00,220.15,220.2,219.6,220.0,17
2024-05-17T15:05:00+00:00,220.0,220.0,219.95,219.95,29
2024-05-17T15:10:00+00:00,219.9,221.5,219.6,221.5,427
2024-05-17T15:15:00+00:00,220.4,221.6,219.9,221.1,224
2024-05-17T15:20:00+00:00,221.1,221.8,220.75,221.75,148
2024-05-17T15:25:00+00:00,221.75,222.1,221.15,222.05,261
2024-05-17T15:30:00+00:00,221.25,222.0,219.3,221.8,350
2024-05-17T15:35:00+00:00,221.75,221.75,220.55,221.75,103
2024-05-17T15:45:00+00:00,221.7,221.7,221.7,221.7,8
2024-05-20T06:55:00+00:00,221.05,221.05,221.05,221.05,14
2024-05-20T07:00:00+00:00,221.6,222.75,220.4,222.7,82
2024-05-20T07:05:00+00:00,222.65,222.7,221.5,221.7,159
2024-05-20T07:10:00+00:00,221.5,221.7,221.4,221.6,40
2024-05-20T07:15:00+00:00,221.5,221.6,220.8,221.05,98
2024-05-20T07:20:00+00:00,221.15,221.6,220.05,220.15,658
2024-05-20T07:25:00+00:00,220.15,220.35,219.2,220.2,196
2024-05-20T07:30:00+00:00,220.2,220.2,219.65,219.65,141
2024-05-20T07:35:00+00:00,220.0,220.15,219.5,219.55,152
2024-05-20T07:40:00+00:00,219.55,220.25,219.5,219.7,301
2024-05-20T07:45:00+00:00,219.7,219.7,219.5,219.5,476
2024-05-20T07:50:00+00:00,219.4,219.4,219.05,219.05,94
2024-05-20T07:55:00+00:00,219.1,219.1,218.7,218.8,194
2024-05-20T08:00:00+00:00,218.7,218.75,217.8,218.4,597
2024-05-20T08:05:00+00:00,218.05,218.75,217.75,218.3,700
2024-05-20T08:10:00+00:00,218.3,218.85,217.9,218.5,298
2024-05-20T08:15:00+00:00,218.45,218.45,216.5,217.35,2835
2024-05-20T08:20:00+00:00,217.2,218.1,217.15,217.95,276
2024-05-20T08:25:00+00:00,217.75,218.0,217.55,217.55,149
2024-05-20T08:30:00+00:00,217.6,217.8,217.2,217.3,606
2024-05-20T08:35:00+00:00,217.3,217.45,217.25,217.25,109
2024-05-20T08:40:00+00:00,217.35,217.4,217.25,217.35,123
2024-05-20T08:45:00+00:00,217.4,217.6,217.3,217.6,154
2024-05-20T08:50:00+00:00,217.45,218.2,217.4,218.2,187
2024-05-20T08:55:00+00:00,218.1,218.4,217.4,217.45,135
2024-05-20T09:00:00+00:00,217.75,217.85,217.5,217.7,65
2024-05-20T09:05:00+00:00,217.5,217.7,217.2,217.5,549
2024-05-20T09:10:00+00:00,217.5,217.85,217.45,217.8,131
2024-05-20T09:15:00+00:00,217.85,218.0,217.35,217.6,180
2024-05-20T09:20:00+00:00,217.85,217.9,217.85,217.85,30
2024-05-20T09:25:00+00:00,217.9,217.9,217.1,217.2,5068
2024-05-20T09:30:00+00:00,217.2,217.4,217.1,217.4,236
2024-05-20T09:35:00+00:00,217.4,217.4,217.1,217.15,233
2024-05-20T09:40:00+00:00,217.15,217.15,217.1,217.1,381
2024-05-20T09:45:00+00:00,217.15,217.15,217.1,217.15,247
2024-05-20T09:50:00+00:00,217.15,217.15,217.1,217.1,405
2024-05-20T09:55:00+00:00,217.1,217.15,217.1,217.15,105
2024-05-20T10:00:00+00:00,217.15,217.15,217.1,217.1,69
2024-05-20T10:05:00+00:00,217.1,217.15,217.1,217.15,171
2024-05-20T10:10:00+00:00,217.15,217.25,217.1,217.25,1196
2024-05-20T10:15:00+00:00,217.25,217.45,217.2,217.2,91
2024-05-20T10:20:00+00:00,217.3,217.45,217.3,217.4,23
2024-05-20T10:25:00+00:00,217.4,217.5,217.1,217.45,1547
2024-05-20T10:30:00+00:00,217.3,217.3,217.1,217.15,159
2024-05-20T10:35:00+00:00,217.25,217.3,217.2,217.2,76
2024-05-20T10:40:00+00:00,217.3,217.45,217.25,217.35,69
2024-05-20T10:45:00+00:00,217.35,217.4,217.15,217.2,93
2024-05-20T10:50:00+00:00,217.2,217.2,217.2,217.2,97
2024-05-20T10:55:00+00:00,217.3,217.4,217.3,217.4,7
2024-05-20T11:00:00+00:00,217.4,217.65,217.25,217.3,164
2024-05-20T11:05:00+00:00,217.3,217.45,217.3,217.45,37
2024-05-20T11:10:00+00:00,217.45,217.5,217.45,217.5,54
2024-05-20T11:15:00+00:00,217.5,217.6,217.45,217.6,52
2024-05-20T11:20:00+00:00,217.6,217.8,217.5,217.8,19
2024-05-20T11:25:00+00:00,217.7,217.9,217.7,217.9,41
2024-05-20T11:30:00+00:00,217.9,218.1,217.7,217.7,219
2024-05-20T11:35:00+00:00,217.65,218.1,217.65,217.8,115
2024-05-20T11:40:00+00:00,217.8,217.8,217.8,217.8,4
2024-05-20T11:45:00+00:00,217.8,218.0,217.7,218.0,8
2024-05-20T11:50:00+00:00,218.0,218.05,217.7,217.7,9
2024-05-20T11:55:00+00:00,217.7,217.8,217.45,217.8,17
2024-05-20T12:00:00+00:00,217.8,217.8,217.1,217.25,2005
2024-05-20T12:05:00+00:00,217.25,217.35,217.2,217.35,67
2024-05-20T12:10:00+00:00,217.35,217.35,217.15,217.25,32
2024-05-20T12:15:00+00:00,217.25,217.25,217.1,217.1,71
2024-05-20T12:20:00+00:00,217.1,217.15,217.1,217.15,21
2024-05-20T12:25:00+00:00,217.1,217.15,217.05,217.05,236
2024-05-20T12:30:00+00:00,217.05,217.1,217.05,217.05,17
2024-05-20T12:35:00+00:00,217.15,217.15,217.05,217.15,22
2024-05-20T12:40:00+00:00,217.15,217.2,217.15,217.2,6
2024-05-20T12:50:00+00:00,217.05,217.15,217.05,217.1,13
2024-05-20T12:55:00+00:00,217.1,217.2,217.05,217.2,81
2024-05-20T13:00:00+00:00,217.15,217.2,217.1,217.2,14
2024-05-20T13:10:00+00:00,217.1,217.2,217.1,217.2,18
2024-05-20T13:15:00+00:00,217.25,217.35,217.25,217.35,65
2024-05-20T13:20:00+00:00,217.35,217.35,217.05,217.05,160
2024-05-20T13:25:00+00:00,217.25,217.7,217.05,217.7,44
2024-05-20T13:30:00+00:00,217.65,217.9,217.45,217.7,108
2024-05-20T13:35:00+00:00,217.7,217.7,217.4,217.65,53
2024-05-20T13:40:00+00:00,217.5,217.5,217.4,217.4,8
2024-05-20T13:45:00+00:00,217.65,217.65,217.4,217.4,9
2024-05-20T13:50:00+00:00,217.4,217.4,217.0,217.2,339
2024-05-20T13:55:00+00:00,217.2,217.25,217.0,217.0,499
2024-05-20T14:00:00+00:00,217.1,217.1,217.05,217.1,15
2024-05-20T14:05:00+00:00,217.15,217.2,217.05,217.05,27
2024-05-20T14:10:00+00:00,217.1,217.15,217.05,217.05,102
2024-05-20T14:15:00+00:00,217.05,217.45,217.05,217.45,295
2024-05-20T14:20:00+00:00,217.5,217.55,217.5,217.55,38
2024-05-20T14:25:00+00:00,217.55,217.55,217.2,217.4,159
2024-05-20T14:30:00+00:00,217.2,217.35,217.0,217.25,510
2024-05-20T14:35:00+00:00,217.25,217.35,217.05,217.1,56
2024-05-20T14:40:00+00:00,217.05,217.1,217.0,217.0,220
2024-05-20T14:45:00+00:00,217.05,217.1,217.0,217.1,31
2024-05-20T14:50:00+00:00,217.1,217.1,217.0,217.0,7
2024-05-20T14:55:00+00:00,217.1,217.25,217.05,217.05,16
2024-05-20T15:00:00+00:00,217.05,217.1,217.0,217.1,477
2024-05-20T15:05:00+00:00,217.0,217.15,217.0,217.0,21
2024-05-20T15:10:00+00:00,217.1,217.15,217.0,217.0,71
2024-05-20T15:15:00+00:00,217.05,217.1,217.0,217.1,140
2024-05-20T15:20:00+00:00,217.1,217.2,217.1,217.2,37
2024-05-20T15:25:00+00:00,217.2,217.2,217.0,217.05,61
2024-05-20T15:30:00+00:00,217.05,217.35,217.0,217.3,136
2024-05-20T15:35:00+00:00,217.3,217.45,217.0,217.0,126
2024-05-20T15:45:00+00:00,217.0,217.0,217.0,217.0,201
2024-05-21T06:55:00+00:00,217.0,217.0,217.0,217.0,27
2024-05-21T07:00:00+00:00,217.95,217.95,216.5,216.65,187
2024-05-21T07:05:00+00:00,216.7,217.6,216.45,217.2,63
2024-05-21T07:10:00+00:00,216.5,217.0,215.0,215.8,1869
2024-05-21T07:15:00+00:00,215.65,216.15,215.0,215.1,377
2024-05-21T07:20:00+00:00,215.15,215.2,215.0,215.2,298
2024-05-21T07:25:00+00:00,215.2,215.5,215.2,215.35,86
2024-05-21T07:30:00+00:00,215.35,215.55,215.0,215.5,1194
2024-05-21T07:35:00+00:00,215.55,215.65,215.5,215.65,45
2024-05-21T07:40:00+00:00,215.6,215.65,215.5,215.5,195
2024-05-21T07:45:00+00:00,215.5,218.25,215.5,217.6,540
2024-05-21T07:50:00+00:00,217.6,218.2,217.4,217.45,120
2024-05-21T07:55:00+00:00,217.4,217.4,216.2,216.3,46
2024-05-21T08:00:00+00:00,216.25,216.25,215.5,216.05,89
2024-05-21T08:05:00+00:00,216.2,216.2,215.55,215.55,20
2024-05-21T08:10:00+00:00,215.55,216.5,215.5,216.15,1085
2024-05-21T08:15:00+00:00,216.1,216.1,215.95,216.0,86
2024-05-21T08:20:00+00:00,215.95,216.0,215.95,215.95,131
2024-05-21T08:25:00+00:00,216.0,216.1,215.95,216.1,113
2024-05-21T08:30:00+00:00,216.05,216.5,216.0,216.5,29
2024-05-21T08:35:00+00:00,216.5,217.4,215.55,215.55,1782
2024-05-21T08:40:00+00:00,215.55,217.8,215.0,217.25,1721
2024-05-21T08:45:00+00:00,216.3,216.6,216.0,216.05,133
2024-05-21T08:50:00+00:00,216.0,216.85,216.0,216.7,114
2024-05-21T08:55:00+00:00,217.0,217.5,216.0,216.5,256
2024-05-21T09:00:00+00:00,216.1,216.35,216.0,216.35,44
2024-05-21T09:05:00+00:00,216.3,216.5,216.05,216.5,10
2024-05-21T09:10:00+00:00,216.1,216.4,216.05,216.4,19
2024-05-21T09:15:00+00:00,216.1,216.1,216.1,216.1,1
2024-05-21T09:20:00+00:00,216.05,216.5,216.0,216.5,42
2024-05-21T09:25:00+00:00,216.4,217.95,216.0,216.9,208
2024-05-21T09:30:00+00:00,216.85,217.0,216.55,216.55,29
2024-05-21T09:35:00+00:00,216.5,216.5,215.0,215.1,4948
2024-05-21T09:40:00+00:00,215.1,215.15,215.05,215.15,19
2024-05-21T09:45:00+00:00,215.15,215.3,215.05,215.25,50
2024-05-21T09:50:00+00:00,215.2,215.3,215.2,215.25,12
2024-05-21T09:55:00+00:00,215.2,215.25,215.05,215.05,44
2024-05-21T10:00:00+00:00,215.15,215.15,215.1,215.15,31
2024-05-21T10:05:00+00:00,215.15,215.5,215.1,215.5,32
2024-05-21T10:10:00+00:00,215.65,215.65,215.5,215.6,14
2024-05-21T10:15:00+00:00,215.6,215.6,215.55,215.55,14
2024-05-21T10:20:00+00:00,215.5,215.65,215.5,215.5,58
2024-05-21T10:25:00+00:00,215.5,215.95,215.5,215.6,190
2024-05-21T10:30:00+00:00,215.95,215.95,215.65,215.65,18
2024-05-21T10:35:00+00:00,215.8,215.8,215.55,215.55,9
2024-05-21T10:40:00+00:00,215.6,215.75,215.55,215.55,12
2024-05-21T10:50:00+00:00,215.65,215.65,215.55,215.55,5
2024-05-21T10:55:00+00:00,215.65,216.0,215.65,216.0,277
2024-05-21T11:00:00+00:00,216.0,216.0,215.7,215.95,22
2024-05-21T11:05:00+00:00,215.8,215.9,215.5,215.75,266
2024-05-21T11:10:00+00:00,215.8,215.95,215.8,215.95,19
2024-05-21T11:15:00+00:00,216.0,216.0,215.5,215.5,346
2024-05-21T11:20:00+00:00,215.9,216.0,215.6,215.95,56
2024-05-21T11:30:00+00:00,215.8,215.8,215.8,215.8,1
2024-05-21T11:35:00+00:00,215.8,215.8,215.8,215.8,21
2024-05-21T11:40:00+00:00,215.95,215.95,215.7,215.7,8
2024-05-21T11:45:00+00:00,215.9,215.9,215.9,215.9,2
2024-05-21T11:50:00+00:00,215.9,215.9,215.65,215.9,32
2024-05-21T11:55:00+00:00,215.65,215.9,215.6,215.85,13
2024-05-21T12:00:00+00:00,215.9,215.9,215.7,215.9,31
2024-05-21T12:05:00+00:00,215.65,215.85,215.65,215.8,7
2024-05-21T12:10:00+00:00,215.9,215.9,215.75,215.85,4
2024-05-21T12:15:00+00:00,215.75,215.85,215.75,215.85,7
2024-05-21T12:20:00+00:00,215.8,215.85,215.5,215.85,157
2024-05-21T12:25:00+00:00,215.85,215.85,215.6,215.6,3
2024-05-21T12:30:00+00:00,215.5,215.6,215.5,215.5,164
2024-05-21T12:35:00+00:00,215.6,215.9,215.6,215.9,26
2024-05-21T12:40:00+00:00,215.8,215.8,215.75,215.8,12
2024-05-21T12:45:00+00:00,215.9,215.9,215.9,215.9,4
2024-05-21T12:50:00+00:00,215.9,215.9,215.5,215.55,64
2024-05-21T12:55:00+00:00,215.55,215.55,215.5,215.55,13
2024-05-21T13:00:00+00:00,215.55,215.55,215.5,215.5,316
2024-05-21T13:05:00+00:00,215.6,215.6,215.5,215.5,7
2024-05-21T13:10:00+00:00,215.5,215.6,215.5,215.6,92
2024-05-21T13:15:00+00:00,215.8,215.8,215.5,215.6,47
2024-05-21T13:20:00+00:00,215.5,215.6,215.5,215.6,39
2024-05-21T13:25:00+00:00,215.6,215.6,215.6,215.6,1
2024-05-21T13:30:00+00:00,215.6,215.6,215.5,215.6,112
2024-05-21T13:35:00+00:00,215.6,215.6,215.5,215.5,61
2024-05-21T13:40:00+00:00,215.55,215.6,215.55,215.55,28
2024-05-21T13:45:00+00:00,215.6,215.6,215.55,215.55,33
2024-05-21T13:50:00+00:00,215.65,215.65,215.6,215.65,55
2024-05-21T13:55:00+00:00,215.55,215.55,215.55,215.55,4
2024-05-21T14:00:00+00:00,215.55,215.55,215.5,215.55,43
2024-05-21T14:05:00+00:00,215.55,215.65,215.55,215.65,50
2024-05-21T14:10:00+00:00,215.6,215.65,215.55,215.65,17
2024-05-21T14:15:00+00:00,215.55,215.7,215.55,215.7,162
2024-05-21T14:20:00+00:00,215.7,215.7,215.65,215.65,77
2024-05-21T14:25:00+00:00,215.7,216.0,215.7,216.0,148
2024-05-21T14:30:00+00:00,215.95,216.0,215.8,215.8,64
2024-05-21T14:35:00+00:00,215.7,215.85,215.6,215.8,19
2024-05-21T14:40:00+00:00,215.85,215.95,215.8,215.8,56
2024-05-21T14:45:00+00:00,215.9,216.0,215.7,215.7,113
2024-05-21T14:50:00+00:00,215.85,215.95,215.85,215.95,8
2024-05-21T14:55:00+00:00,215.95,215.95,215.85,215.95,5
2024-05-21T15:00:00+00:00,215.85,215.95,215.85,215.85,33
2024-05-21T15:05:00+00:00,215.95,215.95,215.65,215.65,66
2024-05-21T15:10:00+00:00,215.85,215.85,215.85,215.85,8
2024-05-21T15:15:00+00:00,215.85,215.85,215.85,215.85,2
2024-05-21T15:20:00+00:00,215.7,215.8,215.65,215.8,9
2024-05-21T15:25:00+00:00,215.7,215.85,215.6,215.65,35
2024-05-21T15:30:00+00:00,215.6,215.6,215.5,215.6,93
2024-05-21T15:35:00+00:00,215.55,215.65,215.5,215.65,39
2024-05-21T15:45:00+00:00,215.65,215.65,215.65,215.65,46
2024-05-22T06:55:00+00:00,214.8,214.8,214.8,214.8,89
2024-05-22T07:00:00+00:00,214.8,216.0,214.75,215.75,121
2024-05-22T07:05:00+00:00,215.75,216.5,215.35,216.5,2701
2024-05-22T07:10:00+00:00,216.4,216.5,216.2,216.5,135
2024-05-22T07:15:00+00:00,216.5,216.5,216.05,216.4,321
2024-05-22T07:20:00+00:00,216.4,216.45,216.1,216.4,120
2024-05-22T07:25:00+00:00,216.4,216.5,216.2,216.5,91
2024-05-22T07:30:00+00:00,216.35,216.45,216.35,216.4,9
2024-05-22T07:35:00+00:00,216.3,216.35,216.0,216.35,129
2024-05-22T07:40:00+00:00,216.35,216.4,216.35,216.4,119
2024-05-22T07:45:00+00:00,216.35,216.5,216.35,216.5,42
2024-05-22T07:50:00+00:00,216.5,216.5,216.45,216.5,599
2024-05-22T07:55:00+00:00,216.5,216.5,216.4,216.4,123
2024-05-22T08:00:00+00:00,216.35,216.45,216.3,216.3,28
2024-05-22T08:05:00+00:00,216.3,216.35,216.3,216.3,53
2024-05-22T08:10:00+00:00,216.3,216.5,216.3,216.5,447
2024-05-22T08:15:00+00:00,216.3,216.3,216.3,216.3,26
2024-05-22T08:20:00+00:00,216.45,216.45,216.45,216.45,11
2024-05-22T08:25:00+00:00,216.45,216.45,215.5,215.6,292
2024-05-22T08:30:00+00:00,215.85,216.5,215.5,216.0,1842
2024-05-22T08:35:00+00:00,216.0,216.0,215.7,215.7,4
2024-05-22T08:40:00+00:00,215.75,216.2,215.7,215.8,22
2024-05-22T08:45:00+00:00,215.85,215.85,215.7,215.7,20
2024-05-22T08:50:00+00:00,216.05,216.05,215.75,215.75,6
2024-05-22T08:55:00+00:00,215.75,216.3,215.65,215.95,108
2024-05-22T09:00:00+00:00,216.0,216.0,216.0,216.0,1
2024-05-22T09:05:00+00:00,216.0,216.1,215.8,216.1,26
2024-05-22T09:10:00+00:00,215.75,215.8,215.5,215.55,125
2024-05-22T09:15:00+00:00,215.55,215.55,215.55,215.55,8
2024-05-22T09:20:00+00:00,215.55,216.05,215.55,216.05,16
2024-05-22T09:25:00+00:00,215.85,216.3,215.65,215.65,52
2024-05-22T09:30:00+00:00,216.15,216.45,216.15,216.45,62
2024-05-22T09:40:00+00:00,216.35,216.35,216.05,216.05,58
2024-05-22T09:45:00+00:00,216.35,216.35,216.35,216.35,2
2024-05-22T09:50:00+00:00,216.15,216.15,216.0,216.1,64
2024-05-22T09:55:00+00:00,216.2,216.3,216.2,216.3,13
2024-05-22T10:00:00+00:00,216.25,216.35,216.25,216.35,12
2024-05-22T10:05:00+00:00,216.4,216.45,216.4,216.4,3
2024-05-22T10:10:00+00:00,216.1,216.15,216.1,216.1,31
2024-05-22T10:15:00+00:00,216.1,216.1,215.9,215.9,16
2024-05-22T10:20:00+00:00,216.0,216.0,216.0,216.0,6
2024-05-22T10:25:00+00:00,216.0,216.0,216.0,216.0,9
2024-05-22T10:30:00+00:00,216.3,216.3,215.95,215.95,4
2024-05-22T10:35:00+00:00,216.25,216.3,216.25,216.3,6
2024-05-22T10:40:00+00:00,216.3,216.3,216.0,216.15,7
2024-05-22T10:45:00+00:00,215.95,216.15,215.7,215.75,44
2024-05-22T10:50:00+00:00,215.95,216.05,215.8,215.8,9
2024-05-22T10:55:00+00:00,215.8,216.1,215.75,216.1,22
2024-05-22T11:00:00+00:00,215.8,215.8,215.6,215.6,69
2024-05-22T11:05:00+00:00,215.85,216.05,215.55,216.05,68
2024-05-22T11:10:00+00:00,216.0,216.05,215.65,215.65,17
2024-05-22T11:15:00+00:00,216.0,216.05,215.75,216.05,5
2024-05-22T11:20:00+00:00,215.7,215.7,215.55,215.65,34
2024-05-22T11:25:00+00:00,215.55,215.65,215.55,215.65,23
2024-05-22T11:30:00+00:00,215.55,215.8,215.55,215.55,17
2024-05-22T11:35:00+00:00,215.55,215.9,215.55,215.9,27
2024-05-22T11:40:00+00:00,215.95,215.95,215.8,215.9,32
2024-05-22T11:45:00+00:00,215.8,215.8,215.8,215.8,1
2024-05-22T11:50:00+00:00,215.85,215.85,215.8,215.85,5
2024-05-22T12:00:00+00:00,215.8,215.8,215.8,215.8,10
2024-05-22T12:10:00+00:00,215.8,215.85,215.5,215.5,4080
2024-05-22T12:15:00+00:00,215.45,215.45,215.2,215.2,60
2024-05-22T12:20:00+00:00,215.4,215.4,214.9,214.95,1085
2024-05-22T12:25:00+00:00,214.9,214.9,212.0,213.25,942
2024-05-22T12:30:00+00:00,213.25,214.05,213.25,213.9,176
2024-05-22T12:35:00+00:00,214.0,214.7,213.8,214.0,112
2024-05-22T12:40:00+00:00,214.0,214.0,213.0,213.0,385
2024-05-22T12:45:00+00:00,213.0,214.0,213.0,214.0,191
2024-05-22T12:50:00+00:00,213.6,213.6,213.15,213.4,50
2024-05-22T12:55:00+00:00,213.4,213.6,213.4,213.55,30
2024-05-22T13:00:00+00:00,213.6,214.0,213.6,214.0,41
2024-05-22T13:05:00+00:00,214.35,214.4,214.15,214.15,12
2024-05-22T13:10:00+00:00,214.15,214.25,213.95,214.05,146
2024-05-22T13:15:00+00:00,214.05,214.2,213.95,214.2,15
2024-05-22T13:20:00+00:00,214.2,214.2,213.95,213.95,14
2024-05-22T13:25:00+00:00,213.95,213.95,213.7,213.7,346
2024-05-22T13:30:00+00:00,213.85,213.9,213.55,213.9,15
2024-05-22T13:35:00+00:00,213.75,213.75,213.05,213.1,145
2024-05-22T13:40:00+00:00,213.1,213.7,213.1,213.65,75
2024-05-22T13:45:00+00:00,213.7,213.7,213.25,213.25,11
2024-05-22T13:50:00+00:00,213.45,213.45,213.45,213.45,1
2024-05-22T13:55:00+00:00,213.3,213.65,213.2,213.65,13
2024-05-22T14:00:00+00:00,213.6,213.6,213.1,213.55,39
2024-05-22T14:05:00+00:00,213.6,213.65,213.1,213.1,92
2024-05-22T14:10:00+00:00,213.35,213.4,213.25,213.4,6
2024-05-22T14:15:00+00:00,213.15,213.15,212.7,212.95,6109
2024-05-22T14:20:00+00:00,212.95,212.95,212.65,212.65,10
2024-05-22T14:25:00+00:00,212.65,212.75,212.5,212.5,134
2024-05-22T14:30:00+00:00,212.5,212.8,212.5,212.7,637
2024-05-22T14:35:00+00:00,212.8,212.9,212.8,212.9,34
2024-05-22T14:40:00+00:00,212.75,212.75,212.5,212.75,214
2024-05-22T14:45:00+00:00,212.85,212.85,212.5,212.65,62
2024-05-22T14:50:00+00:00,212.65,212.75,212.65,212.65,16
2024-05-22T14:55:00+00:00,212.65,212.7,212.5,212.6,40
2024-05-22T15:00:00+00:00,212.55,212.75,212.55,212.75,157
2024-05-22T15:05:00+00:00,212.75,212.75,212.5,212.5,146
2024-05-22T15:10:00+00:00,212.55,212.6,212.5,212.55,207
2024-05-22T15:15:00+00:00,212.55,212.6,212.4,212.5,130
2024-05-22T15:20:00+00:00,212.4,212.5,212.4,212.45,19
2024-05-22T15:25:00+00:00,212.45,212.5,210.25,211.1,1400
2024-05-22T15:30:00+00:00,211.0,211.6,210.75,211.45,243
2024-05-22T15:35:00+00:00,211.4,211.55,211.15,211.55,74
2024-05-22T15:45:00+00:00,211.55,211.55,211.55,211.55,26
2024-05-23T06:55:00+00:00,211.55,211.55,211.55,211.55,2
2024-05-23T07:00:00+00:00,211.55,213.55,211.55,212.25,130
2024-05-23T07:05:00+00:00,212.2,212.45,211.65,211.85,69
2024-05-23T07:10:00+00:00,211.85,211.85,211.0,211.0,280
2024-05-23T07:15:00+00:00,211.3,211.55,211.05,211.35,65
2024-05-23T07:20:00+00:00,211.6,211.65,211.15,211.3,47
2024-05-23T07:25:00+00:00,211.15,211.35,211.15,211.3,72
2024-05-23T07:30:00+00:00,211.15,211.3,211.0,211.0,1395
2024-05-23T07:35:00+00:00,211.15,211.15,204.2,208.0,3430
2024-05-23T07:40:00+00:00,209.2,209.2,208.05,208.5,909
2024-05-23T07:45:00+00:00,208.5,208.7,208.0,208.0,896
2024-05-23T07:50:00+00:00,208.0,208.35,208.0,208.0,439
2024-05-23T07:55:00+00:00,208.2,208.2,207.0,207.0,795
2024-05-23T08:00:00+00:00,206.2,206.85,205.75,206.75,521
2024-05-23T08:05:00+00:00,206.65,206.65,205.7,205.7,736
2024-05-23T08:10:00+00:00,206.0,206.7,206.0,206.4,407
2024-05-23T08:15:00+00:00,206.4,206.4,205.55,205.75,300
2024-05-23T08:20:00+00:00,205.6,205.6,204.2,204.5,2226
2024-05-23T08:25:00+00:00,204.5,204.85,204.2,204.7,1119
2024-05-23T08:30:00+00:00,204.7,206.0,204.65,206.0,2122
2024-05-23T08:35:00+00:00,206.0,206.75,206.0,206.2,245
2024-05-23T08:40:00+00:00,206.2,207.0,206.2,206.7,866
2024-05-23T08:45:00+00:00,207.0,210.5,206.7,209.95,1098
2024-05-23T08:50:00+00:00,209.9,209.95,208.0,208.0,125
2024-05-23T08:55:00+00:00,208.0,208.1,207.6,207.65,64
2024-05-23T09:00:00+00:00,207.65,207.95,207.4,207.95,228
2024-05-23T09:05:00+00:00,207.85,208.9,207.0,207.0,324
2024-05-23T09:10:00+00:00,207.35,207.35,206.5,207.1,125
2024-05-23T09:15:00+00:00,207.05,207.3,206.65,207.0,84
2024-05-23T09:20:00+00:00,206.9,208.0,206.7,207.1,485
2024-05-23T09:25:00+00:00,207.55,209.95,207.1,208.15,820
2024-05-23T09:30:00+00:00,208.15,209.8,207.5,207.55,618
2024-05-23T09:35:00+00:00,207.55,208.15,207.1,207.65,218
2024-05-23T09:40:00+00:00,207.25,207.55,207.25,207.55,8
2024-05-23T09:45:00+00:00,207.25,207.7,206.9,207.4,142
2024-05-23T09:50:00+00:00,207.05,207.45,207.05,207.45,17
2024-05-23T09:55:00+00:00,207.1,207.35,206.9,207.35,179
2024-05-23T10:00:00+00:00,207.05,207.05,206.7,207.0,156
2024-05-23T10:05:00+00:00,207.05,207.35,207.0,207.35,92
2024-05-23T10:10:00+00:00,207.05,207.05,206.35,206.45,148
2024-05-23T10:15:00+00:00,207.0,207.3,206.7,207.25,70
2024-05-23T10:20:00+00:00,207.3,207.3,206.85,207.3,31
2024-05-23T10:25:00+00:00,207.3,207.35,207.0,207.0,108
2024-05-23T10:30:00+00:00,206.8,207.9,206.8,207.9,355
2024-05-23T10:35:00+00:00,207.35,207.95,207.05,207.75,103
2024-05-23T10:40:00+00:00,207.95,208.75,207.3,207.65,187
2024-05-23T10:45:00+00:00,207.65,208.55,207.65,207.65,44
2024-05-23T10:50:00+00:00,207.6,208.45,207.35,207.35,62
2024-05-23T10:55:00+00:00,207.65,208.5,207.6,208.5,34
2024-05-23T11:00:00+00:00,208.5,208.5,207.65,207.7,95
2024-05-23T11:05:00+00:00,207.7,207.7,207.3,207.4,111
2024-05-23T11:10:00+00:00,207.4,207.4,207.4,207.4,4
2024-05-23T11:15:00+00:00,207.65,208.15,207.4,208.15,10
2024-05-23T11:20:00+00:00,207.8,209.0,207.4,209.0,393
2024-05-23T11:25:00+00:00,209.35,209.35,208.2,208.75,179
2024-05-23T11:30:00+00:00,208.95,209.95,208.45,208.95,463
2024-05-23T11:35:00+00:00,208.95,209.0,208.35,208.75,52
2024-05-23T11:40:00+00:00,208.35,208.6,208.35,208.6,5
2024-05-23T11:45:00+00:00,208.5,208.95,208.3,208.95,54
2024-05-23T11:50:00+00:00,208.4,208.6,208.3,208.6,15
2024-05-23T11:55:00+00:00,208.35,208.7,208.05,208.15,53
2024-05-23T12:00:00+00:00,208.1,208.15,208.05,208.15,3
2024-05-23T12:05:00+00:00,208.15,208.15,207.8,207.8,14
2024-05-23T12:10:00+00:00,208.5,208.8,207.85,208.8,40
2024-05-23T12:15:00+00:00,207.9,208.45,207.55,207.55,65
2024-05-23T12:20:00+00:00,207.6,208.25,207.6,208.25,47
2024-05-23T12:25:00+00:00,208.65,208.65,207.75,207.75,22
2024-05-23T12:30:00+00:00,207.75,208.15,207.75,208.15,4
2024-05-23T12:35:00+00:00,207.75,207.75,207.6,207.6,11
2024-05-23T12:40:00+00:00,207.6,207.6,207.55,207.55,32
2024-05-23T12:45:00+00:00,207.55,208.15,207.55,208.15,21
2024-05-23T12:50:00+00:00,207.55,208.15,207.55,208.15,2
2024-05-23T12:55:00+00:00,208.15,208.9,208.0,208.75,146
2024-05-23T13:00:00+00:00,208.75,208.95,208.75,208.95,50
2024-05-23T13:05:00+00:00,208.6,208.75,208.05,208.1,69
2024-05-23T13:10:00+00:00,208.0,209.0,207.8,208.35,131
2024-05-23T13:15:00+00:00,208.85,208.95,208.85,208.95,30
2024-05-23T13:20:00+00:00,208.95,209.0,208.95,209.0,73
2024-05-23T13:25:00+00:00,208.95,209.0,208.9,208.9,213
2024-05-23T13:30:00+00:00,208.9,208.9,208.9,208.9,24
2024-05-23T13:35:00+00:00,208.9,210.0,208.4,210.0,846
2024-05-23T13:40:00+00:00,209.15,209.25,209.05,209.05,12
2024-05-23T13:45:00+00:00,209.5,209.5,209.5,209.5,11
2024-05-23T13:50:00+00:00,209.4,209.65,208.7,209.25,116
2024-05-23T13:55:00+00:00,209.25,209.7,208.75,209.7,76
2024-05-23T14:00:00+00:00,209.25,210.0,209.25,209.95,344
2024-05-23T14:05:00+00:00,209.2,211.0,205.05,208.6,1813
2024-05-23T14:10:00+00:00,208.05,209.85,208.05,208.2,125
2024-05-23T14:15:00+00:00,208.15,208.15,208.15,208.15,25
2024-05-23T14:20:00+00:00,208.2,208.6,208.2,208.55,39
2024-05-23T14:25:00+00:00,208.55,208.6,208.55,208.6,3
2024-05-23T14:30:00+00:00,208.65,209.95,208.65,209.9,295
2024-05-23T14:35:00+00:00,209.9,209.95,208.3,208.3,311
2024-05-23T14:40:00+00:00,208.65,209.35,208.65,209.2,3
2024-05-23T14:45:00+00:00,208.7,208.7,208.7,208.7,1
2024-05-23T14:50:00+00:00,208.5,208.7,208.2,208.25,40
2024-05-23T14:55:00+00:00,208.65,208.65,208.6,208.65,4
2024-05-23T15:00:00+00:00,208.65,208.65,207.7,208.15,55
2024-05-23T15:05:00+00:00,208.15,208.3,208.1,208.25,9
2024-05-23T15:10:00+00:00,208.15,208.75,208.15,208.15,17
2024-05-23T15:15:00+00:00,208.6,208.6,208.0,208.35,4
2024-05-23T15:20:00+00:00,208.35,208.75,208.35,208.65,33
2024-05-23T15:25:00+00:00,208.2,208.75,208.05,208.75,10
2024-05-23T15:30:00+00:00,208.5,208.7,208.15,208.7,127
2024-05-23T15:35:00+00:00,208.7,208.75,207.7,208.7,168
2024-05-23T15:45:00+00:00,208.95,208.95,208.95,208.95,183
2024-05-24T06:55:00+00:00,208.95,208.95,208.95,208.95,8
2024-05-24T07:00:00+00:00,208.85,211.1,208.85,209.75,587
2024-05-24T07:05:00+00:00,209.0,209.7,209.0,209.7,53
2024-05-24T07:10:00+00:00,209.7,215.9,209.7,215.9,4624
2024-05-24T07:15:00+00:00,215.7,215.9,214.7,215.1,603
2024-05-24T07:20:00+00:00,215.1,215.15,211.35,213.25,2062
2024-05-24T07:25:00+00:00,212.4,214.75,211.6,213.7,672
2024-05-24T07:30:00+00:00,213.65,214.75,212.75,214.4,719
2024-05-24T07:35:00+00:00,214.2,214.2,212.9,213.3,415
2024-05-24T07:40:00+00:00,213.3,214.0,213.0,213.9,399
2024-05-24T07:45:00+00:00,213.9,214.0,213.9,214.0,171
2024-05-24T07:50:00+00:00,214.0,214.0,212.9,212.9,490
2024-05-24T07:55:00+00:00,213.25,213.35,212.95,213.35,132
2024-05-24T08:00:00+00:00,213.35,213.85,212.9,212.9,166
2024-05-24T08:05:00+00:00,212.9,213.4,211.05,211.05,480
2024-05-24T08:10:00+00:00,211.05,211.35,209.85,210.0,652
2024-05-24T08:15:00+00:00,210.05,211.65,209.1,209.75,660
2024-05-24T08:20:00+00:00,209.75,210.45,208.95,208.95,437
2024-05-24T08:25:00+00:00,208.9,210.15,208.5,208.5,420
2024-05-24T08:30:00+00:00,208.6,209.0,208.05,208.05,456
2024-05-24T08:35:00+00:00,208.1,208.5,207.55,207.6,370
2024-05-24T08:40:00+00:00,207.35,208.0,207.0,207.4,196
2024-05-24T08:45:00+00:00,207.5,207.75,207.2,207.75,122
2024-05-24T08:50:00+00:00,207.35,207.35,207.05,207.05,42
2024-05-24T08:55:00+00:00,207.25,207.75,207.1,207.15,196
2024-05-24T09:00:00+00:00,207.95,208.05,207.15,207.45,114
2024-05-24T09:05:00+00:00,207.4,208.45,207.2,207.2,138
2024-05-24T09:10:00+00:00,207.15,207.8,207.1,207.25,19
2024-05-24T09:15:00+00:00,207.25,209.25,207.2,207.55,170
2024-05-24T09:20:00+00:00,207.8,208.95,207.15,207.15,378
2024-05-24T09:25:00+00:00,207.2,207.6,207.15,207.25,35
2024-05-24T09:30:00+00:00,207.25,208.1,207.25,207.45,24
2024-05-24T09:35:00+00:00,207.45,207.8,207.4,207.8,16
2024-05-24T09:40:00+00:00,207.7,207.7,207.15,207.65,32
2024-05-24T09:45:00+00:00,207.45,208.85,207.1,207.5,252
2024-05-24T09:50:00+00:00,207.45,209.2,207.35,207.4,97
2024-05-24T09:55:00+00:00,207.45,207.8,207.4,207.45,133
2024-05-24T10:00:00+00:00,207.65,207.9,207.5,207.5,51
2024-05-24T10:05:00+00:00,207.4,207.5,207.15,207.35,16
2024-05-24T10:10:00+00:00,207.35,207.45,207.2,207.45,34
2024-05-24T10:15:00+00:00,207.45,207.45,207.0,207.0,378
2024-05-24T10:20:00+00:00,207.0,207.5,206.3,207.5,271
2024-05-24T10:25:00+00:00,207.15,207.15,206.5,206.5,14
2024-05-24T10:30:00+00:00,206.4,206.4,206.3,206.4,22
2024-05-24T10:35:00+00:00,206.4,206.5,206.4,206.5,22
2024-05-24T10:40:00+00:00,206.5,206.6,206.3,206.3,112
2024-05-24T10:45:00+00:00,206.4,206.4,206.3,206.3,147
2024-05-24T10:50:00+00:00,206.4,206.5,206.3,206.4,45
2024-05-24T10:55:00+00:00,206.4,206.4,206.35,206.35,3
2024-05-24T11:00:00+00:00,206.4,206.5,206.4,206.5,13
2024-05-24T11:05:00+00:00,206.45,206.45,206.35,206.4,13
2024-05-24T11:10:00+00:00,206.45,206.45,206.4,206.4,3
2024-05-24T11:15:00+00:00,206.45,206.5,206.35,206.4,9
2024-05-24T11:20:00+00:00,206.35,206.45,206.3,206.45,28
2024-05-24T11:25:00+00:00,206.35,206.4,206.35,206.35,10
2024-05-24T11:30:00+00:00,206.35,206.35,206.3,206.3,4
2024-05-24T11:35:00+00:00,206.35,206.4,206.35,206.4,3
2024-05-24T11:40:00+00:00,206.3,206.5,206.3,206.4,64
2024-05-24T11:45:00+00:00,206.5,206.5,206.4,206.45,12
2024-05-24T11:50:00+00:00,206.4,206.5,206.4,206.4,66
2024-05-24T11:55:00+00:00,206.4,206.5,206.3,206.5,87
2024-05-24T12:00:00+00:00,206.3,206.45,206.3,206.35,102
2024-05-24T12:05:00+00:00,206.35,206.35,206.3,206.3,24
2024-05-24T12:10:00+00:00,206.35,206.35,206.2,206.2,122
2024-05-24T12:15:00+00:00,206.2,206.4,206.2,206.2,111
2024-05-24T12:20:00+00:00,206.2,206.4,206.2,206.4,25
2024-05-24T12:25:00+00:00,206.2,206.4,206.0,206.05,43
2024-05-24T12:30:00+00:00,206.05,206.05,206.0,206.05,55
2024-05-24T12:35:00+00:00,206.05,206.45,206.0,206.2,170
2024-05-24T12:40:00+00:00,206.05,206.2,206.05,206.2,7
2024-05-24T12:45:00+00:00,206.1,206.9,205.2,205.6,827
2024-05-24T12:50:00+00:00,205.65,206.35,205.6,206.3,23
2024-05-24T12:55:00+00:00,205.55,205.55,205.45,205.55,4
2024-05-24T13:00:00+00:00,205.45,205.55,205.45,205.55,11
2024-05-24T13:05:00+00:00,205.35,205.8,205.2,205.7,256
2024-05-24T13:10:00+00:00,205.65,205.85,205.25,205.85,50
2024-05-24T13:15:00+00:00,205.85,206.25,205.85,206.15,31
2024-05-24T13:20:00+00:00,205.75,206.4,205.75,206.4,40
2024-05-24T13:25:00+00:00,206.2,206.4,205.9,205.9,105
2024-05-24T13:30:00+00:00,205.9,206.45,205.75,205.75,210
2024-05-24T13:35:00+00:00,205.85,205.85,205.65,205.85,14
2024-05-24T13:40:00+00:00,205.8,205.8,205.65,205.65,112
2024-05-24T13:45:00+00:00,205.65,205.65,205.6,205.65,113
2024-05-24T13:50:00+00:00,205.65,205.65,205.6,205.6,12
2024-05-24T13:55:00+00:00,205.55,205.65,205.4,205.4,94
2024-05-24T14:00:00+00:00,205.4,205.4,205.3,205.3,14
2024-05-24T14:05:00+00:00,205.5,205.65,205.4,205.4,291
2024-05-24T14:10:00+00:00,205.5,205.5,205.35,205.35,105
2024-05-24T14:15:00+00:00,205.35,205.65,205.35,205.5,40
2024-05-24T14:20:00+00:00,205.6,205.65,205.6,205.65,3851
2024-05-24T14:25:00+00:00,205.65,205.65,205.6,205.6,12
2024-05-24T14:30:00+00:00,205.55,205.65,205.55,205.6,267
2024-05-24T14:35:00+00:00,205.6,205.6,205.3,205.35,24
2024-05-24T14:40:00+00:00,205.35,205.35,205.1,205.1,348
2024-05-24T14:45:00+00:00,205.15,205.2,205.15,205.2,3
2024-05-24T14:50:00+00:00,205.1,205.2,205.05,205.05,96
2024-05-24T14:55:00+00:00,205.15,205.2,205.1,205.1,115
2024-05-24T15:00:00+00:00,205.2,205.2,205.05,205.1,21
2024-05-24T15:05:00+00:00,205.1,205.2,205.05,205.1,224
2024-05-24T15:10:00+00:00,205.1,205.2,205.0,205.0,364
2024-05-24T15:15:00+00:00,205.2,205.2,205.0,205.2,16
2024-05-24T15:20:00+00:00,205.0,205.2,205.0,205.0,126
2024-05-24T15:25:00+00:00,205.0,205.0,204.6,204.65,50
2024-05-24T15:30:00+00:00,204.65,205.05,204.5,204.5,200
2024-05-24T15:35:00+00:00,204.5,204.55,202.75,204.5,446
2024-05-24T15:45:00+00:00,204.05,204.05,204.05,204.05,6
2024-05-27T06:55:00+00:00,209.0,209.0,209.0,209.0,120
2024-05-27T07:00:00+00:00,208.95,208.95,204.6,204.8,293
2024-05-27T07:05:00+00:00,204.8,204.8,200.2,203.0,588
2024-05-27T07:10:00+00:00,203.4,203.95,202.7,203.05,306
2024-05-27T07:15:00+00:00,203.05,203.1,201.65,202.7,88
2024-05-27T07:20:00+00:00,201.85,202.7,201.5,201.6,427
2024-05-27T07:25:00+00:00,201.55,201.55,200.0,200.65,1697
2024-05-27T07:30:00+00:00,200.6,201.15,200.0,201.15,618
2024-05-27T07:35:00+00:00,200.65,201.15,200.1,200.55,307
2024-05-27T07:40:00+00:00,200.2,202.55,200.2,201.65,493
2024-05-27T07:45:00+00:00,201.75,201.75,200.55,200.6,244
2024-05-27T07:50:00+00:00,200.6,200.65,200.5,200.65,105
2024-05-27T07:55:00+00:00,200.5,202.5,200.5,201.7,194
2024-05-27T08:00:00+00:00,201.65,201.65,200.55,200.55,282
2024-05-27T08:05:00+00:00,200.5,201.5,200.1,200.5,231
2024-05-27T08:10:00+00:00,200.65,200.95,199.4,199.6,677
2024-05-27T08:15:00+00:00,199.65,199.85,197.0,198.6,546
2024-05-27T08:20:00+00:00,198.55,198.95,198.5,198.6,140
2024-05-27T08:25:00+00:00,198.95,199.0,198.5,199.0,499
2024-05-27T08:30:00+00:00,198.9,199.9,198.5,199.9,247
2024-05-27T08:35:00+00:00,200.0,201.2,199.95,201.1,85
2024-05-27T08:40:00+00:00,201.15,201.3,200.0,200.0,37
2024-05-27T08:45:00+00:00,200.0,200.2,199.25,199.25,788
2024-05-27T08:50:00+00:00,199.3,200.6,199.3,200.0,212
2024-05-27T08:55:00+00:00,200.05,200.05,199.9,200.05,74
2024-05-27T09:00:00+00:00,200.05,200.45,199.5,200.05,96
2024-05-27T09:05:00+00:00,200.25,200.25,200.0,200.0,12
2024-05-27T09:10:00+00:00,200.05,200.05,199.3,199.3,399
2024-05-27T09:15:00+00:00,199.5,199.5,199.05,199.1,87
2024-05-27T09:20:00+00:00,199.1,199.5,199.0,199.0,115
2024-05-27T09:25:00+00:00,199.0,199.4,198.5,198.5,351
2024-05-27T09:30:00+00:00,198.5,199.0,197.5,197.5,801
2024-05-27T09:35:00+00:00,197.5,197.6,191.3,193.3,1787
2024-05-27T09:40:00+00:00,193.1,194.25,192.7,194.05,714
2024-05-27T09:45:00+00:00,194.1,194.95,194.0,194.55,349
2024-05-27T09:50:00+00:00,194.6,194.95,194.5,194.95,167
2024-05-27T09:55:00+00:00,194.95,195.3,194.9,195.3,260
2024-05-27T10:00:00+00:00,195.1,198.7,195.1,198.0,428
2024-05-27T10:05:00+00:00,198.0,198.7,197.25,197.25,199
2024-05-27T10:10:00+00:00,197.3,199.45,197.1,197.75,274
2024-05-27T10:15:00+00:00,197.8,198.0,197.5,197.5,118
2024-05-27T10:20:00+00:00,197.5,198.05,197.1,198.05,154
2024-05-27T10:25:00+00:00,198.05,199.3,198.0,198.75,118
2024-05-27T10:30:00+00:00,198.9,198.9,198.05,198.1,23
2024-05-27T10:35:00+00:00,198.05,198.1,198.0,198.0,121
2024-05-27T10:40:00+00:00,198.1,198.5,198.1,198.5,64
2024-05-27T10:45:00+00:00,198.15,198.5,198.1,198.1,2857
2024-05-27T10:50:00+00:00,198.2,202.0,198.2,200.4,568
2024-05-27T10:55:00+00:00,200.25,200.3,199.2,199.35,66
2024-05-27T11:00:00+00:00,200.25,202.3,199.25,199.25,175
2024-05-27T11:05:00+00:00,199.3,200.0,199.3,200.0,95
2024-05-27T11:10:00+00:00,200.1,200.15,199.0,199.8,39
2024-05-27T11:15:00+00:00,199.8,200.1,199.25,199.3,9
2024-05-27T11:20:00+00:00,199.25,199.5,199.25,199.25,35
2024-05-27T11:25:00+00:00,199.5,199.5,198.55,198.65,147
2024-05-27T11:30:00+00:00,198.9,199.05,198.9,199.05,5
2024-05-27T11:35:00+00:00,199.05,199.05,198.65,198.65,58
2024-05-27T11:40:00+00:00,198.9,199.4,198.85,198.85,153
2024-05-27T11:45:00+00:00,199.3,199.6,199.1,199.15,571
2024-05-27T11:50:00+00:00,199.45,199.6,199.2,199.6,22
2024-05-27T11:55:00+00:00,199.95,201.95,199.95,200.2,110
2024-05-27T12:00:00+00:00,200.1,203.0,200.1,203.0,129
2024-05-27T12:05:00+00:00,201.25,203.0,201.0,203.0,84
2024-05-27T12:10:00+00:00,202.75,203.0,200.3,202.1,97
2024-05-27T12:15:00+00:00,202.5,205.45,202.5,203.4,304
2024-05-27T12:20:00+00:00,204.75,205.0,203.15,203.45,71
2024-05-27T12:25:00+00:00,203.9,205.25,203.15,205.25,369
2024-05-27T12:30:00+00:00,205.25,208.85,205.25,206.2,944
2024-05-27T12:35:00+00:00,206.3,207.6,206.3,207.2,201
2024-05-27T12:40:00+00:00,207.2,207.9,207.2,207.25,92
2024-05-27T12:45:00+00:00,207.7,207.7,207.2,207.45,406
2024-05-27T12:50:00+00:00,207.2,207.85,207.2,207.85,81
2024-05-27T12:55:00+00:00,207.8,207.85,207.2,207.2,230
2024-05-27T13:00:00+00:00,207.2,207.65,207.2,207.65,179
2024-05-27T13:05:00+00:00,207.65,207.7,207.2,207.2,27
2024-05-27T13:10:00+00:00,207.5,207.65,207.2,207.25,17
2024-05-27T13:15:00+00:00,207.2,207.25,207.2,207.2,215
2024-05-27T13:20:00+00:00,207.25,207.7,207.2,207.25,67
2024-05-27T13:25:00+00:00,207.55,207.75,207.2,207.25,277
2024-05-27T13:30:00+00:00,207.7,207.75,207.2,207.25,30
2024-05-27T13:35:00+00:00,207.3,207.9,207.3,207.75,302
2024-05-27T13:40:00+00:00,207.75,208.0,207.75,207.85,41
2024-05-27T13:45:00+00:00,207.9,207.9,207.75,207.75,264
2024-05-27T13:50:00+00:00,207.75,207.75,207.0,207.45,273
2024-05-27T13:55:00+00:00,207.7,207.9,205.45,205.45,458
2024-05-27T14:00:00+00:00,205.4,206.4,205.1,205.2,86
2024-05-27T14:05:00+00:00,206.0,206.0,205.2,205.2,7
2024-05-27T14:10:00+00:00,205.05,205.2,205.0,205.0,80
2024-05-27T14:15:00+00:00,205.15,205.15,205.0,205.0,20
2024-05-27T14:20:00+00:00,205.1,205.1,205.0,205.0,11
2024-05-27T14:25:00+00:00,204.45,205.85,202.6,205.85,306
2024-05-27T14:30:00+00:00,205.0,205.0,203.45,203.45,53
2024-05-27T14:35:00+00:00,204.2,204.5,204.0,204.0,111
2024-05-27T14:40:00+00:00,204.05,204.05,202.8,203.4,101
2024-05-27T14:45:00+00:00,203.05,203.2,201.4,201.4,236
2024-05-27T14:50:00+00:00,201.05,201.05,200.5,200.65,57
2024-05-27T14:55:00+00:00,201.25,201.25,200.5,200.5,37
2024-05-27T15:00:00+00:00,201.25,202.8,201.1,201.95,241
2024-05-27T15:05:00+00:00,202.1,202.1,201.1,201.25,39
2024-05-27T15:10:00+00:00,201.25,201.9,200.85,201.9,18
2024-05-27T15:15:00+00:00,201.9,201.9,200.0,200.85,174
2024-05-27T15:20:00+00:00,200.0,200.5,198.1,200.45,206
2024-05-27T15:25:00+00:00,200.0,200.0,198.75,199.9,22
2024-05-27T15:30:00+00:00,199.05,200.0,199.05,199.95,45
2024-05-27T15:35:00+00:00,200.0,200.0,199.1,199.95,14
2024-05-27T15:45:00+00:00,199.95,199.95,199.95,199.95,85
2024-05-28T06:55:00+00:00,199.5,199.5,199.5,199.5,15
2024-05-28T07:00:00+00:00,199.0,201.05,197.0,201.05,21
2024-05-28T07:05:00+00:00,202.15,202.15,197.0,197.25,167
2024-05-28T07:10:00+00:00,197.3,199.2,197.0,197.8,214
2024-05-28T07:15:00+00:00,197.9,199.2,197.85,199.2,360
2024-05-28T07:20:00+00:00,199.2,200.0,198.05,200.0,296
2024-05-28T07:25:00+00:00,200.7,201.85,199.0,200.7,152
2024-05-28T07:30:00+00:00,199.7,203.0,199.65,203.0,95
2024-05-28T07:35:00+00:00,203.0,205.7,201.6,202.25,434
2024-05-28T07:40:00+00:00,202.45,202.7,202.35,202.4,13
2024-05-28T07:45:00+00:00,203.4,204.25,203.4,204.25,50
2024-05-28T07:50:00+00:00,204.45,204.95,201.65,203.0,180
2024-05-28T07:55:00+00:00,203.05,204.6,203.05,204.6,179
2024-05-28T08:00:00+00:00,204.7,204.7,203.2,204.05,410
2024-05-28T08:05:00+00:00,204.0,204.0,203.2,203.5,20
2024-05-28T08:10:00+00:00,203.5,204.1,203.0,203.05,288
2024-05-28T08:15:00+00:00,203.0,203.45,202.6,202.85,51
2024-05-28T08:20:00+00:00,202.35,202.9,202.35,202.9,4
2024-05-28T08:25:00+00:00,202.8,202.9,202.4,202.85,162
2024-05-28T08:30:00+00:00,202.85,202.9,202.85,202.85,21
2024-05-28T08:35:00+00:00,202.9,202.9,202.8,202.9,352
2024-05-28T08:40:00+00:00,203.5,203.5,203.5,203.5,2
2024-05-28T08:45:00+00:00,203.6,203.95,203.6,203.95,151
2024-05-28T08:50:00+00:00,203.95,204.2,203.9,204.2,173
2024-05-28T08:55:00+00:00,204.2,204.2,203.7,203.7,3
2024-05-28T09:00:00+00:00,204.15,204.2,204.0,204.2,15
2024-05-28T09:05:00+00:00,204.2,205.0,203.9,203.9,150
2024-05-28T09:10:00+00:00,204.15,205.85,204.15,204.15,62
2024-05-28T09:15:00+00:00,204.2,204.2,204.2,204.2,17
2024-05-28T09:20:00+00:00,204.2,205.85,203.85,205.85,201
2024-05-28T09:25:00+00:00,205.95,206.6,203.75,204.2,784
2024-05-28T09:30:00+00:00,203.85,204.55,203.85,204.15,35
2024-05-28T09:35:00+00:00,204.0,204.95,203.25,203.25,269
2024-05-28T09:40:00+00:00,203.2,203.5,201.75,201.75,246
2024-05-28T09:45:00+00:00,202.1,202.2,201.05,201.05,51
2024-05-28T09:50:00+00:00,201.55,202.55,201.55,202.55,20
2024-05-28T09:55:00+00:00,203.0,203.85,203.0,203.8,247
2024-05-28T10:00:00+00:00,203.8,206.65,203.7,206.65,219
2024-05-28T10:05:00+00:00,206.65,207.0,206.6,206.75,111
2024-05-28T10:10:00+00:00,206.65,206.75,206.6,206.6,232
2024-05-28T10:15:00+00:00,206.6,206.65,206.6,206.6,169
2024-05-28T10:20:00+00:00,206.65,206.65,206.6,206.65,4
2024-05-28T10:25:00+00:00,206.65,207.0,204.65,204.65,688
2024-05-28T10:30:00+00:00,205.05,205.05,201.6,201.6,992
2024-05-28T10:35:00+00:00,202.25,203.0,202.25,202.35,85
2024-05-28T10:40:00+00:00,202.75,203.3,202.75,202.95,49
2024-05-28T10:45:00+00:00,203.45,203.95,203.45,203.95,69
2024-05-28T10:50:00+00:00,204.35,204.35,204.35,204.35,198
2024-05-28T10:55:00+00:00,204.5,205.0,204.5,205.0,224
2024-05-28T11:00:00+00:00,204.8,204.8,204.8,204.8,11
2024-05-28T11:05:00+00:00,204.7,204.95,204.7,204.95,2
2024-05-28T11:10:00+00:00,204.95,204.95,204.95,204.95,1
2024-05-28T11:15:00+00:00,204.8,204.8,204.8,204.8,5
2024-05-28T11:20:00+00:00,204.75,205.0,204.75,204.75,72
2024-05-28T11:25:00+00:00,204.75,204.75,204.5,204.5,52
2024-05-28T11:30:00+00:00,204.5,204.5,203.55,203.55,8
2024-05-28T11:35:00+00:00,203.55,204.7,203.55,204.7,13
2024-05-28T11:40:00+00:00,204.6,204.6,204.6,204.6,2
2024-05-28T11:45:00+00:00,204.6,205.0,203.55,203.55,36
2024-05-28T11:50:00+00:00,204.9,204.95,203.55,204.25,72
2024-05-28T11:55:00+00:00,204.0,204.0,203.55,203.55,55
2024-05-28T12:00:00+00:00,204.05,204.05,203.6,203.6,3
2024-05-28T12:05:00+00:00,203.6,203.85,203.6,203.65,26
2024-05-28T12:10:00+00:00,203.85,203.9,203.85,203.9,5
2024-05-28T12:15:00+00:00,204.0,204.0,204.0,204.0,1
2024-05-28T12:20:00+00:00,204.1,204.15,203.55,204.15,10
2024-05-28T12:25:00+00:00,204.1,204.1,204.1,204.1,12
2024-05-28T12:30:00+00:00,203.95,205.0,203.95,205.0,39
2024-05-28T12:35:00+00:00,204.85,204.85,204.05,204.45,30
2024-05-28T12:40:00+00:00,204.45,204.95,204.05,204.5,71
2024-05-28T12:45:00+00:00,204.2,204.2,204.2,204.2,1
2024-05-28T12:55:00+00:00,204.05,204.75,204.0,204.75,31
2024-05-28T13:00:00+00:00,204.15,204.15,204.0,204.0,30
2024-05-28T13:05:00+00:00,204.25,204.25,204.05,204.05,2
2024-05-28T13:10:00+00:00,204.0,204.0,204.0,204.0,7
2024-05-28T13:15:00+00:00,204.0,204.0,204.0,204.0,41
2024-05-28T13:20:00+00:00,204.2,204.45,204.1,204.1,6
2024-05-28T13:25:00+00:00,204.1,204.1,204.0,204.0,82
2024-05-28T13:30:00+00:00,204.0,204.1,204.0,204.1,10
2024-05-28T13:35:00+00:00,204.1,204.1,204.1,204.1,2
2024-05-28T13:40:00+00:00,204.1,204.1,204.0,204.0,78
2024-05-28T13:45:00+00:00,204.0,204.0,204.0,204.0,1
2024-05-28T13:50:00+00:00,203.95,204.0,203.95,203.95,11
2024-05-28T13:55:00+00:00,204.0,204.0,197.9,202.1,2733
2024-05-28T14:00:00+00:00,201.55,201.55,200.5,200.6,401
2024-05-28T14:05:00+00:00,201.55,201.6,201.0,201.0,29
2024-05-28T14:10:00+00:00,201.05,201.1,200.8,201.1,11
2024-05-28T14:15:00+00:00,201.1,201.1,201.1,201.1,1
2024-05-28T14:20:00+00:00,201.1,201.1,201.05,201.1,205
2024-05-28T14:25:00+00:00,201.5,202.1,201.5,201.65,58
2024-05-28T14:30:00+00:00,201.7,201.7,201.45,201.45,9
2024-05-28T14:35:00+00:00,201.5,201.5,201.25,201.4,23
2024-05-28T14:40:00+00:00,201.35,202.0,201.35,202.0,3
2024-05-28T14:45:00+00:00,202.0,202.05,202.0,202.05,25
2024-05-28T14:50:00+00:00,202.5,202.5,202.5,202.5,2
2024-05-28T14:55:00+00:00,202.5,202.5,201.55,202.4,11
2024-05-28T15:00:00+00:00,201.95,202.25,201.95,201.95,17
2024-05-28T15:05:00+00:00,202.2,202.85,202.2,202.85,160
2024-05-28T15:10:00+00:00,202.3,202.4,202.3,202.4,4
2024-05-28T15:15:00+00:00,202.8,202.85,202.8,202.85,27
2024-05-28T15:20:00+00:00,202.8,202.95,202.25,202.95,39
2024-05-28T15:25:00+00:00,202.95,203.0,202.4,202.95,78
2024-05-28T15:30:00+00:00,202.45,202.45,202.15,202.15,4
2024-05-28T15:35:00+00:00,202.0,202.0,201.15,201.2,24
2024-05-28T15:45:00+00:00,201.2,201.2,201.2,201.2,24
2024-05-29T06:55:00+00:00,205.0,205.0,205.0,205.0,9
2024-05-29T07:00:00+00:00,205.0,205.0,202.6,203.85,90
2024-05-29T07:05:00+00:00,203.8,204.6,203.8,204.6,72
2024-05-29T07:10:00+00:00,204.5,204.55,203.6,203.6,29
2024-05-29T07:15:00+00:00,203.6,204.0,203.6,203.6,103
2024-05-29T07:20:00+00:00,203.9,204.0,203.3,203.5,1071
2024-05-29T07:25:00+00:00,203.5,204.0,203.5,203.9,59
2024-05-29T07:30:00+00:00,203.6,204.0,203.6,203.7,106
2024-05-29T07:35:00+00:00,203.9,204.0,203.65,204.0,219
2024-05-29T07:40:00+00:00,204.0,204.0,203.65,203.65,7
2024-05-29T07:45:00+00:00,203.8,203.8,203.6,203.75,11
2024-05-29T07:50:00+00:00,203.7,203.7,201.45,202.0,178
2024-05-29T07:55:00+00:00,201.95,201.95,201.35,201.5,100
2024-05-29T08:00:00+00:00,201.3,201.8,201.3,201.35,22
2024-05-29T08:05:00+00:00,201.65,201.65,201.35,201.6,6
2024-05-29T08:10:00+00:00,201.6,201.65,201.4,201.4,19
2024-05-29T08:15:00+00:00,201.45,201.65,201.45,201.65,4
2024-05-29T08:20:00+00:00,201.7,201.7,201.45,201.45,19
2024-05-29T08:25:00+00:00,201.7,201.95,201.7,201.95,17
2024-05-29T08:30:00+00:00,201.95,202.0,201.95,201.95,351
2024-05-29T08:35:00+00:00,201.95,202.0,201.95,201.95,44
2024-05-29T08:40:00+00:00,202.0,202.0,201.5,201.6,204
2024-05-29T08:45:00+00:00,201.8,202.0,201.75,201.75,472
2024-05-29T08:50:00+00:00,202.0,202.0,202.0,202.0,1
2024-05-29T08:55:00+00:00,201.75,201.75,201.55,201.55,29
2024-05-29T09:00:00+00:00,201.7,201.7,201.3,201.3,111
2024-05-29T09:05:00+00:00,201.35,201.35,201.1,201.1,78
2024-05-29T09:10:00+00:00,201.3,201.3,201.3,201.3,7
2024-05-29T09:15:00+00:00,201.3,201.5,201.15,201.3,72
2024-05-29T09:20:00+00:00,201.55,201.65,201.35,201.35,8
2024-05-29T09:25:00+00:00,201.5,201.9,201.4,201.9,12
2024-05-29T09:35:00+00:00,201.8,201.8,201.8,201.8,7
2024-05-29T09:40:00+00:00,201.8,201.8,201.6,201.6,5
2024-05-29T09:45:00+00:00,201.6,201.8,201.6,201.8,5
2024-05-29T09:50:00+00:00,201.8,201.8,201.8,201.8,268
2024-05-29T09:55:00+00:00,201.85,201.9,201.85,201.85,8
2024-05-29T10:00:00+00:00,201.9,201.9,201.9,201.9,1
2024-05-29T10:10:00+00:00,201.85,201.85,201.85,201.85,12
2024-05-29T10:15:00+00:00,201.85,202.0,201.85,201.9,12
2024-05-29T10:20:00+00:00,201.9,202.0,201.85,201.85,27
2024-05-29T10:25:00+00:00,201.85,202.0,201.85,202.0,7
2024-05-29T10:30:00+00:00,201.85,202.0,201.8,201.8,12
2024-05-29T10:40:00+00:00,201.8,201.8,201.8,201.8,11
2024-05-29T10:45:00+00:00,201.7,201.7,201.6,201.6,5
2024-05-29T10:50:00+00:00,201.7,201.7,201.6,201.7,4
2024-05-29T10:55:00+00:00,201.7,201.7,201.6,201.6,45
2024-05-29T11:00:00+00:00,201.65,201.65,201.65,201.65,1
2024-05-29T11:05:00+00:00,202.0,202.0,202.0,202.0,1
2024-05-29T11:10:00+00:00,202.0,202.0,200.6,200.95,882
2024-05-29T11:15:00+00:00,200.55,200.7,200.55,200.55,18
2024-05-29T11:20:00+00:00,200.75,201.0,200.55,200.55,227
2024-05-29T11:25:00+00:00,200.65,200.65,199.3,199.3,1118
2024-05-29T11:30:00+00:00,199.9,200.0,199.45,199.45,25
2024-05-29T11:35:00+00:00,199.95,200.0,199.95,200.0,352
2024-05-29T11:40:00+00:00,200.0,200.0,199.9,199.9,44
2024-05-29T11:45:00+00:00,199.95,200.0,199.95,199.95,506
2024-05-29T11:50:00+00:00,200.0,200.0,199.95,199.95,415
2024-05-29T11:55:00+00:00,200.0,200.0,199.9,199.9,615
2024-05-29T12:00:00+00:00,199.6,199.6,199.0,199.45,280
2024-05-29T12:05:00+00:00,199.55,199.7,199.55,199.7,4
2024-05-29T12:10:00+00:00,199.7,199.85,199.05,199.85,27
2024-05-29T12:15:00+00:00,199.85,199.85,199.85,199.85,2
2024-05-29T12:20:00+00:00,199.8,199.8,199.75,199.75,3
2024-05-29T12:25:00+00:00,199.35,199.35,199.05,199.05,10
2024-05-29T12:30:00+00:00,199.05,199.25,199.0,199.0,19
2024-05-29T12:35:00+00:00,199.0,199.25,199.0,199.2,46
2024-05-29T12:40:00+00:00,199.2,199.75,199.2,199.75,50
2024-05-29T12:45:00+00:00,199.6,199.6,199.1,199.3,9
2024-05-29T12:50:00+00:00,199.3,199.6,199.05,199.25,30
2024-05-29T12:55:00+00:00,199.05,199.05,199.0,199.05,102
2024-05-29T13:00:00+00:00,199.05,199.05,199.0,199.0,54
2024-05-29T13:05:00+00:00,199.0,199.05,199.0,199.05,39
2024-05-29T13:10:00+00:00,199.05,199.05,199.05,199.05,30
2024-05-29T13:15:00+00:00,199.55,199.6,199.2,199.2,29
2024-05-29T13:20:00+00:00,199.2,199.2,199.05,199.15,310
2024-05-29T13:25:00+00:00,199.2,199.2,199.15,199.2,43
2024-05-29T13:30:00+00:00,199.15,199.2,199.15,199.2,120
2024-05-29T13:35:00+00:00,199.2,199.2,199.15,199.15,24
2024-05-29T13:40:00+00:00,199.15,199.2,199.15,199.2,183
2024-05-29T13:45:00+00:00,199.2,199.2,199.2,199.2,18
2024-05-29T13:50:00+00:00,199.55,199.75,199.55,199.75,61
2024-05-29T13:55:00+00:00,199.75,199.9,198.05,198.05,961
2024-05-29T14:00:00+00:00,198.05,198.85,198.0,198.45,36
2024-05-29T14:05:00+00:00,198.4,198.4,198.0,198.3,27
2024-05-29T14:10:00+00:00,198.3,198.3,198.0,198.0,3
2024-05-29T14:15:00+00:00,198.35,198.45,198.1,198.1,33
2024-05-29T14:20:00+00:00,198.1,198.9,198.1,198.9,23
2024-05-29T14:25:00+00:00,198.9,199.0,198.65,198.95,123
2024-05-29T14:30:00+00:00,198.65,199.0,198.6,198.7,93
2024-05-29T14:35:00+00:00,199.0,199.0,198.7,199.0,146
2024-05-29T14:40:00+00:00,199.0,199.0,199.0,199.0,2
2024-05-29T14:45:00+00:00,199.0,199.0,199.0,199.0,101
2024-05-29T14:50:00+00:00,199.0,199.0,198.6,198.6,13
2024-05-29T14:55:00+00:00,198.95,198.95,198.95,198.95,1
2024-05-29T15:00:00+00:00,198.9,199.0,198.9,199.0,64
2024-05-29T15:05:00+00:00,199.0,199.0,198.95,199.0,17
2024-05-29T15:10:00+00:00,199.0,199.0,199.0,199.0,9
2024-05-29T15:15:00+00:00,199.0,199.0,199.0,199.0,46
2024-05-29T15:20:00+00:00,199.0,199.0,199.0,199.0,17
2024-05-29T15:25:00+00:00,199.0,199.0,198.95,198.95,91
2024-05-29T15:30:00+00:00,198.8,198.8,198.6,198.6,96
2024-05-29T15:35:00+00:00,198.95,199.0,198.6,199.0,251
2024-05-29T15:45:00+00:00,198.95,198.95,198.95,198.95,62
2024-05-30T06:55:00+00:00,199.0,199.0,199.0,199.0,1
2024-05-30T07:00:00+00:00,199.95,203.95,199.0,202.4,1059
2024-05-30T07:05:00+00:00,202.6,203.0,199.05,199.2,485
2024-05-30T07:10:00+00:00,199.9,200.0,199.9,200.0,284
2024-05-30T07:15:00+00:00,199.95,200.0,199.95,200.0,265
2024-05-30T07:20:00+00:00,199.55,199.55,198.55,198.9,92
2024-05-30T07:25:00+00:00,198.95,200.0,198.95,199.5,416
2024-05-30T07:30:00+00:00,199.5,200.0,199.5,199.95,20
2024-05-30T07:35:00+00:00,199.95,200.0,199.95,199.95,9
2024-05-30T07:40:00+00:00,199.95,199.95,199.95,199.95,8
2024-05-30T07:45:00+00:00,200.0,200.0,199.95,200.0,11
2024-05-30T07:50:00+00:00,200.0,200.0,200.0,200.0,51
2024-05-30T07:55:00+00:00,200.0,200.0,200.0,200.0,40
2024-05-30T08:00:00+00:00,200.0,200.0,199.95,200.0,513
2024-05-30T08:05:00+00:00,200.0,200.0,200.0,200.0,51
2024-05-30T08:10:00+00:00,200.0,200.0,199.95,200.0,24
2024-05-30T08:15:00+00:00,200.0,200.0,200.0,200.0,12
2024-05-30T08:20:00+00:00,199.95,199.95,199.7,199.7,74
2024-05-30T08:25:00+00:00,199.95,200.0,199.75,199.95,76
2024-05-30T08:30:00+00:00,200.0,200.0,199.95,199.95,178
2024-05-30T08:35:00+00:00,199.95,199.95,199.95,199.95,4
2024-05-30T08:40:00+00:00,199.95,199.95,199.25,199.25,49
2024-05-30T08:45:00+00:00,199.8,200.0,199.5,199.95,103
2024-05-30T08:50:00+00:00,199.35,199.95,199.35,199.95,5
2024-05-30T08:55:00+00:00,199.95,199.95,199.95,199.95,2
2024-05-30T09:00:00+00:00,199.95,199.95,199.05,199.95,60
2024-05-30T09:05:00+00:00,199.95,199.95,199.55,199.9,4
2024-05-30T09:10:00+00:00,199.85,199.85,199.5,199.5,2
2024-05-30T09:15:00+00:00,199.85,199.85,199.85,199.85,1
2024-05-30T09:20:00+00:00,199.7,199.7,199.7,199.7,8
2024-05-30T09:25:00+00:00,199.7,200.0,199.7,200.0,18
2024-05-30T09:30:00+00:00,200.0,200.0,200.0,200.0,4
2024-05-30T09:35:00+00:00,200.0,200.0,199.85,200.0,147
2024-05-30T09:40:00+00:00,200.0,200.0,199.55,199.55,98
2024-05-30T09:45:00+00:00,199.45,199.45,199.45,199.45,2
2024-05-30T09:50:00+00:00,199.6,199.6,199.6,199.6,7
2024-05-30T09:55:00+00:00,199.45,199.45,199.35,199.35,12
2024-05-30T10:00:00+00:00,199.3,199.3,199.1,199.1,160
2024-05-30T10:05:00+00:00,199.4,199.45,199.05,199.45,14
2024-05-30T10:10:00+00:00,199.1,199.4,199.05,199.05,16
2024-05-30T10:15:00+00:00,199.4,199.45,199.05,199.05,10
2024-05-30T10:20:00+00:00,199.05,199.4,199.05,199.4,3
2024-05-30T10:25:00+00:00,199.1,199.4,199.1,199.4,4
2024-05-30T10:30:00+00:00,199.35,199.4,199.35,199.4,5
2024-05-30T10:35:00+00:00,199.05,199.05,199.05,199.05,1
2024-05-30T10:40:00+00:00,199.1,199.1,199.1,199.1,1
2024-05-30T10:45:00+00:00,199.05,199.45,199.0,199.45,31
2024-05-30T10:50:00+00:00,199.05,199.05,198.55,198.55,59
2024-05-30T10:55:00+00:00,199.2,199.25,198.8,199.2,27
2024-05-30T11:00:00+00:00,199.25,199.25,199.25,199.25,3
2024-05-30T11:05:00+00:00,199.3,199.6,199.3,199.6,10
2024-05-30T11:10:00+00:00,199.35,199.55,199.35,199.55,17
2024-05-30T11:15:00+00:00,199.7,200.0,199.4,199.9,796
2024-05-30T11:20:00+00:00,199.6,199.9,199.25,199.45,194
2024-05-30T11:25:00+00:00,199.45,200.45,199.15,199.85,511
2024-05-30T11:30:00+00:00,199.5,199.65,199.1,199.65,42
2024-05-30T11:35:00+00:00,199.55,199.6,199.3,199.3,11
2024-05-30T11:40:00+00:00,199.25,199.3,199.05,199.3,21
2024-05-30T11:45:00+00:00,199.3,200.0,199.3,200.0,228
2024-05-30T11:50:00+00:00,199.85,199.9,199.8,199.9,24
2024-05-30T11:55:00+00:00,199.8,200.0,199.7,199.75,47
2024-05-30T12:00:00+00:00,199.75,199.75,198.8,198.8,355
2024-05-30T12:05:00+00:00,199.0,199.0,198.8,198.8,60
2024-05-30T12:10:00+00:00,199.0,199.0,198.8,198.8,8
2024-05-30T12:15:00+00:00,199.0,199.0,198.8,198.8,4
2024-05-30T12:20:00+00:00,199.0,199.0,198.8,198.8,104
2024-05-30T12:25:00+00:00,198.85,198.9,198.35,198.35,165
2024-05-30T12:30:00+00:00,198.75,198.75,198.05,198.05,127
2024-05-30T12:35:00+00:00,198.3,198.3,197.6,197.6,316
2024-05-30T12:40:00+00:00,197.15,197.7,197.0,197.15,225
2024-05-30T12:45:00+00:00,197.0,197.1,196.7,197.0,24
2024-05-30T12:50:00+00:00,197.05,198.25,196.7,197.05,242
2024-05-30T12:55:00+00:00,197.55,198.2,197.2,198.2,62
2024-05-30T13:00:00+00:00,198.25,198.25,198.0,198.0,188
2024-05-30T13:05:00+00:00,198.0,198.0,197.1,197.35,46
2024-05-30T13:10:00+00:00,197.35,197.55,197.1,197.25,14
2024-05-30T13:15:00+00:00,197.65,197.95,197.25,197.4,100
2024-05-30T13:20:00+00:00,197.45,197.85,197.45,197.45,36
2024-05-30T13:25:00+00:00,197.7,197.75,197.3,197.7,48
2024-05-30T13:30:00+00:00,197.4,197.9,197.4,197.9,3
2024-05-30T13:35:00+00:00,197.95,197.95,197.8,197.8,15
2024-05-30T13:40:00+00:00,197.7,197.8,197.3,197.35,118
2024-05-30T13:45:00+00:00,197.75,198.85,197.75,198.85,150
2024-05-30T13:50:00+00:00,198.8,199.0,198.55,198.55,282
2024-05-30T13:55:00+00:00,198.55,198.6,198.2,198.6,96
2024-05-30T14:00:00+00:00,198.35,199.0,198.2,198.95,387
2024-05-30T14:05:00+00:00,198.95,199.0,197.7,197.7,435
2024-05-30T14:10:00+00:00,197.65,198.55,197.65,198.35,42
2024-05-30T14:15:00+00:00,198.35,199.0,197.85,199.0,505
2024-05-30T14:20:00+00:00,198.25,198.25,198.25,198.25,10
2024-05-30T14:25:00+00:00,198.8,198.8,198.5,198.5,2
2024-05-30T14:30:00+00:00,198.95,198.95,198.9,198.95,36
2024-05-30T14:35:00+00:00,199.0,199.0,197.3,197.3,114
2024-05-30T14:40:00+00:00,198.05,198.1,197.65,197.8,49
2024-05-30T14:45:00+00:00,197.8,197.8,196.9,197.0,263
2024-05-30T14:50:00+00:00,196.8,197.0,195.25,195.25,317
2024-05-30T14:55:00+00:00,196.5,196.9,194.1,194.1,2215
2024-05-30T15:00:00+00:00,194.5,194.9,194.2,194.2,243
2024-05-30T15:05:00+00:00,194.9,194.95,194.2,194.2,199
2024-05-30T15:10:00+00:00,194.3,194.6,194.2,194.6,15
2024-05-30T15:15:00+00:00,194.6,194.6,194.25,194.25,5
2024-05-30T15:20:00+00:00,194.3,194.6,194.3,194.55,13
2024-05-30T15:25:00+00:00,194.3,195.0,194.05,194.95,186
2024-05-30T15:30:00+00:00,194.95,194.95,194.5,194.5,15
2024-05-30T15:35:00+00:00,195.0,195.0,194.55,194.65,13
2024-05-30T15:45:00+00:00,194.6,194.6,194.6,194.6,8
2024-05-31T06:55:00+00:00,194.7,194.7,194.7,194.7,10
2024-05-31T07:00:00+00:00,194.65,197.3,194.65,195.0,229
2024-05-31T07:05:00+00:00,195.05,195.05,194.6,194.8,74
2024-05-31T07:10:00+00:00,194.65,194.65,194.5,194.55,146
2024-05-31T07:15:00+00:00,194.55,194.55,193.15,193.95,278
2024-05-31T07:20:00+00:00,193.3,193.55,193.25,193.55,61
2024-05-31T07:25:00+00:00,193.4,193.55,193.25,193.25,316
2024-05-31T07:30:00+00:00,193.15,193.25,192.8,193.0,46
2024-05-31T07:35:00+00:00,193.0,193.0,192.0,192.75,127
2024-05-31T07:40:00+00:00,192.75,192.75,191.65,192.5,135
2024-05-31T07:45:00+00:00,192.5,192.5,191.5,191.55,201
2024-05-31T07:50:00+00:00,191.95,192.0,191.5,191.9,176
2024-05-31T07:55:00+00:00,191.6,191.6,191.5,191.5,68
2024-05-31T08:00:00+00:00,191.65,191.9,191.5,191.55,129
2024-05-31T08:05:00+00:00,191.95,192.5,191.55,192.1,177
2024-05-31T08:10:00+00:00,192.5,192.75,192.2,192.2,14
2024-05-31T08:15:00+00:00,192.2,193.7,192.2,193.0,130
2024-05-31T08:20:00+00:00,193.3,193.3,192.2,192.2,30
2024-05-31T08:25:00+00:00,192.5,193.3,192.2,192.5,58
2024-05-31T08:30:00+00:00,192.45,192.45,192.2,192.25,18
2024-05-31T08:35:00+00:00,192.5,193.05,192.2,193.05,60
2024-05-31T08:40:00+00:00,193.1,193.5,192.35,192.35,43
2024-05-31T08:45:00+00:00,192.25,193.15,192.2,193.0,15
2024-05-31T08:50:00+00:00,193.2,193.7,193.1,193.7,35
2024-05-31T08:55:00+00:00,193.75,194.0,193.75,194.0,9
2024-05-31T09:00:00+00:00,194.0,194.6,193.2,193.2,25
2024-05-31T09:05:00+00:00,193.1,194.3,193.1,194.0,27
2024-05-31T09:10:00+00:00,194.1,194.1,193.3,193.35,20
2024-05-31T09:15:00+00:00,193.9,194.05,193.4,194.05,12
2024-05-31T09:20:00+00:00,193.9,194.45,193.35,194.4,26
2024-05-31T09:25:00+00:00,194.5,194.5,193.6,193.6,2
2024-05-31T09:30:00+00:00,193.8,193.8,193.75,193.8,23
2024-05-31T09:35:00+00:00,193.75,193.8,192.15,192.5,142
2024-05-31T09:40:00+00:00,193.15,193.15,192.1,193.05,34
2024-05-31T09:45:00+00:00,193.0,193.0,192.1,192.7,7
2024-05-31T09:50:00+00:00,192.75,193.4,192.75,193.05,16
2024-05-31T09:55:00+00:00,193.0,193.35,192.1,192.5,52
2024-05-31T10:00:00+00:00,192.1,193.1,192.1,193.1,44
2024-05-31T10:05:00+00:00,193.25,193.4,193.25,193.4,6
2024-05-31T10:10:00+00:00,193.4,193.4,192.25,192.4,9
2024-05-31T10:15:00+00:00,192.45,192.45,192.4,192.4,4
2024-05-31T10:20:00+00:00,192.85,192.85,192.4,192.4,12
2024-05-31T10:25:00+00:00,192.4,192.7,192.2,192.2,16
2024-05-31T10:30:00+00:00,192.25,193.15,192.2,193.05,20
2024-05-31T10:35:00+00:00,193.1,193.15,193.0,193.0,3
2024-05-31T10:40:00+00:00,192.4,193.05,192.2,192.95,29
2024-05-31T10:45:00+00:00,192.45,192.45,192.1,192.1,37
2024-05-31T10:50:00+00:00,192.6,192.6,192.1,192.1,3
2024-05-31T10:55:00+00:00,192.4,192.55,192.1,192.55,18
2024-05-31T11:00:00+00:00,192.55,192.8,192.3,192.3,10
2024-05-31T11:05:00+00:00,192.8,194.2,192.8,193.7,64
2024-05-31T11:10:00+00:00,194.1,194.45,193.5,193.55,67
2024-05-31T11:15:00+00:00,193.55,194.2,192.35,192.35,331
2024-05-31T11:20:00+00:00,192.5,192.5,192.35,192.4,6
2024-05-31T11:25:00+00:00,192.9,193.0,192.4,192.95,17
2024-05-31T11:30:00+00:00,192.45,192.45,192.3,192.3,8
2024-05-31T11:35:00+00:00,192.4,192.8,192.2,192.2,19
2024-05-31T11:40:00+00:00,192.6,192.65,192.25,192.5,8
2024-05-31T11:45:00+00:00,192.3,192.3,192.25,192.25,2
2024-05-31T11:50:00+00:00,192.25,192.65,192.25,192.65,7
2024-05-31T11:55:00+00:00,192.65,193.7,192.4,193.3,134
2024-05-31T12:00:00+00:00,193.3,193.3,192.25,192.25,170
2024-05-31T12:05:00+00:00,192.25,192.25,192.1,192.1,98
2024-05-31T12:10:00+00:00,192.15,192.15,192.1,192.1,30
2024-05-31T12:15:00+00:00,192.1,192.15,192.0,192.0,252
2024-05-31T12:20:00+00:00,192.15,193.05,192.05,192.05,12
2024-05-31T12:25:00+00:00,192.9,193.6,192.35,192.35,10
2024-05-31T12:30:00+00:00,192.5,192.5,192.35,192.35,16
2024-05-31T12:35:00+00:00,192.35,192.35,192.1,192.2,5
2024-05-31T12:40:00+00:00,192.2,192.35,192.2,192.35,120
2024-05-31T12:45:00+00:00,192.2,192.95,192.2,192.25,9
2024-05-31T12:50:00+00:00,192.65,192.95,192.5,192.95,16
2024-05-31T12:55:00+00:00,192.5,193.4,192.35,192.6,75
2024-05-31T13:00:00+00:00,193.35,193.35,192.6,193.3,14
2024-05-31T13:05:00+00:00,193.3,194.65,193.3,193.6,52
2024-05-31T13:10:00+00:00,193.35,194.75,192.25,192.35,181
2024-05-31T13:15:00+00:00,192.5,193.45,192.0,193.0,185
2024-05-31T13:20:00+00:00,193.0,193.0,192.4,192.4,3
2024-05-31T13:25:00+00:00,192.4,193.6,192.4,193.2,20
2024-05-31T13:30:00+00:00,193.35,194.25,192.7,194.25,19
2024-05-31T13:35:00+00:00,194.15,194.2,193.5,193.5,176
2024-05-31T13:40:00+00:00,193.5,193.5,193.0,193.0,113
2024-05-31T13:45:00+00:00,193.0,193.35,192.55,193.35,43
2024-05-31T13:50:00+00:00,193.3,193.9,192.95,193.9,237
2024-05-31T13:55:00+00:00,193.1,193.1,192.05,192.05,403
2024-05-31T14:00:00+00:00,192.05,192.25,192.0,192.0,175
2024-05-31T14:05:00+00:00,192.05,192.25,192.0,192.15,79
2024-05-31T14:10:00+00:00,192.15,192.25,192.15,192.15,9
2024-05-31T14:15:00+00:00,192.15,192.25,192.15,192.25,232
2024-05-31T14:20:00+00:00,192.25,192.25,192.2,192.2,128
2024-05-31T14:25:00+00:00,192.25,192.25,192.2,192.2,35
2024-05-31T14:30:00+00:00,192.95,193.05,192.95,193.05,36
2024-05-31T14:35:00+00:00,193.05,193.05,193.05,193.05,3
2024-05-31T14:40:00+00:00,193.45,193.65,192.95,192.95,105
2024-05-31T14:45:00+00:00,193.05,193.05,193.05,193.05,1
2024-05-31T14:50:00+00:00,193.5,193.95,192.95,193.0,21
2024-05-31T14:55:00+00:00,193.0,193.45,192.95,193.0,106
2024-05-31T15:00:00+00:00,193.0,193.0,192.95,192.95,6
2024-05-31T15:05:00+00:00,192.95,193.0,192.95,192.95,14
2024-05-31T15:10:00+00:00,193.0,193.0,192.95,192.95,165
2024-05-31T15:15:00+00:00,193.0,193.0,192.95,192.95,41
2024-05-31T15:20:00+00:00,192.95,193.3,192.95,193.3,173
2024-05-31T15:25:00+00:00,193.3,193.3,192.15,192.2,387
2024-05-31T15:30:00+00:00,192.2,193.2,190.0,190.35,1751
2024-05-31T15:35:00+00:00,190.5,191.25,190.35,190.95,125
2024-05-31T15:45:00+00:00,190.1,190.1,190.1,190.1,113
2024-06-03T06:55:00+00:00,190.1,190.1,190.1,190.1,28
2024-06-03T07:00:00+00:00,190.3,190.95,189.0,190.65,611
2024-06-03T07:05:00+00:00,190.65,192.0,190.0,190.0,240
2024-06-03T07:10:00+00:00,190.0,191.85,190.0,190.1,128
2024-06-03T07:15:00+00:00,190.05,192.55,190.05,190.5,145
2024-06-03T07:20:00+00:00,190.5,192.9,190.15,191.1,156
2024-06-03T07:25:00+00:00,191.3,192.8,191.2,191.75,294
2024-06-03T07:30:00+00:00,191.75,192.55,191.55,191.55,65
2024-06-03T07:35:00+00:00,192.45,192.9,191.7,192.3,71
2024-06-03T07:40:00+00:00,192.2,192.3,191.75,191.75,15
2024-06-03T07:45:00+00:00,191.75,192.8,190.2,191.1,201
2024-06-03T07:50:00+00:00,191.1,191.4,190.05,191.4,238
2024-06-03T07:55:00+00:00,191.15,191.5,190.0,190.05,310
2024-06-03T08:00:00+00:00,190.0,192.65,190.0,190.4,261
2024-06-03T08:05:00+00:00,190.4,191.95,190.0,191.0,48
2024-06-03T08:10:00+00:00,191.65,193.5,191.2,193.5,340
2024-06-03T08:15:00+00:00,193.3,193.45,191.3,191.3,285
2024-06-03T08:20:00+00:00,191.3,191.3,191.0,191.0,24
2024-06-03T08:25:00+00:00,191.3,192.35,190.2,191.3,259
2024-06-03T08:30:00+00:00,191.25,192.25,190.0,190.6,442
2024-06-03T08:35:00+00:00,190.6,190.6,190.6,190.6,2
2024-06-03T08:40:00+00:00,190.6,192.9,190.6,192.8,228
2024-06-03T08:45:00+00:00,192.85,193.1,192.0,192.8,60
2024-06-03T08:50:00+00:00,192.8,192.8,189.7,189.7,1420
2024-06-03T08:55:00+00:00,190.3,190.65,189.7,189.7,261
2024-06-03T09:00:00+00:00,190.05,190.05,189.0,189.0,216
2024-06-03T09:05:00+00:00,189.0,189.45,189.0,189.0,136
2024-06-03T09:10:00+00:00,189.0,189.4,189.0,189.0,146
2024-06-03T09:15:00+00:00,189.0,189.05,187.0,188.5,426
2024-06-03T09:20:00+00:00,188.4,189.25,187.05,188.55,94
2024-06-03T09:25:00+00:00,187.8,188.95,187.0,187.0,123
2024-06-03T09:30:00+00:00,187.1,188.45,187.1,188.3,144
2024-06-03T09:35:00+00:00,188.15,188.15,186.1,186.1,441
2024-06-03T09:40:00+00:00,186.9,187.45,186.2,187.15,34
2024-06-03T09:45:00+00:00,187.15,187.15,186.4,187.05,23
2024-06-03T09:50:00+00:00,187.15,187.15,186.5,186.5,18
2024-06-03T09:55:00+00:00,186.45,186.9,186.0,186.65,328
2024-06-03T10:00:00+00:00,186.5,188.5,186.5,188.5,311
2024-06-03T10:05:00+00:00,189.0,190.0,189.0,189.95,9
2024-06-03T10:10:00+00:00,189.8,190.55,189.8,190.4,168
2024-06-03T10:15:00+00:00,190.35,191.4,188.7,191.4,586
2024-06-03T10:20:00+00:00,191.0,191.3,188.9,188.9,156
2024-06-03T10:25:00+00:00,189.15,189.15,187.0,188.5,38
2024-06-03T10:30:00+00:00,187.95,188.25,186.0,186.0,458
2024-06-03T10:35:00+00:00,186.05,187.7,185.5,185.5,167
2024-06-03T10:40:00+00:00,187.2,187.2,181.1,184.05,702
2024-06-03T10:45:00+00:00,182.6,184.05,182.0,182.9,180
2024-06-03T10:50:00+00:00,182.1,182.9,182.0,182.0,77
2024-06-03T10:55:00+00:00,182.0,184.0,182.0,183.95,224
2024-06-03T11:00:00+00:00,182.5,183.75,182.2,182.65,61
2024-06-03T11:05:00+00:00,182.75,183.75,182.0,183.75,227
2024-06-03T11:10:00+00:00,183.8,184.05,183.75,183.85,104
2024-06-03T11:15:00+00:00,183.8,184.05,181.5,181.5,155
2024-06-03T11:20:00+00:00,183.15,183.15,181.0,182.4,255
2024-06-03T11:25:00+00:00,182.4,182.4,178.0,181.55,782
2024-06-03T11:30:00+00:00,181.65,181.75,180.2,181.25,168
2024-06-03T11:35:00+00:00,181.05,181.4,180.15,180.2,247
2024-06-03T11:40:00+00:00,180.2,180.85,179.7,180.85,561
2024-06-03T11:45:00+00:00,181.0,181.0,179.05,180.2,94
2024-06-03T11:50:00+00:00,180.25,180.25,179.05,180.2,156
2024-06-03T11:55:00+00:00,180.15,180.2,179.05,179.15,298
2024-06-03T12:00:00+00:00,180.0,180.55,180.0,180.5,52
2024-06-03T12:05:00+00:00,180.5,181.25,179.2,179.45,315
2024-06-03T12:10:00+00:00,180.8,181.0,179.2,179.2,163
2024-06-03T12:15:00+00:00,179.25,180.85,177.0,177.7,583
2024-06-03T12:20:00+00:00,180.05,180.35,177.65,178.65,157
2024-06-03T12:25:00+00:00,178.65,179.0,177.7,179.0,53
2024-06-03T12:30:00+00:00,179.0,179.0,178.95,178.95,92
2024-06-03T12:35:00+00:00,179.0,179.0,178.8,178.8,95
2024-06-03T12:40:00+00:00,178.3,181.05,178.3,181.05,148
2024-06-03T12:45:00+00:00,181.2,181.7,181.0,181.7,120
2024-06-03T12:50:00+00:00,181.7,181.7,181.7,181.7,36
2024-06-03T12:55:00+00:00,181.6,181.7,181.05,181.05,39
2024-06-03T13:00:00+00:00,181.05,181.7,181.05,181.05,139
2024-06-03T13:05:00+00:00,181.45,181.7,181.05,181.1,21
2024-06-03T13:10:00+00:00,181.1,181.7,181.1,181.7,32
2024-06-03T13:15:00+00:00,181.75,182.85,181.7,181.7,28
2024-06-03T13:20:00+00:00,181.75,182.2,181.3,181.3,26
2024-06-03T13:25:00+00:00,181.4,183.05,181.4,183.05,127
2024-06-03T13:30:00+00:00,183.9,186.8,183.0,184.7,93
2024-06-03T13:35:00+00:00,184.75,184.75,184.55,184.6,10
2024-06-03T13:40:00+00:00,184.6,185.15,184.6,185.15,51
2024-06-03T13:45:00+00:00,185.75,186.9,185.75,186.9,32
2024-06-03T13:50:00+00:00,187.35,187.65,186.4,187.2,201
2024-06-03T13:55:00+00:00,187.2,188.0,186.4,188.0,431
2024-06-03T14:00:00+00:00,188.2,188.25,187.8,187.8,426
2024-06-03T14:05:00+00:00,187.8,188.4,187.8,188.4,7
2024-06-03T14:10:00+00:00,188.35,188.4,187.8,188.35,91
2024-06-03T14:15:00+00:00,187.8,188.3,187.8,188.0,61
2024-06-03T14:20:00+00:00,187.1,187.95,186.4,187.9,106
2024-06-03T14:25:00+00:00,187.9,188.05,186.4,186.45,35
2024-06-03T14:30:00+00:00,186.9,187.8,186.0,186.0,50
2024-06-03T14:35:00+00:00,186.0,187.0,185.2,185.3,29
2024-06-03T14:40:00+00:00,185.25,185.75,185.0,185.15,54
2024-06-03T14:45:00+00:00,185.75,187.95,185.15,185.55,22
2024-06-03T14:50:00+00:00,185.55,186.4,184.0,184.45,318
2024-06-03T14:55:00+00:00,185.9,187.85,185.0,185.95,151
2024-06-03T15:00:00+00:00,185.05,186.0,184.65,186.0,54
2024-06-03T15:05:00+00:00,184.6,185.35,183.9,184.8,88
2024-06-03T15:10:00+00:00,184.05,184.8,184.05,184.05,18
2024-06-03T15:15:00+00:00,184.2,186.0,184.2,186.0,11
2024-06-03T15:20:00+00:00,185.95,186.0,184.65,184.65,6
2024-06-03T15:25:00+00:00,184.65,184.7,184.65,184.65,9
2024-06-03T15:30:00+00:00,185.2,187.65,184.0,187.65,335
2024-06-03T15:35:00+00:00,187.4,187.4,183.5,183.5,158
2024-06-03T15:45:00+00:00,188.5,188.5,188.5,188.5,197
2024-06-04T06:55:00+00:00,191.7,191.7,191.7,191.7,30
2024-06-04T07:00:00+00:00,191.65,193.55,188.5,193.25,832
2024-06-04T07:05:00+00:00,193.3,194.5,191.55,194.2,421
2024-06-04T07:10:00+00:00,194.2,194.2,192.65,193.9,157
2024-06-04T07:15:00+00:00,193.9,194.7,193.0,194.0,143
2024-06-04T07:20:00+00:00,194.4,194.7,192.35,193.35,321
2024-06-04T07:25:00+00:00,194.55,195.0,194.05,194.9,228
2024-06-04T07:30:00+00:00,194.7,194.7,194.05,194.05,193
2024-06-04T07:35:00+00:00,194.1,202.2,194.1,197.8,1527
2024-06-04T07:40:00+00:00,197.6,199.6,197.6,198.15,98
2024-06-04T07:45:00+00:00,198.05,199.8,197.8,199.0,260
2024-06-04T07:50:00+00:00,199.6,199.7,197.95,198.75,122
2024-06-04T07:55:00+00:00,198.05,198.05,196.1,197.8,291
2024-06-04T08:00:00+00:00,197.9,197.9,197.05,197.25,115
2024-06-04T08:05:00+00:00,197.3,197.75,196.45,196.45,72
2024-06-04T08:10:00+00:00,196.25,196.25,195.45,195.45,234
2024-06-04T08:15:00+00:00,195.7,197.55,195.45,195.65,117
2024-06-04T08:20:00+00:00,196.7,196.9,195.95,196.9,9
2024-06-04T08:25:00+00:00,196.95,198.0,194.2,194.4,238
2024-06-04T08:30:00+00:00,194.2,196.0,194.2,194.75,347
2024-06-04T08:35:00+00:00,194.75,195.6,194.25,195.1,308
2024-06-04T08:40:00+00:00,194.75,195.25,194.0,195.0,379
2024-06-04T08:45:00+00:00,194.45,195.45,194.45,195.0,63
2024-06-04T08:50:00+00:00,195.0,195.0,194.75,194.8,16
2024-06-04T08:55:00+00:00,194.8,195.0,194.8,194.8,47
2024-06-04T09:00:00+00:00,194.55,194.55,193.7,193.7,36
2024-06-04T09:05:00+00:00,193.5,193.5,193.5,193.5,22
2024-06-04T09:10:00+00:00,193.35,193.35,192.5,192.95,207
2024-06-04T09:15:00+00:00,192.95,193.0,192.95,193.0,60
2024-06-04T09:20:00+00:00,193.0,193.0,193.0,193.0,1
2024-06-04T09:25:00+00:00,193.0,193.0,192.5,192.5,21
2024-06-04T09:30:00+00:00,192.5,192.5,192.4,192.4,195
2024-06-04T09:35:00+00:00,192.45,193.0,192.45,193.0,7
2024-06-04T09:40:00+00:00,193.0,193.0,192.45,193.0,35
2024-06-04T09:45:00+00:00,193.0,193.0,193.0,193.0,1001
2024-06-04T09:50:00+00:00,193.0,193.0,192.85,193.0,174
2024-06-04T09:55:00+00:00,193.0,193.0,192.45,193.0,50
2024-06-04T10:00:00+00:00,192.5,192.65,192.1,192.65,29
2024-06-04T10:05:00+00:00,192.9,192.95,192.35,192.35,12
2024-06-04T10:10:00+00:00,193.0,193.0,193.0,193.0,12
2024-06-04T10:15:00+00:00,193.0,193.0,192.75,192.75,110
2024-06-04T10:20:00+00:00,192.95,193.0,192.7,192.7,142
2024-06-04T10:25:00+00:00,193.0,193.0,192.05,192.95,237
2024-06-04T10:30:00+00:00,193.0,193.0,193.0,193.0,59
2024-06-04T10:35:00+00:00,193.0,193.0,192.9,193.0,267
2024-06-04T10:40:00+00:00,192.9,192.9,192.65,192.9,24
2024-06-04T10:45:00+00:00,192.9,192.9,192.85,192.9,11
2024-06-04T10:50:00+00:00,192.9,193.0,192.5,192.55,31
2024-06-04T10:55:00+00:00,192.95,193.0,192.95,193.0,505
2024-06-04T11:00:00+00:00,193.2,194.0,192.95,194.0,104
2024-06-04T11:05:00+00:00,194.0,195.0,193.95,194.75,64
2024-06-04T11:10:00+00:00,195.0,195.0,193.0,194.35,102
2024-06-04T11:15:00+00:00,194.4,195.8,194.4,195.45,164
2024-06-04T11:20:00+00:00,195.65,196.0,195.2,195.45,92
2024-06-04T11:25:00+00:00,195.45,195.45,195.1,195.1,20
2024-06-04T11:30:00+00:00,195.35,195.4,195.2,195.2,4
2024-06-04T11:35:00+00:00,195.45,195.45,195.2,195.45,6
2024-06-04T11:40:00+00:00,195.4,196.0,195.15,195.15,44
2024-06-04T11:45:00+00:00,195.2,195.2,194.0,194.0,598
2024-06-04T11:50:00+00:00,194.4,194.8,193.0,194.6,57
2024-06-04T11:55:00+00:00,194.45,194.45,194.1,194.25,56
2024-06-04T12:00:00+00:00,194.25,194.3,194.0,194.0,116
2024-06-04T12:05:00+00:00,194.0,194.0,193.7,193.7,21
2024-06-04T12:10:00+00:00,193.9,193.9,193.9,193.9,2
2024-06-04T12:15:00+00:00,193.95,194.0,193.95,194.0,76
2024-06-04T12:20:00+00:00,194.0,194.0,194.0,194.0,343
2024-06-04T12:25:00+00:00,194.05,194.4,194.05,194.4,23
2024-06-04T12:30:00+00:00,194.4,194.4,194.0,194.0,221
2024-06-04T12:35:00+00:00,194.0,194.4,194.0,194.4,32
2024-06-04T12:40:00+00:00,194.4,194.4,194.3,194.4,11
2024-06-04T12:45:00+00:00,194.4,194.4,194.4,194.4,7
2024-06-04T12:50:00+00:00,194.4,194.4,194.4,194.4,3
2024-06-04T12:55:00+00:00,194.4,194.4,194.4,194.4,209
2024-06-04T13:00:00+00:00,194.4,194.4,194.35,194.35,10
2024-06-04T13:05:00+00:00,194.35,195.0,194.35,195.0,330
2024-06-04T13:10:00+00:00,195.0,195.0,194.55,195.0,6
2024-06-04T13:15:00+00:00,195.0,195.0,195.0,195.0,35
2024-06-04T13:20:00+00:00,194.55,195.0,194.55,195.0,15
2024-06-04T13:25:00+00:00,195.0,196.0,195.0,195.45,306
2024-06-04T13:30:00+00:00,195.5,196.95,195.45,196.7,82
2024-06-04T13:35:00+00:00,196.9,196.95,196.5,196.5,118
2024-06-04T13:40:00+00:00,196.5,197.25,196.5,196.6,240
2024-06-04T13:45:00+00:00,196.65,197.35,196.65,197.35,19
2024-06-04T13:50:00+00:00,197.3,197.4,196.65,196.85,51
2024-06-04T13:55:00+00:00,196.85,197.6,196.55,196.55,47
2024-06-04T14:00:00+00:00,197.2,197.75,196.0,196.0,341
2024-06-04T14:05:00+00:00,196.5,196.5,196.5,196.5,1
2024-06-04T14:10:00+00:00,196.85,197.4,196.85,197.4,4
2024-06-04T14:15:00+00:00,197.0,197.0,197.0,197.0,4
2024-06-04T14:20:00+00:00,197.0,197.0,197.0,197.0,7
2024-06-04T14:25:00+00:00,196.85,196.85,196.3,196.3,34
2024-06-04T14:30:00+00:00,196.5,196.75,193.45,194.0,752
2024-06-04T14:35:00+00:00,193.95,193.95,193.1,193.15,46
2024-06-04T14:40:00+00:00,193.15,193.15,192.0,192.0,653
2024-06-04T14:45:00+00:00,192.65,193.6,192.65,193.45,55
2024-06-04T14:50:00+00:00,193.45,193.45,193.4,193.4,20
2024-06-04T14:55:00+00:00,193.5,194.0,193.0,193.35,174
2024-06-04T15:00:00+00:00,193.7,194.0,193.7,194.0,10
2024-06-04T15:05:00+00:00,194.0,194.0,194.0,194.0,2
2024-06-04T15:10:00+00:00,194.0,194.0,194.0,194.0,37
2024-06-04T15:15:00+00:00,194.0,194.0,193.4,193.95,46
2024-06-04T15:20:00+00:00,193.95,193.95,193.0,193.7,62
2024-06-04T15:25:00+00:00,193.65,193.95,193.65,193.95,11
2024-06-04T15:30:00+00:00,193.95,193.95,193.7,193.8,84
2024-06-04T15:35:00+00:00,193.8,193.8,193.7,193.7,9
2024-06-04T15:45:00+00:00,193.7,193.7,193.7,193.7,256
2024-06-05T06:55:00+00:00,194.95,194.95,194.95,194.95,5
2024-06-05T07:00:00+00:00,195.15,195.15,194.0,194.35,131
2024-06-05T07:05:00+00:00,194.35,197.75,194.35,197.05,139
2024-06-05T07:10:00+00:00,197.5,198.2,196.5,197.7,454
2024-06-05T07:15:00+00:00,197.45,197.65,196.6,196.95,33
2024-06-05T07:20:00+00:00,197.05,198.4,196.45,198.4,761
2024-06-05T07:25:00+00:00,198.4,199.7,198.25,199.0,206
2024-06-05T07:30:00+00:00,198.2,199.05,197.55,198.95,155
2024-06-05T07:35:00+00:00,199.0,199.0,198.95,199.0,26
2024-06-05T07:40:00+00:00,199.0,201.0,199.0,200.9,384
2024-06-05T07:45:00+00:00,200.9,201.0,200.4,200.65,174
2024-06-05T07:50:00+00:00,200.95,201.55,200.9,201.0,205
2024-06-05T07:55:00+00:00,201.25,203.65,201.25,201.6,1140
2024-06-05T08:00:00+00:00,201.0,201.55,200.65,201.4,87
2024-06-05T08:05:00+00:00,200.95,200.95,199.9,199.95,2256
2024-06-05T08:10:00+00:00,199.9,200.6,198.45,199.0,716
2024-06-05T08:15:00+00:00,198.45,201.4,198.45,201.15,147
2024-06-05T08:20:00+00:00,200.05,200.4,199.5,199.5,59
2024-06-05T08:25:00+00:00,200.1,200.1,199.4,199.45,14
2024-06-05T08:30:00+00:00,199.45,200.05,198.8,199.05,109
2024-06-05T08:35:00+00:00,199.0,199.0,198.75,198.75,44
2024-06-05T08:40:00+00:00,199.0,199.0,198.55,198.7,99
2024-06-05T08:45:00+00:00,198.7,198.7,198.55,198.7,64
2024-06-05T08:50:00+00:00,199.75,199.75,198.6,198.6,23
2024-06-05T08:55:00+00:00,199.1,199.4,198.45,198.95,57
2024-06-05T09:00:00+00:00,198.95,199.4,198.95,199.4,6
2024-06-05T09:05:00+00:00,198.95,201.0,198.95,201.0,673
2024-06-05T09:10:00+00:00,199.6,200.65,199.05,200.65,110
2024-06-05T09:15:00+00:00,199.6,200.75,199.2,199.8,176
2024-06-05T09:20:00+00:00,200.5,200.75,199.6,200.45,124
2024-06-05T09:25:00+00:00,200.15,200.8,200.1,200.8,105
2024-06-05T09:30:00+00:00,200.8,200.8,200.8,200.8,21
2024-06-05T09:35:00+00:00,200.8,201.0,200.8,201.0,57
2024-06-05T09:40:00+00:00,201.0,201.45,200.8,200.8,137
2024-06-05T09:45:00+00:00,201.35,201.85,200.8,201.85,498
2024-06-05T09:50:00+00:00,201.15,201.85,201.0,201.1,50
2024-06-05T09:55:00+00:00,201.8,202.55,201.0,201.85,69
2024-06-05T10:00:00+00:00,202.5,203.2,201.75,201.95,210
2024-06-05T10:05:00+00:00,202.95,203.0,202.0,202.0,17
2024-06-05T10:10:00+00:00,203.0,203.9,202.1,202.2,140
2024-06-05T10:15:00+00:00,202.55,203.75,201.8,203.75,62
2024-06-05T10:20:00+00:00,203.8,203.9,202.15,203.55,79
2024-06-05T10:25:00+00:00,203.5,203.55,202.9,202.9,23
2024-06-05T10:30:00+00:00,203.5,203.9,202.85,203.05,86
2024-06-05T10:35:00+00:00,203.15,203.95,203.15,203.95,101
2024-06-05T10:40:00+00:00,203.95,204.0,203.3,203.95,232
2024-06-05T10:45:00+00:00,203.95,204.5,202.25,202.45,215
2024-06-05T10:50:00+00:00,202.3,202.5,201.55,202.45,79
2024-06-05T10:55:00+00:00,202.45,202.5,202.0,202.5,103
2024-06-05T11:00:00+00:00,202.45,203.1,202.45,203.1,5
2024-06-05T11:05:00+00:00,202.55,203.05,202.5,202.8,13
2024-06-05T11:10:00+00:00,202.85,203.15,201.55,201.55,142
2024-06-05T11:15:00+00:00,202.1,203.2,202.1,202.15,21
2024-06-05T11:20:00+00:00,202.15,203.15,202.1,202.1,8
2024-06-05T11:25:00+00:00,202.5,203.8,202.2,202.2,125
2024-06-05T11:30:00+00:00,202.65,203.9,202.55,203.1,116
2024-06-05T11:35:00+00:00,203.05,203.05,202.1,202.25,238
2024-06-05T11:40:00+00:00,202.8,202.9,202.2,202.2,30
2024-06-05T11:45:00+00:00,202.25,202.8,202.1,202.1,22
2024-06-05T11:50:00+00:00,202.65,202.7,202.15,202.15,8
2024-06-05T11:55:00+00:00,202.65,202.9,202.3,202.75,7
2024-06-05T12:00:00+00:00,202.35,203.8,201.7,203.05,515
2024-06-05T12:05:00+00:00,201.95,203.05,201.55,202.25,276
2024-06-05T12:10:00+00:00,202.75,202.75,202.25,202.25,2
2024-06-05T12:15:00+00:00,201.85,202.55,201.85,201.9,6
2024-06-05T12:20:00+00:00,201.95,201.95,201.5,201.5,128
2024-06-05T12:25:00+00:00,201.5,201.8,201.5,201.5,39
2024-06-05T12:30:00+00:00,201.5,201.5,199.4,199.4,212
2024-06-05T12:35:00+00:00,200.45,201.45,199.45,199.45,276
2024-06-05T12:40:00+00:00,199.75,199.75,199.0,199.3,214
2024-06-05T12:45:00+00:00,199.35,200.5,196.5,197.6,422
2024-06-05T12:50:00+00:00,197.75,200.5,195.8,198.55,230
2024-06-05T12:55:00+00:00,199.0,199.0,198.05,198.05,35
2024-06-05T13:00:00+00:00,198.0,198.0,195.2,196.4,61
2024-06-05T13:05:00+00:00,196.4,198.0,196.4,197.95,15
2024-06-05T13:10:00+00:00,197.95,199.7,197.95,198.85,62
2024-06-05T13:15:00+00:00,197.95,200.55,197.05,199.55,44
2024-06-05T13:20:00+00:00,199.3,199.5,198.45,198.45,15
2024-06-05T13:25:00+00:00,199.35,199.35,198.5,198.5,6
2024-06-05T13:30:00+00:00,198.4,199.6,198.35,199.6,66
2024-06-05T13:35:00+00:00,198.55,198.55,198.55,198.55,1
2024-06-05T13:40:00+00:00,198.7,198.7,198.7,198.7,5
2024-06-05T13:45:00+00:00,199.1,199.3,199.1,199.3,274
2024-06-05T13:50:00+00:00,199.25,199.55,199.25,199.55,21
2024-06-05T13:55:00+00:00,199.55,199.9,198.9,198.9,14
2024-06-05T14:00:00+00:00,199.0,199.95,199.0,199.45,5
2024-06-05T14:05:00+00:00,199.95,200.0,199.45,200.0,23
2024-06-05T14:10:00+00:00,199.5,200.0,199.45,199.5,21
2024-06-05T14:15:00+00:00,199.45,199.5,198.55,199.45,504
2024-06-05T14:20:00+00:00,199.4,199.65,199.4,199.6,8
2024-06-05T14:25:00+00:00,199.85,199.95,199.5,199.5,13
2024-06-05T14:30:00+00:00,199.5,199.95,199.5,199.95,37
2024-06-05T14:35:00+00:00,199.05,199.95,198.35,199.95,43
2024-06-05T14:45:00+00:00,199.1,199.35,198.4,199.35,32
2024-06-05T14:50:00+00:00,199.55,199.95,199.55,199.95,28
2024-06-05T15:00:00+00:00,199.9,199.9,199.05,199.05,3
2024-06-05T15:05:00+00:00,199.85,199.85,199.85,199.85,2
2024-06-05T15:10:00+00:00,199.0,199.7,199.0,199.7,4
2024-06-05T15:15:00+00:00,199.5,199.5,198.4,198.4,97
2024-06-05T15:20:00+00:00,198.6,199.85,198.6,199.85,88
2024-06-05T15:25:00+00:00,199.7,199.85,199.7,199.85,24
2024-06-05T15:30:00+00:00,199.75,199.75,198.6,198.6,4
2024-06-05T15:35:00+00:00,198.6,199.15,198.5,199.1,5
2024-06-05T15:45:00+00:00,198.0,198.0,198.0,198.0,62
2024-06-06T06:55:00+00:00,196.8,196.8,196.8,196.8,19
2024-06-06T07:00:00+00:00,195.55,202.95,195.55,199.6,554
2024-06-06T07:05:00+00:00,199.6,199.6,199.3,199.5,216
2024-06-06T07:10:00+00:00,199.3,199.5,198.0,198.75,86
2024-06-06T07:15:00+00:00,198.05,198.95,197.5,197.5,56
2024-06-06T07:20:00+00:00,197.8,198.55,197.5,198.45,39
2024-06-06T07:25:00+00:00,198.45,198.8,197.3,198.5,14
2024-06-06T07:30:00+00:00,198.8,198.9,197.8,198.9,50
2024-06-06T07:35:00+00:00,198.9,198.9,197.5,198.0,124
2024-06-06T07:40:00+00:00,197.5,197.5,196.6,197.5,113
2024-06-06T07:45:00+00:00,197.5,198.9,197.5,198.2,68
2024-06-06T07:50:00+00:00,198.15,198.15,196.2,197.25,326
2024-06-06T07:55:00+00:00,197.25,198.75,197.25,198.75,201
2024-06-06T08:00:00+00:00,198.5,198.65,198.45,198.65,14
2024-06-06T08:05:00+00:00,198.5,198.8,198.5,198.8,51
2024-06-06T08:10:00+00:00,198.8,198.8,197.85,198.8,32
2024-06-06T08:15:00+00:00,198.8,198.8,198.0,198.05,12
2024-06-06T08:20:00+00:00,198.2,198.8,197.8,198.65,137
2024-06-06T08:25:00+00:00,198.7,198.75,198.7,198.75,42
2024-06-06T08:30:00+00:00,198.3,198.3,198.25,198.25,8
2024-06-06T08:35:00+00:00,198.7,198.7,197.3,197.95,223
2024-06-06T08:40:00+00:00,197.9,197.95,197.9,197.95,7
2024-06-06T08:45:00+00:00,197.55,197.55,196.85,196.85,295
2024-06-06T08:50:00+00:00,196.95,196.95,196.85,196.95,12
2024-06-06T08:55:00+00:00,196.9,197.0,196.9,197.0,72
2024-06-06T09:00:00+00:00,197.0,197.0,196.9,197.0,23
2024-06-06T09:05:00+00:00,196.9,197.0,196.1,196.75,250
2024-06-06T09:10:00+00:00,196.7,196.75,196.7,196.75,54
2024-06-06T09:15:00+00:00,196.75,196.75,196.7,196.7,22
2024-06-06T09:20:00+00:00,196.75,197.0,196.75,197.0,344
2024-06-06T09:25:00+00:00,197.0,197.0,197.0,197.0,4
2024-06-06T09:30:00+00:00,196.95,196.95,195.8,196.0,292
2024-06-06T09:35:00+00:00,195.8,196.0,195.8,196.0,30
2024-06-06T09:40:00+00:00,196.0,196.0,195.6,195.95,135
2024-06-06T09:45:00+00:00,195.6,195.85,195.15,195.15,41
2024-06-06T09:50:00+00:00,195.7,195.8,195.1,195.8,141
2024-06-06T09:55:00+00:00,195.1,195.75,195.1,195.7,19
2024-06-06T10:00:00+00:00,195.6,195.6,195.6,195.6,2
2024-06-06T10:05:00+00:00,195.6,195.6,195.4,195.6,64
2024-06-06T10:10:00+00:00,195.4,195.6,195.3,195.3,131
2024-06-06T10:15:00+00:00,195.1,195.45,193.5,194.0,580
2024-06-06T10:20:00+00:00,194.0,194.05,194.0,194.05,60
2024-06-06T10:25:00+00:00,194.05,194.25,194.05,194.15,239
2024-06-06T10:30:00+00:00,194.2,194.45,194.2,194.45,36
2024-06-06T10:35:00+00:00,194.45,194.5,194.45,194.45,13
2024-06-06T10:40:00+00:00,194.35,194.35,194.35,194.35,3
2024-06-06T10:45:00+00:00,194.4,194.75,194.4,194.7,8
2024-06-06T10:50:00+00:00,194.65,194.65,194.25,194.25,3
2024-06-06T10:55:00+00:00,194.2,194.65,193.25,193.25,717
2024-06-06T11:00:00+00:00,193.5,193.5,193.05,193.45,22
2024-06-06T11:05:00+00:00,193.45,193.45,193.4,193.45,25
2024-06-06T11:10:00+00:00,193.1,193.45,193.1,193.45,2
2024-06-06T11:15:00+00:00,193.1,193.45,193.1,193.45,20
2024-06-06T11:20:00+00:00,193.45,193.45,193.1,193.1,37
2024-06-06T11:25:00+00:00,193.35,193.45,193.1,193.45,32
2024-06-06T11:30:00+00:00,193.5,193.5,193.15,193.5,133
2024-06-06T11:35:00+00:00,193.4,193.4,193.2,193.2,3
2024-06-06T11:40:00+00:00,193.4,193.4,193.4,193.4,1
2024-06-06T11:45:00+00:00,193.45,193.5,193.45,193.5,232
2024-06-06T11:50:00+00:00,193.5,193.5,193.5,193.5,40
2024-06-06T11:55:00+00:00,193.25,193.25,193.25,193.25,2
2024-06-06T12:00:00+00:00,193.25,193.25,193.15,193.15,15
2024-06-06T12:05:00+00:00,193.45,193.45,193.15,193.15,27
2024-06-06T12:10:00+00:00,193.4,193.5,193.4,193.45,9
2024-06-06T12:15:00+00:00,193.3,193.45,193.3,193.45,93
2024-06-06T12:20:00+00:00,193.45,193.45,193.4,193.45,64
2024-06-06T12:25:00+00:00,193.45,193.5,193.45,193.5,219
2024-06-06T12:30:00+00:00,193.5,193.5,193.4,193.4,117
2024-06-06T12:35:00+00:00,193.4,193.5,193.25,193.25,202
2024-06-06T12:40:00+00:00,193.2,193.4,193.05,193.4,100
2024-06-06T12:45:00+00:00,193.4,193.5,193.4,193.45,248
2024-06-06T12:50:00+00:00,193.5,193.5,193.45,193.45,46
2024-06-06T12:55:00+00:00,193.5,193.5,193.5,193.5,50
2024-06-06T13:00:00+00:00,193.5,193.5,193.45,193.45,3
2024-06-06T13:05:00+00:00,193.45,193.45,192.95,193.0,191
2024-06-06T13:10:00+00:00,193.4,193.4,193.35,193.35,14
2024-06-06T13:15:00+00:00,193.35,193.4,193.35,193.4,23
2024-06-06T13:20:00+00:00,193.4,193.4,193.4,193.4,35
2024-06-06T13:25:00+00:00,193.4,193.5,193.2,193.5,51
2024-06-06T13:30:00+00:00,193.3,193.3,193.3,193.3,1
2024-06-06T13:35:00+00:00,193.5,193.5,193.3,193.3,210
2024-06-06T13:40:00+00:00,193.5,193.5,193.3,193.5,22
2024-06-06T13:45:00+00:00,193.5,193.5,193.15,193.45,43
2024-06-06T13:50:00+00:00,193.2,193.45,193.2,193.25,4
2024-06-06T13:55:00+00:00,193.35,193.5,193.0,193.0,339
2024-06-06T14:00:00+00:00,193.0,193.0,193.0,193.0,48
2024-06-06T14:05:00+00:00,192.95,193.0,192.8,193.0,49
2024-06-06T14:10:00+00:00,193.0,193.0,191.95,191.95,831
2024-06-06T14:15:00+00:00,192.0,192.0,191.6,191.95,761
2024-06-06T14:20:00+00:00,191.95,192.0,191.8,192.0,465
2024-06-06T14:25:00+00:00,192.0,192.0,189.0,189.85,2718
2024-06-06T14:30:00+00:00,189.6,190.0,189.35,190.0,183
2024-06-06T14:35:00+00:00,189.95,190.0,189.65,190.0,365
2024-06-06T14:40:00+00:00,190.0,190.0,189.7,189.8,279
2024-06-06T14:45:00+00:00,189.95,190.0,189.85,190.0,816
2024-06-06T14:50:00+00:00,189.9,190.0,189.9,190.0,311
2024-06-06T14:55:00+00:00,190.0,190.0,189.35,189.8,602
2024-06-06T15:00:00+00:00,189.65,189.65,189.35,189.6,125
2024-06-06T15:05:00+00:00,189.4,189.9,189.4,189.9,133
2024-06-06T15:10:00+00:00,189.9,189.9,189.85,189.9,159
2024-06-06T15:15:00+00:00,189.95,190.0,189.85,189.85,101
2024-06-06T15:20:00+00:00,189.8,190.0,189.75,190.0,913
2024-06-06T15:25:00+00:00,189.85,189.95,189.75,189.8,107
2024-06-06T15:30:00+00:00,189.8,190.0,189.75,190.0,394
2024-06-06T15:35:00+00:00,190.0,190.0,189.5,189.5,607
2024-06-06T15:45:00+00:00,189.5,189.5,189.5,189.5,113
2024-06-07T06:55:00+00:00,184.75,184.75,184.75,184.75,474
2024-06-07T07:00:00+00:00,186.3,188.0,185.2,186.95,1255
2024-06-07T07:05:00+00:00,187.3,187.35,185.85,186.65,443
2024-06-07T07:10:00+00:00,187.25,187.35,184.4,185.6,1254
2024-06-07T07:15:00+00:00,185.7,186.8,185.4,186.65,376
2024-06-07T07:20:00+00:00,186.65,186.8,186.65,186.75,86
2024-06-07T07:25:00+00:00,186.45,187.0,186.25,187.0,331
2024-06-07T07:30:00+00:00,187.0,188.0,186.3,186.5,857
2024-06-07T07:35:00+00:00,186.5,186.95,186.4,186.4,62
2024-06-07T07:40:00+00:00,186.45,186.95,185.45,185.45,501
2024-06-07T07:45:00+00:00,186.0,186.95,186.0,186.7,214
2024-06-07T07:50:00+00:00,186.7,186.7,185.4,186.25,240
2024-06-07T07:55:00+00:00,186.25,186.7,186.25,186.45,63
2024-06-07T08:00:00+00:00,186.45,186.7,186.0,186.7,125
2024-06-07T08:05:00+00:00,186.9,186.9,186.1,186.1,20
2024-06-07T08:10:00+00:00,186.65,186.7,185.9,186.0,158
2024-06-07T08:15:00+00:00,186.0,186.45,186.0,186.45,31
2024-06-07T08:20:00+00:00,186.45,186.9,186.45,186.7,33
2024-06-07T08:25:00+00:00,186.7,187.0,186.3,186.3,1650
2024-06-07T08:30:00+00:00,186.3,186.95,186.3,186.95,7
2024-06-07T08:35:00+00:00,187.0,187.0,186.3,186.9,20
2024-06-07T08:40:00+00:00,186.9,187.0,186.4,186.9,43
2024-06-07T08:45:00+00:00,186.85,187.0,186.4,186.4,23
2024-06-07T08:50:00+00:00,186.4,186.9,186.4,186.9,3
2024-06-07T08:55:00+00:00,186.9,187.0,186.45,187.0,191
2024-06-07T09:00:00+00:00,187.0,187.0,186.95,186.95,34
2024-06-07T09:05:00+00:00,186.95,187.0,186.15,186.15,555
2024-06-07T09:10:00+00:00,186.85,186.85,186.0,186.55,84
2024-06-07T09:15:00+00:00,186.55,187.0,186.0,187.0,155
2024-06-07T09:20:00+00:00,187.0,187.0,186.5,186.95,33
2024-06-07T09:25:00+00:00,187.0,187.0,186.95,186.95,133
2024-06-07T09:30:00+00:00,186.55,187.0,186.45,186.75,27
2024-06-07T09:35:00+00:00,186.75,186.9,186.45,186.9,5
2024-06-07T09:40:00+00:00,186.8,186.85,186.8,186.8,5
2024-06-07T09:45:00+00:00,186.85,186.9,186.5,186.5,257
2024-06-07T09:50:00+00:00,186.75,186.9,186.75,186.8,73
2024-06-07T09:55:00+00:00,186.8,186.95,186.55,186.95,114
2024-06-07T10:00:00+00:00,186.95,186.95,186.8,186.95,9
2024-06-07T10:05:00+00:00,186.7,186.95,186.7,186.9,58
2024-06-07T10:10:00+00:00,186.9,186.95,186.65,186.85,31
2024-06-07T10:15:00+00:00,186.85,186.95,186.6,186.95,166
2024-06-07T10:20:00+00:00,186.65,187.0,186.65,187.0,57
2024-06-07T10:25:00+00:00,187.0,187.0,187.0,187.0,359
2024-06-07T10:30:00+00:00,187.0,187.0,186.55,187.0,3701
2024-06-07T10:35:00+00:00,187.0,187.0,185.4,186.7,1883
2024-06-07T10:40:00+00:00,186.5,186.9,186.4,186.9,747
2024-06-07T10:45:00+00:00,186.9,187.0,186.45,186.95,2378
2024-06-07T10:50:00+00:00,187.0,187.0,186.95,186.95,1442
2024-06-07T10:55:00+00:00,186.95,187.0,186.9,187.0,1592
2024-06-07T11:00:00+00:00,187.0,187.0,186.9,187.0,2416
2024-06-07T11:05:00+00:00,187.0,187.0,186.95,187.0,660
2024-06-07T11:10:00+00:00,187.0,187.0,186.55,187.0,611
2024-06-07T11:15:00+00:00,187.0,187.0,186.5,186.5,524
2024-06-07T11:20:00+00:00,186.85,186.9,186.15,186.6,320
2024-06-07T11:25:00+00:00,186.7,186.9,186.7,186.8,49
2024-06-07T11:30:00+00:00,186.8,186.9,186.7,186.85,143
2024-06-07T11:35:00+00:00,186.75,186.85,186.6,186.85,169
2024-06-07T11:40:00+00:00,186.85,186.95,186.85,186.95,171
2024-06-07T11:45:00+00:00,186.95,186.95,186.85,186.95,207
2024-06-07T11:50:00+00:00,186.95,187.0,186.9,186.9,52
2024-06-07T11:55:00+00:00,186.95,187.0,186.9,187.0,96
2024-06-07T12:00:00+00:00,186.95,187.0,186.95,187.0,58
2024-06-07T12:05:00+00:00,187.0,187.0,187.0,187.0,71
2024-06-07T12:10:00+00:00,187.0,187.0,186.95,187.0,65
2024-06-07T12:15:00+00:00,186.95,187.0,186.9,187.0,106
2024-06-07T12:20:00+00:00,187.0,187.0,187.0,187.0,28
2024-06-07T12:25:00+00:00,187.0,187.0,187.0,187.0,14
2024-06-07T12:30:00+00:00,187.0,187.0,186.9,186.95,70
2024-06-07T12:35:00+00:00,186.9,186.95,186.85,186.95,141
2024-06-07T12:40:00+00:00,186.95,186.95,186.6,186.95,93
2024-06-07T12:45:00+00:00,186.7,186.9,186.6,186.9,40
2024-06-07T12:50:00+00:00,186.85,186.85,186.6,186.85,124
2024-06-07T12:55:00+00:00,186.6,186.95,186.55,186.95,55
2024-06-07T13:00:00+00:00,186.95,186.95,186.95,186.95,66
2024-06-07T13:05:00+00:00,186.95,186.95,186.7,186.7,135
2024-06-07T13:10:00+00:00,186.8,186.95,186.55,186.55,1487
2024-06-07T13:15:00+00:00,186.7,186.7,186.5,186.6,82
2024-06-07T13:20:00+00:00,186.65,186.7,186.5,186.5,130
2024-06-07T13:25:00+00:00,186.6,186.7,186.5,186.7,170
2024-06-07T13:30:00+00:00,186.7,186.7,186.65,186.65,423
2024-06-07T13:35:00+00:00,186.7,186.7,186.65,186.65,81
2024-06-07T13:40:00+00:00,186.65,186.7,185.65,185.65,990
2024-06-07T13:45:00+00:00,186.2,186.6,185.85,186.6,59
2024-06-07T13:50:00+00:00,186.55,186.55,186.35,186.4,461
2024-06-07T13:55:00+00:00,186.35,186.5,186.35,186.5,60
2024-06-07T14:00:00+00:00,186.5,186.55,186.35,186.55,27
2024-06-07T14:05:00+00:00,186.55,186.55,186.35,186.5,80
2024-06-07T14:10:00+00:00,186.35,186.5,186.35,186.4,9
2024-06-07T14:15:00+00:00,186.45,186.45,185.65,186.3,429
2024-06-07T14:20:00+00:00,186.3,186.4,186.05,186.3,12
2024-06-07T14:25:00+00:00,186.3,186.7,186.25,186.7,361
2024-06-07T14:30:00+00:00,186.25,186.25,186.25,186.25,1
2024-06-07T14:35:00+00:00,186.35,186.7,186.35,186.7,29
2024-06-07T14:40:00+00:00,186.6,186.7,186.6,186.7,29
2024-06-07T14:45:00+00:00,186.7,186.7,186.6,186.6,11
2024-06-07T14:50:00+00:00,186.65,186.7,186.2,186.65,83
2024-06-07T14:55:00+00:00,186.65,186.7,186.0,186.6,233
2024-06-07T15:00:00+00:00,186.55,186.65,186.1,186.2,82
2024-06-07T15:05:00+00:00,186.2,186.7,186.15,186.15,105
2024-06-07T15:10:00+00:00,186.55,186.7,186.55,186.7,182
2024-06-07T15:15:00+00:00,186.65,186.65,186.25,186.6,32
2024-06-07T15:20:00+00:00,186.6,186.6,186.25,186.6,94
2024-06-07T15:25:00+00:00,186.6,186.6,186.3,186.55,80
2024-06-07T15:30:00+00:00,186.45,186.55,186.4,186.4,192
2024-06-07T15:35:00+00:00,186.4,186.6,186.3,186.4,107
2024-06-07T15:45:00+00:00,186.25,186.25,186.25,186.25,51
2024-06-10T06:55:00+00:00,189.5,189.5,189.5,189.5,265
2024-06-10T07:00:00+00:00,189.3,189.35,187.35,188.0,308
2024-06-10T07:05:00+00:00,187.7,188.15,187.6,187.6,174
2024-06-10T07:10:00+00:00,187.65,188.1,187.65,188.1,105
2024-06-10T07:15:00+00:00,188.1,188.1,186.4,187.1,174
2024-06-10T07:20:00+00:00,187.15,187.3,187.15,187.25,84
2024-06-10T07:25:00+00:00,187.3,187.75,187.25,187.25,135
2024-06-10T07:30:00+00:00,187.25,187.25,187.15,187.25,23
2024-06-10T07:35:00+00:00,187.25,187.25,187.0,187.0,338
2024-06-10T07:40:00+00:00,187.0,187.25,186.95,187.2,135
2024-06-10T07:45:00+00:00,187.2,187.5,187.2,187.45,263
2024-06-10T07:50:00+00:00,187.5,187.9,187.5,187.8,237
2024-06-10T07:55:00+00:00,187.85,187.85,187.5,187.65,96
2024-06-10T08:00:00+00:00,187.7,188.0,187.7,187.7,275
2024-06-10T08:05:00+00:00,187.75,188.2,187.75,188.2,304
2024-06-10T08:10:00+00:00,188.2,188.55,188.2,188.5,110
2024-06-10T08:15:00+00:00,188.45,188.5,188.4,188.5,43
2024-06-10T08:20:00+00:00,188.45,188.5,188.45,188.5,76
2024-06-10T08:25:00+00:00,188.45,188.9,188.45,188.8,77
2024-06-10T08:30:00+00:00,188.8,188.8,188.3,188.35,55
2024-06-10T08:35:00+00:00,188.4,188.45,188.2,188.2,43
2024-06-10T08:40:00+00:00,188.15,188.2,188.15,188.15,25
2024-06-10T08:45:00+00:00,188.2,188.2,188.15,188.2,28
2024-06-10T08:50:00+00:00,188.2,188.2,187.7,187.75,375
2024-06-10T08:55:00+00:00,187.75,187.95,187.75,187.9,27
2024-06-10T09:00:00+00:00,187.9,187.95,187.9,187.95,12
2024-06-10T09:05:00+00:00,188.0,188.1,187.95,187.95,20
2024-06-10T09:10:00+00:00,188.05,188.1,188.05,188.1,4
2024-06-10T09:15:00+00:00,188.1,188.1,187.9,187.9,200
2024-06-10T09:20:00+00:00,187.9,188.0,187.9,187.9,52
2024-06-10T09:25:00+00:00,187.9,187.9,187.65,187.75,120
2024-06-10T09:30:00+00:00,187.75,187.8,187.5,187.75,150
2024-06-10T09:35:00+00:00,187.75,187.75,187.1,187.1,597
2024-06-10T09:40:00+00:00,187.1,187.2,187.05,187.1,105
2024-06-10T09:45:00+00:00,187.1,187.15,187.0,187.0,25
2024-06-10T09:50:00+00:00,187.1,187.2,187.0,187.2,1057
2024-06-10T09:55:00+00:00,187.2,187.2,187.2,187.2,2
2024-06-10T10:00:00+00:00,187.2,187.2,187.1,187.15,61
2024-06-10T10:05:00+00:00,187.15,187.15,187.1,187.1,7
2024-06-10T10:10:00+00:00,187.2,187.2,187.1,187.2,77
2024-06-10T10:15:00+00:00,187.2,187.2,187.1,187.2,175
2024-06-10T10:20:00+00:00,187.2,187.2,187.1,187.2,308
2024-06-10T10:25:00+00:00,187.2,187.2,187.1,187.1,3
2024-06-10T10:30:00+00:00,187.15,187.2,187.15,187.2,42
2024-06-10T10:35:00+00:00,187.15,187.2,187.15,187.2,33
2024-06-10T10:40:00+00:00,187.15,187.2,187.15,187.15,406
2024-06-10T10:45:00+00:00,187.2,187.2,187.2,187.2,18
2024-06-10T10:50:00+00:00,187.15,187.15,187.1,187.1,54
2024-06-10T10:55:00+00:00,187.1,187.1,187.05,187.05,4
2024-06-10T11:00:00+00:00,187.05,187.05,187.05,187.05,34
2024-06-10T11:05:00+00:00,187.1,187.2,187.05,187.2,31
2024-06-10T11:10:00+00:00,187.1,187.1,187.05,187.05,48
2024-06-10T11:15:00+00:00,187.05,187.1,187.0,187.05,103
2024-06-10T11:20:00+00:00,187.0,187.1,187.0,187.1,38
2024-06-10T11:25:00+00:00,187.1,187.1,187.0,187.0,13
2024-06-10T11:30:00+00:00,187.0,187.05,187.0,187.05,19
2024-06-10T11:35:00+00:00,187.05,187.05,187.05,187.05,64
2024-06-10T11:40:00+00:00,187.05,187.05,186.95,186.95,85
2024-06-10T11:45:00+00:00,186.95,186.95,186.3,186.4,1007
2024-06-10T11:50:00+00:00,186.35,186.4,186.35,186.35,18
2024-06-10T11:55:00+00:00,186.35,186.4,186.35,186.35,164
2024-06-10T12:00:00+00:00,186.4,186.4,186.4,186.4,17
2024-06-10T12:05:00+00:00,186.35,186.4,186.35,186.4,3
2024-06-10T12:10:00+00:00,186.4,186.4,186.35,186.35,117
2024-06-10T12:20:00+00:00,186.4,186.4,184.7,184.8,2260
2024-06-10T12:25:00+00:00,184.8,185.0,184.8,185.0,516
2024-06-10T12:30:00+00:00,185.0,185.0,184.95,185.0,379
2024-06-10T12:35:00+00:00,185.0,185.0,184.95,185.0,83
2024-06-10T12:40:00+00:00,185.0,185.0,184.95,184.95,23
2024-06-10T12:45:00+00:00,184.95,185.0,184.95,185.0,51
2024-06-10T12:50:00+00:00,184.95,185.0,184.95,184.95,16
2024-06-10T12:55:00+00:00,184.95,184.95,183.7,183.95,484
2024-06-10T13:00:00+00:00,183.95,184.95,183.95,184.9,231
2024-06-10T13:05:00+00:00,184.85,184.85,184.8,184.85,9
2024-06-10T13:10:00+00:00,184.9,184.9,184.8,184.85,3
2024-06-10T13:15:00+00:00,184.9,184.9,183.95,183.95,123
2024-06-10T13:20:00+00:00,184.0,184.15,184.0,184.15,107
2024-06-10T13:25:00+00:00,184.15,184.55,184.15,184.55,116
2024-06-10T13:30:00+00:00,184.55,184.65,184.55,184.65,8
2024-06-10T13:35:00+00:00,184.7,184.7,184.7,184.7,1
2024-06-10T13:40:00+00:00,184.7,184.8,184.55,184.65,70
2024-06-10T13:45:00+00:00,184.65,184.65,184.45,184.6,25
2024-06-10T13:50:00+00:00,184.65,184.65,184.65,184.65,2
2024-06-10T13:55:00+00:00,184.6,184.75,184.6,184.75,60
2024-06-10T14:00:00+00:00,184.7,184.75,184.65,184.65,15
2024-06-10T14:05:00+00:00,184.6,184.6,184.0,184.05,104
2024-06-10T14:10:00+00:00,184.1,184.55,184.1,184.5,32
2024-06-10T14:15:00+00:00,184.5,184.55,184.5,184.55,10
2024-06-10T14:20:00+00:00,184.5,184.65,184.5,184.65,2
2024-06-10T14:25:00+00:00,184.6,184.7,184.6,184.7,7
2024-06-10T14:30:00+00:00,184.7,184.75,183.75,184.3,123
2024-06-10T14:35:00+00:00,184.15,184.15,183.75,184.0,43
2024-06-10T14:40:00+00:00,184.0,184.25,183.75,183.75,14
2024-06-10T14:45:00+00:00,183.75,183.75,182.5,182.95,491
2024-06-10T14:50:00+00:00,182.95,182.95,182.9,182.95,53
2024-06-10T14:55:00+00:00,183.0,183.0,183.0,183.0,7
2024-06-10T15:00:00+00:00,183.0,183.0,182.95,183.0,15
2024-06-10T15:05:00+00:00,183.0,183.0,182.9,183.0,57
2024-06-10T15:10:00+00:00,183.0,183.0,182.9,182.9,90
2024-06-10T15:15:00+00:00,182.9,183.0,182.9,182.95,519
2024-06-10T15:20:00+00:00,182.95,182.95,182.9,182.9,8
2024-06-10T15:25:00+00:00,182.85,182.85,181.95,181.95,622
2024-06-10T15:30:00+00:00,181.95,182.0,181.95,182.0,62
2024-06-10T15:35:00+00:00,181.95,182.0,181.95,182.0,401
2024-06-10T15:45:00+00:00,182.0,182.0,182.0,182.0,12
2024-06-10T16:05:00+00:00,182.0,182.85,182.0,182.05,148
2024-06-10T16:10:00+00:00,182.05,182.1,182.05,182.1,5
2024-06-10T16:15:00+00:00,182.1,182.1,182.1,182.1,3
2024-06-10T16:20:00+00:00,182.15,182.15,182.0,182.15,96
2024-06-10T16:25:00+00:00,182.15,182.15,182.15,182.15,2
2024-06-10T16:30:00+00:00,182.2,182.2,182.2,182.2,2
2024-06-10T16:35:00+00:00,182.2,182.25,182.15,182.25,5
2024-06-10T16:40:00+00:00,182.3,182.3,182.3,182.3,2
2024-06-10T16:45:00+00:00,182.25,182.3,182.25,182.3,10
2024-06-10T16:50:00+00:00,182.3,182.3,182.3,182.3,2
2024-06-10T16:55:00+00:00,182.35,182.8,182.35,182.8,64
2024-06-10T17:00:00+00:00,182.85,182.85,182.85,182.85,1
2024-06-10T17:05:00+00:00,182.8,182.85,182.75,182.75,36
2024-06-10T17:10:00+00:00,182.7,182.7,182.55,182.55,26
2024-06-10T17:15:00+00:00,182.6,182.6,182.6,182.6,6
2024-06-10T17:20:00+00:00,182.55,182.55,182.4,182.4,14
2024-06-10T17:25:00+00:00,182.5,182.5,182.35,182.35,18
2024-06-10T17:30:00+00:00,182.35,182.35,182.35,182.35,2
2024-06-10T17:35:00+00:00,182.35,182.4,182.35,182.4,77
2024-06-10T17:40:00+00:00,182.45,182.45,182.45,182.45,1
2024-06-10T17:45:00+00:00,182.45,182.45,182.45,182.45,2
2024-06-10T17:50:00+00:00,182.5,182.5,182.45,182.5,9
2024-06-10T17:55:00+00:00,182.5,182.5,182.5,182.5,7
2024-06-10T18:00:00+00:00,182.5,182.5,182.5,182.5,5
2024-06-10T18:05:00+00:00,182.55,182.55,182.55,182.55,1
2024-06-10T18:15:00+00:00,182.55,182.6,182.55,182.6,63
2024-06-10T18:20:00+00:00,182.6,182.6,182.6,182.6,8
2024-06-10T18:25:00+00:00,182.6,182.6,182.6,182.6,4
2024-06-10T18:30:00+00:00,182.65,182.65,182.65,182.65,1
2024-06-10T18:35:00+00:00,182.65,182.65,182.65,182.65,1
2024-06-10T18:40:00+00:00,182.65,182.65,182.65,182.65,1
2024-06-10T18:45:00+00:00,182.6,182.6,182.6,182.6,2
2024-06-10T18:55:00+00:00,182.7,182.75,182.7,182.75,7
2024-06-10T19:30:00+00:00,182.8,182.85,182.8,182.85,4
2024-06-10T19:45:00+00:00,182.85,182.9,182.85,182.9,80
2024-06-10T19:50:00+00:00,182.8,182.8,182.6,182.6,30
2024-06-10T20:00:00+00:00,182.7,182.7,182.7,182.7,2
2024-06-10T20:10:00+00:00,182.7,182.75,182.7,182.75,3
2024-06-10T20:25:00+00:00,182.75,182.9,182.7,182.75,37
2024-06-10T20:30:00+00:00,182.8,182.85,182.75,182.8,7
2024-06-10T20:35:00+00:00,182.85,182.9,182.85,182.9,12
2024-06-10T20:40:00+00:00,182.9,182.9,182.9,182.9,12
2024-06-10T20:45:00+00:00,182.95,182.95,182.9,182.9,6
2024-06-11T06:55:00+00:00,182.9,182.9,182.9,182.9,21
2024-06-11T07:00:00+00:00,182.9,183.0,182.4,182.4,199
2024-06-11T07:05:00+00:00,182.4,182.5,182.15,182.15,44
2024-06-11T07:10:00+00:00,182.2,182.65,182.2,182.65,159
2024-06-11T07:15:00+00:00,182.65,182.7,182.65,182.65,6
2024-06-11T07:20:00+00:00,182.7,182.75,182.55,182.55,36
2024-06-11T07:25:00+00:00,182.55,182.55,179.0,181.3,1946
2024-06-11T07:30:00+00:00,181.3,181.45,180.4,180.65,299
2024-06-11T07:35:00+00:00,180.7,181.2,180.4,181.05,212
2024-06-11T07:40:00+00:00,181.2,181.35,181.1,181.1,15
2024-06-11T07:45:00+00:00,181.35,181.55,180.3,180.55,533
2024-06-11T07:50:00+00:00,181.45,181.5,180.85,181.45,9
2024-06-11T07:55:00+00:00,181.1,181.1,180.1,180.1,185
2024-06-11T08:00:00+00:00,180.55,182.0,180.55,182.0,173
2024-06-11T08:05:00+00:00,182.0,182.15,181.85,181.85,64
2024-06-11T08:10:00+00:00,181.85,182.0,181.85,181.95,17
2024-06-11T08:15:00+00:00,182.0,182.0,181.7,181.7,630
2024-06-11T08:20:00+00:00,181.75,181.85,181.65,181.7,27
2024-06-11T08:25:00+00:00,181.65,181.85,181.5,181.55,155
2024-06-11T08:30:00+00:00,181.5,181.7,181.5,181.6,37
2024-06-11T08:35:00+00:00,181.7,181.7,181.6,181.6,24
2024-06-11T08:40:00+00:00,181.6,181.65,181.6,181.65,19
2024-06-11T08:45:00+00:00,181.6,181.85,181.6,181.6,145
2024-06-11T08:50:00+00:00,181.7,181.7,181.6,181.7,186
2024-06-11T08:55:00+00:00,181.6,181.65,181.6,181.6,8
2024-06-11T09:00:00+00:00,181.6,181.6,181.6,181.6,2
2024-06-11T09:05:00+00:00,181.55,181.6,181.5,181.55,46
2024-06-11T09:10:00+00:00,181.55,181.55,181.5,181.55,4
2024-06-11T09:15:00+00:00,181.6,181.6,181.45,181.45,182
2024-06-11T09:20:00+00:00,181.5,181.5,181.45,181.5,19
2024-06-11T09:25:00+00:00,181.45,181.5,181.45,181.5,53
2024-06-11T09:30:00+00:00,181.5,181.5,181.45,181.45,25
2024-06-11T09:35:00+00:00,181.45,181.5,181.45,181.5,134
2024-06-11T09:40:00+00:00,181.5,181.5,181.45,181.5,23
2024-06-11T09:45:00+00:00,181.5,181.5,181.45,181.45,40
2024-06-11T09:50:00+00:00,181.45,181.45,181.45,181.45,213
2024-06-11T09:55:00+00:00,181.45,181.45,180.95,180.95,774
2024-06-11T10:00:00+00:00,180.9,180.9,180.75,180.75,14
2024-06-11T10:05:00+00:00,180.75,180.8,180.75,180.75,37
2024-06-11T10:10:00+00:00,180.75,180.8,180.4,180.4,32
2024-06-11T10:15:00+00:00,180.4,180.4,180.2,180.2,15
2024-06-11T10:20:00+00:00,180.15,180.2,180.05,180.1,193
2024-06-11T10:25:00+00:00,180.1,180.2,180.1,180.2,24
2024-06-11T10:30:00+00:00,180.2,180.2,180.15,180.2,34
2024-06-11T10:35:00+00:00,180.3,180.3,180.15,180.25,19
2024-06-11T10:40:00+00:00,180.15,180.15,180.05,180.05,175
2024-06-11T10:45:00+00:00,180.05,180.1,180.05,180.05,33
2024-06-11T10:50:00+00:00,180.15,180.15,180.0,180.1,168
2024-06-11T10:55:00+00:00,180.15,180.3,180.15,180.15,20
2024-06-11T11:00:00+00:00,180.15,180.2,180.0,180.1,24
2024-06-11T11:05:00+00:00,180.2,180.2,179.8,180.0,447
2024-06-11T11:10:00+00:00,179.95,180.0,179.8,179.8,17
2024-06-11T11:15:00+00:00,179.7,179.7,179.3,179.3,37
2024-06-11T11:20:00+00:00,179.3,179.8,179.15,179.8,154
2024-06-11T11:25:00+00:00,179.7,180.0,179.7,180.0,110
2024-06-11T11:30:00+00:00,180.0,180.0,180.0,180.0,216
2024-06-11T11:35:00+00:00,180.0,180.0,179.9,179.9,216
2024-06-11T11:40:00+00:00,179.9,180.0,179.9,179.9,16
2024-06-11T11:45:00+00:00,179.9,179.95,179.8,179.85,27
2024-06-11T11:50:00+00:00,179.8,179.95,179.75,179.85,64
2024-06-11T11:55:00+00:00,179.95,180.0,179.95,180.0,16
2024-06-11T12:00:00+00:00,180.0,180.0,180.0,180.0,1
2024-06-11T12:05:00+00:00,179.9,179.9,179.55,179.55,23
2024-06-11T12:10:00+00:00,179.55,179.75,179.4,179.75,36
2024-06-11T12:15:00+00:00,179.65,179.65,179.65,179.65,1
2024-06-11T12:20:00+00:00,179.65,179.95,179.35,179.85,106
2024-06-11T12:25:00+00:00,179.95,179.95,179.85,179.85,5
2024-06-11T12:30:00+00:00,179.95,179.95,179.85,179.95,9
2024-06-11T12:35:00+00:00,179.95,180.0,179.95,179.95,38
2024-06-11T12:40:00+00:00,180.0,180.0,180.0,180.0,54
2024-06-11T12:45:00+00:00,179.95,179.95,179.35,179.7,73
2024-06-11T12:50:00+00:00,179.45,179.45,179.35,179.35,4
2024-06-11T12:55:00+00:00,179.4,179.45,179.3,179.3,7
2024-06-11T13:00:00+00:00,179.4,179.65,179.4,179.65,28
2024-06-11T13:05:00+00:00,179.6,179.95,178.95,179.85,630
2024-06-11T13:10:00+00:00,179.75,179.75,178.55,178.55,103
2024-06-11T13:15:00+00:00,178.65,180.0,178.65,179.85,310
2024-06-11T13:20:00+00:00,179.75,179.75,179.75,179.75,2
2024-06-11T13:25:00+00:00,179.75,179.75,178.55,178.55,150
2024-06-11T13:30:00+00:00,178.75,178.95,178.75,178.95,23
2024-06-11T13:35:00+00:00,178.95,178.95,178.95,178.95,4
2024-06-11T13:40:00+00:00,178.95,178.95,178.85,178.95,4
2024-06-11T13:45:00+00:00,178.85,178.95,178.8,178.95,34
2024-06-11T13:50:00+00:00,178.95,179.95,178.95,179.65,104
2024-06-11T13:55:00+00:00,179.75,180.0,179.65,179.95,98
2024-06-11T14:00:00+00:00,179.95,179.95,179.7,179.7,17
2024-06-11T14:05:00+00:00,179.7,180.0,179.65,179.65,1520
2024-06-11T14:10:00+00:00,179.65,179.95,179.65,179.95,271
2024-06-11T14:15:00+00:00,179.85,179.85,179.7,179.7,13
2024-06-11T14:20:00+00:00,179.8,180.0,179.8,180.0,18
2024-06-11T14:25:00+00:00,180.0,180.0,180.0,180.0,9
2024-06-11T14:30:00+00:00,180.05,180.05,180.0,180.0,31
2024-06-11T14:35:00+00:00,179.95,179.95,179.65,179.85,49
2024-06-11T14:40:00+00:00,179.85,179.85,179.85,179.85,8
2024-06-11T14:45:00+00:00,179.95,180.05,179.9,180.05,121
2024-06-11T14:50:00+00:00,180.05,180.2,179.7,179.7,41
2024-06-11T14:55:00+00:00,179.85,179.85,179.85,179.85,2
2024-06-11T15:00:00+00:00,179.75,179.8,179.75,179.8,2
2024-06-11T15:05:00+00:00,179.85,179.95,179.85,179.85,12
2024-06-11T15:10:00+00:00,179.85,179.95,179.85,179.95,2
2024-06-11T15:15:00+00:00,179.85,179.85,179.75,179.75,30
2024-06-11T15:20:00+00:00,179.75,179.75,179.65,179.75,134
2024-06-11T15:25:00+00:00,179.85,179.85,179.75,179.75,2
2024-06-11T15:30:00+00:00,179.85,179.85,179.65,179.65,19
2024-06-11T15:35:00+00:00,179.65,179.65,179.65,179.65,196
2024-06-11T15:45:00+00:00,179.6,179.6,179.6,179.6,18
2024-06-11T16:05:00+00:00,179.55,179.55,178.65,178.65,65
2024-06-11T16:10:00+00:00,178.75,178.75,178.75,178.75,1
2024-06-11T16:15:00+00:00,178.65,178.65,178.65,178.65,5
2024-06-11T16:20:00+00:00,178.65,178.75,178.65,178.75,3
2024-06-11T16:25:00+00:00,178.75,178.75,178.65,178.75,6
2024-06-11T16:30:00+00:00,178.85,178.95,178.85,178.95,10
2024-06-11T16:35:00+00:00,178.95,179.15,178.95,179.05,17
2024-06-11T16:40:00+00:00,179.15,179.35,179.15,179.35,12
2024-06-11T16:45:00+00:00,179.35,179.45,179.35,179.45,4
2024-06-11T16:55:00+00:00,179.45,179.45,179.45,179.45,3
2024-06-11T17:00:00+00:00,179.55,179.55,179.55,179.55,5
2024-06-11T17:05:00+00:00,179.55,179.55,179.55,179.55,1
2024-06-11T17:10:00+00:00,179.65,179.65,179.65,179.65,6
2024-06-11T17:15:00+00:00,179.55,179.55,179.35,179.35,38
2024-06-11T17:20:00+00:00,179.35,179.35,179.35,179.35,5
2024-06-11T17:25:00+00:00,179.4,179.4,179.35,179.35,3
2024-06-11T17:40:00+00:00,179.4,179.4,179.4,179.4,1
2024-06-11T17:45:00+00:00,179.4,179.4,179.4,179.4,1
2024-06-11T17:50:00+00:00,179.4,179.4,179.4,179.4,5
2024-06-11T18:00:00+00:00,179.4,179.4,179.35,179.35,35
2024-06-11T18:05:00+00:00,179.35,179.35,179.35,179.35,1
2024-06-11T18:10:00+00:00,179.35,179.35,179.35,179.35,1
2024-06-11T18:15:00+00:00,179.25,179.25,179.25,179.25,4
2024-06-11T18:20:00+00:00,179.35,179.35,179.35,179.35,4
2024-06-11T18:25:00+00:00,179.4,179.4,179.4,179.4,1
2024-06-11T18:30:00+00:00,179.4,179.55,179.4,179.55,16
2024-06-11T18:35:00+00:00,179.45,179.55,179.45,179.55,4
2024-06-11T18:40:00+00:00,179.55,179.55,179.45,179.45,2
2024-06-11T18:45:00+00:00,179.45,179.45,179.45,179.45,3
2024-06-11T18:55:00+00:00,179.45,179.45,179.45,179.45,1
2024-06-11T19:00:00+00:00,179.55,179.55,179.55,179.55,5
2024-06-11T19:25:00+00:00,179.55,179.55,179.55,179.55,47
2024-06-11T19:35:00+00:00,179.55,180.05,179.55,180.05,102
2024-06-11T19:40:00+00:00,179.95,179.95,179.95,179.95,6
2024-06-11T19:45:00+00:00,179.85,179.85,179.85,179.85,5
2024-06-11T19:50:00+00:00,179.75,179.75,179.55,179.55,17
2024-06-11T20:00:00+00:00,179.65,179.65,179.65,179.65,6
2024-06-11T20:05:00+00:00,179.55,179.55,179.55,179.55,1
2024-06-11T20:20:00+00:00,179.55,179.65,179.45,179.65,81
2024-06-11T20:30:00+00:00,179.65,179.75,179.65,179.75,11
2024-06-11T20:40:00+00:00,179.65,179.65,179.55,179.55,15
2024-06-11T20:45:00+00:00,179.65,179.65,179.65,179.65,2
2024-06-13T06:55:00+00:00,177.45,177.45,177.45,177.45,129
2024-06-13T07:00:00+00:00,177.1,177.1,170.0,174.8,794
2024-06-13T07:05:00+00:00,171.5,176.1,171.45,176.1,313
2024-06-13T07:10:00+00:00,173.65,179.0,173.5,179.0,560
2024-06-13T07:15:00+00:00,178.0,179.0,178.0,178.1,92
2024-06-13T07:20:00+00:00,178.15,180.0,178.1,178.35,157
2024-06-13T07:25:00+00:00,179.65,182.95,178.5,180.3,116
2024-06-13T07:30:00+00:00,181.15,181.15,180.25,180.3,12
2024-06-13T07:35:00+00:00,180.9,181.5,180.4,181.5,235
2024-06-13T07:40:00+00:00,181.4,181.6,181.4,181.4,92
2024-06-13T07:45:00+00:00,181.45,181.5,181.4,181.4,113
2024-06-13T07:50:00+00:00,181.4,181.55,181.4,181.4,56
2024-06-13T07:55:00+00:00,181.4,181.55,181.25,181.25,125
2024-06-13T08:00:00+00:00,181.25,181.3,180.05,180.05,177
2024-06-13T08:05:00+00:00,180.05,180.25,180.05,180.25,38
2024-06-13T08:10:00+00:00,180.15,180.25,180.05,180.05,151
2024-06-13T08:15:00+00:00,180.15,180.15,180.0,180.1,252
2024-06-13T08:20:00+00:00,180.1,180.15,180.0,180.0,42
2024-06-13T08:25:00+00:00,180.0,180.15,178.65,179.15,687
2024-06-13T08:30:00+00:00,179.15,179.25,178.95,178.95,32
2024-06-13T08:35:00+00:00,178.95,178.95,178.75,178.9,114
2024-06-13T08:40:00+00:00,178.95,179.0,178.95,178.95,13
2024-06-13T08:45:00+00:00,178.85,178.85,178.5,178.85,72
2024-06-13T08:50:00+00:00,178.75,179.05,178.75,178.95,47
2024-06-13T08:55:00+00:00,179.05,179.15,179.05,179.05,11
2024-06-13T09:00:00+00:00,179.15,179.5,179.15,179.5,28
2024-06-13T09:05:00+00:00,179.55,180.0,179.55,179.95,45
2024-06-13T09:10:00+00:00,179.95,180.0,179.85,179.85,6
2024-06-13T09:15:00+00:00,179.85,179.85,179.25,179.65,76
2024-06-13T09:20:00+00:00,179.75,179.95,179.65,179.75,64
2024-06-13T09:25:00+00:00,179.8,179.8,179.65,179.75,9
2024-06-13T09:30:00+00:00,179.7,179.85,179.65,179.85,8
2024-06-13T09:35:00+00:00,179.85,179.85,179.85,179.85,3
2024-06-13T09:40:00+00:00,179.85,179.85,179.75,179.75,9
2024-06-13T09:45:00+00:00,179.85,179.85,179.65,179.85,22
2024-06-13T09:50:00+00:00,179.65,179.65,179.35,179.35,20
2024-06-13T09:55:00+00:00,179.35,179.65,179.35,179.65,42
2024-06-13T10:05:00+00:00,179.6,179.6,179.6,179.6,1
2024-06-13T10:10:00+00:00,179.6,179.85,179.6,179.85,30
2024-06-13T10:15:00+00:00,179.75,179.85,179.65,179.85,10
2024-06-13T10:20:00+00:00,179.9,179.95,179.9,179.95,7
2024-06-13T10:25:00+00:00,180.0,180.0,179.95,179.95,11
2024-06-13T10:30:00+00:00,180.0,180.0,178.05,178.6,253
2024-06-13T10:35:00+00:00,178.75,179.95,178.75,179.05,176
2024-06-13T10:40:00+00:00,179.95,179.95,179.85,179.85,12
2024-06-13T10:45:00+00:00,179.85,180.0,179.85,180.0,131
2024-06-13T10:55:00+00:00,179.95,180.0,179.85,179.85,7
2024-06-13T11:00:00+00:00,179.85,179.95,179.75,179.75,6
2024-06-13T11:05:00+00:00,179.85,179.85,179.8,179.8,3
2024-06-13T11:10:00+00:00,179.75,179.8,179.75,179.8,6
2024-06-13T11:15:00+00:00,179.85,179.95,179.85,179.85,3
2024-06-13T11:20:00+00:00,179.9,179.9,179.8,179.8,2
2024-06-13T11:30:00+00:00,179.8,179.95,179.8,179.85,24
2024-06-13T11:35:00+00:00,179.95,180.0,179.85,179.95,37
2024-06-13T11:40:00+00:00,179.9,179.9,178.55,178.95,521
2024-06-13T11:45:00+00:00,179.05,179.3,178.55,179.1,370
2024-06-13T11:50:00+00:00,178.95,178.95,178.75,178.75,13
2024-06-13T11:55:00+00:00,178.8,178.9,178.55,178.75,63
2024-06-13T12:00:00+00:00,178.75,178.85,178.75,178.75,18
2024-06-13T12:05:00+00:00,178.8,179.05,178.8,178.95,49
2024-06-13T12:10:00+00:00,179.05,179.8,179.05,179.8,82
2024-06-13T12:15:00+00:00,179.85,180.0,179.8,179.8,45
2024-06-13T12:20:00+00:00,179.8,179.8,179.8,179.8,100
2024-06-13T12:25:00+00:00,179.8,179.95,179.8,179.95,3
2024-06-13T12:30:00+00:00,179.85,179.95,179.8,179.8,7
2024-06-13T12:35:00+00:00,179.8,179.95,179.8,179.95,185
2024-06-13T12:40:00+00:00,179.95,179.95,179.8,179.95,15
2024-06-13T12:45:00+00:00,179.8,179.8,179.7,179.7,21
2024-06-13T12:50:00+00:00,179.7,179.7,178.45,178.45,296
2024-06-13T12:55:00+00:00,178.5,178.75,178.5,178.75,13
2024-06-13T13:00:00+00:00,178.75,179.05,178.45,178.45,61
2024-06-13T13:05:00+00:00,178.4,178.4,178.05,178.05,71
2024-06-13T13:10:00+00:00,178.1,178.15,178.1,178.15,8
2024-06-13T13:15:00+00:00,178.15,178.25,178.15,178.25,12
2024-06-13T13:20:00+00:00,178.35,178.35,178.35,178.35,6
2024-06-13T13:25:00+00:00,178.45,178.45,178.0,178.35,102
2024-06-13T13:35:00+00:00,178.35,178.4,178.1,178.1,6
2024-06-13T13:40:00+00:00,178.1,178.1,178.1,178.1,1
2024-06-13T13:45:00+00:00,178.3,178.3,178.3,178.3,2
2024-06-13T13:50:00+00:00,178.35,178.35,178.35,178.35,2
2024-06-13T13:55:00+00:00,178.2,178.45,178.15,178.45,10
2024-06-13T14:00:00+00:00,178.5,178.5,178.15,178.25,52
2024-06-13T14:05:00+00:00,178.35,178.35,178.35,178.35,1
2024-06-13T14:10:00+00:00,178.35,178.75,178.35,178.75,30
2024-06-13T14:15:00+00:00,178.75,178.75,178.65,178.75,8
2024-06-13T14:20:00+00:00,178.8,178.85,178.8,178.8,4
2024-06-13T14:25:00+00:00,178.85,178.85,178.85,178.85,1
2024-06-13T14:30:00+00:00,178.8,179.0,178.8,179.0,143
2024-06-13T14:35:00+00:00,179.0,180.0,179.0,180.0,295
2024-06-13T14:40:00+00:00,180.05,180.45,180.05,180.25,99
2024-06-13T14:45:00+00:00,180.35,182.65,180.35,182.4,1052
2024-06-13T14:50:00+00:00,182.45,182.5,181.05,181.15,438
2024-06-13T14:55:00+00:00,181.2,181.2,181.2,181.2,1
2024-06-13T15:00:00+00:00,181.15,181.15,180.75,180.75,202
2024-06-13T15:05:00+00:00,180.85,180.9,180.45,180.6,101
2024-06-13T15:10:00+00:00,180.6,180.65,180.45,180.6,7
2024-06-13T15:15:00+00:00,180.6,180.6,180.15,180.15,60
2024-06-13T15:20:00+00:00,180.15,180.15,179.95,179.95,84
2024-06-13T15:25:00+00:00,179.85,179.85,179.75,179.75,32
2024-06-13T15:30:00+00:00,179.65,179.65,179.65,179.65,2
2024-06-13T15:35:00+00:00,179.65,179.7,179.6,179.6,7
2024-06-13T15:45:00+00:00,179.6,179.6,179.6,179.6,16
2024-06-13T16:05:00+00:00,179.75,179.75,179.75,179.75,11
2024-06-13T16:10:00+00:00,179.85,180.05,179.85,180.05,20
2024-06-13T16:15:00+00:00,180.05,180.05,180.0,180.0,3
2024-06-13T16:20:00+00:00,180.15,180.15,180.0,180.0,50
2024-06-13T16:25:00+00:00,180.15,180.25,180.15,180.15,14
2024-06-13T16:30:00+00:00,180.15,180.25,180.15,180.25,4
2024-06-13T16:35:00+00:00,180.2,180.55,180.2,180.55,19
2024-06-13T16:40:00+00:00,180.55,180.65,180.45,180.65,13
2024-06-13T16:45:00+00:00,180.65,180.65,180.0,180.0,53
2024-06-13T16:50:00+00:00,180.15,180.15,180.15,180.15,1
2024-06-13T16:55:00+00:00,180.05,180.05,180.05,180.05,1
2024-06-13T17:00:00+00:00,180.15,180.15,180.05,180.05,2
2024-06-13T17:10:00+00:00,180.15,180.15,180.05,180.05,8
2024-06-13T17:15:00+00:00,180.15,180.15,180.05,180.05,4
2024-06-13T17:25:00+00:00,180.05,180.05,180.0,180.0,5
2024-06-13T17:35:00+00:00,180.05,180.05,180.05,180.05,1
2024-06-13T17:40:00+00:00,180.05,180.05,180.0,180.05,7
2024-06-13T17:45:00+00:00,180.1,181.35,180.1,181.05,133
2024-06-13T17:50:00+00:00,181.15,181.35,181.15,181.25,21
2024-06-13T17:55:00+00:00,181.35,181.35,181.25,181.25,4
2024-06-13T18:00:00+00:00,181.25,181.25,180.35,180.85,83
2024-06-13T18:05:00+00:00,180.95,180.95,180.95,180.95,4
2024-06-13T18:10:00+00:00,181.05,181.45,181.05,181.45,23
2024-06-13T18:15:00+00:00,181.45,181.45,181.35,181.35,4
2024-06-13T18:20:00+00:00,181.35,181.35,180.95,180.95,20
2024-06-13T18:30:00+00:00,181.05,181.05,181.0,181.0,9
2024-06-13T18:35:00+00:00,181.05,181.05,181.0,181.0,31
2024-06-13T18:40:00+00:00,181.15,182.35,181.15,182.05,115
2024-06-13T18:45:00+00:00,182.05,182.15,182.05,182.05,4
2024-06-13T19:00:00+00:00,182.05,182.05,182.05,182.05,1
2024-06-13T19:05:00+00:00,182.05,182.05,182.05,182.05,2
2024-06-13T19:10:00+00:00,182.15,182.15,182.15,182.15,1
2024-06-13T19:15:00+00:00,181.95,181.95,181.95,181.95,1
2024-06-13T19:30:00+00:00,181.95,181.95,181.15,181.25,149
2024-06-13T19:50:00+00:00,181.35,181.35,181.35,181.35,1
2024-06-13T19:55:00+00:00,181.35,181.35,181.35,181.35,1
2024-06-13T20:05:00+00:00,181.25,181.25,181.25,181.25,4
2024-06-13T20:15:00+00:00,181.25,181.25,181.25,181.25,2
2024-06-13T20:25:00+00:00,181.25,181.25,181.1,181.1,66
2024-06-13T20:35:00+00:00,181.1,181.1,181.0,181.0,8
2024-06-13T20:40:00+00:00,181.0,181.15,181.0,181.15,4
2024-06-13T20:45:00+00:00,181.15,181.25,181.15,181.15,6
2024-06-14T06:55:00+00:00,181.15,181.15,181.15,181.15,1
2024-06-14T07:00:00+00:00,181.05,181.1,181.05,181.1,3
2024-06-14T07:05:00+00:00,181.15,181.45,181.05,181.25,37
2024-06-14T07:10:00+00:00,181.25,181.3,181.25,181.3,22
2024-06-14T07:15:00+00:00,181.3,181.4,181.3,181.4,47
2024-06-14T07:20:00+00:00,181.45,182.6,181.35,181.45,279
2024-06-14T07:25:00+00:00,181.55,181.65,181.55,181.55,18
2024-06-14T07:30:00+00:00,181.45,181.55,181.3,181.3,71
2024-06-14T07:35:00+00:00,181.3,181.3,181.3,181.3,21
2024-06-14T07:40:00+00:00,181.3,181.3,181.15,181.15,9
2024-06-14T07:45:00+00:00,181.15,181.15,180.75,180.75,46
2024-06-14T07:50:00+00:00,180.85,180.85,180.75,180.75,4
2024-06-14T07:55:00+00:00,180.75,180.75,178.85,179.05,228
2024-06-14T08:00:00+00:00,179.15,180.05,179.15,180.05,68
2024-06-14T08:05:00+00:00,179.95,179.95,179.15,179.85,80
2024-06-14T08:10:00+00:00,179.75,179.75,179.75,179.75,14
2024-06-14T08:15:00+00:00,179.75,179.75,179.75,179.75,2
2024-06-14T08:20:00+00:00,179.75,179.85,179.7,179.7,55
2024-06-14T08:25:00+00:00,179.7,179.7,179.05,179.05,63
2024-06-14T08:30:00+00:00,179.15,180.05,179.15,180.0,67
2024-06-14T08:35:00+00:00,180.05,180.15,180.05,180.05,8
2024-06-14T08:40:00+00:00,180.15,181.3,180.05,181.05,113
2024-06-14T08:45:00+00:00,181.05,181.05,180.65,180.85,27
2024-06-14T08:50:00+00:00,180.75,180.75,179.9,179.95,113
2024-06-14T08:55:00+00:00,179.9,179.95,179.9,179.95,3
2024-06-14T09:00:00+00:00,179.95,180.0,179.95,180.0,13
2024-06-14T09:05:00+00:00,180.0,181.35,180.0,180.15,593
2024-06-14T09:10:00+00:00,180.25,180.25,179.95,180.05,160
2024-06-14T09:15:00+00:00,180.05,180.05,180.05,180.05,1
2024-06-14T09:20:00+00:00,180.05,180.25,180.05,180.05,219
2024-06-14T09:25:00+00:00,180.1,180.1,180.1,180.1,8
2024-06-14T09:30:00+00:00,180.15,180.75,180.15,180.75,39
2024-06-14T09:35:00+00:00,180.65,181.2,180.65,181.2,29
2024-06-14T09:40:00+00:00,181.05,181.05,180.95,180.95,15
2024-06-14T09:45:00+00:00,180.85,180.95,180.85,180.85,4
2024-06-14T09:50:00+00:00,180.95,181.2,180.95,181.15,115
2024-06-14T09:55:00+00:00,181.2,181.2,180.85,180.85,17
2024-06-14T10:00:00+00:00,180.95,180.95,180.85,180.85,6
2024-06-14T10:05:00+00:00,180.85,180.85,180.75,180.75,34
2024-06-14T10:10:00+00:00,180.75,180.75,180.55,180.55,21
2024-06-14T10:15:00+00:00,180.55,180.55,180.35,180.35,12
2024-06-14T10:20:00+00:00,180.35,180.45,180.35,180.35,8
2024-06-14T10:25:00+00:00,180.4,180.55,180.4,180.45,98
2024-06-14T10:30:00+00:00,180.55,180.65,180.45,180.55,8
2024-06-14T10:35:00+00:00,180.65,180.65,180.65,180.65,6
2024-06-14T10:40:00+00:00,180.65,180.75,180.65,180.75,19
2024-06-14T10:45:00+00:00,180.85,180.85,180.75,180.75,6
2024-06-14T10:55:00+00:00,180.85,180.85,180.85,180.85,1
2024-06-14T11:00:00+00:00,180.95,180.95,180.8,180.8,91
2024-06-14T11:05:00+00:00,180.95,180.95,180.8,180.8,9
2024-06-14T11:10:00+00:00,180.8,180.8,180.65,180.65,53
2024-06-14T11:15:00+00:00,180.65,180.75,180.65,180.75,3
2024-06-14T11:20:00+00:00,180.75,180.8,180.65,180.8,56
2024-06-14T11:25:00+00:00,180.85,180.95,180.35,180.55,279
2024-06-14T11:30:00+00:00,180.65,181.7,180.65,180.85,175
2024-06-14T11:35:00+00:00,180.85,180.85,180.35,180.45,97
2024-06-14T11:40:00+00:00,180.55,180.55,180.45,180.45,32
2024-06-14T11:45:00+00:00,180.45,180.65,180.35,180.35,129
2024-06-14T11:50:00+00:00,180.35,180.35,180.0,180.0,161
2024-06-14T11:55:00+00:00,180.15,180.15,180.15,180.15,1
2024-06-14T12:00:00+00:00,180.15,180.15,180.05,180.05,2
2024-06-14T12:05:00+00:00,180.05,180.05,179.25,179.95,152
2024-06-14T12:10:00+00:00,180.05,180.1,180.05,180.05,3
2024-06-14T12:15:00+00:00,180.1,180.1,179.95,180.05,7
2024-06-14T12:20:00+00:00,180.0,180.0,180.0,180.0,1
2024-06-14T12:25:00+00:00,180.0,180.0,179.85,179.85,17
2024-06-14T12:30:00+00:00,179.95,179.95,179.85,179.85,3
2024-06-14T12:35:00+00:00,179.8,179.8,179.8,179.8,1
2024-06-14T12:40:00+00:00,179.75,179.9,179.75,179.9,5
2024-06-14T12:45:00+00:00,179.75,179.75,179.75,179.75,1
2024-06-14T12:50:00+00:00,179.85,179.9,179.85,179.9,4
2024-06-14T12:55:00+00:00,179.75,179.9,179.75,179.85,15
2024-06-14T13:00:00+00:00,179.85,180.15,179.85,180.05,256
2024-06-14T13:05:00+00:00,180.15,180.35,180.15,180.25,16
2024-06-14T13:15:00+00:00,180.35,181.5,180.35,181.35,121
2024-06-14T13:20:00+00:00,181.45,181.95,181.45,181.95,136
2024-06-14T13:25:00+00:00,182.0,182.0,181.95,181.95,23
2024-06-14T13:30:00+00:00,182.0,182.2,181.95,182.1,301
2024-06-14T13:35:00+00:00,182.05,182.05,181.95,181.95,134
2024-06-14T13:40:00+00:00,181.95,181.95,181.95,181.95,156
2024-06-14T13:45:00+00:00,182.0,182.0,181.95,181.95,570
2024-06-14T13:50:00+00:00,181.95,182.05,181.95,181.95,529
2024-06-14T13:55:00+00:00,181.95,181.95,181.55,181.55,230
2024-06-14T14:00:00+00:00,181.5,181.55,181.45,181.55,3
2024-06-14T14:05:00+00:00,181.45,181.65,181.45,181.45,49
2024-06-14T14:10:00+00:00,181.45,181.55,181.45,181.45,40
2024-06-14T14:15:00+00:00,181.6,181.8,181.45,181.65,20
2024-06-14T14:20:00+00:00,181.75,181.9,181.65,181.8,30
2024-06-14T14:25:00+00:00,181.9,181.95,181.9,181.95,2
2024-06-14T14:30:00+00:00,181.85,181.95,181.75,181.75,15
2024-06-14T14:35:00+00:00,181.75,181.75,181.75,181.75,5
2024-06-14T14:40:00+00:00,181.8,182.3,181.8,181.95,162
2024-06-14T14:45:00+00:00,181.95,182.0,181.9,181.9,4
2024-06-14T14:50:00+00:00,182.0,182.0,182.0,182.0,1
2024-06-14T15:00:00+00:00,182.0,182.0,181.75,181.75,51
2024-06-14T15:05:00+00:00,181.75,181.85,181.75,181.75,6
2024-06-14T15:10:00+00:00,181.75,181.75,181.75,181.75,1
2024-06-14T15:15:00+00:00,181.8,181.8,181.65,181.65,28
2024-06-14T15:20:00+00:00,181.75,181.75,181.65,181.65,22
2024-06-14T15:25:00+00:00,181.8,181.8,181.65,181.65,3
2024-06-14T15:30:00+00:00,181.75,181.9,181.65,181.65,125
2024-06-14T15:35:00+00:00,181.75,181.85,181.35,181.35,50
2024-06-14T15:45:00+00:00,181.75,181.75,181.75,181.75,17
2024-06-14T16:10:00+00:00,181.65,181.65,181.65,181.65,6
2024-06-14T16:15:00+00:00,181.55,181.55,181.45,181.45,7
2024-06-14T16:20:00+00:00,181.55,181.55,181.45,181.45,7
2024-06-14T16:25:00+00:00,181.45,181.45,181.15,181.15,16
2024-06-14T16:30:00+00:00,181.15,181.15,181.15,181.15,1
2024-06-14T16:35:00+00:00,181.15,181.25,181.05,181.05,8
2024-06-14T16:40:00+00:00,181.15,181.15,181.0,181.0,23
2024-06-14T16:50:00+00:00,181.0,181.0,181.0,181.0,1
2024-06-14T17:05:00+00:00,181.0,181.0,181.0,181.0,2
2024-06-14T17:10:00+00:00,181.0,181.05,181.0,181.05,9
2024-06-14T17:15:00+00:00,181.05,181.05,181.0,181.05,5
2024-06-14T17:40:00+00:00,181.0,181.0,181.0,181.0,3
2024-06-14T18:00:00+00:00,181.05,181.05,181.0,181.0,15
2024-06-14T18:05:00+00:00,181.0,181.0,181.0,181.0,8
2024-06-14T18:10:00+00:00,181.0,181.0,181.0,181.0,12
2024-06-14T18:15:00+00:00,181.0,181.0,180.75,180.75,105
2024-06-14T18:30:00+00:00,180.75,180.75,180.75,180.75,3
2024-06-14T19:05:00+00:00,180.7,180.7,180.55,180.55,21
2024-06-14T19:10:00+00:00,180.55,180.55,180.55,180.55,1
2024-06-14T19:15:00+00:00,180.65,180.65,180.55,180.55,3
2024-06-14T19:20:00+00:00,180.55,180.55,180.55,180.55,1
2024-06-14T19:30:00+00:00,180.65,180.65,180.55,180.55,2
2024-06-14T19:55:00+00:00,180.65,180.85,180.65,180.85,10
2024-06-14T20:00:00+00:00,180.85,180.9,180.85,180.9,4
2024-06-14T20:10:00+00:00,180.95,180.95,180.9,180.95,3
2024-06-14T20:20:00+00:00,180.95,181.05,180.85,180.85,17
2024-06-14T20:25:00+00:00,180.85,180.85,180.75,180.75,9
2024-06-14T20:30:00+00:00,180.75,180.75,180.75,180.75,3
2024-06-14T20:35:00+00:00,180.75,180.75,180.55,180.55,8
2024-06-14T20:40:00+00:00,180.65,180.75,180.55,180.65,16
2024-06-14T20:45:00+00:00,180.65,180.85,180.65,180.65,8
2024-06-17T06:55:00+00:00,180.65,180.65,180.65,180.65,8
2024-06-17T07:00:00+00:00,180.65,181.05,180.55,181.05,76
2024-06-17T07:05:00+00:00,181.05,181.55,181.05,181.25,46
2024-06-17T07:10:00+00:00,181.25,181.25,181.15,181.15,20
2024-06-17T07:15:00+00:00,181.05,181.05,180.95,180.95,20
2024-06-17T07:20:00+00:00,181.0,181.05,180.95,181.0,9
2024-06-17T07:25:00+00:00,181.0,181.0,180.95,180.95,69
2024-06-17T07:30:00+00:00,180.95,181.0,180.95,181.0,2
2024-06-17T07:35:00+00:00,181.0,181.0,180.95,181.0,11
2024-06-17T07:40:00+00:00,181.0,181.0,180.85,180.85,47
2024-06-17T07:45:00+00:00,180.85,180.95,180.75,180.75,25
2024-06-17T07:50:00+00:00,180.75,180.75,180.65,180.65,42
2024-06-17T07:55:00+00:00,180.75,180.75,180.55,180.65,13
2024-06-17T08:00:00+00:00,180.6,180.75,180.55,180.65,25
2024-06-17T08:05:00+00:00,180.65,180.65,180.55,180.55,18
2024-06-17T08:10:00+00:00,180.65,180.65,180.65,180.65,1
2024-06-17T08:15:00+00:00,180.5,180.65,180.5,180.5,19
2024-06-17T08:20:00+00:00,180.65,180.65,180.5,180.5,27
2024-06-17T08:25:00+00:00,180.5,180.5,180.45,180.45,5
2024-06-17T08:30:00+00:00,180.45,180.5,180.45,180.5,17
2024-06-17T08:35:00+00:00,180.5,180.5,180.0,180.0,299
2024-06-17T08:40:00+00:00,179.95,180.0,179.85,179.85,272
2024-06-17T08:45:00+00:00,179.95,179.95,179.55,179.55,23
2024-06-17T08:50:00+00:00,179.6,179.6,179.6,179.6,1
2024-06-17T08:55:00+00:00,179.55,179.55,179.55,179.55,10
2024-06-17T09:00:00+00:00,179.55,179.65,179.55,179.65,8
2024-06-17T09:05:00+00:00,179.65,179.75,179.65,179.75,7
2024-06-17T09:10:00+00:00,179.65,179.65,179.5,179.65,94
2024-06-17T09:15:00+00:00,179.65,179.65,179.45,179.45,18
2024-06-17T09:20:00+00:00,179.45,179.85,179.45,179.85,36
2024-06-17T09:25:00+00:00,179.8,179.8,179.8,179.8,4
2024-06-17T09:30:00+00:00,179.8,179.8,179.55,179.75,44
2024-06-17T09:35:00+00:00,179.65,180.75,179.0,180.45,650
2024-06-17T09:40:00+00:00,180.45,180.65,180.35,180.55,25
2024-06-17T09:45:00+00:00,180.55,180.55,179.85,179.85,171
2024-06-17T09:50:00+00:00,179.9,179.9,179.35,179.65,51
2024-06-17T09:55:00+00:00,179.65,179.75,179.55,179.75,36
2024-06-17T10:00:00+00:00,179.75,179.75,179.65,179.75,6
2024-06-17T10:05:00+00:00,179.75,180.15,179.75,180.05,40
2024-06-17T10:10:00+00:00,180.05,180.2,179.75,179.75,137
2024-06-17T10:15:00+00:00,179.8,179.8,179.45,179.45,65
2024-06-17T10:20:00+00:00,179.45,179.55,179.15,179.45,55
2024-06-17T10:25:00+00:00,179.55,179.55,179.45,179.55,3
2024-06-17T10:35:00+00:00,179.6,179.6,179.25,179.25,76
2024-06-17T10:40:00+00:00,179.25,179.35,179.25,179.35,2
2024-06-17T10:45:00+00:00,179.35,179.35,179.25,179.25,11
2024-06-17T10:55:00+00:00,179.25,179.25,179.25,179.25,3
2024-06-17T11:05:00+00:00,179.45,179.6,179.35,179.45,36
2024-06-17T11:10:00+00:00,179.45,179.45,179.45,179.45,2
2024-06-17T11:15:00+00:00,179.35,179.6,179.25,179.45,60
2024-06-17T11:20:00+00:00,179.55,180.15,179.55,179.65,118
2024-06-17T11:30:00+00:00,179.75,179.95,179.75,179.85,13
2024-06-17T11:35:00+00:00,179.85,180.05,179.75,180.05,18
2024-06-17T11:40:00+00:00,180.0,180.0,179.75,179.85,19
2024-06-17T11:45:00+00:00,179.8,180.15,179.8,179.95,34
2024-06-17T11:50:00+00:00,179.85,179.95,179.85,179.95,3
2024-06-17T12:00:00+00:00,179.95,179.95,179.75,179.75,9
2024-06-17T12:05:00+00:00,179.75,179.75,179.65,179.65,11
2024-06-17T12:15:00+00:00,179.65,179.65,179.35,179.35,16
2024-06-17T12:20:00+00:00,179.45,179.45,179.45,179.45,1
2024-06-17T12:25:00+00:00,179.45,179.45,179.45,179.45,3
2024-06-17T12:30:00+00:00,179.55,179.55,179.35,179.35,10
2024-06-17T12:35:00+00:00,179.55,179.55,179.55,179.55,6
2024-06-17T12:40:00+00:00,179.65,179.65,179.55,179.55,8
2024-06-17T12:50:00+00:00,179.65,179.75,179.65,179.65,4
2024-06-17T12:55:00+00:00,179.65,179.65,179.25,179.25,128
2024-06-17T13:00:00+00:00,179.35,179.65,179.25,179.65,26
2024-06-17T13:05:00+00:00,179.65,179.95,179.55,179.95,27
2024-06-17T13:10:00+00:00,179.9,179.95,179.85,179.95,16
2024-06-17T13:15:00+00:00,179.95,179.95,179.75,179.75,11
2024-06-17T13:20:00+00:00,179.75,179.8,179.65,179.65,6
2024-06-17T13:25:00+00:00,179.65,179.7,179.65,179.7,6
2024-06-17T13:30:00+00:00,179.7,179.7,179.55,179.55,7
2024-06-17T13:40:00+00:00,179.65,179.65,179.55,179.55,3
2024-06-17T13:45:00+00:00,179.65,179.65,179.55,179.55,4
2024-06-17T13:50:00+00:00,179.55,179.55,179.15,179.25,75
2024-06-17T13:55:00+00:00,179.3,179.3,178.55,178.55,327
2024-06-17T14:00:00+00:00,178.55,178.55,178.4,178.4,14
2024-06-17T14:05:00+00:00,178.4,178.75,178.2,178.75,50
2024-06-17T14:10:00+00:00,178.75,179.05,178.75,178.95,106
2024-06-17T14:15:00+00:00,178.95,179.0,178.85,179.0,19
2024-06-17T14:20:00+00:00,179.0,179.0,179.0,179.0,26
2024-06-17T14:25:00+00:00,179.0,179.0,179.0,179.0,26
2024-06-17T14:30:00+00:00,179.0,179.05,179.0,179.0,55
2024-06-17T14:35:00+00:00,179.15,179.15,179.05,179.05,3
2024-06-17T14:40:00+00:00,179.05,179.05,179.0,179.0,2
2024-06-17T14:45:00+00:00,179.0,179.15,179.0,179.15,443
2024-06-17T14:50:00+00:00,179.05,179.05,179.0,179.0,9
2024-06-17T14:55:00+00:00,179.15,179.15,179.05,179.05,4
2024-06-17T15:00:00+00:00,179.15,179.15,179.15,179.15,1
2024-06-17T15:05:00+00:00,179.15,179.25,179.15,179.15,6
2024-06-17T15:10:00+00:00,179.05,179.05,179.05,179.05,10
2024-06-17T15:15:00+00:00,179.0,179.0,179.0,179.0,31
2024-06-17T15:20:00+00:00,179.0,179.05,178.95,179.05,4
2024-06-17T15:25:00+00:00,179.05,179.05,178.95,178.95,2
2024-06-17T15:30:00+00:00,179.0,179.0,178.95,179.0,8
2024-06-17T15:35:00+00:00,179.05,179.05,178.55,178.85,44
2024-06-17T15:45:00+00:00,178.85,178.85,178.85,178.85,13
2024-06-17T16:00:00+00:00,178.85,178.85,178.85,178.85,50
2024-06-17T16:05:00+00:00,178.85,178.85,178.75,178.75,61
2024-06-17T16:10:00+00:00,178.85,179.25,178.85,179.15,28
2024-06-17T16:15:00+00:00,179.25,179.25,179.25,179.25,1
2024-06-17T16:20:00+00:00,179.25,179.25,178.95,178.95,11
2024-06-17T16:25:00+00:00,178.95,178.95,178.95,178.95,5
2024-06-17T16:30:00+00:00,178.85,178.85,178.75,178.75,8
2024-06-17T16:35:00+00:00,178.75,178.75,178.2,178.35,104
2024-06-17T16:40:00+00:00,178.15,178.15,178.1,178.1,7
2024-06-17T16:45:00+00:00,178.1,178.25,178.1,178.1,6
2024-06-17T16:50:00+00:00,178.25,178.35,178.25,178.25,17
2024-06-17T16:55:00+00:00,178.25,178.25,178.15,178.15,7
2024-06-17T17:00:00+00:00,178.25,178.25,178.25,178.25,1
2024-06-17T17:05:00+00:00,178.2,178.2,178.15,178.15,4
2024-06-17T17:10:00+00:00,178.25,178.25,177.95,177.95,52
2024-06-17T17:15:00+00:00,178.0,178.0,177.85,177.85,19
2024-06-17T17:25:00+00:00,177.95,177.95,177.95,177.95,1
2024-06-17T17:30:00+00:00,177.85,177.95,177.8,177.95,7
2024-06-17T17:35:00+00:00,177.95,177.95,177.95,177.95,1
2024-06-17T17:40:00+00:00,177.95,177.95,177.95,177.95,4
2024-06-17T17:50:00+00:00,178.0,178.0,177.95,177.95,13
2024-06-17T17:55:00+00:00,177.95,178.0,177.95,177.95,10
2024-06-17T18:00:00+00:00,178.0,178.05,177.95,178.05,118
2024-06-17T18:05:00+00:00,178.15,178.15,178.05,178.05,6
2024-06-17T18:10:00+00:00,178.05,178.05,178.05,178.05,3
2024-06-17T18:15:00+00:00,178.05,178.05,178.0,178.0,3
2024-06-17T18:20:00+00:00,178.15,178.15,178.05,178.05,3
2024-06-17T18:30:00+00:00,178.15,178.15,178.0,178.0,9
2024-06-17T18:35:00+00:00,178.05,178.05,178.05,178.05,1
2024-06-17T18:40:00+00:00,178.05,178.15,178.05,178.15,13
2024-06-17T18:45:00+00:00,178.25,178.35,177.85,178.2,227
2024-06-17T18:50:00+00:00,178.35,178.35,178.25,178.25,3
2024-06-17T19:00:00+00:00,178.25,178.25,178.25,178.25,1
2024-06-17T19:10:00+00:00,178.15,178.15,177.55,177.55,95
2024-06-17T19:15:00+00:00,177.55,177.55,177.0,177.05,181
2024-06-17T19:20:00+00:00,177.15,177.15,177.15,177.15,2
2024-06-17T19:25:00+00:00,177.25,177.25,177.15,177.15,2
2024-06-17T19:30:00+00:00,177.1,177.1,177.1,177.1,8
2024-06-17T19:35:00+00:00,177.1,177.25,177.05,177.15,7
2024-06-17T19:40:00+00:00,177.25,177.25,177.25,177.25,1
2024-06-17T19:45:00+00:00,177.25,177.95,177.25,177.95,37
2024-06-17T19:50:00+00:00,177.85,177.85,177.85,177.85,1
2024-06-17T20:00:00+00:00,177.9,177.9,177.75,177.85,3
2024-06-17T20:10:00+00:00,177.9,178.05,177.55,177.55,35
2024-06-17T20:15:00+00:00,177.55,177.55,177.35,177.35,12
2024-06-17T20:25:00+00:00,177.25,177.25,177.25,177.25,3
2024-06-17T20:30:00+00:00,177.4,177.4,177.4,177.4,1
2024-06-18T06:55:00+00:00,178.0,178.0,178.0,178.0,200
2024-06-18T07:00:00+00:00,177.9,177.9,177.15,177.3,245
2024-06-18T07:05:00+00:00,177.25,177.25,177.2,177.2,16
2024-06-18T07:10:00+00:00,177.15,177.15,177.15,177.15,4
2024-06-18T07:15:00+00:00,177.15,177.25,177.15,177.15,7
2024-06-18T07:20:00+00:00,177.25,177.25,177.05,177.15,44
2024-06-18T07:25:00+00:00,177.1,177.1,177.0,177.0,46
2024-06-18T07:30:00+00:00,177.05,177.05,176.9,176.9,51
2024-06-18T07:35:00+00:00,176.85,177.0,176.85,176.85,39
2024-06-18T07:40:00+00:00,176.85,176.85,175.55,175.55,276
2024-06-18T07:45:00+00:00,175.7,175.7,175.55,175.55,58
2024-06-18T07:50:00+00:00,175.6,176.85,175.55,176.85,164
2024-06-18T07:55:00+00:00,176.9,176.9,176.9,176.9,33
2024-06-18T08:00:00+00:00,176.9,177.2,176.9,177.15,499
2024-06-18T08:05:00+00:00,177.15,177.2,176.85,176.85,137
2024-06-18T08:10:00+00:00,176.8,176.95,176.6,176.85,47
2024-06-18T08:15:00+00:00,176.85,176.85,176.75,176.75,7
2024-06-18T08:20:00+00:00,176.75,176.75,176.7,176.7,4
2024-06-18T08:25:00+00:00,176.65,176.75,176.65,176.75,6
2024-06-18T08:35:00+00:00,176.75,176.75,176.55,176.55,19
2024-06-18T08:40:00+00:00,176.55,176.75,176.55,176.55,13
2024-06-18T08:45:00+00:00,176.55,176.75,176.55,176.75,5
2024-06-18T08:50:00+00:00,176.7,176.75,176.55,176.6,7
2024-06-18T08:55:00+00:00,176.7,176.7,176.15,176.15,128
2024-06-18T09:00:00+00:00,176.25,176.25,176.15,176.15,10
2024-06-18T09:05:00+00:00,176.25,176.25,176.15,176.15,3
2024-06-18T09:15:00+00:00,176.15,176.25,176.1,176.2,61
2024-06-18T09:20:00+00:00,176.2,176.2,175.95,176.0,51
2024-06-18T09:25:00+00:00,175.95,175.95,175.5,175.55,125
2024-06-18T09:30:00+00:00,175.55,175.55,175.5,175.5,59
2024-06-18T09:35:00+00:00,175.5,175.5,175.05,175.05,164
2024-06-18T09:40:00+00:00,175.1,175.1,174.55,174.9,319
2024-06-18T09:45:00+00:00,174.55,174.75,174.55,174.75,10
2024-06-18T09:50:00+00:00,174.75,175.0,174.75,175.0,70
2024-06-18T09:55:00+00:00,175.0,175.0,175.0,175.0,18
2024-06-18T10:00:00+00:00,175.0,175.0,174.55,174.55,31
2024-06-18T10:05:00+00:00,174.6,174.65,174.55,174.55,9
2024-06-18T10:10:00+00:00,174.75,174.9,174.5,174.9,58
2024-06-18T10:15:00+00:00,174.9,175.0,174.85,175.0,163
2024-06-18T10:20:00+00:00,174.9,174.95,174.85,174.95,35
2024-06-18T10:25:00+00:00,174.85,174.95,174.85,174.85,21
2024-06-18T10:30:00+00:00,174.95,175.0,174.85,174.9,174
2024-06-18T10:35:00+00:00,174.95,175.0,174.95,175.0,22
2024-06-18T10:40:00+00:00,175.0,175.0,174.95,175.0,257
2024-06-18T10:45:00+00:00,175.0,175.0,174.95,174.95,42
2024-06-18T10:50:00+00:00,175.0,175.15,175.0,175.05,20
2024-06-18T10:55:00+00:00,175.15,175.25,175.05,175.2,18
2024-06-18T11:00:00+00:00,175.25,175.25,175.0,175.15,94
2024-06-18T11:05:00+00:00,175.15,175.15,175.05,175.15,4
2024-06-18T11:10:00+00:00,175.15,175.15,174.65,174.65,259
2024-06-18T11:15:00+00:00,174.65,174.85,174.65,174.85,9
2024-06-18T11:20:00+00:00,174.8,174.8,174.8,174.8,123
2024-06-18T11:25:00+00:00,174.8,174.8,174.55,174.55,31
2024-06-18T11:30:00+00:00,174.6,174.6,174.5,174.5,29
2024-06-18T11:35:00+00:00,174.6,174.6,174.6,174.6,2
2024-06-18T11:40:00+00:00,174.6,174.6,174.5,174.5,3
2024-06-18T11:45:00+00:00,174.45,174.5,174.4,174.5,42
2024-06-18T11:50:00+00:00,174.5,174.6,174.35,174.6,105
2024-06-18T11:55:00+00:00,174.55,174.6,174.5,174.5,90
2024-06-18T12:00:00+00:00,174.6,174.6,174.55,174.6,175
2024-06-18T12:05:00+00:00,174.55,174.55,174.5,174.55,93
2024-06-18T12:10:00+00:00,174.5,174.55,174.5,174.55,42
2024-06-18T12:15:00+00:00,174.5,174.5,174.25,174.5,111
2024-06-18T12:20:00+00:00,174.35,174.35,174.35,174.35,5
2024-06-18T12:25:00+00:00,174.45,174.45,174.0,174.0,283
2024-06-18T12:30:00+00:00,174.15,174.5,173.65,174.0,571
2024-06-18T12:35:00+00:00,174.15,174.15,173.85,173.95,26
2024-06-18T12:40:00+00:00,173.95,173.95,173.95,173.95,1
2024-06-18T12:45:00+00:00,173.95,173.95,173.65,173.65,23
2024-06-18T12:50:00+00:00,173.75,173.75,173.0,173.05,269
2024-06-18T12:55:00+00:00,173.1,173.35,172.95,172.95,267
2024-06-18T13:00:00+00:00,173.0,173.0,172.75,172.95,166
2024-06-18T13:05:00+00:00,173.0,173.05,172.8,172.9,49
2024-06-18T13:10:00+00:00,172.9,172.95,172.9,172.95,15
2024-06-18T13:15:00+00:00,172.95,172.95,172.95,172.95,14
2024-06-18T13:20:00+00:00,172.9,172.95,172.75,172.95,14
2024-06-18T13:25:00+00:00,172.95,172.95,172.95,172.95,70
2024-06-18T13:30:00+00:00,172.8,172.9,172.75,172.75,22
2024-06-18T13:35:00+00:00,172.85,172.85,172.6,172.6,54
2024-06-18T13:40:00+00:00,172.6,172.75,172.6,172.7,29
2024-06-18T13:45:00+00:00,172.6,172.75,172.55,172.75,133
2024-06-18T13:50:00+00:00,172.75,172.75,172.75,172.75,8
2024-06-18T13:55:00+00:00,172.75,172.8,172.75,172.8,15
2024-06-18T14:00:00+00:00,172.85,172.85,172.5,172.65,39
2024-06-18T14:05:00+00:00,172.55,172.55,171.7,171.8,293
2024-06-18T14:10:00+00:00,171.75,171.8,171.7,171.8,32
2024-06-18T14:15:00+00:00,171.8,171.8,171.7,171.8,33
2024-06-18T14:20:00+00:00,171.7,171.8,171.7,171.8,24
2024-06-18T14:25:00+00:00,171.8,172.45,171.7,172.45,89
2024-06-18T14:30:00+00:00,172.55,172.75,172.45,172.55,89
2024-06-18T14:35:00+00:00,172.7,172.8,172.55,172.65,56
2024-06-18T14:40:00+00:00,172.75,172.75,171.45,171.9,259
2024-06-18T14:45:00+00:00,171.75,171.95,171.75,171.95,44
2024-06-18T14:50:00+00:00,171.95,171.95,171.95,171.95,12
2024-06-18T14:55:00+00:00,171.9,171.9,171.55,171.9,97
2024-06-18T15:00:00+00:00,171.9,172.0,171.75,171.95,108
2024-06-18T15:05:00+00:00,172.0,177.2,172.0,172.3,941
2024-06-18T15:10:00+00:00,173.35,173.35,172.95,173.35,85
2024-06-18T15:15:00+00:00,173.45,174.35,173.4,174.35,137
2024-06-18T15:20:00+00:00,174.35,174.4,173.85,173.85,121
2024-06-18T15:25:00+00:00,173.85,173.85,173.15,173.2,542
2024-06-18T15:30:00+00:00,173.35,173.75,173.15,173.75,59
2024-06-18T15:35:00+00:00,173.75,174.6,173.75,174.45,217
2024-06-18T15:45:00+00:00,178.5,178.5,178.5,178.5,600
2024-06-18T16:05:00+00:00,174.6,176.95,174.6,176.2,156
2024-06-18T16:10:00+00:00,176.15,176.15,176.15,176.15,50
2024-06-18T16:15:00+00:00,175.65,175.65,175.35,175.35,17
2024-06-18T16:20:00+00:00,175.35,175.35,175.15,175.15,9
2024-06-18T16:25:00+00:00,175.25,175.95,175.25,175.85,42
2024-06-18T16:30:00+00:00,175.9,175.9,175.35,175.45,81
2024-06-18T16:35:00+00:00,175.35,175.35,172.7,172.85,179
2024-06-18T16:40:00+00:00,172.95,173.45,172.95,173.45,32
2024-06-18T16:45:00+00:00,173.45,174.05,172.75,174.05,391
2024-06-18T16:50:00+00:00,174.0,175.6,174.0,175.6,3
2024-06-18T16:55:00+00:00,174.15,174.15,174.0,174.0,9
2024-06-18T17:00:00+00:00,174.05,174.15,174.05,174.05,3
2024-06-18T17:05:00+00:00,174.15,174.15,174.15,174.15,1
2024-06-18T17:10:00+00:00,174.05,174.05,173.55,173.55,92
2024-06-18T17:15:00+00:00,173.45,173.45,172.45,172.55,107
2024-06-18T17:20:00+00:00,172.55,172.7,172.55,172.7,14
2024-06-18T17:25:00+00:00,172.75,172.75,172.7,172.7,3
2024-06-18T17:30:00+00:00,172.75,172.75,172.7,172.7,8
2024-06-18T17:45:00+00:00,172.85,172.85,172.85,172.85,1
2024-06-18T17:50:00+00:00,172.8,172.8,172.8,172.8,2
2024-06-18T17:55:00+00:00,172.8,172.95,172.8,172.95,20
2024-06-18T18:00:00+00:00,173.05,173.05,172.95,172.95,6
2024-06-18T18:05:00+00:00,172.9,172.9,172.9,172.9,2
2024-06-18T18:15:00+00:00,172.95,172.95,172.95,172.95,3
2024-06-18T18:20:00+00:00,173.0,173.0,172.65,172.65,45
2024-06-18T18:25:00+00:00,172.75,172.75,172.75,172.75,4
2024-06-18T18:30:00+00:00,172.85,172.95,172.85,172.95,10
2024-06-18T18:40:00+00:00,173.05,173.05,173.05,173.05,5
2024-06-18T18:45:00+00:00,173.0,173.0,172.25,172.25,82
2024-06-18T18:50:00+00:00,172.35,172.35,172.25,172.25,2
2024-06-18T18:55:00+00:00,172.35,172.35,172.35,172.35,1
2024-06-18T19:00:00+00:00,172.3,172.45,172.3,172.45,3
2024-06-18T19:05:00+00:00,172.45,172.45,172.45,172.45,1
2024-06-18T19:10:00+00:00,172.45,172.45,172.45,172.45,1
2024-06-18T19:15:00+00:00,172.45,172.55,172.45,172.55,2
2024-06-18T19:20:00+00:00,172.45,172.45,172.35,172.35,12
2024-06-18T19:25:00+00:00,172.35,172.35,172.35,172.35,1
2024-06-18T19:50:00+00:00,172.35,172.45,172.35,172.45,6
2024-06-18T20:15:00+00:00,172.55,172.75,172.55,172.75,12
2024-06-18T20:20:00+00:00,172.65,172.65,172.45,172.55,13
2024-06-18T20:25:00+00:00,172.55,172.65,172.55,172.65,9
2024-06-18T20:35:00+00:00,172.6,172.6,172.55,172.55,7
2024-06-18T20:40:00+00:00,172.45,172.55,172.45,172.55,26
2024-06-19T06:55:00+00:00,172.65,172.65,172.65,172.65,1
2024-06-19T07:00:00+00:00,172.65,173.85,172.65,173.85,272
2024-06-19T07:05:00+00:00,173.75,173.75,171.2,171.35,437
2024-06-19T07:10:00+00:00,171.35,171.35,165.1,169.95,1034
2024-06-19T07:15:00+00:00,169.95,170.1,168.6,169.35,261
2024-06-19T07:20:00+00:00,169.3,169.35,168.55,168.55,207
2024-06-19T07:25:00+00:00,168.8,169.0,167.5,167.5,166
2024-06-19T07:30:00+00:00,167.5,169.15,167.25,168.3,265
2024-06-19T07:35:00+00:00,168.45,169.15,168.4,168.8,202
2024-06-19T07:40:00+00:00,168.8,169.2,168.4,168.4,58
2024-06-19T07:45:00+00:00,168.2,168.8,166.5,168.35,267
2024-06-19T07:50:00+00:00,168.25,168.4,166.85,167.35,70
2024-06-19T07:55:00+00:00,167.75,167.8,167.35,167.7,70
2024-06-19T08:00:00+00:00,167.8,168.2,167.7,168.05,59
2024-06-19T08:05:00+00:00,168.2,168.3,168.0,168.1,26
2024-06-19T08:10:00+00:00,168.1,169.1,168.0,168.8,159
2024-06-19T08:15:00+00:00,168.8,169.0,168.8,168.8,31
2024-06-19T08:20:00+00:00,168.9,168.9,168.7,168.9,21
2024-06-19T08:25:00+00:00,168.9,169.5,168.9,169.5,85
2024-06-19T08:30:00+00:00,169.5,170.1,169.0,169.1,104
2024-06-19T08:35:00+00:00,169.15,169.5,169.15,169.3,26
2024-06-19T08:40:00+00:00,169.3,169.3,169.2,169.2,29
2024-06-19T08:45:00+00:00,169.2,169.25,169.1,169.2,87
2024-06-19T08:50:00+00:00,169.1,169.3,169.0,169.3,25
2024-06-19T08:55:00+00:00,169.2,169.2,168.5,168.7,72
2024-06-19T09:00:00+00:00,168.75,170.0,168.75,169.8,98
2024-06-19T09:05:00+00:00,169.85,169.85,169.5,169.5,18
2024-06-19T09:10:00+00:00,169.55,169.55,169.2,169.2,24
2024-06-19T09:15:00+00:00,169.2,169.2,168.9,168.9,41
2024-06-19T09:20:00+00:00,168.9,169.8,168.9,169.75,88
2024-06-19T09:25:00+00:00,169.75,169.8,169.65,169.75,15
2024-06-19T09:30:00+00:00,169.75,169.75,168.5,168.8,673
2024-06-19T09:35:00+00:00,168.9,168.95,168.8,168.85,83
2024-06-19T09:40:00+00:00,168.8,168.8,168.2,168.3,41
2024-06-19T09:45:00+00:00,168.2,168.2,168.2,168.2,1
2024-06-19T09:50:00+00:00,168.2,168.4,168.2,168.3,27
2024-06-19T09:55:00+00:00,168.3,168.4,168.2,168.4,55
2024-06-19T10:00:00+00:00,168.35,168.4,168.2,168.2,7
2024-06-19T10:05:00+00:00,168.3,168.4,168.3,168.3,7
2024-06-19T10:10:00+00:00,168.4,168.45,167.9,168.0,67
2024-06-19T10:15:00+00:00,167.95,168.1,167.95,168.1,22
2024-06-19T10:20:00+00:00,168.2,168.2,168.1,168.15,4
2024-06-19T10:25:00+00:00,168.05,168.3,168.05,168.15,30
2024-06-19T10:30:00+00:00,168.15,168.15,167.7,167.7,50
2024-06-19T10:35:00+00:00,167.8,168.15,167.8,168.0,35
2024-06-19T10:40:00+00:00,168.05,168.75,167.7,168.7,253
2024-06-19T10:45:00+00:00,168.6,168.6,168.0,168.0,115
2024-06-19T10:50:00+00:00,167.95,167.95,167.8,167.8,10
2024-06-19T10:55:00+00:00,167.8,167.8,167.0,167.55,153
2024-06-19T11:00:00+00:00,167.2,167.2,167.0,167.2,31
2024-06-19T11:05:00+00:00,167.3,167.3,166.5,166.5,170
2024-06-19T11:10:00+00:00,166.5,166.5,166.35,166.35,57
2024-06-19T11:15:00+00:00,166.45,166.45,165.5,165.5,454
2024-06-19T11:20:00+00:00,165.4,165.7,165.0,165.2,1103
2024-06-19T11:25:00+00:00,165.05,165.2,165.05,165.2,101
2024-06-19T11:30:00+00:00,165.2,165.9,165.2,165.9,37
2024-06-19T11:35:00+00:00,165.85,166.5,165.85,166.35,75
2024-06-19T11:40:00+00:00,166.5,167.0,165.85,166.45,169
2024-06-19T11:45:00+00:00,166.0,166.75,165.95,166.6,8
2024-06-19T11:50:00+00:00,166.4,166.45,166.15,166.2,69
2024-06-19T11:55:00+00:00,166.5,166.7,166.05,166.05,43
2024-06-19T12:00:00+00:00,166.1,166.1,165.75,165.75,21
2024-06-19T12:05:00+00:00,166.0,166.1,165.7,166.1,7
2024-06-19T12:10:00+00:00,166.2,167.4,166.2,166.6,136
2024-06-19T12:15:00+00:00,167.05,167.4,167.05,167.4,5
2024-06-19T12:20:00+00:00,166.95,167.45,166.7,167.0,35
2024-06-19T12:25:00+00:00,166.95,166.95,166.95,166.95,48
2024-06-19T12:30:00+00:00,166.75,166.95,166.75,166.95,2
2024-06-19T12:35:00+00:00,166.9,166.95,166.8,166.8,28
2024-06-19T12:45:00+00:00,166.75,166.75,166.75,166.75,1
2024-06-19T12:50:00+00:00,166.7,166.7,166.4,166.4,15
2024-06-19T12:55:00+00:00,166.4,166.4,166.05,166.05,66
2024-06-19T13:00:00+00:00,166.05,166.6,164.7,164.7,632
2024-06-19T13:05:00+00:00,165.0,165.0,162.45,164.4,1651
2024-06-19T13:10:00+00:00,164.4,164.55,164.1,164.5,74
2024-06-19T13:15:00+00:00,164.5,164.7,161.5,161.9,1778
2024-06-19T13:20:00+00:00,162.05,163.2,162.05,162.45,225
2024-06-19T13:25:00+00:00,162.45,162.5,160.7,161.05,935
2024-06-19T13:30:00+00:00,161.5,162.9,161.5,162.6,480
2024-06-19T13:35:00+00:00,162.6,162.6,161.6,162.2,40
2024-06-19T13:40:00+00:00,162.2,162.5,162.2,162.5,23
2024-06-19T13:45:00+00:00,162.3,162.55,162.3,162.3,255
2024-06-19T13:50:00+00:00,162.25,162.65,161.85,162.15,208
2024-06-19T13:55:00+00:00,162.0,162.7,162.0,162.4,234
2024-06-19T14:00:00+00:00,162.4,162.5,162.1,162.5,147
2024-06-19T14:05:00+00:00,162.5,162.5,162.15,162.2,117
2024-06-19T14:10:00+00:00,162.2,162.2,162.2,162.2,34
2024-06-19T14:15:00+00:00,162.2,162.8,162.15,162.3,184
2024-06-19T14:20:00+00:00,162.4,162.4,162.0,162.0,404
2024-06-19T14:25:00+00:00,161.95,161.95,161.2,161.2,298
2024-06-19T14:30:00+00:00,161.3,161.8,161.0,161.8,178
2024-06-19T14:35:00+00:00,161.8,162.0,161.8,161.9,19
2024-06-19T14:40:00+00:00,162.0,162.0,161.3,161.4,56
2024-06-19T14:45:00+00:00,161.4,162.0,161.4,161.9,78
2024-06-19T14:50:00+00:00,162.0,162.0,161.0,161.0,181
2024-06-19T14:55:00+00:00,161.2,161.3,161.0,161.0,52
2024-06-19T15:00:00+00:00,161.0,161.5,160.95,161.1,81
2024-06-19T15:05:00+00:00,161.2,161.5,161.2,161.4,28
2024-06-19T15:10:00+00:00,161.6,162.2,161.6,162.2,64
2024-06-19T15:15:00+00:00,162.2,162.9,162.2,162.9,255
2024-06-19T15:20:00+00:00,162.75,163.0,162.7,162.8,204
2024-06-19T15:25:00+00:00,162.85,163.8,162.85,163.8,125
2024-06-19T15:30:00+00:00,163.7,163.8,163.5,163.5,56
2024-06-19T15:35:00+00:00,163.6,164.1,163.6,164.05,116
2024-06-19T15:45:00+00:00,164.8,164.8,164.8,164.8,137
2024-06-19T16:00:00+00:00,164.8,164.8,164.8,164.8,11
2024-06-19T16:05:00+00:00,164.8,164.9,164.8,164.8,16
2024-06-19T16:10:00+00:00,164.8,164.8,164.5,164.5,24
2024-06-19T16:15:00+00:00,164.4,164.4,163.4,163.4,56
2024-06-19T16:20:00+00:00,163.5,163.6,163.2,163.2,25
2024-06-19T16:25:00+00:00,163.1,163.2,163.1,163.2,2
2024-06-19T16:30:00+00:00,163.1,163.1,161.85,161.95,207
2024-06-19T16:35:00+00:00,162.1,162.1,162.0,162.1,5
2024-06-19T16:40:00+00:00,162.1,162.3,162.1,162.3,22
2024-06-19T16:45:00+00:00,162.4,162.6,162.3,162.3,24
2024-06-19T16:50:00+00:00,162.5,162.5,162.3,162.3,41
2024-06-19T16:55:00+00:00,162.5,162.5,162.3,162.45,63
2024-06-19T17:00:00+00:00,162.45,162.45,162.45,162.45,1
2024-06-19T17:05:00+00:00,162.5,162.5,162.5,162.5,1
2024-06-19T17:10:00+00:00,162.35,162.45,162.2,162.45,48
2024-06-19T17:15:00+00:00,162.45,162.45,162.45,162.45,3
2024-06-19T17:20:00+00:00,162.45,162.5,162.45,162.45,18
2024-06-19T17:25:00+00:00,162.5,162.5,162.5,162.5,27
2024-06-19T17:30:00+00:00,162.5,162.6,162.45,162.5,99
2024-06-19T17:35:00+00:00,162.45,162.6,162.45,162.6,17
2024-06-19T17:40:00+00:00,162.6,162.6,162.5,162.5,2
2024-06-19T17:45:00+00:00,162.5,162.6,162.5,162.6,19
2024-06-19T17:50:00+00:00,162.6,162.6,162.6,162.6,4
2024-06-19T17:55:00+00:00,162.6,162.65,162.6,162.65,8
2024-06-19T18:00:00+00:00,162.5,162.7,162.5,162.7,24
2024-06-19T18:05:00+00:00,162.8,162.9,162.8,162.8,11
2024-06-19T18:10:00+00:00,162.9,163.0,162.9,163.0,3
2024-06-19T18:15:00+00:00,162.9,163.1,162.9,163.1,9
2024-06-19T18:20:00+00:00,163.1,163.2,163.1,163.2,7
2024-06-19T18:25:00+00:00,163.2,163.3,163.2,163.2,7
2024-06-19T18:35:00+00:00,163.1,163.45,163.1,163.45,30
2024-06-19T18:40:00+00:00,163.35,163.45,163.35,163.35,13
2024-06-19T18:45:00+00:00,163.35,163.35,163.0,163.0,59
2024-06-19T18:50:00+00:00,163.1,164.1,163.1,163.9,102
2024-06-19T18:55:00+00:00,163.9,164.1,163.9,164.0,22
2024-06-19T19:00:00+00:00,163.9,163.9,163.9,163.9,7
2024-06-19T19:10:00+00:00,163.8,163.8,163.8,163.8,1
2024-06-19T19:25:00+00:00,163.9,163.9,163.9,163.9,1
2024-06-19T19:30:00+00:00,163.95,163.95,163.95,163.95,1
2024-06-19T19:35:00+00:00,164.0,164.0,163.8,163.8,7
2024-06-19T19:40:00+00:00,163.8,163.9,163.8,163.9,3
2024-06-19T19:50:00+00:00,163.9,164.0,163.9,164.0,4
2024-06-19T19:55:00+00:00,164.0,164.3,164.0,164.3,70
2024-06-19T20:00:00+00:00,164.25,164.3,164.25,164.3,67
2024-06-19T20:05:00+00:00,164.3,164.3,164.3,164.3,1
2024-06-19T20:10:00+00:00,164.2,164.3,164.2,164.3,10
2024-06-19T20:15:00+00:00,164.4,164.5,164.4,164.5,12
2024-06-19T20:20:00+00:00,164.4,164.4,164.3,164.3,34
2024-06-19T20:25:00+00:00,164.3,164.4,164.2,164.2,33
2024-06-19T20:30:00+00:00,164.25,164.25,164.0,164.0,60
2024-06-19T20:35:00+00:00,164.0,164.1,163.9,163.9,11
2024-06-19T20:40:00+00:00,163.9,163.9,163.9,163.9,1
2024-06-19T20:45:00+00:00,163.8,163.8,163.6,163.7,16
2024-06-20T06:55:00+00:00,163.7,163.7,163.7,163.7,3
2024-06-20T07:00:00+00:00,163.6,166.05,163.5,166.0,135
2024-06-20T07:05:00+00:00,166.0,166.6,165.9,166.4,102
2024-06-20T07:10:00+00:00,166.5,167.4,166.3,166.4,236
2024-06-20T07:15:00+00:00,166.4,166.4,166.2,166.3,35
2024-06-20T07:20:00+00:00,166.3,167.2,166.25,166.3,258
2024-06-20T07:25:00+00:00,166.4,167.3,166.0,166.35,154
2024-06-20T07:30:00+00:00,167.0,167.5,167.0,167.5,29
2024-06-20T07:35:00+00:00,167.5,167.5,167.3,167.5,23
2024-06-20T07:40:00+00:00,167.5,168.2,167.4,168.1,80
2024-06-20T07:45:00+00:00,168.2,168.2,167.9,167.9,51
2024-06-20T07:50:00+00:00,168.0,168.0,167.8,168.0,17
2024-06-20T07:55:00+00:00,167.9,168.0,167.8,167.8,13
2024-06-20T08:00:00+00:00,167.9,167.9,167.9,167.9,2
2024-06-20T08:05:00+00:00,168.0,168.1,168.0,168.1,34
2024-06-20T08:10:00+00:00,168.1,168.1,167.9,168.0,27
2024-06-20T08:15:00+00:00,168.1,169.1,168.1,168.55,208
2024-06-20T08:20:00+00:00,168.6,169.25,168.6,169.15,66
2024-06-20T08:25:00+00:00,169.1,169.1,168.55,168.55,141
2024-06-20T08:30:00+00:00,168.55,169.7,168.4,169.6,301
2024-06-20T08:35:00+00:00,169.7,169.9,169.6,169.8,63
2024-06-20T08:40:00+00:00,169.9,171.9,169.9,171.8,460
2024-06-20T08:45:00+00:00,171.8,171.8,171.6,171.6,80
2024-06-20T08:50:00+00:00,171.7,172.2,171.25,171.25,270
2024-06-20T08:55:00+00:00,171.25,171.45,171.2,171.3,43
2024-06-20T09:00:00+00:00,171.2,171.2,169.8,169.9,283
2024-06-20T09:05:00+00:00,169.9,169.9,169.1,169.3,576
2024-06-20T09:10:00+00:00,169.4,169.4,169.3,169.3,8
2024-06-20T09:15:00+00:00,169.2,169.2,168.5,169.0,136
2024-06-20T09:20:00+00:00,169.0,169.0,168.9,168.95,15
2024-06-20T09:25:00+00:00,168.95,169.1,167.5,167.5,449
2024-06-20T09:30:00+00:00,167.6,168.4,167.0,167.25,213
2024-06-20T09:35:00+00:00,167.3,167.9,166.9,167.0,290
2024-06-20T09:40:00+00:00,167.0,167.0,165.2,165.4,809
2024-06-20T09:45:00+00:00,165.4,165.45,165.0,165.45,206
2024-06-20T09:50:00+00:00,165.45,166.2,165.25,166.1,49
2024-06-20T09:55:00+00:00,166.2,166.2,166.1,166.1,2
2024-06-20T10:05:00+00:00,166.2,166.2,165.0,165.0,120
2024-06-20T10:10:00+00:00,165.2,165.8,165.2,165.2,171
2024-06-20T10:15:00+00:00,165.15,165.15,164.3,164.3,90
2024-06-20T10:20:00+00:00,164.4,164.4,164.4,164.4,15
2024-06-20T10:25:00+00:00,164.4,164.4,164.4,164.4,6
2024-06-20T10:30:00+00:00,164.4,165.0,164.4,165.0,106
2024-06-20T10:35:00+00:00,165.0,165.35,165.0,165.35,53
2024-06-20T10:40:00+00:00,165.2,165.2,165.2,165.2,2
2024-06-20T10:45:00+00:00,165.2,165.2,165.0,165.0,43
2024-06-20T10:50:00+00:00,164.9,164.9,164.1,164.4,119
2024-06-20T10:55:00+00:00,164.3,164.3,163.5,163.6,553
2024-06-20T11:00:00+00:00,163.7,164.6,163.7,163.8,148
2024-06-20T11:05:00+00:00,163.9,164.8,163.9,164.45,117
2024-06-20T11:10:00+00:00,164.2,164.45,164.2,164.35,22
2024-06-20T11:15:00+00:00,164.35,164.5,164.35,164.5,6
2024-06-20T11:20:00+00:00,164.5,164.5,163.3,163.3,220
2024-06-20T11:25:00+00:00,163.3,163.3,161.95,162.35,499
2024-06-20T11:30:00+00:00,162.35,162.35,162.3,162.3,69
2024-06-20T11:35:00+00:00,162.35,162.35,160.35,161.55,447
2024-06-20T11:40:00+00:00,161.5,161.55,161.5,161.55,30
2024-06-20T11:45:00+00:00,161.55,161.55,161.5,161.5,23
2024-06-20T11:50:00+00:00,161.5,161.7,161.5,161.7,204
2024-06-20T11:55:00+00:00,161.7,161.9,161.6,161.9,36
2024-06-20T12:00:00+00:00,162.0,162.95,162.0,162.95,141
2024-06-20T12:05:00+00:00,162.9,163.3,162.9,163.05,146
2024-06-20T12:10:00+00:00,163.05,163.3,163.05,163.3,47
2024-06-20T12:15:00+00:00,163.3,163.3,163.3,163.3,26
2024-06-20T12:20:00+00:00,163.3,163.4,163.15,163.35,35
2024-06-20T12:25:00+00:00,163.35,163.5,163.35,163.5,33
2024-06-20T12:30:00+00:00,163.4,163.5,163.4,163.5,32
2024-06-20T12:35:00+00:00,163.5,164.8,163.5,164.8,216
2024-06-20T12:40:00+00:00,164.9,165.0,164.9,164.9,103
2024-06-20T12:45:00+00:00,164.9,165.0,164.7,164.7,99
2024-06-20T12:50:00+00:00,164.6,164.6,163.7,164.55,151
2024-06-20T12:55:00+00:00,164.6,164.6,163.8,163.8,37
2024-06-20T13:00:00+00:00,163.7,163.7,163.4,163.5,25
2024-06-20T13:05:00+00:00,163.5,163.7,163.4,163.4,27
2024-06-20T13:10:00+00:00,163.5,164.4,163.5,164.4,46
2024-06-20T13:15:00+00:00,164.4,164.5,164.2,164.5,106
2024-06-20T13:20:00+00:00,164.5,165.0,164.5,165.0,179
2024-06-20T13:25:00+00:00,165.0,165.35,164.05,164.3,310
2024-06-20T13:30:00+00:00,164.2,164.3,164.1,164.3,17
2024-06-20T13:35:00+00:00,164.3,164.3,164.3,164.3,37
2024-06-20T13:40:00+00:00,164.3,164.3,164.2,164.3,6
2024-06-20T13:45:00+00:00,164.3,164.3,164.2,164.3,18
2024-06-20T13:50:00+00:00,164.2,164.2,164.2,164.2,3
2024-06-20T13:55:00+00:00,164.2,164.2,164.2,164.2,2
2024-06-20T14:00:00+00:00,164.3,164.3,164.3,164.3,6
2024-06-20T14:05:00+00:00,164.3,164.3,164.3,164.3,3
2024-06-20T14:10:00+00:00,164.2,164.3,164.2,164.3,96
2024-06-20T14:15:00+00:00,164.3,164.3,164.2,164.2,14
2024-06-20T14:20:00+00:00,164.2,164.3,164.2,164.3,104
2024-06-20T14:25:00+00:00,164.3,164.3,164.2,164.3,60
2024-06-20T14:30:00+00:00,164.3,164.3,163.5,164.1,103
2024-06-20T14:35:00+00:00,164.1,164.2,164.1,164.2,10
2024-06-20T14:40:00+00:00,164.3,165.0,164.2,165.0,65
2024-06-20T14:45:00+00:00,164.9,164.95,163.55,164.7,168
2024-06-20T14:50:00+00:00,164.8,165.1,164.8,165.0,16
2024-06-20T14:55:00+00:00,165.1,165.1,165.0,165.0,6
2024-06-20T15:00:00+00:00,165.0,165.55,165.0,165.5,31
2024-06-20T15:05:00+00:00,165.4,165.6,165.4,165.5,16
2024-06-20T15:10:00+00:00,165.5,166.4,165.0,166.35,112
2024-06-20T15:15:00+00:00,166.4,167.0,166.4,167.0,71
2024-06-20T15:20:00+00:00,167.0,167.3,166.9,167.3,54
2024-06-20T15:25:00+00:00,167.2,168.15,167.2,168.05,276
2024-06-20T15:30:00+00:00,168.05,168.15,167.8,167.95,226
2024-06-20T15:35:00+00:00,168.1,168.1,167.9,167.95,116
2024-06-20T16:05:00+00:00,167.9,167.9,167.9,167.9,4
2024-06-20T16:10:00+00:00,168.0,168.0,167.8,167.85,20
2024-06-20T16:15:00+00:00,168.0,168.0,167.9,167.9,10
2024-06-20T16:20:00+00:00,168.0,168.2,167.95,167.95,28
2024-06-20T16:25:00+00:00,168.05,168.1,167.0,167.0,79
2024-06-20T16:30:00+00:00,167.2,167.2,167.0,167.05,12
2024-06-20T16:35:00+00:00,167.0,167.0,167.0,167.0,1
2024-06-20T16:50:00+00:00,167.05,167.2,166.95,167.1,26
2024-06-20T16:55:00+00:00,167.2,167.9,167.2,167.7,103
2024-06-20T17:00:00+00:00,167.8,167.95,167.7,167.85,26
2024-06-20T17:05:00+00:00,167.85,167.85,167.8,167.8,9
2024-06-20T17:15:00+00:00,167.75,167.75,167.4,167.4,31
2024-06-20T17:20:00+00:00,167.5,167.6,167.5,167.5,7
2024-06-20T17:25:00+00:00,167.6,167.7,167.5,167.7,9
2024-06-20T17:30:00+00:00,167.7,167.7,167.6,167.7,5
2024-06-20T17:35:00+00:00,167.7,167.7,167.7,167.7,82
2024-06-20T17:45:00+00:00,167.8,167.8,167.75,167.75,4
2024-06-20T17:50:00+00:00,167.8,167.9,167.8,167.8,6
2024-06-20T18:00:00+00:00,167.85,168.3,167.4,167.45,886
2024-06-20T18:05:00+00:00,167.45,167.8,167.4,167.8,27
2024-06-20T18:10:00+00:00,167.9,167.9,167.8,167.9,11
2024-06-20T18:15:00+00:00,167.9,167.9,167.9,167.9,1
2024-06-20T18:20:00+00:00,167.85,167.85,167.65,167.65,52
2024-06-20T18:25:00+00:00,167.65,167.65,166.5,166.5,227
2024-06-20T18:30:00+00:00,166.7,166.7,166.6,166.65,8
2024-06-20T18:35:00+00:00,166.8,167.5,166.75,167.45,54
2024-06-20T18:45:00+00:00,167.55,167.6,167.55,167.6,2
2024-06-20T18:50:00+00:00,167.6,167.7,167.6,167.7,12
2024-06-20T18:55:00+00:00,167.8,167.8,167.7,167.7,8
2024-06-20T19:00:00+00:00,167.9,168.3,167.9,168.0,81
2024-06-20T19:05:00+00:00,168.0,168.0,168.0,168.0,3
2024-06-20T19:10:00+00:00,167.9,167.9,167.8,167.9,8
2024-06-20T19:15:00+00:00,167.8,167.8,167.55,167.55,25
2024-06-20T19:20:00+00:00,167.7,167.7,167.55,167.55,9
2024-06-20T19:35:00+00:00,167.55,167.55,167.45,167.45,12
2024-06-20T19:45:00+00:00,167.55,167.55,167.4,167.45,70
2024-06-20T19:50:00+00:00,167.4,167.4,167.35,167.35,6
2024-06-20T19:55:00+00:00,167.4,168.05,167.4,167.65,71
2024-06-20T20:00:00+00:00,167.8,167.8,167.6,167.6,5
2024-06-20T20:10:00+00:00,167.6,167.65,167.5,167.5,12
2024-06-20T20:15:00+00:00,167.6,167.6,167.45,167.45,83
2024-06-20T20:20:00+00:00,167.4,167.4,167.3,167.3,6
2024-06-20T20:25:00+00:00,167.3,167.3,167.15,167.15,19
2024-06-20T20:35:00+00:00,167.25,167.25,167.25,167.25,1
2024-06-20T20:40:00+00:00,167.25,167.25,167.25,167.25,1
2024-06-20T20:45:00+00:00,167.15,167.15,166.4,166.6,61
2024-06-21T06:55:00+00:00,166.6,166.6,166.6,166.6,16
2024-06-21T07:00:00+00:00,166.7,167.75,166.6,166.6,245
2024-06-21T07:05:00+00:00,166.8,167.4,166.7,167.3,77
2024-06-21T07:10:00+00:00,167.5,167.8,167.4,167.8,36
2024-06-21T07:15:00+00:00,167.85,169.9,167.85,169.1,481
2024-06-21T07:20:00+00:00,169.2,169.6,169.0,169.0,339
2024-06-21T07:25:00+00:00,168.9,168.9,168.6,168.7,77
2024-06-21T07:30:00+00:00,168.7,168.9,168.3,168.8,256
2024-06-21T07:35:00+00:00,168.9,169.85,168.7,169.4,304
2024-06-21T07:40:00+00:00,169.5,169.6,168.6,168.7,145
2024-06-21T07:45:00+00:00,168.6,168.6,168.3,168.4,25
2024-06-21T07:50:00+00:00,168.3,168.3,167.5,167.6,121
2024-06-21T07:55:00+00:00,167.7,167.8,167.7,167.8,11
2024-06-21T08:00:00+00:00,167.8,168.7,167.8,168.55,184
2024-06-21T08:05:00+00:00,168.5,168.5,168.1,168.1,86
2024-06-21T08:10:00+00:00,168.1,168.25,168.1,168.1,11
2024-06-21T08:15:00+00:00,168.2,168.25,168.1,168.15,13
2024-06-21T08:20:00+00:00,168.2,168.5,168.15,168.3,52
2024-06-21T08:25:00+00:00,168.3,168.4,168.3,168.3,9
2024-06-21T08:30:00+00:00,168.4,168.5,168.3,168.3,13
2024-06-21T08:35:00+00:00,168.4,168.5,168.0,168.0,81
2024-06-21T08:45:00+00:00,168.1,168.5,168.1,168.35,98
2024-06-21T08:50:00+00:00,168.5,168.95,168.5,168.95,160
2024-06-21T08:55:00+00:00,168.9,169.0,168.65,168.65,153
2024-06-21T09:00:00+00:00,168.8,168.95,168.7,168.8,69
2024-06-21T09:05:00+00:00,168.9,168.95,168.55,168.6,117
2024-06-21T09:10:00+00:00,168.7,168.75,168.6,168.75,15
2024-06-21T09:15:00+00:00,168.75,168.8,168.45,168.7,197
2024-06-21T09:20:00+00:00,168.6,168.7,168.05,168.05,343
2024-06-21T09:25:00+00:00,168.05,168.2,167.8,167.9,173
2024-06-21T09:30:00+00:00,167.9,168.0,167.9,167.9,11
2024-06-21T09:35:00+00:00,168.0,168.4,168.0,168.1,64
2024-06-21T09:40:00+00:00,168.1,168.3,168.1,168.1,34
2024-06-21T09:45:00+00:00,168.2,168.2,167.9,167.9,36
2024-06-21T09:50:00+00:00,168.05,168.1,167.9,168.0,74
2024-06-21T09:55:00+00:00,168.0,168.1,167.9,167.9,27
2024-06-21T10:00:00+00:00,168.0,168.0,167.9,167.9,9
2024-06-21T10:05:00+00:00,168.0,168.0,167.9,167.9,2
2024-06-21T10:10:00+00:00,168.0,168.1,167.6,167.7,95
2024-06-21T10:15:00+00:00,167.7,168.15,167.7,167.9,309
2024-06-21T10:20:00+00:00,168.1,168.1,168.1,168.1,2
2024-06-21T10:25:00+00:00,168.05,168.1,167.95,168.1,14
2024-06-21T10:30:00+00:00,168.1,168.1,167.9,168.1,22
2024-06-21T10:35:00+00:00,168.1,168.1,167.9,167.9,59
2024-06-21T10:40:00+00:00,168.0,168.0,167.9,168.0,11
2024-06-21T10:45:00+00:00,167.9,167.9,167.8,167.8,15
2024-06-21T10:50:00+00:00,167.9,167.9,167.8,167.8,4
2024-06-21T10:55:00+00:00,167.9,168.2,167.9,168.2,113
2024-06-21T11:00:00+00:00,168.2,168.3,168.2,168.3,122
2024-06-21T11:05:00+00:00,168.1,168.2,168.0,168.2,23
2024-06-21T11:10:00+00:00,168.2,168.2,168.2,168.2,16
2024-06-21T11:15:00+00:00,168.2,168.2,168.2,168.2,38
2024-06-21T11:20:00+00:00,168.3,168.4,168.3,168.3,15
2024-06-21T11:25:00+00:00,168.3,168.3,168.1,168.3,136
2024-06-21T11:30:00+00:00,168.2,168.35,168.2,168.35,53
2024-06-21T11:35:00+00:00,168.3,168.35,168.1,168.25,14
2024-06-21T11:40:00+00:00,168.25,168.25,168.25,168.25,1
2024-06-21T11:45:00+00:00,168.3,168.35,168.3,168.35,130
2024-06-21T11:50:00+00:00,168.4,168.5,168.4,168.45,51
2024-06-21T11:55:00+00:00,168.45,168.55,168.45,168.5,160
2024-06-21T12:00:00+00:00,168.55,168.6,168.5,168.55,165
2024-06-21T12:05:00+00:00,168.5,168.6,168.5,168.6,2
2024-06-21T12:10:00+00:00,168.6,168.6,168.55,168.6,35
2024-06-21T12:15:00+00:00,168.6,168.6,168.5,168.5,44
2024-06-21T12:20:00+00:00,168.6,168.6,168.55,168.55,5
2024-06-21T12:25:00+00:00,168.55,168.6,168.5,168.6,68
2024-06-21T12:30:00+00:00,168.6,169.1,168.6,169.1,843
2024-06-21T12:35:00+00:00,169.1,169.1,168.95,169.05,10
2024-06-21T12:40:00+00:00,168.95,168.95,168.6,168.6,37
2024-06-21T12:45:00+00:00,168.5,168.5,167.95,167.95,129
2024-06-21T12:50:00+00:00,167.95,168.0,167.95,168.0,73
2024-06-21T12:55:00+00:00,168.0,168.0,167.95,168.0,15
2024-06-21T13:00:00+00:00,168.0,168.0,167.95,168.0,32
2024-06-21T13:05:00+00:00,168.0,168.0,168.0,168.0,2
2024-06-21T13:10:00+00:00,168.0,168.0,168.0,168.0,34
2024-06-21T13:15:00+00:00,168.0,168.0,167.95,167.95,6
2024-06-21T13:20:00+00:00,168.0,168.0,167.95,167.95,3
2024-06-21T13:25:00+00:00,168.0,168.0,168.0,168.0,1
2024-06-21T13:30:00+00:00,168.0,168.1,167.95,168.1,39
2024-06-21T13:35:00+00:00,168.05,168.1,168.0,168.0,6
2024-06-21T13:40:00+00:00,168.05,168.2,168.05,168.1,7
2024-06-21T13:45:00+00:00,168.2,169.05,168.0,169.05,243
2024-06-21T13:50:00+00:00,168.9,169.05,168.9,168.9,75
2024-06-21T13:55:00+00:00,169.05,169.05,168.9,169.05,8
2024-06-21T14:05:00+00:00,169.05,169.1,168.75,168.9,132
2024-06-21T14:10:00+00:00,168.9,169.1,168.9,168.9,30
2024-06-21T14:15:00+00:00,168.9,168.9,168.9,168.9,4
2024-06-21T14:20:00+00:00,168.9,168.9,168.9,168.9,1
2024-06-21T14:25:00+00:00,168.9,168.9,168.8,168.8,3
2024-06-21T14:30:00+00:00,168.9,168.9,168.8,168.8,8
2024-06-21T14:35:00+00:00,168.8,168.85,168.8,168.8,25
2024-06-21T14:40:00+00:00,168.85,169.05,168.8,169.05,48
2024-06-21T14:45:00+00:00,169.05,169.05,168.8,168.8,15
2024-06-21T14:50:00+00:00,168.8,168.9,168.55,168.9,47
2024-06-21T14:55:00+00:00,168.8,168.8,168.6,168.7,14
2024-06-21T15:00:00+00:00,168.6,168.6,168.4,168.5,14
2024-06-21T15:05:00+00:00,168.45,168.45,168.35,168.35,18
2024-06-21T15:10:00+00:00,168.35,168.45,168.3,168.45,7
2024-06-21T15:15:00+00:00,168.5,168.5,167.6,167.8,583
2024-06-21T15:20:00+00:00,167.7,167.8,167.6,167.8,12
2024-06-21T15:35:00+00:00,167.85,168.2,167.85,167.9,32
2024-06-21T15:45:00+00:00,167.9,167.9,167.9,167.9,60
2024-06-21T16:10:00+00:00,168.0,168.0,167.8,167.8,9
2024-06-21T16:15:00+00:00,167.8,167.8,167.7,167.8,24
2024-06-21T16:20:00+00:00,167.7,167.7,167.7,167.7,4
2024-06-21T16:25:00+00:00,167.8,167.8,166.1,166.2,193
2024-06-21T16:30:00+00:00,166.3,166.6,165.45,166.0,121
2024-06-21T16:35:00+00:00,165.95,166.8,165.9,166.7,55
2024-06-21T16:40:00+00:00,166.7,166.7,166.6,166.6,33
2024-06-21T16:45:00+00:00,166.65,166.65,166.65,166.65,2
2024-06-21T16:50:00+00:00,166.7,167.0,166.7,166.7,86
2024-06-21T16:55:00+00:00,166.7,166.8,166.6,166.8,55
2024-06-21T17:05:00+00:00,166.7,166.9,166.7,166.8,13
2024-06-21T17:10:00+00:00,166.9,167.0,166.9,167.0,9
2024-06-21T17:15:00+00:00,167.0,167.0,166.9,166.9,2
2024-06-21T17:20:00+00:00,167.0,167.0,166.9,167.0,5
2024-06-21T17:25:00+00:00,167.0,167.0,166.9,166.9,4
2024-06-21T17:30:00+00:00,166.95,166.95,166.9,166.9,3
2024-06-21T17:35:00+00:00,166.8,166.8,166.5,166.5,74
2024-06-21T17:40:00+00:00,166.6,166.6,166.5,166.5,15
2024-06-21T17:45:00+00:00,166.5,166.5,166.2,166.2,22
2024-06-21T17:50:00+00:00,166.2,166.2,166.1,166.2,7
2024-06-21T17:55:00+00:00,166.3,166.3,166.1,166.1,14
2024-06-21T18:00:00+00:00,166.1,166.1,166.1,166.1,1
2024-06-21T18:10:00+00:00,166.2,166.2,166.2,166.2,1
2024-06-21T18:15:00+00:00,166.1,166.1,166.0,166.0,10
2024-06-21T18:25:00+00:00,166.1,166.1,166.1,166.1,1
2024-06-21T18:30:00+00:00,166.0,166.0,165.8,165.8,79
2024-06-21T18:35:00+00:00,165.9,166.0,165.9,166.0,5
2024-06-21T18:40:00+00:00,166.0,166.0,165.9,165.9,2
2024-06-21T18:45:00+00:00,166.0,166.0,166.0,166.0,2
2024-06-21T18:50:00+00:00,166.1,166.1,166.1,166.1,15
2024-06-21T18:55:00+00:00,166.2,166.2,166.1,166.1,7
2024-06-21T19:00:00+00:00,166.2,166.3,166.2,166.2,126
2024-06-21T19:05:00+00:00,166.2,166.2,166.15,166.15,5
2024-06-21T19:10:00+00:00,166.2,166.2,166.2,166.2,1
2024-06-21T19:20:00+00:00,166.3,166.3,166.15,166.15,2
2024-06-21T19:25:00+00:00,166.3,166.75,166.3,166.5,56
2024-06-21T19:35:00+00:00,166.6,166.6,166.6,166.6,5
2024-06-21T19:40:00+00:00,166.5,166.5,166.4,166.4,14
2024-06-21T19:55:00+00:00,166.5,166.8,166.5,166.6,39
2024-06-21T20:15:00+00:00,166.7,166.8,166.65,166.65,9
2024-06-21T20:25:00+00:00,166.75,167.1,166.65,167.0,51
2024-06-21T20:30:00+00:00,167.0,167.0,166.9,166.9,3
2024-06-21T20:35:00+00:00,166.95,167.8,166.95,167.6,146
2024-06-21T20:40:00+00:00,167.6,167.6,166.6,167.0,824
2024-06-21T20:45:00+00:00,167.1,167.1,167.0,167.0,9
2024-06-24T06:55:00+00:00,167.4,167.4,167.4,167.4,15
2024-06-24T07:00:00+00:00,167.4,167.45,167.35,167.45,210
2024-06-24T07:05:00+00:00,167.5,169.1,167.5,169.1,1025
2024-06-24T07:10:00+00:00,169.0,170.45,168.95,170.1,569
2024-06-24T07:15:00+00:00,170.0,170.2,169.3,169.3,74
2024-06-24T07:20:00+00:00,169.3,170.2,169.3,170.1,102
2024-06-24T07:25:00+00:00,170.15,171.1,170.0,171.0,138
2024-06-24T07:30:00+00:00,171.1,173.8,171.05,171.5,762
2024-06-24T07:35:00+00:00,171.5,172.95,171.5,172.8,663
2024-06-24T07:40:00+00:00,172.85,173.0,172.2,172.8,572
2024-06-24T07:45:00+00:00,172.8,172.8,172.2,172.4,186
2024-06-24T07:50:00+00:00,172.3,172.5,171.25,172.35,2183
2024-06-24T07:55:00+00:00,172.35,172.4,172.3,172.3,14
2024-06-24T08:00:00+00:00,172.3,172.3,171.0,171.4,295
2024-06-24T08:05:00+00:00,171.25,172.15,171.25,172.0,176
2024-06-24T08:10:00+00:00,171.9,172.35,171.7,171.8,398
2024-06-24T08:15:00+00:00,171.9,172.1,171.4,172.1,130
2024-06-24T08:20:00+00:00,172.05,172.45,171.95,172.25,122
2024-06-24T08:25:00+00:00,172.35,172.35,172.0,172.2,64
2024-06-24T08:30:00+00:00,172.2,172.25,171.0,171.8,529
2024-06-24T08:35:00+00:00,171.9,172.3,171.8,172.3,245
2024-06-24T08:40:00+00:00,172.15,172.35,172.15,172.35,52
2024-06-24T08:45:00+00:00,172.35,172.5,172.2,172.25,154
2024-06-24T08:50:00+00:00,172.2,172.35,172.1,172.2,125
2024-06-24T08:55:00+00:00,172.3,172.35,172.1,172.1,51
2024-06-24T09:00:00+00:00,172.2,172.4,172.1,172.3,34
2024-06-24T09:05:00+00:00,172.35,172.35,172.1,172.1,198
2024-06-24T09:10:00+00:00,172.2,172.35,172.2,172.35,106
2024-06-24T09:15:00+00:00,172.25,172.25,171.1,171.85,286
2024-06-24T09:20:00+00:00,171.9,172.35,171.4,171.8,276
2024-06-24T09:25:00+00:00,171.9,172.35,171.7,172.3,90
2024-06-24T09:30:00+00:00,172.35,172.35,172.0,172.0,103
2024-06-24T09:35:00+00:00,172.1,172.35,172.05,172.1,118
2024-06-24T09:40:00+00:00,172.2,172.35,172.2,172.2,18
2024-06-24T09:45:00+00:00,172.4,172.75,172.2,172.7,156
2024-06-24T09:50:00+00:00,172.65,172.7,171.7,171.7,172
2024-06-24T09:55:00+00:00,171.8,172.3,171.7,172.3,59
2024-06-24T10:00:00+00:00,172.25,172.25,171.9,172.1,31
2024-06-24T10:05:00+00:00,172.1,172.6,172.0,172.15,235
2024-06-24T10:10:00+00:00,172.2,172.4,172.1,172.2,84
2024-06-24T10:15:00+00:00,172.3,172.3,172.05,172.2,134
2024-06-24T10:20:00+00:00,172.0,172.35,172.0,172.1,129
2024-06-24T10:25:00+00:00,172.2,172.35,172.05,172.2,78
2024-06-24T10:30:00+00:00,172.25,172.25,172.25,172.25,1
2024-06-24T10:35:00+00:00,172.25,172.4,172.25,172.25,3
2024-06-24T10:40:00+00:00,172.35,172.35,171.9,171.9,131
2024-06-24T10:45:00+00:00,172.0,172.35,171.9,172.35,64
2024-06-24T10:50:00+00:00,172.4,172.5,172.1,172.4,56
2024-06-24T10:55:00+00:00,172.4,172.4,171.35,171.8,229
2024-06-24T11:00:00+00:00,171.8,172.5,171.65,172.3,252
2024-06-24T11:10:00+00:00,172.3,172.3,172.3,172.3,3
2024-06-24T11:15:00+00:00,172.4,172.4,172.0,172.0,220
2024-06-24T11:20:00+00:00,172.1,172.4,172.1,172.2,37
2024-06-24T11:25:00+00:00,172.3,172.35,172.1,172.2,132
2024-06-24T11:30:00+00:00,172.3,172.4,172.15,172.25,72
2024-06-24T11:35:00+00:00,172.35,172.4,171.3,172.05,224
2024-06-24T11:40:00+00:00,171.3,172.25,171.3,172.15,83
2024-06-24T11:45:00+00:00,172.25,172.3,170.55,171.2,424
2024-06-24T11:50:00+00:00,171.2,171.95,171.2,171.95,124
2024-06-24T11:55:00+00:00,171.95,172.3,171.85,172.3,141
2024-06-24T12:00:00+00:00,172.2,172.4,172.2,172.25,23
2024-06-24T12:05:00+00:00,172.25,172.5,172.25,172.3,33
2024-06-24T12:10:00+00:00,172.3,172.4,172.2,172.3,32
2024-06-24T12:15:00+00:00,172.4,172.4,171.9,172.3,84
2024-06-24T12:20:00+00:00,172.3,172.4,171.9,172.25,87
2024-06-24T12:25:00+00:00,172.1,172.35,172.1,172.25,25
2024-06-24T12:30:00+00:00,172.25,172.25,171.5,172.0,160
2024-06-24T12:35:00+00:00,172.1,172.35,171.65,172.35,303
2024-06-24T12:40:00+00:00,172.35,172.35,172.25,172.25,5
2024-06-24T12:45:00+00:00,172.25,172.35,172.15,172.35,67
2024-06-24T12:50:00+00:00,172.35,172.45,172.15,172.2,59
2024-06-24T12:55:00+00:00,172.3,172.35,172.15,172.25,102
2024-06-24T13:00:00+00:00,172.35,172.4,172.25,172.25,16
2024-06-24T13:05:00+00:00,172.4,172.45,172.3,172.3,28
2024-06-24T13:10:00+00:00,172.3,172.3,172.25,172.25,6
2024-06-24T13:15:00+00:00,172.2,172.45,172.2,172.3,29
2024-06-24T13:20:00+00:00,172.3,172.3,172.3,172.3,3
2024-06-24T13:25:00+00:00,172.4,172.4,172.3,172.3,4
2024-06-24T13:30:00+00:00,172.4,172.6,172.4,172.5,44
2024-06-24T13:35:00+00:00,172.5,172.6,172.5,172.5,27
2024-06-24T13:40:00+00:00,172.6,172.6,172.5,172.55,14
2024-06-24T13:50:00+00:00,172.5,172.9,172.5,172.8,111
2024-06-24T13:55:00+00:00,172.9,172.9,172.8,172.8,3
2024-06-24T14:00:00+00:00,172.8,172.8,172.6,172.6,13
2024-06-24T14:15:00+00:00,172.6,172.6,172.6,172.6,1
2024-06-24T14:20:00+00:00,172.6,172.7,172.5,172.5,205
2024-06-24T14:25:00+00:00,172.5,172.5,172.3,172.4,96
2024-06-24T14:30:00+00:00,172.4,172.65,172.3,172.6,87
2024-06-24T14:35:00+00:00,172.5,172.5,172.15,172.15,24
2024-06-24T14:40:00+00:00,172.2,172.4,172.05,172.3,217
2024-06-24T14:45:00+00:00,172.3,172.3,172.2,172.2,17
2024-06-24T14:50:00+00:00,172.25,172.25,172.25,172.25,1
2024-06-24T14:55:00+00:00,172.35,172.35,172.2,172.3,4
2024-06-24T15:00:00+00:00,172.2,172.4,172.0,172.35,73
2024-06-24T15:05:00+00:00,172.35,172.35,172.3,172.35,82
2024-06-24T15:10:00+00:00,172.35,172.35,172.35,172.35,1
2024-06-24T15:15:00+00:00,172.4,172.8,172.4,172.8,57
2024-06-24T15:20:00+00:00,172.85,172.85,172.6,172.6,21
2024-06-24T15:25:00+00:00,172.5,172.5,172.5,172.5,3
2024-06-24T15:30:00+00:00,172.5,172.7,172.4,172.7,61
2024-06-24T15:35:00+00:00,172.75,172.8,172.7,172.7,130
2024-06-24T15:45:00+00:00,172.7,172.7,172.7,172.7,21
2024-06-24T16:00:00+00:00,172.7,172.7,172.7,172.7,15
2024-06-24T16:10:00+00:00,172.7,172.7,172.3,172.5,79
2024-06-24T16:20:00+00:00,172.5,172.6,172.5,172.5,5
2024-06-24T16:25:00+00:00,172.65,172.7,172.4,172.5,28
2024-06-24T16:30:00+00:00,172.6,172.7,172.5,172.6,5
2024-06-24T16:40:00+00:00,172.6,172.6,172.6,172.6,6
2024-06-24T16:55:00+00:00,172.6,172.7,172.6,172.6,114
2024-06-24T17:00:00+00:00,172.7,172.7,172.5,172.5,27
2024-06-24T17:10:00+00:00,172.6,172.6,172.6,172.6,1
2024-06-24T17:15:00+00:00,172.5,172.5,172.4,172.4,10
2024-06-24T17:20:00+00:00,172.6,172.6,172.5,172.5,4
2024-06-24T17:30:00+00:00,172.6,172.8,172.6,172.7,41
2024-06-24T17:35:00+00:00,172.8,172.85,172.7,172.7,7
2024-06-24T17:40:00+00:00,172.8,172.9,172.8,172.8,9
2024-06-24T17:50:00+00:00,172.9,172.9,172.8,172.8,2
2024-06-24T18:00:00+00:00,172.9,172.95,172.8,172.95,7
2024-06-24T18:05:00+00:00,172.9,173.4,172.9,173.3,68
2024-06-24T18:10:00+00:00,173.4,173.5,173.3,173.3,60
2024-06-24T18:15:00+00:00,173.3,173.3,173.2,173.2,13
2024-06-24T18:20:00+00:00,173.3,173.35,173.2,173.2,11
2024-06-24T18:25:00+00:00,173.2,173.2,172.9,172.9,35
2024-06-24T18:30:00+00:00,172.9,172.9,172.2,172.2,116
2024-06-24T18:35:00+00:00,172.2,172.2,171.5,171.5,98
2024-06-24T18:40:00+00:00,171.5,171.5,171.3,171.45,39
2024-06-24T18:45:00+00:00,171.55,171.55,171.45,171.45,2
2024-06-24T18:55:00+00:00,171.6,171.6,171.5,171.5,3
2024-06-24T19:00:00+00:00,171.5,171.5,171.45,171.45,7
2024-06-24T19:10:00+00:00,171.5,171.5,171.45,171.45,4
2024-06-24T19:25:00+00:00,171.5,171.5,171.15,171.35,73
2024-06-24T19:30:00+00:00,171.5,171.5,171.15,171.15,40
2024-06-24T19:35:00+00:00,171.25,171.4,171.2,171.3,9
2024-06-24T19:40:00+00:00,171.2,171.3,171.2,171.2,4
2024-06-24T19:45:00+00:00,171.3,171.5,171.3,171.4,11
2024-06-24T19:50:00+00:00,171.5,171.6,171.4,171.6,20
2024-06-24T19:55:00+00:00,171.5,171.5,171.5,171.5,1
2024-06-24T20:00:00+00:00,171.4,171.55,171.4,171.55,67
2024-06-24T20:05:00+00:00,171.55,171.55,171.45,171.45,12
2024-06-24T20:20:00+00:00,171.4,171.4,171.3,171.3,7
2024-06-24T20:30:00+00:00,171.4,171.45,171.2,171.2,14
2024-06-24T20:35:00+00:00,171.3,171.3,171.3,171.3,3
2024-06-24T20:40:00+00:00,171.2,171.3,171.15,171.2,21
2024-06-24T20:45:00+00:00,171.2,171.2,171.15,171.15,6
2024-06-25T06:55:00+00:00,171.2,171.2,171.2,171.2,1
2024-06-25T07:00:00+00:00,171.3,172.15,171.3,171.8,133
2024-06-25T07:05:00+00:00,171.9,172.0,170.8,171.1,248
2024-06-25T07:10:00+00:00,171.0,171.3,170.9,171.3,178
2024-06-25T07:15:00+00:00,171.3,172.0,171.3,171.6,217
2024-06-25T07:20:00+00:00,171.7,172.5,171.6,172.4,336
2024-06-25T07:25:00+00:00,172.5,175.7,172.5,175.4,906
2024-06-25T07:30:00+00:00,175.3,175.4,174.5,175.25,795
2024-06-25T07:35:00+00:00,175.3,176.55,175.25,176.5,435
2024-06-25T07:40:00+00:00,176.5,180.35,176.4,179.7,1794
2024-06-25T07:45:00+00:00,179.75,180.85,176.35,177.75,3253
2024-06-25T07:50:00+00:00,177.8,183.95,177.75,182.65,2299
2024-06-25T07:55:00+00:00,182.75,184.3,181.25,182.9,2889
2024-06-25T08:00:00+00:00,182.9,187.2,182.1,185.8,3031
2024-06-25T08:05:00+00:00,185.7,186.9,184.4,186.7,1619
2024-06-25T08:10:00+00:00,186.6,188.0,184.55,186.0,2026
2024-06-25T08:15:00+00:00,186.0,187.9,185.0,187.05,1434
2024-06-25T08:20:00+00:00,187.3,187.35,184.9,184.9,1048
2024-06-25T08:25:00+00:00,185.0,185.3,182.45,184.95,1622
2024-06-25T08:30:00+00:00,184.95,184.95,181.4,181.55,1185
2024-06-25T08:35:00+00:00,181.7,183.1,181.7,182.7,352
2024-06-25T08:40:00+00:00,182.7,182.7,181.55,181.7,439
2024-06-25T08:45:00+00:00,181.7,182.3,181.1,181.15,401
2024-06-25T08:50:00+00:00,181.25,181.55,181.05,181.4,161
2024-06-25T08:55:00+00:00,181.5,182.15,181.4,181.7,236
2024-06-25T09:00:00+00:00,181.7,182.1,181.05,181.7,412
2024-06-25T09:05:00+00:00,181.7,182.6,181.7,182.6,199
2024-06-25T09:10:00+00:00,182.55,182.9,182.55,182.6,422
2024-06-25T09:15:00+00:00,182.65,184.1,182.65,184.0,739
2024-06-25T09:20:00+00:00,184.1,184.1,180.5,180.8,1394
2024-06-25T09:25:00+00:00,180.8,181.0,179.1,179.3,1021
2024-06-25T09:30:00+00:00,179.2,180.45,179.0,179.75,379
2024-06-25T09:35:00+00:00,179.45,179.45,178.1,178.2,301
2024-06-25T09:40:00+00:00,178.1,178.1,176.2,176.9,843
2024-06-25T09:45:00+00:00,177.0,178.45,177.0,178.4,755
2024-06-25T09:50:00+00:00,178.35,178.4,177.3,177.95,217
2024-06-25T09:55:00+00:00,177.95,178.95,177.8,178.8,369
2024-06-25T10:00:00+00:00,178.8,179.4,178.8,179.3,226
2024-06-25T10:05:00+00:00,179.3,180.05,179.15,180.0,158
2024-06-25T10:10:00+00:00,180.1,181.0,180.1,180.9,200
2024-06-25T10:15:00+00:00,180.8,182.3,180.6,182.3,305
2024-06-25T10:20:00+00:00,182.25,182.7,181.35,182.0,475
2024-06-25T10:25:00+00:00,181.5,182.5,181.5,182.45,189
2024-06-25T10:30:00+00:00,182.5,182.8,182.4,182.8,200
2024-06-25T10:35:00+00:00,182.8,183.6,182.65,183.6,563
2024-06-25T10:40:00+00:00,183.7,184.0,181.9,182.3,609
2024-06-25T10:45:00+00:00,182.4,182.4,181.9,182.1,249
2024-06-25T10:50:00+00:00,182.1,183.0,182.05,183.0,279
2024-06-25T10:55:00+00:00,183.0,183.1,183.0,183.05,25
2024-06-25T11:00:00+00:00,183.0,183.0,182.6,182.6,244
2024-06-25T11:05:00+00:00,182.7,183.1,182.7,183.1,29
2024-06-25T11:10:00+00:00,183.0,183.1,182.5,182.9,112
2024-06-25T11:15:00+00:00,182.8,183.0,182.3,182.65,195
2024-06-25T11:20:00+00:00,182.65,183.2,182.65,183.15,84
2024-06-25T11:25:00+00:00,183.0,183.0,182.3,183.0,157
2024-06-25T11:30:00+00:00,182.9,182.9,181.8,182.6,283
2024-06-25T11:35:00+00:00,182.7,182.7,180.9,182.65,656
2024-06-25T11:40:00+00:00,182.65,183.0,182.65,182.9,216
2024-06-25T11:45:00+00:00,182.9,183.2,182.65,183.15,472
2024-06-25T11:50:00+00:00,183.15,183.15,182.9,182.9,63
2024-06-25T11:55:00+00:00,182.9,183.0,182.8,183.0,67
2024-06-25T12:00:00+00:00,183.0,183.0,182.9,182.9,32
2024-06-25T12:05:00+00:00,182.9,183.0,182.6,182.95,361
2024-06-25T12:10:00+00:00,182.8,182.95,182.0,182.95,304
2024-06-25T12:15:00+00:00,182.95,183.05,182.8,183.05,181
2024-06-25T12:20:00+00:00,183.05,183.05,183.0,183.0,28
2024-06-25T12:25:00+00:00,183.0,183.0,182.7,183.0,113
2024-06-25T12:30:00+00:00,183.0,183.1,183.0,183.1,80
2024-06-25T12:35:00+00:00,183.0,183.0,183.0,183.0,5
2024-06-25T12:40:00+00:00,182.9,183.1,182.8,183.0,27
2024-06-25T12:45:00+00:00,183.0,183.0,182.7,183.0,193
2024-06-25T12:50:00+00:00,182.9,183.1,182.8,183.0,105
2024-06-25T12:55:00+00:00,183.0,183.05,182.9,182.9,40
2024-06-25T13:00:00+00:00,183.0,183.05,183.0,183.0,85
2024-06-25T13:05:00+00:00,183.0,184.0,183.0,184.0,656
2024-06-25T13:10:00+00:00,184.0,184.7,184.0,184.5,584
2024-06-25T13:15:00+00:00,184.5,184.5,183.6,183.6,165
2024-06-25T13:20:00+00:00,183.6,183.6,182.1,183.45,347
2024-06-25T13:25:00+00:00,183.5,183.6,183.25,183.4,63
2024-06-25T13:30:00+00:00,183.35,183.4,183.3,183.4,30
2024-06-25T13:35:00+00:00,183.3,183.4,183.25,183.4,63
2024-06-25T13:40:00+00:00,183.3,183.4,183.3,183.3,122
2024-06-25T13:45:00+00:00,183.4,183.5,183.4,183.5,54
2024-06-25T13:50:00+00:00,183.4,183.5,183.25,183.4,268
2024-06-25T13:55:00+00:00,183.25,183.5,183.1,183.5,31
2024-06-25T14:00:00+00:00,183.5,183.5,183.25,183.4,40
2024-06-25T14:05:00+00:00,183.3,183.3,182.6,182.6,107
2024-06-25T14:10:00+00:00,182.7,183.45,182.7,183.45,43
2024-06-25T14:15:00+00:00,183.3,183.4,183.2,183.3,53
2024-06-25T14:20:00+00:00,183.3,183.4,183.2,183.3,64
2024-06-25T14:25:00+00:00,183.35,183.5,183.35,183.5,113
2024-06-25T14:30:00+00:00,183.6,184.0,183.6,184.0,272
2024-06-25T14:35:00+00:00,184.0,185.0,183.9,184.7,1114
2024-06-25T14:40:00+00:00,184.8,186.0,184.7,185.7,661
2024-06-25T14:45:00+00:00,185.6,185.6,184.4,184.4,228
2024-06-25T14:50:00+00:00,184.3,184.3,184.0,184.1,59
2024-06-25T14:55:00+00:00,184.1,184.1,180.4,181.3,1730
2024-06-25T15:00:00+00:00,181.3,183.55,181.3,182.0,511
2024-06-25T15:05:00+00:00,182.05,183.45,182.05,183.3,1135
2024-06-25T15:10:00+00:00,183.3,183.6,183.2,183.3,566
2024-06-25T15:15:00+00:00,183.25,183.7,182.9,183.7,345
2024-06-25T15:20:00+00:00,183.7,184.1,183.7,184.0,189
2024-06-25T15:25:00+00:00,184.0,184.0,183.55,183.7,146
2024-06-25T15:30:00+00:00,183.7,183.9,183.25,183.4,75
2024-06-25T15:35:00+00:00,183.4,183.4,181.6,181.6,466
2024-06-25T15:45:00+00:00,181.6,181.6,181.6,181.6,8
2024-06-25T16:00:00+00:00,181.7,181.7,181.7,181.7,1
2024-06-25T16:05:00+00:00,181.7,183.0,181.7,182.8,200
2024-06-25T16:10:00+00:00,182.7,182.8,182.6,182.8,24
2024-06-25T16:15:00+00:00,182.6,182.6,182.4,182.6,16
2024-06-25T16:25:00+00:00,182.5,182.5,182.3,182.4,26
2024-06-25T16:35:00+00:00,182.3,182.3,182.3,182.3,1
2024-06-25T16:40:00+00:00,182.3,182.4,182.25,182.4,19
2024-06-25T16:45:00+00:00,182.5,182.5,182.4,182.5,4
2024-06-25T16:50:00+00:00,182.5,183.25,182.5,183.2,181
2024-06-25T16:55:00+00:00,183.25,183.25,183.1,183.25,20
2024-06-25T17:00:00+00:00,183.25,183.25,183.25,183.25,10
2024-06-25T17:05:00+00:00,183.25,183.3,183.25,183.3,50
2024-06-25T17:10:00+00:00,183.2,183.2,183.2,183.2,1
2024-06-25T17:15:00+00:00,183.2,183.2,183.2,183.2,1
2024-06-25T17:20:00+00:00,183.2,183.3,183.1,183.1,24
2024-06-25T17:25:00+00:00,183.1,183.1,183.1,183.1,1
2024-06-25T17:30:00+00:00,183.1,183.2,183.0,183.0,19
2024-06-25T17:35:00+00:00,182.9,182.9,182.9,182.9,8
2024-06-25T17:40:00+00:00,182.8,182.8,182.8,182.8,7
2024-06-25T17:45:00+00:00,182.7,182.7,182.7,182.7,6
2024-06-25T18:00:00+00:00,182.6,182.6,182.5,182.5,10
2024-06-25T18:05:00+00:00,182.6,182.6,182.5,182.5,7
2024-06-25T18:10:00+00:00,182.7,182.7,182.55,182.55,6
2024-06-25T18:15:00+00:00,182.55,182.55,182.4,182.5,108
2024-06-25T18:20:00+00:00,182.5,182.55,182.5,182.55,23
2024-06-25T18:25:00+00:00,182.55,182.55,182.55,182.55,9
2024-06-25T18:30:00+00:00,182.55,182.6,182.5,182.5,39
2024-06-25T18:35:00+00:00,182.6,182.6,182.6,182.6,1
2024-06-25T18:40:00+00:00,182.6,182.6,182.6,182.6,2
2024-06-25T18:45:00+00:00,182.6,182.6,182.6,182.6,8
2024-06-25T18:50:00+00:00,182.6,182.6,182.4,182.4,2
2024-06-25T18:55:00+00:00,182.4,182.4,182.4,182.4,41
2024-06-25T19:05:00+00:00,182.4,182.55,182.4,182.4,142
2024-06-25T19:10:00+00:00,182.3,182.3,182.3,182.3,2
2024-06-25T19:15:00+00:00,182.4,182.4,182.4,182.4,21
2024-06-25T19:20:00+00:00,182.4,182.5,182.4,182.5,123
2024-06-25T19:25:00+00:00,182.5,182.5,182.5,182.5,4
2024-06-25T19:30:00+00:00,182.5,182.5,182.5,182.5,21
2024-06-25T19:35:00+00:00,182.4,182.4,182.4,182.4,3
2024-06-25T19:40:00+00:00,182.5,182.5,182.5,182.5,48
2024-06-25T19:45:00+00:00,182.5,182.7,182.5,182.7,124
2024-06-25T19:50:00+00:00,182.6,182.65,182.55,182.65,15
2024-06-25T19:55:00+00:00,182.7,182.7,182.5,182.5,3
2024-06-25T20:05:00+00:00,182.6,182.6,182.45,182.5,33
2024-06-25T20:10:00+00:00,182.6,182.65,182.6,182.65,7
2024-06-25T20:15:00+00:00,182.65,182.65,182.65,182.65,1
2024-06-25T20:20:00+00:00,182.6,182.65,182.6,182.65,37
2024-06-25T20:25:00+00:00,182.6,182.6,182.6,182.6,1
2024-06-25T20:35:00+00:00,182.65,182.65,182.55,182.55,13
2024-06-25T20:45:00+00:00,182.6,182.7,182.6,182.6,130
2024-06-26T06:55:00+00:00,182.8,182.8,182.8,182.8,13
2024-06-26T07:00:00+00:00,182.9,187.35,182.8,187.25,2299
2024-06-26T07:05:00+00:00,187.3,187.8,186.0,186.3,1964
2024-06-26T07:10:00+00:00,186.3,187.7,184.65,186.5,832
2024-06-26T07:15:00+00:00,186.6,187.4,186.6,186.7,387
2024-06-26T07:20:00+00:00,186.7,187.0,186.0,187.0,856
2024-06-26T07:25:00+00:00,186.95,187.15,186.8,187.15,318
2024-06-26T07:30:00+00:00,187.15,189.95,187.15,189.95,2730
2024-06-26T07:35:00+00:00,189.95,189.95,187.8,187.8,680
2024-06-26T07:40:00+00:00,187.8,188.35,187.8,187.9,635
2024-06-26T07:45:00+00:00,187.9,187.95,187.8,187.95,99
2024-06-26T07:50:00+00:00,187.95,187.95,187.8,187.9,1589
2024-06-26T07:55:00+00:00,187.95,188.6,187.95,188.5,286
2024-06-26T08:00:00+00:00,188.6,188.7,188.1,188.1,213
2024-06-26T08:05:00+00:00,188.1,191.0,188.0,190.95,2785
2024-06-26T08:10:00+00:00,190.95,192.0,190.55,191.6,1803
2024-06-26T08:15:00+00:00,191.7,191.7,189.35,190.4,1149
2024-06-26T08:20:00+00:00,190.4,190.9,190.2,190.7,288
2024-06-26T08:25:00+00:00,190.8,191.25,190.4,190.4,906
2024-06-26T08:30:00+00:00,190.4,190.8,189.6,190.7,480
2024-06-26T08:35:00+00:00,190.75,191.8,190.7,191.6,787
2024-06-26T08:40:00+00:00,191.6,192.0,191.3,191.3,514
2024-06-26T08:45:00+00:00,191.3,192.0,190.8,191.1,584
2024-06-26T08:50:00+00:00,191.2,191.2,190.05,190.05,256
2024-06-26T08:55:00+00:00,190.05,190.3,190.05,190.1,79
2024-06-26T09:00:00+00:00,190.2,190.8,190.0,190.0,487
2024-06-26T09:05:00+00:00,190.0,190.0,189.1,189.2,687
2024-06-26T09:10:00+00:00,189.1,189.55,189.1,189.1,163
2024-06-26T09:15:00+00:00,189.3,190.1,189.15,190.1,130
2024-06-26T09:20:00+00:00,190.05,190.2,190.0,190.1,29
2024-06-26T09:25:00+00:00,190.2,190.3,190.0,190.0,65
2024-06-26T09:30:00+00:00,190.0,190.3,189.8,189.9,127
2024-06-26T09:35:00+00:00,189.9,189.9,189.7,189.9,26
2024-06-26T09:40:00+00:00,189.9,189.9,189.2,189.5,187
2024-06-26T09:45:00+00:00,189.5,189.6,189.3,189.3,36
2024-06-26T09:50:00+00:00,189.4,190.75,189.4,190.6,395
2024-06-26T09:55:00+00:00,190.7,190.95,190.0,190.4,423
2024-06-26T10:00:00+00:00,190.4,191.0,190.2,190.2,462
2024-06-26T10:05:00+00:00,190.3,192.1,190.3,192.1,1579
2024-06-26T10:10:00+00:00,192.1,194.0,192.05,193.9,1989
2024-06-26T10:15:00+00:00,193.95,195.3,193.8,194.5,1223
2024-06-26T10:20:00+00:00,194.6,194.95,193.55,193.6,232
2024-06-26T10:25:00+00:00,193.6,193.65,192.9,193.4,483
2024-06-26T10:30:00+00:00,193.35,193.65,192.85,192.85,183
2024-06-26T10:35:00+00:00,192.85,193.9,192.15,193.8,1040
2024-06-26T10:40:00+00:00,193.8,194.0,193.8,193.85,235
2024-06-26T10:45:00+00:00,194.0,195.4,194.0,194.2,1034
2024-06-26T10:50:00+00:00,194.2,195.0,193.5,194.75,1330
2024-06-26T10:55:00+00:00,194.75,195.0,194.0,194.45,654
2024-06-26T11:00:00+00:00,194.55,194.55,194.15,194.25,48
2024-06-26T11:05:00+00:00,194.5,195.0,194.25,194.9,620
2024-06-26T11:10:00+00:00,194.95,194.95,194.5,194.8,61
2024-06-26T11:15:00+00:00,194.85,195.4,194.7,195.2,1446
2024-06-26T11:20:00+00:00,195.2,196.7,195.05,196.1,838
2024-06-26T11:25:00+00:00,196.0,196.1,195.65,195.9,87
2024-06-26T11:30:00+00:00,195.7,195.7,194.7,194.9,411
2024-06-26T11:35:00+00:00,194.8,194.8,194.55,194.6,136
2024-06-26T11:40:00+00:00,194.6,194.6,194.5,194.5,77
2024-06-26T11:45:00+00:00,194.55,194.8,194.3,194.3,167
2024-06-26T11:50:00+00:00,194.4,194.8,193.5,193.7,423
2024-06-26T11:55:00+00:00,193.75,194.85,193.6,194.7,407
2024-06-26T12:00:00+00:00,194.7,194.8,194.6,194.65,197
2024-06-26T12:05:00+00:00,194.6,194.6,193.5,194.4,185
2024-06-26T12:10:00+00:00,194.4,194.6,192.0,192.6,1719
2024-06-26T12:15:00+00:00,192.6,192.6,192.0,192.1,282
2024-06-26T12:20:00+00:00,192.2,193.1,192.05,193.0,422
2024-06-26T12:25:00+00:00,192.95,193.7,192.7,193.7,285
2024-06-26T12:30:00+00:00,193.7,194.35,193.6,193.8,185
2024-06-26T12:35:00+00:00,193.8,193.8,193.3,193.3,39
2024-06-26T12:40:00+00:00,193.3,193.3,193.2,193.3,6
2024-06-26T12:45:00+00:00,193.3,193.8,193.3,193.7,160
2024-06-26T12:50:00+00:00,193.75,194.0,193.7,194.0,95
2024-06-26T12:55:00+00:00,194.0,194.1,193.95,194.0,25
2024-06-26T13:00:00+00:00,194.0,194.0,193.7,193.7,254
2024-06-26T13:05:00+00:00,193.7,194.0,193.7,193.8,141
2024-06-26T13:10:00+00:00,193.9,193.95,193.8,193.9,28
2024-06-26T13:15:00+00:00,193.8,193.9,193.7,193.7,254
2024-06-26T13:20:00+00:00,193.7,193.7,193.7,193.7,17
2024-06-26T13:25:00+00:00,193.9,193.9,193.7,193.7,455
2024-06-26T13:30:00+00:00,193.7,193.8,192.7,192.8,460
2024-06-26T13:35:00+00:00,192.7,192.8,192.7,192.8,42
2024-06-26T13:40:00+00:00,192.7,193.5,192.65,193.2,196
2024-06-26T13:45:00+00:00,193.3,193.4,193.1,193.3,42
2024-06-26T13:50:00+00:00,193.3,193.3,193.2,193.2,3
2024-06-26T13:55:00+00:00,193.3,193.6,192.6,192.6,593
2024-06-26T14:00:00+00:00,192.65,192.65,192.6,192.6,18
2024-06-26T14:05:00+00:00,192.6,192.65,192.6,192.6,506
2024-06-26T14:10:00+00:00,192.65,193.5,192.65,193.5,258
2024-06-26T14:15:00+00:00,193.55,194.2,193.5,194.1,610
2024-06-26T14:20:00+00:00,194.15,194.5,194.15,194.45,61
2024-06-26T14:25:00+00:00,194.45,194.65,194.45,194.45,214
2024-06-26T14:30:00+00:00,194.6,195.05,194.4,194.9,1090
2024-06-26T14:35:00+00:00,195.05,195.25,195.0,195.1,195
2024-06-26T14:40:00+00:00,195.25,195.25,195.0,195.0,188
2024-06-26T14:45:00+00:00,195.05,197.0,195.0,196.4,1440
2024-06-26T14:50:00+00:00,196.5,197.0,196.5,196.55,842
2024-06-26T14:55:00+00:00,196.55,197.4,196.55,196.6,587
2024-06-26T15:00:00+00:00,196.7,196.9,196.0,196.2,642
2024-06-26T15:05:00+00:00,196.3,196.7,196.0,196.15,498
2024-06-26T15:10:00+00:00,196.15,196.45,196.15,196.2,253
2024-06-26T15:15:00+00:00,196.2,196.3,196.05,196.2,284
2024-06-26T15:20:00+00:00,196.1,196.2,196.0,196.2,236
2024-06-26T15:25:00+00:00,196.15,196.4,196.0,196.4,51
2024-06-26T15:30:00+00:00,196.45,196.5,196.0,196.0,307
2024-06-26T15:35:00+00:00,196.0,197.3,196.0,197.2,862
2024-06-26T15:45:00+00:00,197.3,197.3,197.3,197.3,314
2024-06-26T16:00:00+00:00,197.3,197.3,197.3,197.3,1
2024-06-26T16:05:00+00:00,197.4,197.5,197.3,197.5,168
2024-06-26T16:10:00+00:00,197.6,197.65,196.9,197.1,171
2024-06-26T16:15:00+00:00,197.0,197.0,196.7,196.9,82
2024-06-26T16:20:00+00:00,196.9,197.0,196.9,197.0,54
2024-06-26T16:25:00+00:00,197.0,197.5,197.0,197.5,251
2024-06-26T16:30:00+00:00,197.55,204.3,197.55,203.45,4104
2024-06-26T16:35:00+00:00,203.35,204.4,201.5,201.8,925
2024-06-26T16:40:00+00:00,201.8,202.4,200.0,201.35,511
2024-06-26T16:45:00+00:00,201.7,202.0,200.15,201.05,129
2024-06-26T16:50:00+00:00,201.15,201.8,201.15,201.65,107
2024-06-26T16:55:00+00:00,201.6,202.0,201.55,201.7,259
2024-06-26T17:00:00+00:00,201.95,201.95,201.7,201.7,60
2024-06-26T17:05:00+00:00,201.7,202.0,199.0,199.3,674
2024-06-26T17:10:00+00:00,199.3,200.3,199.1,199.15,231
2024-06-26T17:15:00+00:00,199.2,200.15,199.2,199.45,189
2024-06-26T17:20:00+00:00,199.5,200.4,199.5,200.15,58
2024-06-26T17:25:00+00:00,200.1,200.4,200.1,200.15,89
2024-06-26T17:30:00+00:00,200.2,200.4,200.15,200.4,29
2024-06-26T17:35:00+00:00,200.2,200.5,200.15,200.2,97
2024-06-26T17:40:00+00:00,200.25,200.5,200.2,200.5,60
2024-06-26T17:45:00+00:00,200.25,200.25,200.2,200.2,7
2024-06-26T17:50:00+00:00,200.4,200.45,200.2,200.2,32
2024-06-26T17:55:00+00:00,200.2,200.2,199.95,200.0,270
2024-06-26T18:00:00+00:00,199.75,200.15,199.6,199.7,44
2024-06-26T18:05:00+00:00,199.8,200.2,199.4,199.4,178
2024-06-26T18:10:00+00:00,199.5,199.5,198.5,198.5,184
2024-06-26T18:15:00+00:00,198.65,198.7,198.6,198.7,96
2024-06-26T18:20:00+00:00,199.0,199.95,199.0,199.85,182
2024-06-26T18:25:00+00:00,199.85,199.95,198.85,199.0,242
2024-06-26T18:30:00+00:00,199.0,199.1,199.0,199.0,3
2024-06-26T18:35:00+00:00,198.9,199.0,198.8,199.0,19
2024-06-26T18:40:00+00:00,199.0,199.0,199.0,199.0,2
2024-06-26T18:45:00+00:00,199.0,199.4,199.0,199.4,23
2024-06-26T18:50:00+00:00,199.5,199.95,199.5,199.95,133
2024-06-26T18:55:00+00:00,199.95,200.15,199.95,200.0,111
2024-06-26T19:00:00+00:00,200.0,200.1,199.1,199.1,128
2024-06-26T19:05:00+00:00,199.2,199.3,199.1,199.1,11
2024-06-26T19:10:00+00:00,199.05,200.65,199.05,199.6,683
2024-06-26T19:15:00+00:00,199.85,200.5,199.5,200.35,193
2024-06-26T19:20:00+00:00,200.35,200.35,199.5,199.9,155
2024-06-26T19:25:00+00:00,199.95,200.0,199.8,200.0,63
2024-06-26T19:30:00+00:00,200.0,200.0,200.0,200.0,22
2024-06-26T19:35:00+00:00,200.1,200.7,200.0,200.6,53
2024-06-26T19:40:00+00:00,200.7,200.8,200.0,200.0,187
2024-06-26T19:45:00+00:00,200.0,200.0,199.9,200.0,48
2024-06-26T19:50:00+00:00,200.1,200.1,199.9,199.9,42
2024-06-26T19:55:00+00:00,200.0,200.0,200.0,200.0,11
2024-06-26T20:00:00+00:00,199.9,200.1,199.9,200.0,31
2024-06-26T20:05:00+00:00,199.9,199.9,199.1,199.1,335
2024-06-26T20:10:00+00:00,199.1,199.6,199.1,199.6,26
2024-06-26T20:15:00+00:00,199.6,199.65,199.1,199.3,47
2024-06-26T20:20:00+00:00,199.2,199.7,199.0,199.7,215
2024-06-26T20:25:00+00:00,199.7,199.75,199.6,199.6,12
2024-06-26T20:30:00+00:00,199.6,199.6,199.4,199.4,19
2024-06-26T20:35:00+00:00,199.45,199.6,199.45,199.6,18
2024-06-26T20:40:00+00:00,199.7,200.95,199.7,200.95,388
2024-06-26T20:45:00+00:00,200.95,202.1,200.8,201.6,784
2024-06-27T06:55:00+00:00,202.0,202.0,202.0,202.0,99
2024-06-27T07:00:00+00:00,202.0,202.2,196.95,198.1,1679
2024-06-27T07:05:00+00:00,198.2,198.8,195.1,196.0,1269
2024-06-27T07:10:00+00:00,195.95,197.6,195.9,196.8,676
2024-06-27T07:15:00+00:00,196.7,196.7,194.0,194.6,1184
2024-06-27T07:20:00+00:00,194.75,195.05,192.2,193.4,2151
2024-06-27T07:25:00+00:00,193.4,194.45,193.1,194.3,654
2024-06-27T07:30:00+00:00,194.25,194.65,194.0,194.3,630
2024-06-27T07:35:00+00:00,194.5,194.65,194.2,194.2,218
2024-06-27T07:40:00+00:00,194.2,194.2,188.6,190.1,4724
2024-06-27T07:45:00+00:00,190.1,191.0,189.95,190.6,633
2024-06-27T07:50:00+00:00,190.7,191.85,190.7,191.8,868
2024-06-27T07:55:00+00:00,191.8,191.9,191.5,191.55,323
2024-06-27T08:00:00+00:00,191.55,191.55,190.4,191.15,837
2024-06-27T08:05:00+00:00,191.2,191.6,191.2,191.55,46
2024-06-27T08:10:00+00:00,191.55,191.55,191.4,191.5,39
2024-06-27T08:15:00+00:00,191.5,191.55,191.5,191.55,22
2024-06-27T08:20:00+00:00,191.55,191.55,191.35,191.5,25
2024-06-27T08:25:00+00:00,191.55,191.55,191.35,191.35,18
2024-06-27T08:30:00+00:00,191.45,192.4,191.45,192.4,365
2024-06-27T08:35:00+00:00,192.2,192.4,192.1,192.3,133
2024-06-27T08:40:00+00:00,192.3,192.8,192.3,192.6,156
2024-06-27T08:45:00+00:00,192.6,193.2,192.6,193.2,654
2024-06-27T08:50:00+00:00,193.1,194.6,193.0,194.6,829
2024-06-27T08:55:00+00:00,194.4,195.35,193.85,195.35,317
2024-06-27T09:00:00+00:00,195.3,195.3,195.1,195.2,17
2024-06-27T09:05:00+00:00,195.2,195.2,193.2,193.2,314
2024-06-27T09:10:00+00:00,193.2,193.2,193.2,193.2,3
2024-06-27T09:15:00+00:00,193.2,193.3,193.2,193.25,19
2024-06-27T09:20:00+00:00,193.25,193.6,193.25,193.6,20
2024-06-27T09:25:00+00:00,193.6,196.0,193.25,196.0,1179
2024-06-27T09:30:00+00:00,195.9,195.9,195.6,195.6,40
2024-06-27T09:35:00+00:00,195.55,195.55,195.4,195.4,8
2024-06-27T09:40:00+00:00,195.4,195.4,195.2,195.2,15
2024-06-27T09:45:00+00:00,195.2,195.2,194.2,194.2,102
2024-06-27T09:50:00+00:00,194.1,194.1,193.9,193.9,20
2024-06-27T09:55:00+00:00,193.8,194.2,192.6,194.2,816
2024-06-27T10:00:00+00:00,194.1,194.1,193.2,193.2,46
2024-06-27T10:05:00+00:00,193.2,193.25,193.0,193.25,28
2024-06-27T10:10:00+00:00,193.25,193.25,192.8,192.9,107
2024-06-27T10:15:00+00:00,192.9,192.9,192.9,192.9,2
2024-06-27T10:20:00+00:00,192.9,194.0,192.9,193.9,100
2024-06-27T10:25:00+00:00,193.8,194.2,193.8,194.0,37
2024-06-27T10:30:00+00:00,193.9,193.9,193.8,193.8,15
2024-06-27T10:35:00+00:00,193.9,193.9,193.6,193.6,31
2024-06-27T10:40:00+00:00,193.5,193.5,192.5,192.7,513
2024-06-27T10:45:00+00:00,192.8,193.3,192.75,193.2,73
2024-06-27T10:50:00+00:00,193.3,194.2,193.3,194.2,623
2024-06-27T10:55:00+00:00,194.15,194.9,194.15,194.4,73
2024-06-27T11:00:00+00:00,194.35,194.45,194.35,194.45,175
2024-06-27T11:05:00+00:00,194.45,194.45,194.4,194.4,35
2024-06-27T11:10:00+00:00,194.45,195.65,194.45,195.4,221
2024-06-27T11:15:00+00:00,195.4,195.4,195.15,195.15,69
2024-06-27T11:20:00+00:00,195.3,195.8,195.3,195.8,259
2024-06-27T11:25:00+00:00,195.8,196.6,195.8,196.4,326
2024-06-27T11:30:00+00:00,196.5,196.6,196.15,196.55,223
2024-06-27T11:35:00+00:00,196.55,198.2,196.55,197.3,1332
2024-06-27T11:40:00+00:00,197.3,198.0,197.2,197.6,380
2024-06-27T11:45:00+00:00,197.6,198.0,197.6,197.9,265
2024-06-27T11:50:00+00:00,197.85,198.6,197.85,198.6,466
2024-06-27T11:55:00+00:00,198.6,198.7,198.3,198.3,56
2024-06-27T12:00:00+00:00,198.2,199.1,197.75,199.1,523
2024-06-27T12:05:00+00:00,199.0,201.1,199.0,200.7,1053
2024-06-27T12:10:00+00:00,200.7,201.55,200.6,201.4,270
2024-06-27T12:15:00+00:00,201.5,201.8,200.7,200.7,466
2024-06-27T12:20:00+00:00,200.7,200.7,199.2,199.4,1033
2024-06-27T12:25:00+00:00,199.5,199.7,199.4,199.7,17
2024-06-27T12:30:00+00:00,199.7,201.0,199.6,199.7,620
2024-06-27T12:35:00+00:00,199.8,199.8,199.25,199.25,182
2024-06-27T12:40:00+00:00,199.4,201.0,199.4,200.2,706
2024-06-27T12:45:00+00:00,200.35,201.0,200.2,201.0,407
2024-06-27T12:50:00+00:00,201.0,201.1,201.0,201.0,483
2024-06-27T12:55:00+00:00,201.1,201.7,201.0,201.0,400
2024-06-27T13:00:00+00:00,201.2,201.8,201.2,201.8,474
2024-06-27T13:05:00+00:00,201.75,201.75,201.0,201.0,480
2024-06-27T13:10:00+00:00,201.0,201.0,200.0,200.05,775
2024-06-27T13:15:00+00:00,200.05,200.35,199.65,200.35,518
2024-06-27T13:20:00+00:00,200.35,200.4,199.4,199.6,239
2024-06-27T13:25:00+00:00,199.5,201.45,199.25,200.8,580
2024-06-27T13:30:00+00:00,200.8,200.8,199.9,199.9,151
2024-06-27T13:35:00+00:00,199.9,199.9,199.2,199.25,453
2024-06-27T13:40:00+00:00,199.25,199.5,199.25,199.4,14
2024-06-27T13:45:00+00:00,199.4,199.4,199.4,199.4,3
2024-06-27T13:50:00+00:00,199.3,199.3,199.2,199.2,77
2024-06-27T13:55:00+00:00,199.4,199.8,199.4,199.7,107
2024-06-27T14:00:00+00:00,199.8,200.0,199.7,200.0,192
2024-06-27T14:05:00+00:00,200.0,200.9,200.0,200.9,111
2024-06-27T14:10:00+00:00,201.0,201.0,200.8,200.8,51
2024-06-27T14:15:00+00:00,200.9,201.75,200.9,201.4,264
2024-06-27T14:20:00+00:00,201.4,201.4,201.0,201.1,100
2024-06-27T14:25:00+00:00,201.0,201.3,201.0,201.3,15
2024-06-27T14:30:00+00:00,201.3,201.35,201.25,201.25,15
2024-06-27T14:35:00+00:00,201.25,201.4,201.2,201.4,125
2024-06-27T14:40:00+00:00,201.3,201.3,200.9,200.9,164
2024-06-27T14:45:00+00:00,200.9,200.9,200.55,200.55,259
2024-06-27T14:50:00+00:00,200.7,200.7,200.55,200.55,12
2024-06-27T14:55:00+00:00,200.7,201.0,200.55,201.0,109
2024-06-27T15:00:00+00:00,201.1,201.1,201.0,201.0,10
2024-06-27T15:10:00+00:00,201.1,201.8,201.0,201.0,456
2024-06-27T15:15:00+00:00,201.05,202.0,201.0,201.0,575
2024-06-27T15:20:00+00:00,201.05,201.2,201.05,201.1,14
2024-06-27T15:25:00+00:00,201.2,202.0,201.2,201.5,320
2024-06-27T15:30:00+00:00,201.4,201.4,201.0,201.2,205
2024-06-27T15:35:00+00:00,201.2,201.4,201.2,201.4,132
2024-06-27T15:45:00+00:00,201.35,201.35,201.35,201.35,5
2024-06-27T16:00:00+00:00,201.3,201.3,201.3,201.3,1
2024-06-27T16:05:00+00:00,201.3,201.4,201.1,201.15,134
2024-06-27T16:15:00+00:00,201.15,201.15,200.2,200.4,196
2024-06-27T16:20:00+00:00,200.3,200.3,200.1,200.15,27
2024-06-27T16:25:00+00:00,200.3,200.7,200.3,200.6,51
2024-06-27T16:30:00+00:00,200.6,200.8,200.4,200.4,20
2024-06-27T16:40:00+00:00,200.4,200.4,200.4,200.4,1
2024-06-27T16:45:00+00:00,200.4,200.4,200.3,200.3,3
2024-06-27T16:50:00+00:00,200.3,200.3,200.3,200.3,1
2024-06-27T16:55:00+00:00,200.3,200.3,200.2,200.2,10
2024-06-27T17:00:00+00:00,200.2,200.2,200.2,200.2,1
2024-06-27T17:05:00+00:00,200.2,200.2,200.05,200.05,62
2024-06-27T17:15:00+00:00,200.05,200.05,200.05,200.05,30
2024-06-27T17:20:00+00:00,200.2,200.2,200.1,200.2,4
2024-06-27T17:25:00+00:00,200.2,200.3,200.1,200.1,9
2024-06-27T17:30:00+00:00,200.1,200.2,200.1,200.2,5
2024-06-27T17:35:00+00:00,200.1,200.1,200.0,200.0,58
2024-06-27T17:40:00+00:00,200.2,200.2,200.2,200.2,7
2024-06-27T17:45:00+00:00,200.1,200.15,200.0,200.0,21
2024-06-27T17:50:00+00:00,200.0,200.0,200.0,200.0,18
2024-06-27T17:55:00+00:00,200.0,200.2,200.0,200.0,33
2024-06-27T18:10:00+00:00,200.0,200.2,200.0,200.0,20
2024-06-27T18:15:00+00:00,200.0,200.0,200.0,200.0,1
2024-06-27T18:20:00+00:00,200.0,200.0,200.0,200.0,1
2024-06-27T18:25:00+00:00,200.0,200.0,200.0,200.0,2
2024-06-27T18:30:00+00:00,200.0,200.2,200.0,200.0,8
2024-06-27T18:35:00+00:00,200.0,200.0,199.25,199.3,116
2024-06-27T18:40:00+00:00,199.25,199.8,199.2,199.8,66
2024-06-27T18:50:00+00:00,199.9,199.9,199.9,199.9,2
2024-06-27T18:55:00+00:00,199.8,199.8,199.25,199.25,55
2024-06-27T19:00:00+00:00,199.25,199.25,199.25,199.25,9
2024-06-27T19:05:00+00:00,199.25,199.25,199.25,199.25,1
2024-06-27T19:10:00+00:00,199.4,199.4,199.4,199.4,2
2024-06-27T19:15:00+00:00,199.3,199.4,199.2,199.2,9
2024-06-27T19:20:00+00:00,199.2,199.2,199.05,199.05,251
2024-06-27T19:25:00+00:00,199.0,199.0,197.65,197.65,370
2024-06-27T19:30:00+00:00,197.65,197.65,197.05,197.05,58
2024-06-27T19:35:00+00:00,197.05,197.05,196.8,196.8,627
2024-06-27T19:45:00+00:00,196.7,196.75,196.6,196.75,13
2024-06-27T19:50:00+00:00,196.75,196.8,196.75,196.8,25
2024-06-27T19:55:00+00:00,196.6,196.6,196.6,196.6,20
2024-06-27T20:00:00+00:00,196.6,196.6,196.6,196.6,1
2024-06-27T20:15:00+00:00,196.6,196.6,196.6,196.6,1
2024-06-27T20:20:00+00:00,196.6,196.6,196.6,196.6,1
2024-06-27T20:25:00+00:00,196.8,196.8,196.8,196.8,1
2024-06-27T20:30:00+00:00,196.8,197.0,196.8,196.95,156
2024-06-28T06:55:00+00:00,197.0,197.0,197.0,197.0,67
2024-06-28T07:00:00+00:00,196.9,196.95,193.85,194.3,1150
2024-06-28T07:05:00+00:00,194.4,194.4,194.3,194.4,199
2024-06-28T07:10:00+00:00,194.4,195.0,194.3,194.6,126
2024-06-28T07:15:00+00:00,194.6,195.3,194.6,195.3,118
2024-06-28T07:20:00+00:00,195.3,195.3,195.2,195.2,3
2024-06-28T07:25:00+00:00,195.3,198.25,195.3,198.0,545
2024-06-28T07:30:00+00:00,198.0,199.1,198.0,199.1,343
2024-06-28T07:35:00+00:00,199.1,199.8,199.0,199.0,357
2024-06-28T07:40:00+00:00,199.0,199.0,198.8,198.9,27
2024-06-28T07:45:00+00:00,198.8,198.9,198.8,198.8,38
2024-06-28T07:50:00+00:00,198.8,198.9,198.8,198.9,33
2024-06-28T07:55:00+00:00,198.8,199.4,198.8,199.3,315
2024-06-28T08:00:00+00:00,199.3,199.55,199.3,199.55,183
2024-06-28T08:05:00+00:00,199.45,199.55,199.45,199.45,30
2024-06-28T08:10:00+00:00,199.5,199.75,199.5,199.75,99
2024-06-28T08:15:00+00:00,199.6,200.0,199.3,199.8,475
2024-06-28T08:20:00+00:00,199.8,199.8,199.7,199.7,410
2024-06-28T08:25:00+00:00,199.7,199.95,199.6,199.6,328
2024-06-28T08:30:00+00:00,199.65,199.9,199.35,199.8,292
2024-06-28T08:35:00+00:00,199.8,199.8,199.4,199.4,166
2024-06-28T08:40:00+00:00,199.35,201.3,199.0,200.9,1289
2024-06-28T08:45:00+00:00,200.9,201.2,200.7,201.0,100
2024-06-28T08:50:00+00:00,201.0,201.0,200.0,200.05,732
2024-06-28T08:55:00+00:00,200.0,200.0,199.7,199.7,118
2024-06-28T09:00:00+00:00,199.7,199.7,199.7,199.7,7
2024-06-28T09:05:00+00:00,199.6,200.5,199.4,200.4,294
2024-06-28T09:10:00+00:00,200.4,200.45,200.0,200.3,1110
2024-06-28T09:15:00+00:00,200.3,200.3,199.6,199.8,89
2024-06-28T09:20:00+00:00,199.9,199.9,199.9,199.9,1
2024-06-28T09:25:00+00:00,199.9,199.9,199.05,199.85,158
2024-06-28T09:30:00+00:00,199.85,199.85,199.0,199.0,227
2024-06-28T09:35:00+00:00,199.0,199.0,197.55,198.95,901
2024-06-28T09:40:00+00:00,198.95,198.95,198.8,198.8,180
2024-06-28T09:45:00+00:00,198.75,198.75,197.8,198.05,158
2024-06-28T09:50:00+00:00,198.05,198.4,198.0,198.0,65
2024-06-28T09:55:00+00:00,198.0,198.0,197.25,197.25,48
2024-06-28T10:00:00+00:00,197.2,197.2,197.0,197.05,205
2024-06-28T10:05:00+00:00,197.05,197.1,196.6,197.1,338
2024-06-28T10:10:00+00:00,197.05,197.1,197.05,197.1,2
2024-06-28T10:15:00+00:00,197.1,197.4,197.1,197.4,36
2024-06-28T10:20:00+00:00,197.4,198.0,197.4,198.0,131
2024-06-28T10:25:00+00:00,198.0,200.35,198.0,199.6,686
2024-06-28T10:30:00+00:00,199.4,200.5,198.5,200.45,1019
2024-06-28T10:35:00+00:00,200.2,200.5,200.0,200.5,563
2024-06-28T10:40:00+00:00,200.25,200.5,200.0,200.0,42
2024-06-28T10:45:00+00:00,200.0,200.0,200.0,200.0,3
2024-06-28T10:50:00+00:00,199.8,200.6,199.8,200.55,327
2024-06-28T10:55:00+00:00,200.8,201.0,200.6,200.7,171
2024-06-28T11:00:00+00:00,200.7,201.9,200.7,201.4,596
2024-06-28T11:05:00+00:00,201.45,202.05,201.45,201.9,193
2024-06-28T11:10:00+00:00,202.0,202.0,201.6,201.6,91
2024-06-28T11:15:00+00:00,201.6,201.6,200.95,201.05,151
2024-06-28T11:20:00+00:00,201.05,201.2,200.95,201.0,67
2024-06-28T11:25:00+00:00,201.0,201.2,200.65,200.7,86
2024-06-28T11:30:00+00:00,200.65,200.9,200.55,200.55,156
2024-06-28T11:35:00+00:00,200.55,200.95,200.5,200.8,282
2024-06-28T11:40:00+00:00,200.8,200.8,200.05,200.8,760
2024-06-28T11:45:00+00:00,200.5,200.95,200.0,200.0,170
2024-06-28T11:50:00+00:00,200.0,200.0,199.8,199.8,50
2024-06-28T11:55:00+00:00,199.8,199.8,199.25,199.25,105
2024-06-28T12:00:00+00:00,199.3,200.9,199.3,200.9,161
2024-06-28T12:05:00+00:00,200.65,200.9,199.5,200.0,1766
2024-06-28T12:10:00+00:00,199.95,200.0,199.95,199.95,430
2024-06-28T12:15:00+00:00,199.95,199.95,199.65,199.65,19
2024-06-28T12:20:00+00:00,199.7,199.9,199.65,199.7,26
2024-06-28T12:25:00+00:00,199.7,199.9,199.65,199.9,13
2024-06-28T12:30:00+00:00,199.7,199.95,199.7,199.95,4
2024-06-28T12:35:00+00:00,199.9,200.0,199.9,200.0,126
2024-06-28T12:40:00+00:00,199.95,199.95,199.95,199.95,3
2024-06-28T12:45:00+00:00,199.95,200.0,199.95,200.0,73
2024-06-28T12:50:00+00:00,200.0,200.0,200.0,200.0,3
2024-06-28T12:55:00+00:00,199.9,200.0,199.35,199.8,145
2024-06-28T13:00:00+00:00,199.8,200.0,199.8,200.0,68
2024-06-28T13:05:00+00:00,200.0,200.0,200.0,200.0,32
2024-06-28T13:15:00+00:00,199.7,200.0,199.7,200.0,344
2024-06-28T13:20:00+00:00,200.0,200.0,200.0,200.0,427
2024-06-28T13:25:00+00:00,199.95,200.0,198.7,199.95,616
2024-06-28T13:30:00+00:00,199.95,199.95,199.65,199.95,5
2024-06-28T13:40:00+00:00,199.7,200.0,199.05,199.8,147
2024-06-28T13:45:00+00:00,200.0,200.0,199.65,199.7,8
2024-06-28T13:50:00+00:00,199.95,200.0,199.75,199.75,4
2024-06-28T13:55:00+00:00,199.75,199.75,199.75,199.75,1
2024-06-28T14:00:00+00:00,199.75,199.75,199.15,199.15,67
2024-06-28T14:05:00+00:00,199.4,199.8,199.4,199.6,53
2024-06-28T14:10:00+00:00,199.6,200.0,199.6,200.0,61
2024-06-28T14:15:00+00:00,200.0,200.0,199.4,199.4,47
2024-06-28T14:20:00+00:00,199.6,199.8,199.6,199.8,16
2024-06-28T14:25:00+00:00,199.6,199.6,199.6,199.6,3
2024-06-28T14:30:00+00:00,199.8,199.9,199.8,199.9,10
2024-06-28T14:35:00+00:00,199.7,199.85,198.6,199.85,539
2024-06-28T14:40:00+00:00,199.7,199.8,199.25,199.8,117
2024-06-28T14:45:00+00:00,199.8,200.0,199.8,199.9,412
2024-06-28T14:50:00+00:00,199.9,199.9,199.8,199.8,20
2024-06-28T14:55:00+00:00,199.6,200.0,199.6,200.0,24
2024-06-28T15:00:00+00:00,199.6,199.6,198.85,199.1,101
2024-06-28T15:05:00+00:00,199.15,199.2,199.05,199.05,11
2024-06-28T15:10:00+00:00,199.05,199.6,199.05,199.6,29
2024-06-28T15:15:00+00:00,199.4,199.55,198.75,199.4,193
2024-06-28T15:20:00+00:00,199.4,199.5,198.85,199.0,117
2024-06-28T15:25:00+00:00,199.1,199.2,199.1,199.1,3
2024-06-28T15:30:00+00:00,199.1,199.35,199.05,199.05,24
2024-06-28T15:35:00+00:00,199.35,199.35,199.35,199.35,31
2024-06-28T15:45:00+00:00,199.1,199.1,199.1,199.1,3
2024-06-28T16:00:00+00:00,198.8,198.8,198.8,198.8,21
2024-06-28T16:05:00+00:00,198.8,198.8,198.8,198.8,3
2024-06-28T16:10:00+00:00,198.75,199.1,198.75,199.1,191
2024-06-28T16:15:00+00:00,199.1,199.2,199.1,199.2,4
2024-06-28T16:20:00+00:00,199.1,199.2,199.1,199.2,5
2024-06-28T16:25:00+00:00,199.2,199.2,199.2,199.2,1
2024-06-28T16:30:00+00:00,199.25,199.25,199.25,199.25,2
2024-06-28T16:35:00+00:00,199.3,199.3,199.25,199.25,30
2024-06-28T16:40:00+00:00,199.3,199.3,199.3,199.3,1
2024-06-28T16:45:00+00:00,199.25,199.25,199.25,199.25,4
2024-06-28T16:50:00+00:00,199.35,199.35,199.2,199.2,10
2024-06-28T16:55:00+00:00,199.25,199.25,199.2,199.2,9
2024-06-28T17:00:00+00:00,199.25,199.4,199.25,199.4,16
2024-06-28T17:05:00+00:00,199.4,199.4,199.3,199.3,15
2024-06-28T17:10:00+00:00,199.3,199.4,199.25,199.4,10
2024-06-28T17:15:00+00:00,199.4,199.4,199.3,199.3,4
2024-06-28T17:20:00+00:00,199.3,199.3,199.25,199.25,9
2024-06-28T17:25:00+00:00,199.3,199.3,199.2,199.3,24
2024-06-28T17:35:00+00:00,199.3,199.3,199.3,199.3,15
2024-06-28T17:45:00+00:00,199.2,199.4,199.2,199.4,32
2024-06-28T17:50:00+00:00,199.35,199.5,199.35,199.5,15
2024-06-28T17:55:00+00:00,199.6,199.7,199.6,199.7,13
2024-06-28T18:00:00+00:00,199.7,199.7,199.7,199.7,1
2024-06-28T18:05:00+00:00,199.8,199.85,199.8,199.85,6
2024-06-28T18:10:00+00:00,199.7,199.7,199.7,199.7,7
2024-06-28T18:25:00+00:00,199.6,199.6,199.6,199.6,2
2024-06-28T18:30:00+00:00,199.6,199.6,199.6,199.6,2
2024-06-28T18:35:00+00:00,199.6,199.7,199.6,199.7,5
2024-06-28T18:45:00+00:00,199.7,199.8,199.7,199.8,7
2024-06-28T18:50:00+00:00,199.8,199.8,199.8,199.8,1
2024-06-28T18:55:00+00:00,199.7,199.7,199.7,199.7,5
2024-06-28T19:10:00+00:00,199.65,199.65,199.65,199.65,2
2024-06-28T19:15:00+00:00,199.75,199.75,199.75,199.75,5
2024-06-28T19:20:00+00:00,199.75,199.75,199.75,199.75,1
2024-06-28T19:25:00+00:00,199.6,199.6,199.6,199.6,1
2024-06-28T19:45:00+00:00,199.6,199.6,199.6,199.6,1
2024-06-28T19:50:00+00:00,199.6,199.6,199.6,199.6,4
2024-06-28T20:00:00+00:00,199.6,199.6,199.6,199.6,21
2024-06-28T20:05:00+00:00,199.7,199.75,199.7,199.75,50
2024-06-28T20:15:00+00:00,199.75,199.8,199.3,199.3,170
2024-06-28T20:20:00+00:00,199.25,199.25,199.2,199.2,88
2024-06-28T20:25:00+00:00,199.4,199.8,199.4,199.5,91
2024-06-28T20:40:00+00:00,199.5,199.5,199.5,199.5,1
2024-06-28T20:45:00+00:00,199.5,199.5,199.5,199.5,4
2024-07-01T06:55:00+00:00,199.65,199.65,199.65,199.65,6
2024-07-01T07:00:00+00:00,199.7,200.05,199.5,200.0,167
2024-07-01T07:05:00+00:00,200.0,200.05,199.9,199.9,128
2024-07-01T07:10:00+00:00,199.9,199.9,197.75,198.8,651
2024-07-01T07:15:00+00:00,198.8,198.8,197.8,197.8,248
2024-07-01T07:20:00+00:00,197.8,197.9,197.5,197.9,87
2024-07-01T07:25:00+00:00,197.9,197.9,197.5,197.5,133
2024-07-01T07:30:00+00:00,197.6,197.6,197.5,197.5,16
2024-07-01T07:35:00+00:00,197.6,197.85,197.6,197.7,24
2024-07-01T07:40:00+00:00,197.7,197.7,197.1,197.2,100
2024-07-01T07:45:00+00:00,197.3,197.7,197.0,197.0,80
2024-07-01T07:50:00+00:00,197.0,197.4,197.0,197.0,47
2024-07-01T07:55:00+00:00,197.0,197.1,197.0,197.0,12
2024-07-01T08:00:00+00:00,197.1,197.3,197.1,197.2,20
2024-07-01T08:05:00+00:00,197.3,197.7,197.3,197.7,56
2024-07-01T08:10:00+00:00,197.6,197.85,197.6,197.85,37
2024-07-01T08:15:00+00:00,197.7,197.7,197.6,197.6,13
2024-07-01T08:25:00+00:00,197.6,197.6,197.6,197.6,6
2024-07-01T08:30:00+00:00,197.6,197.6,197.15,197.15,58
2024-07-01T08:35:00+00:00,197.15,197.25,197.15,197.15,27
2024-07-01T08:40:00+00:00,197.25,197.25,197.15,197.25,34
2024-07-01T08:45:00+00:00,197.3,197.3,197.2,197.2,4
2024-07-01T08:50:00+00:00,197.15,197.15,197.15,197.15,10
2024-07-01T08:55:00+00:00,197.15,197.3,197.15,197.3,21
2024-07-01T09:00:00+00:00,197.3,197.3,197.1,197.1,25
2024-07-01T09:05:00+00:00,197.1,197.1,196.3,196.3,93
2024-07-01T09:10:00+00:00,196.25,196.25,196.0,196.2,85
2024-07-01T09:15:00+00:00,196.15,196.3,196.0,196.2,185
2024-07-01T09:20:00+00:00,196.2,196.2,196.0,196.0,134
2024-07-01T09:25:00+00:00,195.95,196.3,195.95,196.3,21
2024-07-01T09:30:00+00:00,196.3,196.3,196.2,196.2,3
2024-07-01T09:35:00+00:00,196.2,196.2,196.0,196.1,9
2024-07-01T09:40:00+00:00,196.0,196.1,196.0,196.1,11
2024-07-01T09:45:00+00:00,196.1,196.1,196.0,196.1,20
2024-07-01T09:50:00+00:00,196.15,196.2,196.0,196.1,109
2024-07-01T09:55:00+00:00,196.2,196.8,196.2,196.6,62
2024-07-01T10:00:00+00:00,196.5,196.5,196.1,196.2,65
2024-07-01T10:05:00+00:00,196.3,196.3,196.3,196.3,2
2024-07-01T10:10:00+00:00,196.25,196.25,196.25,196.25,1
2024-07-01T10:15:00+00:00,196.3,196.9,196.3,196.8,58
2024-07-01T10:20:00+00:00,196.9,197.65,196.9,197.1,73
2024-07-01T10:25:00+00:00,197.2,197.2,196.45,196.45,54
2024-07-01T10:30:00+00:00,196.6,196.6,196.6,196.6,2
2024-07-01T10:35:00+00:00,196.6,197.95,196.6,197.95,550
2024-07-01T10:40:00+00:00,197.7,197.9,197.7,197.9,16
2024-07-01T10:45:00+00:00,197.8,198.0,197.8,197.85,9
2024-07-01T10:50:00+00:00,198.0,198.0,197.9,197.9,13
2024-07-01T10:55:00+00:00,197.85,199.4,197.85,199.3,339
2024-07-01T11:00:00+00:00,199.3,199.7,199.3,199.4,60
2024-07-01T11:05:00+00:00,199.5,199.5,199.2,199.2,20
2024-07-01T11:10:00+00:00,199.1,199.1,199.1,199.1,10
2024-07-01T11:15:00+00:00,199.05,199.05,199.05,199.05,17
2024-07-01T11:20:00+00:00,199.05,199.05,199.05,199.05,60
2024-07-01T11:25:00+00:00,199.05,199.2,199.05,199.2,30
2024-07-01T11:30:00+00:00,199.1,199.1,199.05,199.05,5
2024-07-01T11:35:00+00:00,199.05,199.05,198.35,198.5,147
2024-07-01T11:50:00+00:00,198.4,198.4,198.3,198.4,11
2024-07-01T11:55:00+00:00,198.4,198.4,198.4,198.4,4
2024-07-01T12:10:00+00:00,198.3,198.3,198.05,198.05,50
2024-07-01T12:15:00+00:00,198.05,198.1,198.0,198.1,74
2024-07-01T12:20:00+00:00,198.0,198.15,198.0,198.15,7
2024-07-01T12:25:00+00:00,198.2,198.6,198.2,198.6,30
2024-07-01T12:30:00+00:00,198.5,198.5,198.5,198.5,3
2024-07-01T12:40:00+00:00,198.6,198.6,198.15,198.3,29
2024-07-01T12:45:00+00:00,198.4,198.4,198.3,198.4,24
2024-07-01T12:50:00+00:00,198.5,198.55,198.5,198.55,8
2024-07-01T12:55:00+00:00,198.6,198.7,198.5,198.7,16
2024-07-01T13:00:00+00:00,198.6,198.6,198.5,198.5,5
2024-07-01T13:05:00+00:00,198.5,198.5,198.4,198.4,10
2024-07-01T13:10:00+00:00,198.45,198.45,198.3,198.3,10
2024-07-01T13:15:00+00:00,198.2,198.3,198.2,198.2,14
2024-07-01T13:20:00+00:00,198.2,198.4,198.2,198.2,13
2024-07-01T13:35:00+00:00,198.3,198.5,198.3,198.5,5
2024-07-01T13:40:00+00:00,198.4,198.4,198.4,198.4,1
2024-07-01T13:45:00+00:00,198.2,198.2,198.0,198.0,133
2024-07-01T13:50:00+00:00,198.25,198.35,198.25,198.35,2
2024-07-01T13:55:00+00:00,198.4,198.4,198.25,198.25,2
2024-07-01T14:00:00+00:00,198.25,198.25,198.25,198.25,29
2024-07-01T14:05:00+00:00,198.25,198.25,198.25,198.25,24
2024-07-01T14:10:00+00:00,198.4,198.4,198.3,198.3,13
2024-07-01T14:15:00+00:00,198.3,198.3,198.25,198.25,5
2024-07-01T14:20:00+00:00,198.25,198.3,198.25,198.3,27
2024-07-01T14:25:00+00:00,198.3,198.4,198.3,198.4,8
2024-07-01T14:30:00+00:00,198.4,198.4,198.4,198.4,1
2024-07-01T14:35:00+00:00,198.6,198.6,198.25,198.55,8
2024-07-01T14:40:00+00:00,198.55,198.55,198.55,198.55,9
2024-07-01T14:45:00+00:00,198.6,198.6,198.6,198.6,4
2024-07-01T14:50:00+00:00,198.55,198.55,198.55,198.55,1
2024-07-01T14:55:00+00:00,198.55,198.55,197.2,198.2,405
2024-07-01T15:00:00+00:00,198.2,198.2,197.8,198.2,37
2024-07-01T15:05:00+00:00,198.2,198.4,198.0,198.0,35
2024-07-01T15:10:00+00:00,198.2,198.4,198.2,198.4,9
2024-07-01T15:15:00+00:00,198.2,198.2,198.0,198.2,20
2024-07-01T15:20:00+00:00,198.35,198.4,198.35,198.4,15
2024-07-01T15:25:00+00:00,198.2,198.2,198.0,198.0,50
2024-07-01T15:30:00+00:00,198.0,198.0,197.05,197.8,163
2024-07-01T15:35:00+00:00,197.8,198.0,197.8,198.0,12
2024-07-01T15:45:00+00:00,197.8,197.8,197.8,197.8,12
2024-07-01T16:10:00+00:00,197.7,197.7,197.7,197.7,1
2024-07-01T16:15:00+00:00,197.7,197.8,197.6,197.6,9
2024-07-01T16:20:00+00:00,197.6,197.6,197.6,197.6,1
2024-07-01T16:25:00+00:00,197.6,197.7,197.6,197.7,5
2024-07-01T16:35:00+00:00,197.7,197.7,197.7,197.7,1
2024-07-01T16:45:00+00:00,197.8,198.2,197.8,198.2,25
2024-07-01T16:55:00+00:00,198.1,198.1,198.1,198.1,1
2024-07-01T17:00:00+00:00,198.0,198.0,198.0,198.0,1
2024-07-01T17:05:00+00:00,198.0,198.0,198.0,198.0,4
2024-07-01T17:10:00+00:00,197.9,197.9,197.9,197.9,1
2024-07-01T17:15:00+00:00,197.9,197.9,197.8,197.8,9
2024-07-01T17:20:00+00:00,197.7,197.7,197.7,197.7,11
2024-07-01T17:25:00+00:00,197.9,197.9,197.7,197.9,6
2024-07-01T17:40:00+00:00,197.9,197.9,197.9,197.9,12
2024-07-01T17:45:00+00:00,197.8,197.8,197.7,197.7,10
2024-07-01T18:05:00+00:00,197.8,197.8,197.75,197.75,2
2024-07-01T18:10:00+00:00,197.8,197.8,197.75,197.8,17
2024-07-01T18:25:00+00:00,197.9,197.9,197.9,197.9,5
2024-07-01T18:30:00+00:00,198.0,198.0,198.0,198.0,2
2024-07-01T18:40:00+00:00,198.0,198.0,198.0,198.0,5
2024-07-01T18:50:00+00:00,198.1,198.1,198.0,198.0,28
2024-07-01T18:55:00+00:00,198.0,198.2,198.0,198.2,16
2024-07-01T19:00:00+00:00,198.2,198.3,198.0,198.0,13
2024-07-01T19:10:00+00:00,198.0,198.0,198.0,198.0,1
2024-07-01T19:20:00+00:00,198.0,198.1,198.0,198.1,3
2024-07-01T19:30:00+00:00,198.1,198.1,198.1,198.1,1
2024-07-01T19:35:00+00:00,198.1,198.5,198.1,198.5,25
2024-07-01T19:40:00+00:00,198.5,198.5,198.5,198.5,6
2024-07-01T19:45:00+00:00,198.4,198.4,198.2,198.2,12
2024-07-01T19:50:00+00:00,198.3,198.4,198.2,198.2,12
2024-07-01T19:55:00+00:00,198.2,198.2,198.1,198.2,3
2024-07-01T20:05:00+00:00,198.3,198.3,198.3,198.3,1
2024-07-01T20:20:00+00:00,198.2,198.2,198.2,198.2,1
2024-07-01T20:30:00+00:00,198.2,198.2,198.2,198.2,6
2024-07-01T20:45:00+00:00,198.1,198.1,198.1,198.1,1
2024-07-02T07:00:00+00:00,195.5,197.4,195.05,196.6,242
2024-07-02T07:05:00+00:00,196.6,198.0,196.6,196.95,150
2024-07-02T07:10:00+00:00,197.0,197.0,196.95,197.0,66
2024-07-02T07:15:00+00:00,197.0,197.9,197.0,197.9,17
2024-07-02T07:20:00+00:00,197.4,198.0,197.15,198.0,47
2024-07-02T07:25:00+00:00,198.0,198.35,197.95,198.35,36
2024-07-02T07:30:00+00:00,198.35,199.1,198.15,198.7,33
2024-07-02T07:35:00+00:00,198.9,198.9,198.0,198.0,47
2024-07-02T07:40:00+00:00,198.1,198.85,198.1,198.75,44
2024-07-02T07:45:00+00:00,198.7,199.0,198.7,199.0,29
2024-07-02T07:50:00+00:00,198.95,198.95,198.75,198.75,24
2024-07-02T07:55:00+00:00,198.85,198.85,198.0,198.5,59
2024-07-02T08:00:00+00:00,198.6,198.7,198.3,198.7,31
2024-07-02T08:05:00+00:00,198.7,198.9,198.7,198.9,32
2024-07-02T08:10:00+00:00,198.95,198.95,198.95,198.95,18
2024-07-02T08:15:00+00:00,198.95,198.95,198.8,198.95,55
2024-07-02T08:20:00+00:00,198.9,198.9,198.3,198.6,67
2024-07-02T08:25:00+00:00,198.6,198.95,198.6,198.95,75
2024-07-02T08:30:00+00:00,198.95,198.95,198.15,198.5,85
2024-07-02T08:35:00+00:00,198.5,198.8,198.5,198.8,24
2024-07-02T08:40:00+00:00,198.5,198.75,198.4,198.75,32
2024-07-02T08:45:00+00:00,198.75,198.8,198.6,198.8,31
2024-07-02T08:50:00+00:00,198.8,198.9,198.8,198.8,21
2024-07-02T08:55:00+00:00,198.9,198.95,198.8,198.95,26
2024-07-02T09:00:00+00:00,198.95,198.95,198.8,198.95,42
2024-07-02T09:05:00+00:00,198.95,199.0,198.8,199.0,27
2024-07-02T09:10:00+00:00,199.0,199.0,199.0,199.0,21
2024-07-02T09:15:00+00:00,199.0,199.0,198.8,198.95,31
2024-07-02T09:20:00+00:00,198.95,198.95,198.8,198.95,21
2024-07-02T09:25:00+00:00,198.95,198.95,198.9,198.9,29
2024-07-02T09:30:00+00:00,198.8,198.8,198.3,198.3,60
2024-07-02T09:35:00+00:00,198.3,198.3,198.3,198.3,3
2024-07-02T09:40:00+00:00,198.4,198.5,198.3,198.45,26
2024-07-02T09:45:00+00:00,198.45,198.45,198.3,198.3,5
2024-07-02T09:50:00+00:00,198.3,198.3,198.2,198.2,3
2024-07-02T10:00:00+00:00,198.2,198.2,197.95,197.95,133
2024-07-02T10:05:00+00:00,197.95,197.95,197.7,197.7,23
2024-07-02T10:10:00+00:00,197.7,197.7,197.7,197.7,7
2024-07-02T10:15:00+00:00,197.7,198.45,197.7,198.2,209
2024-07-02T10:20:00+00:00,198.3,198.4,198.3,198.4,5
2024-07-02T10:25:00+00:00,198.3,198.3,198.2,198.3,5
2024-07-02T10:30:00+00:00,198.2,198.2,198.1,198.2,6
2024-07-02T10:35:00+00:00,198.2,198.2,198.2,198.2,2
2024-07-02T10:45:00+00:00,198.2,198.2,198.1,198.1,6
2024-07-02T10:50:00+00:00,198.1,198.1,198.1,198.1,7
2024-07-02T10:55:00+00:00,198.1,198.1,198.0,198.0,6
2024-07-02T11:00:00+00:00,197.9,197.9,197.4,197.4,32
2024-07-02T11:10:00+00:00,197.4,197.5,197.4,197.4,13
2024-07-02T11:15:00+00:00,197.5,197.5,197.5,197.5,5
2024-07-02T11:20:00+00:00,197.6,197.7,197.6,197.6,21
2024-07-02T11:25:00+00:00,197.6,197.7,197.6,197.7,31
2024-07-02T11:40:00+00:00,197.7,197.7,197.7,197.7,1
2024-07-02T11:45:00+00:00,197.7,197.7,197.6,197.6,2
2024-07-02T11:55:00+00:00,197.7,197.7,197.6,197.6,4
2024-07-02T12:05:00+00:00,197.7,197.7,197.7,197.7,6
2024-07-02T12:10:00+00:00,197.7,197.75,197.7,197.75,22
2024-07-02T12:15:00+00:00,197.7,197.75,197.7,197.75,32
2024-07-02T12:20:00+00:00,197.6,197.95,197.6,197.8,68
2024-07-02T12:25:00+00:00,197.8,197.9,197.8,197.8,8
2024-07-02T12:30:00+00:00,197.8,197.8,197.8,197.8,3
2024-07-02T12:40:00+00:00,197.8,197.8,197.1,197.1,81
2024-07-02T12:45:00+00:00,197.05,197.05,196.5,196.7,101
2024-07-02T12:50:00+00:00,196.7,196.8,196.5,196.8,21
2024-07-02T12:55:00+00:00,196.9,197.0,196.9,196.9,9
2024-07-02T13:00:00+00:00,197.0,197.0,197.0,197.0,3
2024-07-02T13:05:00+00:00,197.0,197.0,197.0,197.0,1
2024-07-02T13:10:00+00:00,197.0,197.0,196.95,196.95,15
2024-07-02T13:15:00+00:00,196.9,196.9,196.9,196.9,1
2024-07-02T13:20:00+00:00,196.9,196.9,196.9,196.9,3
2024-07-02T13:25:00+00:00,196.9,196.9,196.9,196.9,3
2024-07-02T13:30:00+00:00,196.9,196.9,196.8,196.8,26
2024-07-02T13:35:00+00:00,196.8,196.8,196.8,196.8,28
2024-07-02T13:40:00+00:00,196.75,196.75,195.4,195.7,456
2024-07-02T13:45:00+00:00,195.7,195.85,195.7,195.8,119
2024-07-02T13:50:00+00:00,195.8,195.8,195.7,195.7,7
2024-07-02T13:55:00+00:00,195.8,195.8,195.4,195.6,19
2024-07-02T14:00:00+00:00,195.6,195.7,195.1,195.15,39
2024-07-02T14:05:00+00:00,195.2,195.3,195.2,195.3,5
2024-07-02T14:15:00+00:00,195.2,195.3,195.1,195.1,15
2024-07-02T14:20:00+00:00,195.1,195.1,195.0,195.0,31
2024-07-02T14:25:00+00:00,195.1,195.1,195.0,195.0,101
2024-07-02T14:30:00+00:00,194.95,194.95,194.95,194.95,4
2024-07-02T14:35:00+00:00,195.0,195.1,195.0,195.1,18
2024-07-02T14:40:00+00:00,195.0,195.0,194.8,194.8,15
2024-07-02T14:45:00+00:00,194.7,194.7,194.7,194.7,2
2024-07-02T14:50:00+00:00,194.8,194.9,194.8,194.9,6
2024-07-02T14:55:00+00:00,194.9,195.1,194.9,195.1,61
2024-07-02T15:00:00+00:00,195.2,195.65,195.2,195.6,116
2024-07-02T15:10:00+00:00,195.65,195.65,195.65,195.65,21
2024-07-02T15:25:00+00:00,195.65,195.65,195.65,195.65,1
2024-07-02T15:30:00+00:00,195.5,195.5,194.6,194.7,156
2024-07-02T15:35:00+00:00,194.7,194.9,194.7,194.9,10
2024-07-02T15:45:00+00:00,194.7,194.7,194.7,194.7,3
2024-07-02T16:00:00+00:00,194.9,194.9,194.9,194.9,20
2024-07-02T16:05:00+00:00,194.8,194.8,194.8,194.8,1
2024-07-02T16:10:00+00:00,194.9,194.9,192.9,193.05,1253
2024-07-02T16:15:00+00:00,193.2,193.2,192.95,193.0,89
2024-07-02T16:20:00+00:00,193.0,193.0,192.8,192.8,33
2024-07-02T16:25:00+00:00,192.8,192.8,192.35,192.6,128
2024-07-02T16:30:00+00:00,192.6,192.6,192.6,192.6,1
2024-07-02T16:35:00+00:00,192.7,192.7,192.7,192.7,2
2024-07-02T16:40:00+00:00,192.6,192.6,192.6,192.6,4
2024-07-02T16:45:00+00:00,192.7,192.8,192.65,192.65,13
2024-07-02T16:50:00+00:00,192.65,192.65,192.5,192.5,11
2024-07-02T16:55:00+00:00,192.6,192.6,192.6,192.6,2
2024-07-02T17:00:00+00:00,192.6,192.8,192.6,192.8,136
2024-07-02T17:05:00+00:00,192.9,193.95,192.9,193.8,316
2024-07-02T17:10:00+00:00,193.9,193.95,193.9,193.9,10
2024-07-02T17:15:00+00:00,193.8,193.9,193.7,193.7,11
2024-07-02T17:20:00+00:00,193.6,193.6,193.6,193.6,5
2024-07-02T17:25:00+00:00,193.5,193.5,193.2,193.2,20
2024-07-02T17:30:00+00:00,193.2,193.3,193.0,193.1,12
2024-07-02T17:40:00+00:00,193.1,193.1,192.9,192.9,24
2024-07-02T17:45:00+00:00,192.8,192.8,192.7,192.8,12
2024-07-02T18:00:00+00:00,192.9,192.9,192.9,192.9,1
2024-07-02T18:05:00+00:00,192.8,192.8,192.7,192.7,11
2024-07-02T18:10:00+00:00,192.7,192.7,192.6,192.6,5
2024-07-02T18:15:00+00:00,192.6,192.6,192.6,192.6,2
2024-07-02T18:20:00+00:00,192.55,192.55,192.55,192.55,15
2024-07-02T18:25:00+00:00,192.55,193.3,192.55,193.3,44
2024-07-02T18:30:00+00:00,193.4,193.6,193.4,193.6,30
2024-07-02T18:35:00+00:00,193.6,193.6,193.6,193.6,3
2024-07-02T18:55:00+00:00,193.7,193.8,193.7,193.8,10
2024-07-02T19:15:00+00:00,193.8,193.8,193.8,193.8,4
2024-07-02T19:25:00+00:00,193.9,193.9,193.9,193.9,2
2024-07-02T19:35:00+00:00,193.9,193.9,193.9,193.9,1
2024-07-02T19:45:00+00:00,193.9,193.9,193.9,193.9,1
2024-07-02T19:55:00+00:00,193.9,193.9,193.9,193.9,2
2024-07-02T20:00:00+00:00,193.9,193.9,193.8,193.8,12
2024-07-02T20:15:00+00:00,193.8,193.8,193.8,193.8,1
2024-07-02T20:20:00+00:00,193.7,193.8,193.7,193.8,5
2024-07-02T20:25:00+00:00,193.7,193.7,193.7,193.7,2
2024-07-03T07:00:00+00:00,193.7,193.7,193.6,193.6,6
2024-07-03T07:05:00+00:00,193.5,193.5,193.1,193.2,77
2024-07-03T07:10:00+00:00,193.2,193.2,193.0,193.1,122
2024-07-03T07:15:00+00:00,193.1,193.1,193.1,193.1,32
2024-07-03T07:20:00+00:00,193.0,193.05,193.0,193.05,28
2024-07-03T07:25:00+00:00,193.1,193.1,193.0,193.0,2
2024-07-03T07:30:00+00:00,192.9,192.9,192.8,192.8,15
2024-07-03T07:35:00+00:00,192.8,192.8,192.2,192.3,261
2024-07-03T07:40:00+00:00,192.4,192.7,192.4,192.7,20
2024-07-03T07:45:00+00:00,192.6,192.6,191.8,191.8,96
2024-07-03T07:50:00+00:00,191.9,191.9,191.9,191.9,20
2024-07-03T07:55:00+00:00,192.0,192.0,192.0,192.0,4
2024-07-03T08:00:00+00:00,191.9,192.0,191.9,192.0,17
2024-07-03T08:05:00+00:00,192.1,192.3,192.1,192.3,16
2024-07-03T08:10:00+00:00,192.4,192.4,192.4,192.4,5
2024-07-03T08:15:00+00:00,192.4,192.4,192.3,192.3,12
2024-07-03T08:20:00+00:00,192.3,192.3,192.3,192.3,1
2024-07-03T08:30:00+00:00,192.2,192.2,192.2,192.2,5
2024-07-03T08:35:00+00:00,192.2,192.25,191.75,191.9,79
2024-07-03T08:40:00+00:00,191.8,191.8,191.7,191.7,20
2024-07-03T08:45:00+00:00,191.7,192.0,191.7,192.0,38
2024-07-03T08:50:00+00:00,192.0,192.1,191.05,191.6,286
2024-07-03T08:55:00+00:00,191.5,191.5,191.4,191.5,6
2024-07-03T09:05:00+00:00,191.4,191.5,191.4,191.5,7
2024-07-03T09:10:00+00:00,191.5,191.6,191.5,191.5,3
2024-07-03T09:15:00+00:00,191.4,191.4,191.3,191.3,29
2024-07-03T09:20:00+00:00,191.4,191.5,191.4,191.5,63
2024-07-03T09:25:00+00:00,191.6,191.8,191.6,191.6,22
2024-07-03T09:30:00+00:00,191.65,191.8,191.65,191.8,20
2024-07-03T09:35:00+00:00,191.8,191.8,191.8,191.8,1
2024-07-03T09:40:00+00:00,191.75,191.75,191.75,191.75,3
2024-07-03T09:45:00+00:00,191.75,191.75,191.6,191.6,9
2024-07-03T09:50:00+00:00,191.7,191.7,191.6,191.7,53
2024-07-03T09:55:00+00:00,191.6,191.6,191.6,191.6,4
2024-07-03T10:00:00+00:00,191.5,191.5,191.3,191.5,37
2024-07-03T10:05:00+00:00,191.4,191.5,191.3,191.5,14
2024-07-03T10:10:00+00:00,191.6,192.25,191.6,192.25,97
2024-07-03T10:15:00+00:00,192.3,192.3,191.9,192.1,70
2024-07-03T10:20:00+00:00,192.1,192.3,192.1,192.3,15
2024-07-03T10:25:00+00:00,192.3,192.6,192.3,192.6,19
2024-07-03T10:30:00+00:00,192.6,192.6,192.6,192.6,2
2024-07-03T10:40:00+00:00,192.7,192.9,192.7,192.8,20
2024-07-03T10:45:00+00:00,192.7,192.7,192.4,192.4,20
2024-07-03T10:55:00+00:00,192.3,192.3,192.3,192.3,29
2024-07-03T11:00:00+00:00,192.35,192.35,192.35,192.35,2
2024-07-03T11:05:00+00:00,192.4,192.5,192.4,192.5,11
2024-07-03T11:10:00+00:00,192.4,192.4,192.4,192.4,1
2024-07-03T11:15:00+00:00,192.5,192.5,192.4,192.5,3
2024-07-03T11:20:00+00:00,192.5,192.5,192.5,192.5,1
2024-07-03T11:25:00+00:00,192.4,192.4,192.4,192.4,2
2024-07-03T11:30:00+00:00,192.4,192.5,192.4,192.5,8
2024-07-03T11:40:00+00:00,192.6,192.6,192.6,192.6,5
2024-07-03T11:50:00+00:00,192.6,192.7,192.6,192.7,6
2024-07-03T12:00:00+00:00,192.7,192.7,192.7,192.7,5
2024-07-03T12:05:00+00:00,192.6,192.6,192.6,192.6,2
2024-07-03T12:10:00+00:00,192.6,192.6,192.2,192.2,56
2024-07-03T12:15:00+00:00,192.2,192.3,192.1,192.3,103
2024-07-03T12:20:00+00:00,192.2,192.3,192.2,192.3,5
2024-07-03T12:25:00+00:00,192.3,192.3,192.3,192.3,2
2024-07-03T12:30:00+00:00,192.3,193.0,192.3,193.0,142
2024-07-03T12:45:00+00:00,193.0,193.0,193.0,193.0,2
2024-07-03T12:50:00+00:00,193.0,193.0,193.0,193.0,2
2024-07-03T12:55:00+00:00,193.1,193.1,193.0,193.0,24
2024-07-03T13:00:00+00:00,193.2,193.2,193.2,193.2,5
2024-07-03T13:05:00+00:00,193.2,193.2,193.0,193.0,32
2024-07-03T13:10:00+00:00,193.1,193.1,193.0,193.0,8
2024-07-03T13:15:00+00:00,193.0,193.2,193.0,193.2,21
2024-07-03T13:20:00+00:00,193.2,193.2,193.2,193.2,1
2024-07-03T13:25:00+00:00,193.3,193.3,193.2,193.2,2
2024-07-03T13:30:00+00:00,193.2,193.2,193.2,193.2,7
2024-07-03T13:35:00+00:00,193.2,193.2,193.0,193.2,66
2024-07-03T13:40:00+00:00,193.1,193.1,192.9,193.0,16
2024-07-03T13:45:00+00:00,193.0,193.0,193.0,193.0,5
2024-07-03T13:50:00+00:00,192.9,192.9,192.7,192.8,12
2024-07-03T13:55:00+00:00,192.8,193.0,192.8,193.0,54
2024-07-03T14:00:00+00:00,193.0,193.1,192.9,192.9,8
2024-07-03T14:05:00+00:00,193.0,193.1,193.0,193.1,3
2024-07-03T14:15:00+00:00,193.1,193.1,193.1,193.1,20
2024-07-03T14:20:00+00:00,193.1,193.1,192.6,192.6,236
2024-07-03T14:25:00+00:00,192.7,192.8,192.7,192.8,8
2024-07-03T14:35:00+00:00,192.6,192.8,192.5,192.8,81
2024-07-03T14:40:00+00:00,192.7,192.8,192.7,192.8,6
2024-07-03T14:45:00+00:00,192.6,192.6,192.6,192.6,15
2024-07-03T14:50:00+00:00,192.7,192.7,192.7,192.7,1
2024-07-03T15:00:00+00:00,192.6,192.6,192.2,192.2,36
2024-07-03T15:05:00+00:00,192.2,192.2,192.1,192.1,3
2024-07-03T15:10:00+00:00,192.1,192.1,191.8,191.8,56
2024-07-03T15:15:00+00:00,191.7,191.7,191.3,191.45,484
2024-07-03T15:20:00+00:00,191.45,191.5,191.45,191.5,22
2024-07-03T15:25:00+00:00,191.4,191.5,191.3,191.3,6
2024-07-03T15:30:00+00:00,191.35,191.35,191.3,191.3,34
2024-07-03T15:35:00+00:00,191.5,191.5,191.5,191.5,1
2024-07-03T15:45:00+00:00,191.5,191.5,191.5,191.5,6
2024-07-03T16:05:00+00:00,191.35,192.15,191.35,192.15,105
2024-07-03T16:10:00+00:00,192.2,192.4,192.2,192.4,15
2024-07-03T16:15:00+00:00,192.5,192.6,192.5,192.5,11
2024-07-03T16:20:00+00:00,192.6,192.6,192.5,192.5,2
2024-07-03T16:25:00+00:00,192.5,192.5,192.2,192.2,31
2024-07-03T16:30:00+00:00,192.2,192.3,192.2,192.3,4
2024-07-03T16:35:00+00:00,192.2,192.2,192.1,192.1,17
2024-07-03T16:40:00+00:00,192.0,192.0,192.0,192.0,1
2024-07-03T16:50:00+00:00,192.0,192.0,192.0,192.0,1
2024-07-03T17:05:00+00:00,192.0,192.0,191.8,191.8,10
2024-07-03T17:10:00+00:00,191.8,191.8,191.8,191.8,1
2024-07-03T17:15:00+00:00,191.8,191.8,191.6,191.6,11
2024-07-03T17:30:00+00:00,191.6,191.6,191.2,191.2,50
2024-07-03T17:35:00+00:00,191.2,191.2,191.2,191.2,1
2024-07-03T18:05:00+00:00,191.2,191.2,191.2,191.2,1
2024-07-03T18:10:00+00:00,191.3,191.3,191.3,191.3,5
2024-07-03T18:25:00+00:00,191.4,191.4,191.15,191.4,85
2024-07-03T18:30:00+00:00,191.5,192.0,191.5,192.0,30
2024-07-03T18:35:00+00:00,192.1,192.1,191.5,191.5,132
2024-07-03T18:50:00+00:00,191.5,191.5,191.2,191.2,30
2024-07-03T18:55:00+00:00,191.3,191.3,191.3,191.3,1
2024-07-03T19:05:00+00:00,191.3,191.3,191.3,191.3,1
2024-07-03T19:15:00+00:00,191.3,191.3,191.2,191.2,8
2024-07-03T19:20:00+00:00,191.2,191.2,191.15,191.15,36
2024-07-03T19:30:00+00:00,191.15,191.15,191.15,191.15,20
2024-07-03T19:35:00+00:00,191.1,191.1,191.1,191.1,10
2024-07-03T19:40:00+00:00,191.2,191.2,191.2,191.2,3
2024-07-03T19:50:00+00:00,191.15,191.15,191.0,191.0,553
2024-07-03T19:55:00+00:00,191.0,191.0,190.7,190.7,65
2024-07-03T20:05:00+00:00,190.8,190.8,190.7,190.7,40
2024-07-03T20:10:00+00:00,190.9,190.9,190.8,190.8,11
2024-07-03T20:15:00+00:00,190.9,191.1,190.9,191.1,7
2024-07-03T20:25:00+00:00,191.0,191.0,190.8,190.8,7
2024-07-03T20:30:00+00:00,190.9,190.9,190.9,190.9,1
2024-07-03T20:35:00+00:00,190.8,190.8,190.8,190.8,1
2024-07-03T20:45:00+00:00,190.8,190.95,190.8,190.95,5
2024-07-04T07:00:00+00:00,190.85,191.5,190.85,191.5,104
2024-07-04T07:05:00+00:00,191.4,191.4,190.75,190.75,51
2024-07-04T07:10:00+00:00,190.9,190.9,190.8,190.8,2
2024-07-04T07:15:00+00:00,190.7,190.7,190.7,190.7,164
2024-07-04T07:20:00+00:00,190.7,190.8,190.7,190.7,48
2024-07-04T07:25:00+00:00,190.7,190.8,190.7,190.8,9
2024-07-04T07:30:00+00:00,190.8,190.8,190.3,190.5,58
2024-07-04T07:35:00+00:00,190.4,190.4,189.65,189.9,140
2024-07-04T07:40:00+00:00,190.0,190.6,189.9,189.9,101
2024-07-04T07:45:00+00:00,190.0,190.0,190.0,190.0,4
2024-07-04T07:50:00+00:00,190.0,190.2,190.0,190.2,17
2024-07-04T07:55:00+00:00,190.2,190.2,190.2,190.2,1
2024-07-04T08:00:00+00:00,190.3,190.3,190.3,190.3,5
2024-07-04T08:05:00+00:00,190.3,190.3,190.3,190.3,5
2024-07-04T08:10:00+00:00,190.3,190.3,190.3,190.3,10
2024-07-04T08:15:00+00:00,190.2,190.2,190.2,190.2,1
2024-07-04T08:20:00+00:00,190.3,190.5,190.3,190.5,11
2024-07-04T08:25:00+00:00,190.5,190.5,190.1,190.1,53
2024-07-04T08:30:00+00:00,190.2,190.2,190.2,190.2,5
2024-07-04T08:35:00+00:00,190.3,190.3,190.3,190.3,1
2024-07-04T08:40:00+00:00,190.3,192.85,190.3,192.65,439
2024-07-04T08:45:00+00:00,192.7,195.75,192.7,195.2,871
2024-07-04T08:50:00+00:00,195.2,195.3,195.1,195.3,48
2024-07-04T08:55:00+00:00,195.3,195.45,195.1,195.3,64
2024-07-04T09:00:00+00:00,195.3,196.0,195.3,195.75,274
2024-07-04T09:05:00+00:00,195.9,196.0,195.15,195.9,267
2024-07-04T09:10:00+00:00,195.9,196.1,195.9,196.1,106
2024-07-04T09:15:00+00:00,196.1,196.1,195.4,196.1,116
2024-07-04T09:20:00+00:00,196.1,196.7,196.1,196.3,309
2024-07-04T09:25:00+00:00,196.3,197.2,195.5,195.7,898
2024-07-04T09:30:00+00:00,195.6,195.95,195.35,195.75,224
2024-07-04T09:35:00+00:00,195.6,195.6,194.35,194.5,144
2024-07-04T09:40:00+00:00,194.4,194.5,194.3,194.3,23
2024-07-04T09:45:00+00:00,194.4,194.65,194.2,194.3,42
2024-07-04T09:50:00+00:00,194.3,195.0,194.3,195.0,203
2024-07-04T09:55:00+00:00,195.0,195.6,195.0,195.6,163
2024-07-04T10:00:00+00:00,195.6,195.95,195.6,195.9,185
2024-07-04T10:05:00+00:00,195.95,196.4,195.95,196.3,107
2024-07-04T10:10:00+00:00,196.3,196.5,195.8,196.0,137
2024-07-04T10:15:00+00:00,196.0,196.5,195.3,195.4,263
2024-07-04T10:20:00+00:00,195.3,195.3,193.3,193.5,648
2024-07-04T10:25:00+00:00,193.6,193.6,192.3,193.0,343
2024-07-04T10:30:00+00:00,192.9,193.0,192.9,192.9,15
2024-07-04T10:35:00+00:00,192.9,192.9,192.3,192.3,87
2024-07-04T10:40:00+00:00,192.4,192.4,192.0,192.0,48
2024-07-04T10:45:00+00:00,192.0,192.0,192.0,192.0,39
2024-07-04T10:50:00+00:00,192.0,192.2,191.4,191.6,282
2024-07-04T10:55:00+00:00,191.6,191.6,191.0,191.0,100
2024-07-04T11:00:00+00:00,191.0,191.2,191.0,191.0,25
2024-07-04T11:05:00+00:00,191.05,191.1,190.95,190.95,52
2024-07-04T11:10:00+00:00,191.15,191.15,191.15,191.15,4
2024-07-04T11:15:00+00:00,191.15,191.2,191.05,191.05,15
2024-07-04T11:20:00+00:00,191.2,192.3,191.1,191.85,204
2024-07-04T11:25:00+00:00,191.85,191.9,191.85,191.9,23
2024-07-04T11:30:00+00:00,191.9,191.9,191.9,191.9,1
2024-07-04T11:35:00+00:00,191.95,192.0,191.95,192.0,47
2024-07-04T11:40:00+00:00,192.2,192.65,192.0,192.65,274
2024-07-04T11:45:00+00:00,192.7,192.8,192.5,192.7,30
2024-07-04T11:50:00+00:00,192.8,192.8,192.7,192.75,8
2024-07-04T11:55:00+00:00,192.75,192.75,192.7,192.7,6
2024-07-04T12:00:00+00:00,192.75,192.75,192.7,192.7,6
2024-07-04T12:05:00+00:00,192.7,192.7,192.7,192.7,43
2024-07-04T12:10:00+00:00,192.7,192.8,192.7,192.8,31
2024-07-04T12:25:00+00:00,192.7,192.7,192.1,192.1,133
2024-07-04T12:40:00+00:00,192.4,193.0,192.4,193.0,178
2024-07-04T12:45:00+00:00,192.95,193.0,192.95,193.0,3
2024-07-04T12:50:00+00:00,193.0,193.2,193.0,193.2,17
2024-07-04T12:55:00+00:00,193.0,193.2,192.95,193.2,15
2024-07-04T13:00:00+00:00,193.2,193.35,193.1,193.35,40
2024-07-04T13:05:00+00:00,193.35,193.35,193.3,193.3,7
2024-07-04T13:10:00+00:00,193.3,193.6,193.2,193.2,33
2024-07-04T13:15:00+00:00,193.2,193.2,193.2,193.2,6
2024-07-04T13:20:00+00:00,193.2,193.2,193.2,193.2,1
2024-07-04T13:25:00+00:00,193.3,193.3,193.05,193.05,96
2024-07-04T13:30:00+00:00,193.05,193.05,193.05,193.05,66
2024-07-04T13:40:00+00:00,193.1,193.3,193.05,193.1,6
2024-07-04T13:45:00+00:00,193.05,193.05,193.05,193.05,46
2024-07-04T13:50:00+00:00,193.3,193.7,193.3,193.4,63
2024-07-04T13:55:00+00:00,193.2,193.7,193.2,193.7,61
2024-07-04T14:00:00+00:00,193.8,193.95,193.05,193.05,269
2024-07-04T14:05:00+00:00,193.05,194.1,193.05,193.8,76
2024-07-04T14:10:00+00:00,193.95,194.05,193.95,194.05,16
2024-07-04T14:15:00+00:00,194.1,194.5,194.05,194.25,114
2024-07-04T14:20:00+00:00,194.5,195.0,194.45,194.9,308
2024-07-04T14:25:00+00:00,194.9,194.9,194.45,194.45,38
2024-07-04T14:30:00+00:00,194.45,194.6,194.0,194.3,131
2024-07-04T14:35:00+00:00,194.4,194.6,194.4,194.4,16
2024-07-04T14:40:00+00:00,194.4,194.4,194.4,194.4,1
2024-07-04T14:45:00+00:00,194.45,194.8,194.45,194.8,23
2024-07-04T14:50:00+00:00,194.6,194.6,194.45,194.45,12
2024-07-04T15:00:00+00:00,194.45,194.45,194.2,194.2,61
2024-07-04T15:05:00+00:00,194.2,194.2,193.6,193.8,161
2024-07-04T15:10:00+00:00,193.6,193.6,193.6,193.6,7
2024-07-04T15:15:00+00:00,193.45,193.45,193.4,193.4,11
2024-07-04T15:20:00+00:00,193.6,194.5,193.6,194.5,190
2024-07-04T15:25:00+00:00,194.6,194.85,194.6,194.85,22
2024-07-04T15:30:00+00:00,194.85,195.0,194.85,195.0,107
2024-07-04T15:35:00+00:00,194.8,195.0,194.8,195.0,6
2024-07-04T15:45:00+00:00,195.0,195.0,195.0,195.0,10
2024-07-04T16:05:00+00:00,194.8,194.8,194.7,194.7,9
2024-07-04T16:10:00+00:00,194.7,194.7,194.6,194.6,6
2024-07-04T16:15:00+00:00,194.6,195.0,194.6,195.0,51
2024-07-04T16:20:00+00:00,195.0,195.0,195.0,195.0,3
2024-07-04T16:25:00+00:00,195.0,195.0,195.0,195.0,3
2024-07-04T16:30:00+00:00,195.0,195.0,194.8,194.8,20
2024-07-04T16:35:00+00:00,194.9,194.9,194.8,194.8,20
2024-07-04T16:40:00+00:00,194.7,194.7,194.7,194.7,6
2024-07-04T16:45:00+00:00,194.8,195.0,194.8,194.8,55
2024-07-04T16:50:00+00:00,194.7,194.8,194.7,194.8,3
2024-07-04T16:55:00+00:00,194.7,194.7,194.6,194.6,12
2024-07-04T17:05:00+00:00,194.6,194.6,194.6,194.6,1
2024-07-04T17:10:00+00:00,194.5,194.5,194.5,194.5,5
2024-07-04T17:15:00+00:00,194.5,194.5,194.1,194.1,40
2024-07-04T17:20:00+00:00,194.2,194.2,194.2,194.2,1
2024-07-04T17:25:00+00:00,194.2,194.2,194.2,194.2,4
2024-07-04T17:30:00+00:00,194.1,194.1,194.1,194.1,3
2024-07-04T17:35:00+00:00,194.2,194.2,194.2,194.2,2
2024-07-04T17:40:00+00:00,194.1,194.2,194.1,194.2,4
2024-07-04T17:45:00+00:00,194.1,194.1,194.1,194.1,2
2024-07-04T17:55:00+00:00,194.2,194.2,194.2,194.2,1
2024-07-04T18:00:00+00:00,194.1,194.1,194.1,194.1,2
2024-07-04T18:05:00+00:00,194.1,194.1,194.1,194.1,1
2024-07-04T18:15:00+00:00,194.3,194.3,194.2,194.2,10
2024-07-04T18:20:00+00:00,194.2,194.2,194.2,194.2,2
2024-07-04T18:25:00+00:00,194.3,194.3,194.3,194.3,1
2024-07-04T18:35:00+00:00,194.2,194.2,194.1,194.1,63
2024-07-04T18:40:00+00:00,194.2,194.3,194.1,194.1,53
2024-07-04T18:45:00+00:00,194.3,194.3,194.3,194.3,2
2024-07-04T19:00:00+00:00,194.2,194.2,194.0,194.0,10
2024-07-04T19:05:00+00:00,194.0,194.0,193.65,193.65,50
2024-07-04T19:15:00+00:00,193.8,193.8,193.8,193.8,1
2024-07-04T19:20:00+00:00,193.8,193.8,193.8,193.8,2
2024-07-04T19:30:00+00:00,193.8,194.0,193.8,194.0,11
2024-07-04T19:35:00+00:00,194.0,194.0,194.0,194.0,2
2024-07-04T19:40:00+00:00,194.1,194.1,194.1,194.1,3
2024-07-04T19:45:00+00:00,194.0,194.0,193.6,193.8,105
2024-07-04T19:50:00+00:00,193.9,194.1,193.9,194.1,16
2024-07-04T19:55:00+00:00,194.2,194.2,194.2,194.2,5
2024-07-04T20:20:00+00:00,194.3,194.4,194.3,194.4,6
2024-07-04T20:25:00+00:00,194.3,194.3,194.3,194.3,1
2024-07-04T20:30:00+00:00,194.35,194.35,194.35,194.35,1
2024-07-04T20:35:00+00:00,194.35,194.35,194.35,194.35,12
2024-07-04T20:40:00+00:00,194.35,194.35,194.1,194.1,9
2024-07-04T20:45:00+00:00,194.1,194.1,194.0,194.0,3
2024-07-05T06:55:00+00:00,194.1,194.1,194.1,194.1,1
2024-07-05T07:00:00+00:00,194.15,194.15,193.9,193.9,61
2024-07-05T07:05:00+00:00,193.9,194.0,193.9,194.0,12
2024-07-05T07:10:00+00:00,193.9,193.9,192.3,192.3,212
2024-07-05T07:15:00+00:00,192.4,192.4,192.2,192.25,45
2024-07-05T07:20:00+00:00,192.2,192.2,191.5,191.6,128
2024-07-05T07:25:00+00:00,191.6,191.65,191.2,191.25,141
2024-07-05T07:30:00+00:00,191.3,191.8,191.3,191.8,39
2024-07-05T07:35:00+00:00,191.7,191.7,191.5,191.5,10
2024-07-05T07:40:00+00:00,191.5,191.6,191.5,191.5,8
2024-07-05T07:45:00+00:00,191.5,191.55,191.5,191.55,10
2024-07-05T07:50:00+00:00,191.6,192.5,191.6,192.0,86
2024-07-05T07:55:00+00:00,192.1,192.3,192.1,192.1,37
2024-07-05T08:00:00+00:00,192.1,192.1,191.1,191.1,127
2024-07-05T08:05:00+00:00,191.1,191.1,191.0,191.05,70
2024-07-05T08:10:00+00:00,191.1,191.1,189.8,190.2,500
2024-07-05T08:15:00+00:00,190.25,190.8,190.25,190.8,32
2024-07-05T08:20:00+00:00,190.75,190.8,190.0,190.5,362
2024-07-05T08:25:00+00:00,190.4,190.75,190.3,190.5,99
2024-07-05T08:30:00+00:00,190.6,190.6,190.0,190.1,140
2024-07-05T08:35:00+00:00,190.05,190.85,190.0,190.85,105
2024-07-05T08:40:00+00:00,190.9,191.0,190.3,190.4,132
2024-07-05T08:45:00+00:00,190.5,190.9,190.5,190.9,94
2024-07-05T08:50:00+00:00,190.85,191.05,190.85,191.05,14
2024-07-05T08:55:00+00:00,191.05,192.5,190.9,192.5,162
2024-07-05T09:00:00+00:00,192.6,192.85,192.6,192.85,57
2024-07-05T09:05:00+00:00,192.85,192.85,192.85,192.85,23
2024-07-05T09:10:00+00:00,192.9,193.55,192.9,193.3,61
2024-07-05T09:15:00+00:00,193.35,193.4,193.0,193.0,63
2024-07-05T09:20:00+00:00,193.0,193.0,193.0,193.0,15
2024-07-05T09:25:00+00:00,193.0,193.0,193.0,193.0,2
2024-07-05T09:30:00+00:00,193.0,193.0,193.0,193.0,5
2024-07-05T09:35:00+00:00,193.0,193.1,193.0,193.0,6
2024-07-05T09:40:00+00:00,193.0,193.2,193.0,193.2,47
2024-07-05T09:45:00+00:00,193.1,193.1,191.9,191.9,86
2024-07-05T09:50:00+00:00,191.95,191.95,191.0,191.3,82
2024-07-05T09:55:00+00:00,191.4,192.35,191.4,192.35,116
2024-07-05T10:00:00+00:00,192.35,192.4,192.35,192.35,21
2024-07-05T10:05:00+00:00,192.35,192.35,191.6,191.8,50
2024-07-05T10:10:00+00:00,191.8,192.2,191.8,192.1,23
2024-07-05T10:20:00+00:00,192.1,192.2,192.1,192.2,12
2024-07-05T10:25:00+00:00,192.2,192.2,192.2,192.2,26
2024-07-05T10:30:00+00:00,192.2,192.2,191.9,191.9,28
2024-07-05T10:40:00+00:00,191.9,192.0,190.25,190.55,242
2024-07-05T10:45:00+00:00,190.7,191.0,190.7,190.7,56
2024-07-05T10:50:00+00:00,190.8,190.8,190.7,190.8,6
2024-07-05T10:55:00+00:00,190.8,190.8,190.8,190.8,1
2024-07-05T11:00:00+00:00,190.85,191.0,190.8,191.0,165
2024-07-05T11:05:00+00:00,191.0,191.1,191.0,191.1,16
2024-07-05T11:10:00+00:00,191.2,191.2,191.0,191.1,15
2024-07-05T11:15:00+00:00,191.1,191.1,191.0,191.0,3
2024-07-05T11:20:00+00:00,191.0,191.0,191.0,191.0,3
2024-07-05T11:25:00+00:00,190.95,190.95,190.95,190.95,4
2024-07-05T11:30:00+00:00,190.95,190.95,190.95,190.95,6
2024-07-05T11:35:00+00:00,191.0,191.0,191.0,191.0,1
2024-07-05T11:40:00+00:00,191.0,191.0,190.95,190.95,2
2024-07-05T11:45:00+00:00,190.95,190.95,190.95,190.95,4
2024-07-05T11:55:00+00:00,190.95,190.95,190.95,190.95,2
2024-07-05T12:00:00+00:00,191.0,191.1,191.0,191.1,5
2024-07-05T12:10:00+00:00,191.0,191.8,190.95,191.8,57
2024-07-05T12:15:00+00:00,191.8,192.15,191.8,192.1,23
2024-07-05T12:20:00+00:00,192.1,192.1,192.0,192.1,22
2024-07-05T12:30:00+00:00,192.05,192.05,191.55,191.55,50
2024-07-05T12:40:00+00:00,191.55,192.0,191.55,191.55,79
2024-07-05T12:50:00+00:00,191.7,191.7,191.7,191.7,2
2024-07-05T12:55:00+00:00,191.7,191.7,191.6,191.6,8
2024-07-05T13:00:00+00:00,191.6,191.6,191.6,191.6,1
2024-07-05T13:05:00+00:00,191.6,191.6,191.6,191.6,26
2024-07-05T13:10:00+00:00,191.6,192.0,191.5,192.0,124
2024-07-05T13:20:00+00:00,192.1,192.1,190.65,190.8,1155
2024-07-05T13:25:00+00:00,190.7,190.8,190.65,190.8,32
2024-07-05T13:30:00+00:00,190.8,190.8,190.8,190.8,15
2024-07-05T13:35:00+00:00,190.7,190.7,190.7,190.7,1
2024-07-05T13:40:00+00:00,190.8,190.9,190.8,190.9,3
2024-07-05T13:45:00+00:00,190.8,190.8,190.8,190.8,1
2024-07-05T13:50:00+00:00,190.8,190.8,190.5,190.8,61
2024-07-05T13:55:00+00:00,190.75,191.3,190.75,191.2,93
2024-07-05T14:00:00+00:00,191.3,191.3,191.2,191.2,3
2024-07-05T14:30:00+00:00,191.2,191.2,191.0,191.0,48
2024-07-05T14:35:00+00:00,191.0,191.0,190.3,190.3,119
2024-07-05T14:40:00+00:00,190.5,190.5,190.35,190.35,4
2024-07-05T14:50:00+00:00,190.35,190.45,190.35,190.45,2
2024-07-05T14:55:00+00:00,190.5,190.5,190.5,190.5,6
2024-07-05T15:00:00+00:00,190.5,190.6,190.5,190.6,9
2024-07-05T15:05:00+00:00,190.7,190.7,190.7,190.7,6
2024-07-05T15:10:00+00:00,190.8,190.8,190.7,190.7,4
2024-07-05T15:15:00+00:00,190.7,190.7,190.7,190.7,4
2024-07-05T15:20:00+00:00,190.7,190.7,190.7,190.7,102
2024-07-05T15:25:00+00:00,190.7,190.8,190.7,190.8,35
2024-07-05T15:35:00+00:00,190.9,191.1,190.9,191.1,11
2024-07-05T16:05:00+00:00,190.9,190.9,190.9,190.9,2
2024-07-05T16:10:00+00:00,190.9,190.9,190.9,190.9,2
2024-07-05T16:15:00+00:00,191.1,191.2,191.1,191.1,16
2024-07-05T16:20:00+00:00,191.2,191.2,191.2,191.2,1
2024-07-05T16:30:00+00:00,191.3,191.3,191.1,191.2,9
2024-07-05T16:40:00+00:00,191.1,191.2,191.1,191.2,16
2024-07-05T17:15:00+00:00,191.2,191.2,191.2,191.2,14
2024-07-05T17:25:00+00:00,191.2,191.2,191.2,191.2,62
2024-07-05T17:35:00+00:00,191.3,191.3,191.3,191.3,6
2024-07-05T17:40:00+00:00,191.25,191.75,191.2,191.6,96
2024-07-05T17:45:00+00:00,191.7,191.7,191.2,191.2,43
2024-07-05T17:50:00+00:00,191.2,191.5,191.2,191.5,19
2024-07-05T17:55:00+00:00,191.6,191.6,191.5,191.5,5
2024-07-05T18:10:00+00:00,191.6,192.05,191.6,191.8,57
2024-07-05T18:25:00+00:00,191.9,192.55,191.9,192.4,53
2024-07-05T18:30:00+00:00,192.4,192.4,192.3,192.3,3
2024-07-05T18:50:00+00:00,192.3,192.3,192.3,192.3,1
2024-07-05T19:00:00+00:00,192.4,192.4,192.4,192.4,1
2024-07-05T19:10:00+00:00,192.4,192.4,192.3,192.3,3
2024-07-05T19:15:00+00:00,192.4,192.5,192.4,192.5,3
2024-07-05T19:50:00+00:00,192.4,192.4,191.9,191.9,23
2024-07-05T20:05:00+00:00,191.9,192.0,191.9,192.0,2
2024-07-05T20:10:00+00:00,191.9,191.9,191.8,191.8,4
2024-07-05T20:15:00+00:00,191.8,191.8,191.5,191.7,35
2024-07-05T20:20:00+00:00,191.6,191.6,191.2,191.2,119
2024-07-05T20:25:00+00:00,191.2,191.2,191.2,191.2,95
2024-07-05T20:30:00+00:00,191.2,191.2,191.2,191.2,62
2024-07-08T06:55:00+00:00,191.2,191.2,191.2,191.2,1
2024-07-08T07:00:00+00:00,191.25,191.25,191.2,191.2,6
2024-07-08T07:05:00+00:00,191.2,191.2,190.6,190.6,43
2024-07-08T07:10:00+00:00,190.7,190.7,190.2,190.2,23
2024-07-08T07:15:00+00:00,190.2,190.2,189.45,189.7,172
2024-07-08T07:20:00+00:00,189.9,190.0,189.9,189.95,7
2024-07-08T07:25:00+00:00,190.0,190.55,190.0,190.5,40
2024-07-08T07:35:00+00:00,192.0,192.0,191.5,191.5,88
2024-07-08T07:40:00+00:00,191.5,192.4,191.4,191.8,157
2024-07-08T07:45:00+00:00,191.8,191.8,191.8,191.8,1
2024-07-08T07:50:00+00:00,191.9,191.9,191.9,191.9,2
2024-07-08T07:55:00+00:00,191.8,191.8,191.0,191.0,155
2024-07-08T08:00:00+00:00,191.05,191.05,191.05,191.05,7
2024-07-08T08:05:00+00:00,191.05,191.05,191.05,191.05,2
2024-07-08T08:10:00+00:00,191.05,191.05,191.0,191.05,65
2024-07-08T08:20:00+00:00,191.05,191.05,191.05,191.05,8
2024-07-08T08:25:00+00:00,191.05,191.05,191.05,191.05,16
2024-07-08T08:40:00+00:00,191.05,191.05,191.05,191.05,6
2024-07-08T08:45:00+00:00,191.05,191.05,191.05,191.05,28
2024-07-08T08:50:00+00:00,191.1,191.1,191.0,191.0,23
2024-07-08T09:00:00+00:00,191.05,191.1,191.05,191.1,35
2024-07-08T09:05:00+00:00,191.05,191.05,191.05,191.05,2
2024-07-08T09:10:00+00:00,191.05,191.1,191.0,191.0,20
2024-07-08T09:15:00+00:00,191.0,191.1,191.0,191.0,17
2024-07-08T09:20:00+00:00,191.0,191.0,191.0,191.0,43
2024-07-08T09:30:00+00:00,191.0,191.0,190.9,190.9,14
2024-07-08T09:35:00+00:00,191.0,191.0,191.0,191.0,3
2024-07-08T09:40:00+00:00,191.0,191.0,190.9,190.9,8
2024-07-08T09:45:00+00:00,191.1,191.1,191.0,191.0,4
2024-07-08T09:50:00+00:00,191.0,191.0,191.0,191.0,1
2024-07-08T09:55:00+00:00,191.0,191.0,190.9,190.9,101
2024-07-08T10:00:00+00:00,190.8,190.8,190.5,190.6,66
2024-07-08T10:05:00+00:00,190.5,190.5,190.5,190.5,1
2024-07-08T10:10:00+00:00,190.6,190.6,190.4,190.4,5
2024-07-08T10:15:00+00:00,190.5,190.9,190.5,190.9,26
2024-07-08T10:20:00+00:00,191.0,191.05,191.0,191.05,18
2024-07-08T10:25:00+00:00,190.9,191.2,190.9,191.1,21
2024-07-08T10:30:00+00:00,191.1,191.1,191.1,191.1,1
2024-07-08T10:35:00+00:00,191.2,191.2,191.1,191.1,6
2024-07-08T10:40:00+00:00,191.1,191.1,191.1,191.1,1
2024-07-08T10:45:00+00:00,191.0,191.0,190.9,190.9,8
2024-07-08T10:50:00+00:00,190.9,190.9,190.8,190.8,4
2024-07-08T10:55:00+00:00,190.9,190.9,190.9,190.9,1
2024-07-08T11:00:00+00:00,190.8,191.0,190.6,190.8,118
2024-07-08T11:05:00+00:00,190.9,191.0,190.9,191.0,2
2024-07-08T11:10:00+00:00,190.9,190.9,190.9,190.9,1
2024-07-08T11:15:00+00:00,190.8,190.8,190.7,190.7,10
2024-07-08T11:20:00+00:00,190.6,190.6,189.8,190.0,202
2024-07-08T11:25:00+00:00,189.9,189.9,189.6,189.6,262
2024-07-08T11:30:00+00:00,189.6,189.6,189.6,189.6,122
2024-07-08T11:35:00+00:00,189.6,189.6,189.6,189.6,51
2024-07-08T11:40:00+00:00,189.5,189.6,189.5,189.6,69
2024-07-08T11:45:00+00:00,189.5,190.0,189.5,190.0,222
2024-07-08T11:50:00+00:00,190.1,190.1,189.5,189.5,108
2024-07-08T11:55:00+00:00,189.5,189.7,189.5,189.7,16
2024-07-08T12:00:00+00:00,189.6,189.6,189.5,189.5,2
2024-07-08T12:05:00+00:00,189.7,189.7,189.7,189.7,2
2024-07-08T12:10:00+00:00,189.7,190.1,189.7,190.1,377
2024-07-08T12:15:00+00:00,190.0,190.2,190.0,190.2,12
2024-07-08T12:20:00+00:00,190.3,190.3,190.3,190.3,2
2024-07-08T12:25:00+00:00,190.2,190.2,190.2,190.2,10
2024-07-08T12:30:00+00:00,190.2,190.2,190.1,190.1,7
2024-07-08T12:40:00+00:00,190.05,190.05,189.5,189.5,301
2024-07-08T12:45:00+00:00,189.6,189.7,186.7,186.7,797
2024-07-08T12:50:00+00:00,186.85,187.6,186.75,187.0,341
2024-07-08T12:55:00+00:00,186.9,187.95,186.9,187.95,153
2024-07-08T13:00:00+00:00,187.8,187.9,187.7,187.7,16
2024-07-08T13:05:00+00:00,187.7,187.7,187.2,187.2,56
2024-07-08T13:10:00+00:00,187.2,187.2,186.6,186.6,440
2024-07-08T13:15:00+00:00,186.5,186.5,186.0,186.2,159
2024-07-08T13:20:00+00:00,186.3,186.3,186.2,186.3,6
2024-07-08T13:25:00+00:00,186.2,186.3,186.1,186.1,9
2024-07-08T13:30:00+00:00,186.2,186.6,186.2,186.5,570
2024-07-08T13:35:00+00:00,186.4,186.5,186.4,186.5,3
2024-07-08T13:40:00+00:00,186.5,186.55,186.5,186.55,6
2024-07-08T13:45:00+00:00,186.55,186.7,185.4,185.7,317
2024-07-08T13:50:00+00:00,185.5,185.5,185.3,185.3,37
2024-07-08T13:55:00+00:00,185.5,185.6,185.5,185.6,6
2024-07-08T14:00:00+00:00,185.6,185.6,185.55,185.6,7
2024-07-08T14:05:00+00:00,185.6,185.6,185.55,185.6,4
2024-07-08T14:10:00+00:00,185.55,185.6,185.5,185.6,6
2024-07-08T14:15:00+00:00,185.6,186.1,185.3,186.1,119
2024-07-08T14:20:00+00:00,186.0,186.0,185.9,185.9,8
2024-07-08T14:25:00+00:00,185.9,185.9,185.8,185.8,7
2024-07-08T14:30:00+00:00,185.9,185.9,185.3,185.5,58
2024-07-08T14:35:00+00:00,185.6,185.6,185.6,185.6,2
2024-07-08T14:40:00+00:00,185.6,185.6,185.6,185.6,3
2024-07-08T14:45:00+00:00,185.7,185.7,185.7,185.7,1
2024-07-08T14:50:00+00:00,185.6,185.6,185.6,185.6,3
2024-07-08T14:55:00+00:00,185.6,185.6,185.5,185.5,19
2024-07-08T15:00:00+00:00,185.7,185.7,185.5,185.7,8
2024-07-08T15:05:00+00:00,185.7,185.7,185.5,185.5,2
2024-07-08T15:15:00+00:00,185.5,185.5,185.5,185.5,10
2024-07-08T15:20:00+00:00,185.65,185.65,185.6,185.6,7
2024-07-08T15:25:00+00:00,185.6,185.6,185.55,185.55,10
2024-07-08T15:30:00+00:00,185.6,185.6,185.5,185.5,6
2024-07-08T15:35:00+00:00,185.65,185.65,185.4,185.5,38
2024-07-08T15:45:00+00:00,185.5,185.5,185.5,185.5,93
2024-07-08T16:00:00+00:00,185.5,185.5,185.5,185.5,8
2024-07-08T16:05:00+00:00,185.5,185.5,185.4,185.4,4
2024-07-08T16:10:00+00:00,185.4,185.5,185.4,185.5,10
2024-07-08T16:20:00+00:00,185.4,185.5,185.4,185.5,2
2024-07-08T16:25:00+00:00,185.4,185.4,185.4,185.4,8
2024-07-08T16:30:00+00:00,185.4,185.4,185.4,185.4,5
2024-07-08T16:35:00+00:00,185.5,185.5,185.5,185.5,13
2024-07-08T16:45:00+00:00,185.5,185.5,185.5,185.5,5
2024-07-08T16:50:00+00:00,185.5,185.5,185.5,185.5,1
2024-07-08T17:15:00+00:00,185.4,185.4,185.4,185.4,6
2024-07-08T17:25:00+00:00,185.5,185.5,185.5,185.5,2
2024-07-08T17:30:00+00:00,185.4,185.4,185.4,185.4,2
2024-07-08T17:40:00+00:00,185.5,185.5,185.5,185.5,200
2024-07-08T17:45:00+00:00,185.5,185.5,185.4,185.4,26
2024-07-08T17:50:00+00:00,185.4,185.4,185.4,185.4,3
2024-07-08T17:55:00+00:00,185.4,185.4,185.4,185.4,3
2024-07-08T18:00:00+00:00,185.3,185.3,185.3,185.3,16
2024-07-08T18:05:00+00:00,185.3,185.3,185.3,185.3,4
2024-07-08T18:15:00+00:00,185.3,185.3,185.3,185.3,59
2024-07-08T18:20:00+00:00,185.3,185.5,185.3,185.5,10
2024-07-08T18:25:00+00:00,185.5,185.65,185.5,185.65,30
2024-07-08T18:35:00+00:00,185.5,186.8,185.5,186.7,810
2024-07-08T18:40:00+00:00,186.7,186.7,186.7,186.7,2
2024-07-08T18:45:00+00:00,186.7,186.7,186.7,186.7,1
2024-07-08T18:55:00+00:00,186.7,186.7,186.3,186.3,18
2024-07-08T19:10:00+00:00,186.4,186.5,186.4,186.5,3
2024-07-08T19:30:00+00:00,186.5,186.5,186.5,186.5,3
2024-07-08T20:15:00+00:00,186.6,186.6,186.6,186.6,3
2024-07-08T20:30:00+00:00,186.5,186.6,186.5,186.6,3
2024-07-09T06:55:00+00:00,186.6,186.6,186.6,186.6,5
2024-07-09T07:00:00+00:00,186.5,186.6,186.0,186.0,31
2024-07-09T07:05:00+00:00,186.05,186.05,184.0,184.4,618
2024-07-09T07:10:00+00:00,184.3,184.5,184.3,184.3,54
2024-07-09T07:15:00+00:00,184.35,184.35,184.3,184.3,15
2024-07-09T07:20:00+00:00,184.3,184.3,184.2,184.2,20
2024-07-09T07:25:00+00:00,184.1,184.25,184.0,184.0,87
2024-07-09T07:30:00+00:00,184.0,184.0,183.7,183.7,22
2024-07-09T07:35:00+00:00,183.7,183.9,183.7,183.9,38
2024-07-09T07:40:00+00:00,183.8,183.9,183.0,183.0,213
2024-07-09T07:45:00+00:00,183.1,183.5,183.1,183.3,26
2024-07-09T07:50:00+00:00,183.3,183.4,182.9,182.9,38
2024-07-09T07:55:00+00:00,183.0,183.2,182.9,182.9,24
2024-07-09T08:00:00+00:00,183.0,183.1,183.0,183.0,8
2024-07-09T08:05:00+00:00,183.1,183.1,183.1,183.1,3
2024-07-09T08:10:00+00:00,183.1,184.2,183.1,184.0,167
2024-07-09T08:15:00+00:00,184.0,184.05,184.0,184.0,12
2024-07-09T08:20:00+00:00,184.0,184.1,184.0,184.1,5
2024-07-09T08:25:00+00:00,184.0,184.0,184.0,184.0,60
2024-07-09T08:30:00+00:00,184.0,184.0,184.0,184.0,127
2024-07-09T08:35:00+00:00,184.0,184.0,181.5,182.0,918
2024-07-09T08:40:00+00:00,182.0,182.1,181.95,182.1,19
2024-07-09T08:45:00+00:00,182.0,182.15,181.9,181.9,131
2024-07-09T08:50:00+00:00,181.95,182.1,181.95,182.1,30
2024-07-09T08:55:00+00:00,182.1,182.2,182.1,182.1,482
2024-07-09T09:00:00+00:00,182.3,182.8,182.3,182.7,89
2024-07-09T09:10:00+00:00,182.7,182.7,182.5,182.5,25
2024-07-09T09:20:00+00:00,182.4,182.5,182.4,182.5,6
2024-07-09T09:25:00+00:00,182.6,182.7,182.6,182.7,64
2024-07-09T09:30:00+00:00,182.8,183.1,182.8,183.05,17
2024-07-09T09:35:00+00:00,183.0,183.05,182.95,182.95,7
2024-07-09T09:40:00+00:00,182.9,182.9,182.9,182.9,5
2024-07-09T09:45:00+00:00,182.8,182.9,182.6,182.6,50
2024-07-09T09:50:00+00:00,182.6,182.6,181.9,181.9,670
2024-07-09T09:55:00+00:00,182.1,182.3,182.1,182.1,21
2024-07-09T10:00:00+00:00,182.3,182.4,182.2,182.2,32
2024-07-09T10:10:00+00:00,182.15,182.4,182.1,182.4,21
2024-07-09T10:15:00+00:00,182.3,182.3,182.1,182.1,58
2024-07-09T10:20:00+00:00,182.3,182.4,182.3,182.4,12
2024-07-09T10:25:00+00:00,182.4,182.7,182.3,182.7,24
2024-07-09T10:30:00+00:00,182.6,182.7,182.6,182.7,4
2024-07-09T10:35:00+00:00,182.6,182.6,182.6,182.6,1
2024-07-09T10:40:00+00:00,182.5,182.5,182.5,182.5,5
2024-07-09T10:45:00+00:00,182.5,182.5,181.7,181.7,139
2024-07-09T10:50:00+00:00,181.7,181.8,181.7,181.8,6
2024-07-09T10:55:00+00:00,181.9,181.9,181.6,181.6,78
2024-07-09T11:05:00+00:00,181.8,181.8,181.7,181.7,2
2024-07-09T11:10:00+00:00,181.8,181.9,181.8,181.9,10
2024-07-09T11:15:00+00:00,181.8,181.8,181.8,181.8,1
2024-07-09T11:20:00+00:00,181.8,181.8,181.8,181.8,14
2024-07-09T11:25:00+00:00,181.8,181.8,181.7,181.7,4
2024-07-09T11:30:00+00:00,181.8,181.8,181.8,181.8,4
2024-07-09T11:35:00+00:00,181.75,181.75,181.7,181.7,9
2024-07-09T11:45:00+00:00,181.6,181.8,181.6,181.8,60
2024-07-09T11:50:00+00:00,181.8,182.75,181.8,182.75,61
2024-07-09T11:55:00+00:00,182.75,182.75,182.75,182.75,2
2024-07-09T12:00:00+00:00,182.6,182.6,181.9,181.9,40
2024-07-09T12:05:00+00:00,181.9,181.9,181.9,181.9,6
2024-07-09T12:10:00+00:00,181.9,181.9,181.8,181.8,17
2024-07-09T12:15:00+00:00,181.8,181.8,181.7,181.7,58
2024-07-09T12:20:00+00:00,181.8,181.8,181.8,181.8,4
2024-07-09T12:25:00+00:00,181.8,181.8,181.7,181.7,10
2024-07-09T12:30:00+00:00,181.6,181.6,180.4,180.4,332
2024-07-09T12:35:00+00:00,180.5,180.5,178.9,179.1,406
2024-07-09T12:40:00+00:00,179.1,179.1,178.7,178.9,238
2024-07-09T12:45:00+00:00,178.85,178.9,178.8,178.9,82
2024-07-09T12:50:00+00:00,178.9,178.9,178.5,178.9,626
2024-07-09T12:55:00+00:00,178.9,179.0,178.7,178.7,25
2024-07-09T13:00:00+00:00,178.8,178.8,178.7,178.7,29
2024-07-09T13:05:00+00:00,178.75,179.05,178.75,178.9,59
2024-07-09T13:10:00+00:00,178.8,178.9,178.75,178.75,57
2024-07-09T13:15:00+00:00,178.9,178.95,178.7,178.7,62
2024-07-09T13:20:00+00:00,178.7,178.85,178.6,178.7,205
2024-07-09T13:25:00+00:00,178.7,178.75,178.6,178.75,83
2024-07-09T13:30:00+00:00,178.8,178.8,178.75,178.75,36
2024-07-09T13:35:00+00:00,178.75,178.75,178.75,178.75,10
2024-07-09T13:40:00+00:00,178.8,178.95,178.8,178.95,57
2024-07-09T13:45:00+00:00,179.0,179.5,179.0,179.5,35
2024-07-09T13:50:00+00:00,179.5,179.9,179.5,179.9,25
2024-07-09T13:55:00+00:00,179.7,179.8,179.7,179.8,2
2024-07-09T14:00:00+00:00,179.8,179.8,178.6,178.8,327
2024-07-09T14:05:00+00:00,178.7,178.8,178.7,178.8,5
2024-07-09T14:15:00+00:00,178.7,178.85,178.6,178.85,32
2024-07-09T14:20:00+00:00,178.7,178.8,178.6,178.7,37
2024-07-09T14:25:00+00:00,178.7,178.7,178.55,178.55,32
2024-07-09T14:30:00+00:00,178.55,178.7,178.45,178.45,217
2024-07-09T14:35:00+00:00,178.4,178.4,178.3,178.3,12
2024-07-09T14:40:00+00:00,178.3,178.4,178.2,178.4,20
2024-07-09T14:45:00+00:00,178.4,178.45,178.4,178.4,49
2024-07-09T14:50:00+00:00,178.4,180.5,178.4,180.4,267
2024-07-09T14:55:00+00:00,180.3,180.35,180.1,180.1,20
2024-07-09T15:00:00+00:00,180.1,180.1,180.0,180.0,15
2024-07-09T15:05:00+00:00,179.9,179.9,179.3,179.3,32
2024-07-09T15:10:00+00:00,179.3,179.3,178.25,178.6,105
2024-07-09T15:15:00+00:00,178.4,178.4,178.4,178.4,16
2024-07-09T15:20:00+00:00,178.4,178.4,178.2,178.2,110
2024-07-09T15:25:00+00:00,178.4,178.4,178.4,178.4,5
2024-07-09T15:30:00+00:00,178.4,178.4,178.2,178.4,24
2024-07-09T15:35:00+00:00,178.3,178.3,178.2,178.2,22
2024-07-09T15:45:00+00:00,178.4,178.4,178.4,178.4,3
2024-07-09T16:00:00+00:00,178.4,178.4,178.4,178.4,1
2024-07-09T16:05:00+00:00,178.4,178.4,178.4,178.4,3
2024-07-09T16:10:00+00:00,178.35,178.35,178.3,178.3,15
2024-07-09T16:15:00+00:00,178.3,178.4,178.3,178.4,2
2024-07-09T16:20:00+00:00,178.4,178.4,178.4,178.4,1
2024-07-09T16:25:00+00:00,178.4,178.4,178.4,178.4,1
2024-07-09T16:30:00+00:00,178.3,178.3,178.3,178.3,3
2024-07-09T16:35:00+00:00,178.3,178.3,178.2,178.2,10
2024-07-09T16:40:00+00:00,178.2,178.2,178.2,178.2,3
2024-07-09T16:50:00+00:00,178.4,178.4,178.4,178.4,1
2024-07-09T16:55:00+00:00,178.4,179.1,178.4,179.1,40
2024-07-09T17:00:00+00:00,179.1,179.1,179.1,179.1,1
2024-07-09T17:05:00+00:00,179.05,179.05,179.05,179.05,1
2024-07-09T17:10:00+00:00,179.2,179.2,179.2,179.2,7
2024-07-09T17:15:00+00:00,179.2,179.2,178.8,179.0,33
2024-07-09T17:25:00+00:00,178.95,178.95,178.95,178.95,1
2024-07-09T17:30:00+00:00,179.0,179.0,179.0,179.0,4
2024-07-09T17:40:00+00:00,179.05,179.1,179.05,179.1,3
2024-07-09T17:55:00+00:00,179.1,179.6,179.1,179.6,25
2024-07-09T18:10:00+00:00,179.6,179.6,179.6,179.6,1
2024-07-09T18:15:00+00:00,179.6,180.1,179.6,180.1,31
2024-07-09T18:20:00+00:00,180.1,180.1,180.1,180.1,39
2024-07-09T18:25:00+00:00,179.9,180.0,179.9,180.0,5
2024-07-09T18:30:00+00:00,180.0,180.1,179.9,179.9,4
2024-07-09T18:35:00+00:00,180.0,180.0,180.0,180.0,1
2024-07-09T19:05:00+00:00,180.0,180.0,180.0,180.0,6
2024-07-09T19:30:00+00:00,180.0,180.0,180.0,180.0,6
2024-07-09T19:40:00+00:00,180.0,180.0,180.0,180.0,89
2024-07-09T19:45:00+00:00,180.0,180.0,180.0,180.0,5
2024-07-09T20:00:00+00:00,180.05,180.05,180.05,180.05,1
2024-07-09T20:05:00+00:00,180.05,180.1,180.05,180.1,5
2024-07-09T20:10:00+00:00,180.1,180.1,180.1,180.1,1
2024-07-09T20:20:00+00:00,180.1,180.1,180.1,180.1,1
2024-07-09T20:25:00+00:00,180.05,180.05,180.05,180.05,1
2024-07-09T20:30:00+00:00,180.05,180.05,180.0,180.0,5
2024-07-09T20:35:00+00:00,180.1,180.1,180.0,180.0,4
2024-07-09T20:40:00+00:00,180.0,180.0,180.0,180.0,1
2024-07-09T20:45:00+00:00,180.0,180.0,180.0,180.0,30
2024-07-10T06:55:00+00:00,180.1,180.1,180.1,180.1,5
2024-07-10T07:00:00+00:00,180.05,180.2,180.05,180.2,12
2024-07-10T07:05:00+00:00,180.2,180.3,178.7,178.7,568
2024-07-10T07:10:00+00:00,178.7,178.7,178.4,178.6,127
2024-07-10T07:15:00+00:00,178.7,178.7,178.4,178.7,32
2024-07-10T07:20:00+00:00,178.6,178.65,178.5,178.55,27
2024-07-10T07:25:00+00:00,178.55,178.7,178.55,178.6,24
2024-07-10T07:30:00+00:00,178.7,178.9,178.7,178.9,15
2024-07-10T07:35:00+00:00,178.9,179.5,178.9,179.5,34
2024-07-10T07:40:00+00:00,179.6,179.6,178.9,179.0,39
2024-07-10T07:45:00+00:00,179.1,179.1,178.8,178.8,28
2024-07-10T07:50:00+00:00,178.9,179.0,178.75,178.9,15
2024-07-10T07:55:00+00:00,178.8,178.8,178.5,178.5,53
2024-07-10T08:00:00+00:00,178.5,178.5,178.4,178.4,21
2024-07-10T08:05:00+00:00,178.4,178.4,178.25,178.4,19
2024-07-10T08:10:00+00:00,178.2,178.3,178.2,178.3,12
2024-07-10T08:15:00+00:00,178.3,178.4,178.3,178.3,7
2024-07-10T08:20:00+00:00,178.4,178.5,178.4,178.4,33
2024-07-10T08:25:00+00:00,178.45,178.5,177.55,177.7,1327
2024-07-10T08:30:00+00:00,177.7,177.75,177.7,177.75,24
2024-07-10T08:35:00+00:00,177.75,177.75,176.95,177.0,208
2024-07-10T08:40:00+00:00,177.0,177.0,176.5,176.5,35
2024-07-10T08:45:00+00:00,176.5,176.65,176.5,176.65,14
2024-07-10T08:50:00+00:00,176.55,176.55,175.3,175.65,456
2024-07-10T08:55:00+00:00,175.65,175.65,175.65,175.65,1
2024-07-10T09:00:00+00:00,175.65,175.65,175.4,175.4,70
2024-07-10T09:05:00+00:00,175.4,175.45,175.3,175.45,44
2024-07-10T09:10:00+00:00,175.55,175.95,175.55,175.95,22
2024-07-10T09:15:00+00:00,175.95,175.95,175.75,175.75,33
2024-07-10T09:20:00+00:00,175.85,175.95,175.75,175.95,8
2024-07-10T09:25:00+00:00,175.95,176.0,175.95,176.0,7
2024-07-10T09:30:00+00:00,176.0,176.0,176.0,176.0,15
2024-07-10T09:35:00+00:00,176.0,176.05,176.0,176.05,21
2024-07-10T09:40:00+00:00,176.05,176.05,175.85,176.05,83
2024-07-10T09:45:00+00:00,176.0,176.45,176.0,176.45,39
2024-07-10T09:50:00+00:00,176.35,176.45,176.35,176.45,14
2024-07-10T09:55:00+00:00,176.45,176.75,176.45,176.65,27
2024-07-10T10:00:00+00:00,176.55,176.55,175.8,175.95,73
2024-07-10T10:10:00+00:00,175.9,175.95,175.9,175.95,6
2024-07-10T10:15:00+00:00,175.95,175.95,175.85,175.85,13
2024-07-10T10:20:00+00:00,175.95,176.55,175.85,176.5,44
2024-07-10T10:25:00+00:00,176.45,176.5,176.45,176.5,43
2024-07-10T10:30:00+00:00,176.5,176.5,176.45,176.5,208
2024-07-10T10:40:00+00:00,176.45,176.45,176.25,176.25,16
2024-07-10T10:50:00+00:00,176.3,176.35,176.05,176.05,11
2024-07-10T10:55:00+00:00,176.15,176.15,176.15,176.15,1
2024-07-10T11:00:00+00:00,176.25,176.35,176.25,176.35,9
2024-07-10T11:05:00+00:00,176.25,176.25,176.0,176.0,261
2024-07-10T11:10:00+00:00,176.0,176.0,175.95,176.0,29
2024-07-10T11:15:00+00:00,176.0,176.0,176.0,176.0,6
2024-07-10T11:20:00+00:00,175.95,175.95,175.95,175.95,2
2024-07-10T11:25:00+00:00,175.95,175.95,175.9,175.9,30
2024-07-10T11:30:00+00:00,175.85,175.85,175.85,175.85,15
2024-07-10T11:35:00+00:00,175.85,175.85,175.85,175.85,4
2024-07-10T11:40:00+00:00,175.8,175.85,175.75,175.75,30
2024-07-10T11:45:00+00:00,175.8,175.8,175.8,175.8,24
2024-07-10T11:50:00+00:00,175.9,175.9,175.9,175.9,4
2024-07-10T11:55:00+00:00,175.9,175.9,175.8,175.8,42
2024-07-10T12:00:00+00:00,175.8,176.0,175.75,175.8,98
2024-07-10T12:20:00+00:00,175.8,175.8,175.8,175.8,15
2024-07-10T12:25:00+00:00,175.85,175.95,175.85,175.95,3
2024-07-10T12:30:00+00:00,175.9,175.9,175.9,175.9,5
2024-07-10T12:35:00+00:00,175.95,176.0,175.75,175.95,67
2024-07-10T12:40:00+00:00,175.95,175.95,175.95,175.95,1
2024-07-10T12:45:00+00:00,175.75,175.95,175.75,175.95,49
2024-07-10T12:50:00+00:00,175.9,176.0,175.9,175.9,12
2024-07-10T12:55:00+00:00,176.0,176.0,175.6,175.7,67
2024-07-10T13:00:00+00:00,175.6,175.6,175.6,175.6,2
2024-07-10T13:05:00+00:00,175.6,175.65,175.6,175.6,7
2024-07-10T13:10:00+00:00,175.6,175.6,175.4,175.4,29
2024-07-10T13:15:00+00:00,175.4,175.4,175.35,175.4,3
2024-07-10T13:20:00+00:00,175.4,175.4,175.4,175.4,5
2024-07-10T13:25:00+00:00,175.4,175.4,175.4,175.4,1
2024-07-10T13:30:00+00:00,175.4,175.4,175.4,175.4,3
2024-07-10T13:35:00+00:00,175.35,175.4,175.35,175.4,4
2024-07-10T13:40:00+00:00,175.35,175.35,174.75,175.0,1441
2024-07-10T13:45:00+00:00,175.0,175.0,174.1,174.2,193
2024-07-10T13:50:00+00:00,174.2,174.5,174.0,174.2,53
2024-07-10T13:55:00+00:00,174.1,174.1,174.1,174.1,2
2024-07-10T14:00:00+00:00,174.1,174.2,174.1,174.1,12
2024-07-10T14:05:00+00:00,174.0,174.0,174.0,174.0,14
2024-07-10T14:10:00+00:00,174.0,174.0,174.0,174.0,1
2024-07-10T14:15:00+00:00,173.9,173.9,173.9,173.9,11
2024-07-10T14:20:00+00:00,173.8,173.85,173.1,173.1,120
2024-07-10T14:25:00+00:00,173.3,173.4,173.3,173.4,10
2024-07-10T14:30:00+00:00,173.4,173.5,173.4,173.5,12
2024-07-10T14:35:00+00:00,173.4,173.6,173.4,173.6,19
2024-07-10T14:40:00+00:00,173.6,173.6,172.7,172.7,82
2024-07-10T14:45:00+00:00,172.7,172.8,172.6,172.8,16
2024-07-10T14:50:00+00:00,172.7,172.7,172.3,172.3,149
2024-07-10T14:55:00+00:00,172.3,172.3,170.65,170.65,295
2024-07-10T15:00:00+00:00,170.75,171.65,170.5,171.65,103
2024-07-10T15:05:00+00:00,171.5,172.25,171.5,172.25,113
2024-07-10T15:10:00+00:00,172.3,172.3,172.1,172.2,12
2024-07-10T15:15:00+00:00,172.3,172.3,172.0,172.2,23
2024-07-10T15:20:00+00:00,172.2,172.3,172.0,172.0,131
2024-07-10T15:25:00+00:00,172.2,172.4,172.0,172.4,105
2024-07-10T15:30:00+00:00,172.3,172.3,169.9,170.0,2661
2024-07-10T15:35:00+00:00,170.0,170.0,169.9,170.0,501
2024-07-10T15:45:00+00:00,169.9,169.9,169.9,169.9,1
2024-07-10T16:05:00+00:00,170.0,170.0,169.0,169.0,49
2024-07-10T16:10:00+00:00,169.0,169.85,169.0,169.85,68
2024-07-10T16:15:00+00:00,169.95,169.95,169.25,169.25,15
2024-07-10T16:20:00+00:00,169.95,169.95,169.95,169.95,55
2024-07-10T16:25:00+00:00,169.95,169.95,169.2,169.2,57
2024-07-10T16:35:00+00:00,169.95,169.95,169.95,169.95,7
2024-07-10T16:45:00+00:00,169.8,169.8,169.8,169.8,2
2024-07-10T16:50:00+00:00,169.8,169.8,169.8,169.8,1
2024-07-10T16:55:00+00:00,169.8,169.8,169.25,169.25,16
2024-07-10T17:00:00+00:00,169.9,169.9,169.3,169.3,33
2024-07-10T17:05:00+00:00,169.9,169.9,169.3,169.9,8
2024-07-10T17:10:00+00:00,169.9,169.9,169.9,169.9,21
2024-07-10T17:15:00+00:00,169.95,169.95,169.7,169.7,11
2024-07-10T17:20:00+00:00,169.7,169.95,169.4,169.4,3
2024-07-10T17:25:00+00:00,169.35,169.9,169.35,169.9,3
2024-07-10T17:30:00+00:00,169.9,169.95,169.9,169.95,7
2024-07-10T17:35:00+00:00,169.4,169.4,169.35,169.35,3
2024-07-10T17:40:00+00:00,169.4,169.4,169.3,169.3,64
2024-07-10T17:45:00+00:00,169.3,169.85,169.3,169.85,15
2024-07-10T17:50:00+00:00,169.8,169.8,169.8,169.8,7
2024-07-10T18:00:00+00:00,169.7,169.7,169.7,169.7,3
2024-07-10T18:05:00+00:00,169.7,169.7,169.2,169.2,89
2024-07-10T18:10:00+00:00,169.6,169.6,169.6,169.6,1
2024-07-10T18:15:00+00:00,169.6,169.95,168.95,168.95,100
2024-07-10T18:20:00+00:00,169.95,169.95,168.35,169.8,53
2024-07-10T18:25:00+00:00,169.85,169.85,169.85,169.85,1
2024-07-10T18:30:00+00:00,168.85,168.85,168.85,168.85,55
2024-07-10T18:35:00+00:00,169.25,169.25,169.2,169.2,2
2024-07-10T18:40:00+00:00,169.15,169.15,168.1,168.1,7
2024-07-10T18:45:00+00:00,168.1,169.0,168.1,168.35,21
2024-07-10T18:50:00+00:00,169.0,170.0,169.0,169.0,219
2024-07-10T18:55:00+00:00,169.95,170.0,169.95,169.95,345
2024-07-10T19:00:00+00:00,169.95,170.0,169.95,170.0,55
2024-07-10T19:05:00+00:00,170.0,170.0,169.95,169.95,40
2024-07-10T19:10:00+00:00,169.7,169.8,169.7,169.7,8
2024-07-10T19:20:00+00:00,169.8,169.95,169.8,169.95,32
2024-07-10T19:25:00+00:00,169.95,169.95,169.9,169.9,40
2024-07-10T19:30:00+00:00,169.7,169.7,169.7,169.7,2
2024-07-10T19:35:00+00:00,169.7,169.7,169.65,169.65,8
2024-07-10T19:40:00+00:00,169.7,169.8,169.7,169.8,2
2024-07-10T19:50:00+00:00,169.65,169.65,169.65,169.65,1
2024-07-10T19:55:00+00:00,169.8,169.95,169.8,169.95,18
2024-07-10T20:00:00+00:00,169.6,169.6,169.6,169.6,10
2024-07-10T20:05:00+00:00,169.95,169.95,169.95,169.95,7
2024-07-10T20:10:00+00:00,169.15,169.15,169.15,169.15,3
2024-07-10T20:15:00+00:00,169.95,169.95,169.95,169.95,4
2024-07-10T20:20:00+00:00,169.9,169.9,169.1,169.1,52
2024-07-10T20:30:00+00:00,169.95,169.95,169.95,169.95,9
2024-07-10T20:35:00+00:00,169.8,169.8,169.15,169.15,12
2024-07-10T20:40:00+00:00,169.15,169.15,169.15,169.15,20
2024-07-10T20:45:00+00:00,169.1,169.1,169.05,169.05,29
2024-07-11T06:55:00+00:00,166.5,166.5,166.5,166.5,20
2024-07-11T07:00:00+00:00,166.55,169.9,166.55,169.3,60
2024-07-11T07:05:00+00:00,169.75,170.1,168.25,170.05,225
2024-07-11T07:10:00+00:00,170.05,170.05,170.0,170.0,70
2024-07-11T07:15:00+00:00,170.05,170.1,170.05,170.05,589
2024-07-11T07:20:00+00:00,170.0,170.0,169.7,169.9,135
2024-07-11T07:25:00+00:00,169.9,170.5,169.7,170.45,262
2024-07-11T07:30:00+00:00,170.45,170.5,169.9,170.45,740
2024-07-11T07:35:00+00:00,170.45,170.5,170.45,170.5,70
2024-07-11T07:40:00+00:00,170.5,170.7,170.45,170.6,87
2024-07-11T07:45:00+00:00,170.65,171.0,170.6,170.95,123
2024-07-11T07:50:00+00:00,170.65,170.95,170.65,170.95,85
2024-07-11T07:55:00+00:00,170.95,171.55,170.95,171.55,174
2024-07-11T08:00:00+00:00,171.55,172.1,171.55,172.05,189
2024-07-11T08:05:00+00:00,172.1,172.7,172.1,172.7,577
2024-07-11T08:10:00+00:00,172.7,173.0,172.65,172.75,139
2024-07-11T08:15:00+00:00,172.75,172.95,172.45,172.95,78
2024-07-11T08:20:00+00:00,172.95,173.0,172.0,172.65,121
2024-07-11T08:25:00+00:00,172.4,172.5,172.05,172.5,131
2024-07-11T08:30:00+00:00,172.5,176.05,172.5,175.0,518
2024-07-11T08:35:00+00:00,176.1,179.85,175.2,179.5,1593
2024-07-11T08:40:00+00:00,179.4,185.0,179.1,183.1,1875
2024-07-11T08:45:00+00:00,182.6,182.6,180.8,180.8,634
2024-07-11T08:50:00+00:00,180.8,180.8,177.4,177.45,389
2024-07-11T08:55:00+00:00,177.4,177.4,173.6,174.1,484
2024-07-11T09:00:00+00:00,174.0,174.6,174.0,174.5,30
2024-07-11T09:05:00+00:00,174.6,177.2,174.6,177.2,529
2024-07-11T09:10:00+00:00,177.1,177.5,176.1,176.1,287
2024-07-11T09:15:00+00:00,176.0,176.1,174.75,175.1,303
2024-07-11T09:20:00+00:00,175.0,175.0,174.7,174.7,53
2024-07-11T09:25:00+00:00,174.9,175.1,174.9,175.1,75
2024-07-11T09:30:00+00:00,175.1,175.4,175.1,175.4,47
2024-07-11T09:35:00+00:00,175.35,175.35,174.9,174.9,34
2024-07-11T09:40:00+00:00,174.9,175.0,174.9,175.0,23
2024-07-11T09:45:00+00:00,175.0,175.0,174.95,175.0,181
2024-07-11T09:50:00+00:00,175.0,175.0,174.4,174.4,139
2024-07-11T09:55:00+00:00,174.5,174.7,174.5,174.7,15
2024-07-11T10:00:00+00:00,174.75,174.75,173.3,173.3,196
2024-07-11T10:05:00+00:00,173.3,173.3,172.9,172.9,43
2024-07-11T10:10:00+00:00,172.9,173.0,172.9,173.0,36
2024-07-11T10:15:00+00:00,173.0,173.2,173.0,173.2,12
2024-07-11T10:20:00+00:00,173.2,173.2,173.2,173.2,10
2024-07-11T10:25:00+00:00,173.2,173.3,173.2,173.3,5
2024-07-11T10:30:00+00:00,173.3,173.5,173.3,173.5,13
2024-07-11T10:35:00+00:00,173.6,173.7,173.6,173.7,6
2024-07-11T10:45:00+00:00,173.6,173.6,173.6,173.6,3
2024-07-11T10:50:00+00:00,173.7,174.3,173.7,174.3,100
2024-07-11T10:55:00+00:00,174.2,174.3,173.6,173.8,36
2024-07-11T11:00:00+00:00,173.8,173.8,173.8,173.8,1
2024-07-11T11:05:00+00:00,173.8,173.8,173.8,173.8,8
2024-07-11T11:10:00+00:00,173.9,174.0,173.9,174.0,6
2024-07-11T11:15:00+00:00,174.0,174.0,174.0,174.0,3
2024-07-11T11:20:00+00:00,174.0,174.1,173.9,174.1,12
2024-07-11T11:25:00+00:00,174.0,174.95,174.0,174.95,216
2024-07-11T11:30:00+00:00,175.0,175.0,174.7,174.95,46
2024-07-11T11:35:00+00:00,174.95,175.0,174.8,174.9,1012
2024-07-11T11:40:00+00:00,174.9,174.95,174.8,174.9,13
2024-07-11T11:45:00+00:00,174.9,174.9,174.9,174.9,26
2024-07-11T11:50:00+00:00,174.9,175.0,174.9,175.0,163
2024-07-11T11:55:00+00:00,174.8,175.0,174.8,175.0,3
2024-07-11T12:00:00+00:00,175.0,175.0,174.5,174.9,577
2024-07-11T12:05:00+00:00,174.9,174.9,174.9,174.9,2
2024-07-11T12:10:00+00:00,174.9,175.0,174.8,175.0,6
2024-07-11T12:15:00+00:00,175.0,175.0,174.5,174.7,94
2024-07-11T12:20:00+00:00,174.8,175.0,174.7,174.95,202
2024-07-11T12:25:00+00:00,174.95,174.95,174.8,174.8,14
2024-07-11T12:30:00+00:00,174.85,174.95,174.5,174.75,62
2024-07-11T12:35:00+00:00,174.9,174.95,174.8,174.9,19
2024-07-11T12:40:00+00:00,174.9,174.95,174.9,174.9,57
2024-07-11T12:45:00+00:00,174.9,174.9,174.9,174.9,2
2024-07-11T12:50:00+00:00,174.9,174.9,174.4,174.4,101
2024-07-11T12:55:00+00:00,174.5,174.5,174.3,174.3,21
2024-07-11T13:00:00+00:00,174.4,174.6,174.4,174.6,13
2024-07-11T13:05:00+00:00,174.5,174.6,174.4,174.6,11
2024-07-11T13:10:00+00:00,174.4,174.4,174.4,174.4,20
2024-07-11T13:15:00+00:00,174.5,174.6,174.5,174.6,8
2024-07-11T13:20:00+00:00,174.6,174.6,174.6,174.6,1
2024-07-11T13:25:00+00:00,174.6,174.6,174.4,174.4,27
2024-07-11T13:30:00+00:00,174.6,174.6,174.6,174.6,6
2024-07-11T13:35:00+00:00,174.6,174.6,174.6,174.6,1
2024-07-11T13:40:00+00:00,174.6,174.6,174.6,174.6,11
2024-07-11T13:45:00+00:00,174.6,174.8,174.6,174.8,15
2024-07-11T13:50:00+00:00,174.8,175.0,174.8,174.8,219
2024-07-11T13:55:00+00:00,174.8,174.8,174.8,174.8,4
2024-07-11T14:05:00+00:00,174.8,174.95,172.85,173.1,510
2024-07-11T14:10:00+00:00,173.2,173.5,173.15,173.5,23
2024-07-11T14:15:00+00:00,173.6,173.65,173.6,173.65,12
2024-07-11T14:20:00+00:00,173.65,174.1,173.65,174.1,44
2024-07-11T14:25:00+00:00,174.1,174.1,173.9,173.9,2
2024-07-11T14:30:00+00:00,173.9,174.0,173.9,174.0,3
2024-07-11T14:35:00+00:00,174.0,174.0,174.0,174.0,1
2024-07-11T14:40:00+00:00,174.0,174.1,173.9,174.0,19
2024-07-11T14:45:00+00:00,174.1,174.1,174.0,174.0,10
2024-07-11T14:50:00+00:00,174.0,174.1,174.0,174.0,9
2024-07-11T15:00:00+00:00,174.1,174.1,174.1,174.1,3
2024-07-11T15:05:00+00:00,174.1,174.1,174.1,174.1,1
2024-07-11T15:10:00+00:00,174.0,174.2,174.0,174.1,28
2024-07-11T15:15:00+00:00,174.1,174.1,174.1,174.1,2
2024-07-11T15:20:00+00:00,174.1,174.3,174.1,174.3,11
2024-07-11T15:25:00+00:00,174.3,174.3,174.3,174.3,1
2024-07-11T15:30:00+00:00,174.3,174.85,174.3,174.7,65
2024-07-11T15:35:00+00:00,174.8,174.95,174.8,174.95,25
2024-07-11T15:45:00+00:00,174.8,174.8,174.8,174.8,5
2024-07-11T16:00:00+00:00,174.9,174.9,174.9,174.9,7
2024-07-11T16:05:00+00:00,174.95,174.95,174.95,174.95,9
2024-07-11T16:10:00+00:00,174.95,174.95,174.95,174.95,5
2024-07-11T16:15:00+00:00,174.95,174.95,174.95,174.95,5
2024-07-11T16:30:00+00:00,174.9,175.0,174.9,175.0,2
2024-07-11T16:35:00+00:00,175.0,175.0,175.0,175.0,5
2024-07-11T16:40:00+00:00,174.9,175.0,174.9,175.0,12
2024-07-11T16:45:00+00:00,174.9,175.0,174.6,174.6,35
2024-07-11T16:50:00+00:00,174.7,174.7,174.7,174.7,1
2024-07-11T16:55:00+00:00,174.7,174.7,174.05,174.1,83
2024-07-11T17:00:00+00:00,174.15,174.2,174.15,174.2,10
2024-07-11T17:05:00+00:00,174.3,174.4,174.3,174.4,6
2024-07-11T17:10:00+00:00,174.4,175.0,174.4,174.95,205
2024-07-11T17:15:00+00:00,174.95,174.95,174.8,174.8,6
2024-07-11T17:20:00+00:00,174.8,174.8,174.4,174.4,26
2024-07-11T17:25:00+00:00,174.4,174.4,174.3,174.3,11
2024-07-11T17:30:00+00:00,174.3,174.3,174.3,174.3,10
2024-07-11T17:45:00+00:00,174.3,174.3,174.2,174.2,12
2024-07-11T17:50:00+00:00,174.2,174.2,174.2,174.2,1
2024-07-11T17:55:00+00:00,174.1,174.2,174.1,174.2,7
2024-07-11T18:00:00+00:00,174.3,174.6,174.3,174.6,68
2024-07-11T18:10:00+00:00,174.5,174.5,174.5,174.5,1
2024-07-11T18:15:00+00:00,174.6,174.6,174.6,174.6,3
2024-07-11T18:20:00+00:00,174.6,174.85,174.6,174.85,77
2024-07-11T18:30:00+00:00,174.85,174.85,174.85,174.85,17
2024-07-11T18:40:00+00:00,174.85,174.85,174.85,174.85,1
2024-07-11T18:50:00+00:00,174.85,174.85,174.85,174.85,1
2024-07-11T18:55:00+00:00,174.8,174.85,174.75,174.85,9
2024-07-11T19:05:00+00:00,174.85,174.85,174.85,174.85,1
2024-07-11T19:15:00+00:00,174.85,174.9,174.3,174.3,160
2024-07-11T19:20:00+00:00,174.3,174.3,174.3,174.3,1
2024-07-11T19:25:00+00:00,174.25,174.25,174.25,174.25,1
2024-07-11T19:30:00+00:00,174.4,174.7,174.4,174.7,20
2024-07-11T19:35:00+00:00,174.8,175.0,174.15,174.95,2940
2024-07-11T19:40:00+00:00,175.0,175.0,175.0,175.0,68
2024-07-11T19:50:00+00:00,174.8,174.8,174.8,174.8,2
2024-07-11T19:55:00+00:00,174.9,175.0,174.5,174.5,70
2024-07-11T20:00:00+00:00,174.6,174.6,174.6,174.6,1
2024-07-11T20:05:00+00:00,174.6,174.7,174.6,174.7,9
2024-07-11T20:20:00+00:00,174.8,174.8,174.8,174.8,5
2024-07-11T20:25:00+00:00,174.9,174.9,174.9,174.9,2
2024-07-11T20:30:00+00:00,174.9,174.9,174.9,174.9,1
2024-07-11T20:35:00+00:00,174.8,174.8,174.25,174.4,65
2024-07-11T20:40:00+00:00,174.5,174.95,174.5,174.95,31
2024-07-12T07:00:00+00:00,175.0,175.7,175.0,175.6,59
2024-07-12T07:05:00+00:00,175.6,175.6,175.3,175.6,36
2024-07-12T07:10:00+00:00,175.5,183.2,175.5,181.6,855
2024-07-12T07:15:00+00:00,181.6,181.9,178.9,178.9,243
2024-07-12T07:20:00+00:00,179.0,179.6,178.8,179.3,73
2024-07-12T07:25:00+00:00,179.3,182.6,178.8,181.3,497
2024-07-12T07:30:00+00:00,181.3,181.3,179.7,179.8,129
2024-07-12T07:35:00+00:00,179.7,179.7,177.3,177.3,222
2024-07-12T07:40:00+00:00,177.2,177.2,176.4,176.6,157
2024-07-12T07:45:00+00:00,176.6,176.9,176.6,176.8,21
2024-07-12T07:50:00+00:00,176.8,176.8,175.15,175.45,2592
2024-07-12T07:55:00+00:00,175.45,175.6,175.45,175.55,41
2024-07-12T08:00:00+00:00,175.5,175.5,174.8,175.45,673
2024-07-12T08:05:00+00:00,174.9,175.4,174.8,175.1,116
2024-07-12T08:10:00+00:00,174.8,175.1,174.8,174.8,84
2024-07-12T08:15:00+00:00,174.85,175.1,174.8,174.85,130
2024-07-12T08:20:00+00:00,175.1,175.1,175.1,175.1,5
2024-07-12T08:25:00+00:00,175.1,175.4,174.85,175.4,87
2024-07-12T08:30:00+00:00,175.4,175.4,175.4,175.4,65
2024-07-12T08:35:00+00:00,175.35,178.4,175.35,177.5,2001
2024-07-12T08:40:00+00:00,177.5,178.6,175.65,175.65,788
2024-07-12T08:45:00+00:00,176.0,177.0,175.7,177.0,159
2024-07-12T08:50:00+00:00,177.0,182.0,177.0,180.4,1817
2024-07-12T08:55:00+00:00,180.3,180.3,179.6,179.7,46
2024-07-12T09:00:00+00:00,179.6,182.0,178.8,178.8,672
2024-07-12T09:05:00+00:00,178.8,179.6,178.7,179.6,50
2024-07-12T09:10:00+00:00,179.5,179.5,179.4,179.4,2
2024-07-12T09:15:00+00:00,179.5,182.0,179.5,181.1,435
2024-07-12T09:20:00+00:00,181.0,181.3,181.0,181.3,14
2024-07-12T09:25:00+00:00,181.2,181.2,181.1,181.1,5
2024-07-12T09:30:00+00:00,181.1,181.1,179.8,179.8,94
2024-07-12T09:35:00+00:00,179.8,179.8,178.75,178.75,139
2024-07-12T09:40:00+00:00,178.9,178.9,178.8,178.8,9
2024-07-12T09:45:00+00:00,178.9,182.9,178.9,182.9,1343
2024-07-12T09:50:00+00:00,181.3,181.5,180.7,180.8,129
2024-07-12T09:55:00+00:00,180.7,180.7,180.6,180.6,14
2024-07-12T10:00:00+00:00,180.7,185.6,180.7,185.1,1498
2024-07-12T10:05:00+00:00,185.2,185.2,183.5,183.7,134
2024-07-12T10:10:00+00:00,183.7,183.9,183.7,183.9,64
2024-07-12T10:15:00+00:00,183.9,183.9,183.6,183.7,43
2024-07-12T10:20:00+00:00,183.6,183.9,183.5,183.9,27
2024-07-12T10:25:00+00:00,183.8,183.8,183.1,183.2,48
2024-07-12T10:30:00+00:00,183.2,183.3,183.2,183.2,9
2024-07-12T10:35:00+00:00,183.2,183.3,183.1,183.1,23
2024-07-12T10:40:00+00:00,183.0,183.0,182.8,182.9,32
2024-07-12T10:45:00+00:00,182.8,183.0,182.5,182.9,76
2024-07-12T10:50:00+00:00,182.9,182.9,182.8,182.8,6
2024-07-12T10:55:00+00:00,182.7,183.0,182.7,183.0,32
2024-07-12T11:00:00+00:00,183.0,183.0,182.8,182.8,15
2024-07-12T11:05:00+00:00,182.9,183.0,182.9,183.0,60
2024-07-12T11:10:00+00:00,183.0,183.0,182.5,182.6,50
2024-07-12T11:15:00+00:00,182.6,183.0,182.0,182.0,209
2024-07-12T11:20:00+00:00,182.1,182.8,182.1,182.6,78
2024-07-12T11:25:00+00:00,182.7,182.7,182.6,182.6,2
2024-07-12T11:30:00+00:00,182.5,183.0,182.5,183.0,50
2024-07-12T11:35:00+00:00,183.0,183.0,182.6,182.6,15
2024-07-12T11:40:00+00:00,182.7,182.7,182.7,182.7,74
2024-07-12T11:45:00+00:00,182.7,184.0,182.7,184.0,200
2024-07-12T11:50:00+00:00,183.8,183.9,183.6,183.8,24
2024-07-12T11:55:00+00:00,183.8,183.8,183.2,183.2,41
2024-07-12T12:00:00+00:00,183.1,183.1,182.7,182.7,26
2024-07-12T12:05:00+00:00,182.6,182.6,182.0,182.0,107
2024-07-12T12:10:00+00:00,182.2,182.3,182.1,182.1,9
2024-07-12T12:15:00+00:00,182.1,183.3,181.7,182.4,838
2024-07-12T12:20:00+00:00,182.4,182.4,180.75,180.75,109
2024-07-12T12:25:00+00:00,180.9,181.1,180.9,181.1,22
2024-07-12T12:30:00+00:00,181.1,182.0,181.1,182.0,119
2024-07-12T12:35:00+00:00,182.0,182.0,181.9,181.9,42
2024-07-12T12:40:00+00:00,181.8,181.8,181.7,181.8,14
2024-07-12T12:45:00+00:00,181.7,181.8,181.4,181.5,25
2024-07-12T12:55:00+00:00,181.4,181.4,180.3,180.3,116
2024-07-12T13:00:00+00:00,180.3,180.3,180.3,180.3,30
2024-07-12T13:05:00+00:00,180.2,180.2,177.9,177.9,933
2024-07-12T13:10:00+00:00,177.9,177.9,175.95,175.95,245
2024-07-12T13:15:00+00:00,175.9,176.6,175.9,176.3,79
2024-07-12T13:20:00+00:00,176.2,176.3,176.0,176.3,42
2024-07-12T13:25:00+00:00,176.4,178.9,176.4,178.6,160
2024-07-12T13:30:00+00:00,178.5,178.5,177.2,177.3,127
2024-07-12T13:35:00+00:00,177.3,177.6,177.3,177.6,24
2024-07-12T13:40:00+00:00,177.5,177.6,177.5,177.6,4
2024-07-12T13:45:00+00:00,177.5,177.5,177.5,177.5,5
2024-07-12T13:50:00+00:00,177.6,177.7,177.3,177.3,48
2024-07-12T13:55:00+00:00,177.3,177.6,177.25,177.6,79
2024-07-12T14:00:00+00:00,177.5,177.7,177.5,177.7,3
2024-07-12T14:05:00+00:00,177.6,177.6,177.4,177.4,52
2024-07-12T14:10:00+00:00,177.3,177.3,177.3,177.3,10
2024-07-12T14:15:00+00:00,177.4,177.5,177.35,177.5,29
2024-07-12T14:20:00+00:00,177.4,177.6,177.4,177.6,8
2024-07-12T14:25:00+00:00,177.5,177.5,177.4,177.4,5
2024-07-12T14:30:00+00:00,177.4,177.4,177.4,177.4,10
2024-07-12T14:35:00+00:00,177.5,177.5,177.4,177.4,40
2024-07-12T14:40:00+00:00,177.4,177.75,177.4,177.75,23
2024-07-12T14:45:00+00:00,177.75,177.8,177.75,177.8,5
2024-07-12T14:50:00+00:00,177.7,177.7,177.3,177.3,102
2024-07-12T14:55:00+00:00,177.3,177.3,177.0,177.0,20
2024-07-12T15:00:00+00:00,177.1,177.1,176.4,176.6,159
2024-07-12T15:05:00+00:00,176.5,176.7,176.5,176.7,12
2024-07-12T15:10:00+00:00,176.6,176.7,176.5,176.7,10
2024-07-12T15:15:00+00:00,176.7,177.4,176.7,177.2,69
2024-07-12T15:20:00+00:00,177.15,177.15,176.5,176.5,89
2024-07-12T15:25:00+00:00,176.4,176.8,176.4,176.7,57
2024-07-12T15:30:00+00:00,176.7,177.0,176.7,177.0,26
2024-07-12T15:35:00+00:00,177.0,177.2,177.0,177.2,14
2024-07-12T15:45:00+00:00,177.3,177.3,177.3,177.3,1
2024-07-12T16:05:00+00:00,177.3,177.3,177.3,177.3,5
2024-07-12T16:10:00+00:00,177.35,177.35,177.35,177.35,1
2024-07-12T16:15:00+00:00,177.4,177.4,177.4,177.4,114
2024-07-12T16:20:00+00:00,177.4,177.4,177.4,177.4,3
2024-07-12T16:25:00+00:00,177.4,177.4,177.4,177.4,39
2024-07-12T16:30:00+00:00,177.4,177.4,177.4,177.4,77
2024-07-12T16:35:00+00:00,177.4,177.4,177.4,177.4,4
2024-07-12T16:50:00+00:00,177.4,177.4,177.3,177.3,2
2024-07-12T16:55:00+00:00,177.4,177.4,177.4,177.4,13
2024-07-12T17:00:00+00:00,177.4,177.4,177.4,177.4,7
2024-07-12T17:05:00+00:00,177.4,177.4,177.4,177.4,1
2024-07-12T17:15:00+00:00,177.3,177.4,177.3,177.4,11
2024-07-12T17:20:00+00:00,177.4,177.4,177.4,177.4,5
2024-07-12T17:25:00+00:00,177.4,177.4,177.4,177.4,11
2024-07-12T17:30:00+00:00,177.4,177.4,177.3,177.3,81
2024-07-12T17:35:00+00:00,177.3,177.4,177.3,177.4,56
2024-07-12T18:00:00+00:00,177.3,177.3,177.3,177.3,1
2024-07-12T18:05:00+00:00,177.3,177.3,177.3,177.3,1
2024-07-12T18:10:00+00:00,177.4,177.4,177.4,177.4,1
2024-07-12T18:20:00+00:00,177.4,177.4,177.0,177.35,65
2024-07-12T18:30:00+00:00,177.35,177.35,177.35,177.35,1
2024-07-12T18:35:00+00:00,177.35,177.35,177.35,177.35,1
2024-07-12T18:40:00+00:00,177.3,177.35,177.3,177.35,10
2024-07-12T18:45:00+00:00,177.35,177.35,177.35,177.35,1
2024-07-12T19:00:00+00:00,177.4,177.4,177.4,177.4,3
2024-07-12T19:15:00+00:00,177.4,177.4,177.4,177.4,1
2024-07-12T19:30:00+00:00,177.35,177.35,177.35,177.35,1
2024-07-12T19:35:00+00:00,177.35,177.35,177.35,177.35,3
2024-07-12T19:40:00+00:00,177.35,177.35,177.35,177.35,3
2024-07-12T19:50:00+00:00,177.2,177.2,177.1,177.2,12
2024-07-12T20:05:00+00:00,177.2,177.2,177.2,177.2,1
2024-07-12T20:10:00+00:00,177.2,177.2,177.2,177.2,2
2024-07-12T20:15:00+00:00,177.3,177.3,177.25,177.25,2
2024-07-12T20:25:00+00:00,177.3,177.3,177.3,177.3,1
2024-07-12T20:30:00+00:00,177.3,177.3,177.3,177.3,5
2024-07-12T20:40:00+00:00,177.35,177.35,177.35,177.35,25
2024-07-12T20:45:00+00:00,177.35,177.35,177.35,177.35,8
2024-07-15T06:55:00+00:00,177.5,177.5,177.5,177.5,10
2024-07-15T07:00:00+00:00,177.4,177.4,177.0,177.1,30
2024-07-15T07:05:00+00:00,177.1,177.1,177.0,177.0,8
2024-07-15T07:10:00+00:00,177.0,177.0,175.6,175.6,109
2024-07-15T07:15:00+00:00,175.5,175.5,174.85,175.0,63
2024-07-15T07:20:00+00:00,174.85,175.0,174.85,174.85,162
2024-07-15T07:25:00+00:00,175.0,175.0,174.8,175.0,63
2024-07-15T07:30:00+00:00,174.9,179.2,174.9,178.0,580
2024-07-15T07:35:00+00:00,177.9,177.9,177.6,177.7,28
2024-07-15T07:40:00+00:00,177.7,177.7,176.7,176.8,59
2024-07-15T07:45:00+00:00,176.8,176.8,176.7,176.7,6
2024-07-15T07:50:00+00:00,176.7,176.8,175.7,175.7,66
2024-07-15T07:55:00+00:00,175.8,175.8,175.6,175.8,15
2024-07-15T08:00:00+00:00,175.7,175.7,175.4,175.4,85
2024-07-15T08:05:00+00:00,175.6,177.85,175.6,177.1,177
2024-07-15T08:15:00+00:00,177.2,177.8,177.2,177.5,51
2024-07-15T08:20:00+00:00,177.6,177.85,177.6,177.7,35
2024-07-15T08:25:00+00:00,177.7,177.8,176.75,177.2,90
2024-07-15T08:30:00+00:00,177.3,177.3,177.2,177.2,2
2024-07-15T08:35:00+00:00,177.1,177.1,177.1,177.1,6
2024-07-15T08:40:00+00:00,177.05,177.2,177.05,177.2,8
2024-07-15T08:45:00+00:00,177.2,177.2,177.2,177.2,3
2024-07-15T08:50:00+00:00,177.3,177.3,177.2,177.2,2
2024-07-15T08:55:00+00:00,177.3,177.3,177.1,177.1,29
2024-07-15T09:00:00+00:00,177.1,177.1,177.1,177.1,2
2024-07-15T09:05:00+00:00,177.2,177.2,177.2,177.2,2
2024-07-15T09:10:00+00:00,177.2,177.3,177.2,177.3,7
2024-07-15T09:15:00+00:00,177.3,177.3,177.3,177.3,2
2024-07-15T09:20:00+00:00,177.4,177.4,177.4,177.4,3
2024-07-15T09:25:00+00:00,177.3,177.3,177.3,177.3,25
2024-07-15T09:30:00+00:00,177.35,177.4,177.3,177.3,8
2024-07-15T09:35:00+00:00,177.3,177.5,177.3,177.5,9
2024-07-15T09:50:00+00:00,177.4,177.5,177.3,177.5,18
2024-07-15T09:55:00+00:00,177.5,177.5,177.5,177.5,21
2024-07-15T10:00:00+00:00,177.35,177.35,177.2,177.2,50
2024-07-15T10:05:00+00:00,177.3,177.5,177.3,177.5,45
2024-07-15T10:10:00+00:00,177.45,177.8,177.45,177.8,192
2024-07-15T10:15:00+00:00,177.85,177.85,177.85,177.85,1
2024-07-15T10:20:00+00:00,177.8,177.85,177.8,177.8,90
2024-07-15T10:25:00+00:00,177.7,177.8,177.7,177.8,7
2024-07-15T10:30:00+00:00,177.6,177.6,177.6,177.6,1
2024-07-15T10:35:00+00:00,177.7,177.8,177.7,177.8,2
2024-07-15T10:45:00+00:00,177.7,177.7,177.7,177.7,1
2024-07-15T10:50:00+00:00,177.6,177.6,176.6,176.6,82
2024-07-15T10:55:00+00:00,176.6,176.7,176.6,176.6,14
2024-07-15T11:00:00+00:00,176.8,177.0,176.6,176.6,41
2024-07-15T11:10:00+00:00,176.6,176.6,176.6,176.6,2
2024-07-15T11:15:00+00:00,176.6,176.6,176.6,176.6,45
2024-07-15T11:20:00+00:00,176.7,176.7,176.7,176.7,2
2024-07-15T11:25:00+00:00,176.6,176.6,176.5,176.5,89
2024-07-15T11:30:00+00:00,176.5,176.5,176.5,176.5,1
2024-07-15T11:40:00+00:00,176.6,176.6,176.6,176.6,5
2024-07-15T11:45:00+00:00,176.6,176.6,176.5,176.6,7
2024-07-15T11:50:00+00:00,176.5,176.5,176.5,176.5,12
2024-07-15T11:55:00+00:00,176.55,177.0,176.55,177.0,29
2024-07-15T12:00:00+00:00,177.0,177.0,177.0,177.0,1
2024-07-15T12:05:00+00:00,177.0,177.0,177.0,177.0,4
2024-07-15T12:10:00+00:00,177.0,177.0,177.0,177.0,8
2024-07-15T12:15:00+00:00,177.1,177.4,177.1,177.4,21
2024-07-15T12:20:00+00:00,177.3,177.3,177.3,177.3,1
2024-07-15T12:30:00+00:00,177.3,177.3,176.5,176.5,582
2024-07-15T12:35:00+00:00,176.5,176.5,175.8,175.8,133
2024-07-15T12:40:00+00:00,175.8,175.9,175.8,175.9,93
2024-07-15T12:45:00+00:00,175.8,176.0,175.8,175.8,9
2024-07-15T12:50:00+00:00,175.8,175.8,175.8,175.8,1
2024-07-15T12:55:00+00:00,175.75,175.75,175.6,175.6,140
2024-07-15T13:00:00+00:00,175.6,175.6,175.6,175.6,1
2024-07-15T13:05:00+00:00,175.8,176.0,175.8,176.0,20
2024-07-15T13:10:00+00:00,176.1,176.85,176.1,176.3,99
2024-07-15T13:15:00+00:00,176.4,176.7,176.4,176.7,20
2024-07-15T13:20:00+00:00,176.6,176.6,176.5,176.5,9
2024-07-15T13:25:00+00:00,176.6,176.6,176.5,176.5,5
2024-07-15T13:30:00+00:00,176.7,176.8,176.7,176.7,13
2024-07-15T13:55:00+00:00,176.6,176.6,176.6,176.6,5
2024-07-15T14:00:00+00:00,176.5,176.7,176.5,176.7,44
2024-07-15T14:05:00+00:00,176.7,176.7,176.7,176.7,1
2024-07-15T14:10:00+00:00,176.6,176.7,176.5,176.7,25
2024-07-15T14:15:00+00:00,176.7,177.0,176.7,177.0,41
2024-07-15T14:20:00+00:00,177.0,177.0,176.7,176.7,62
2024-07-15T14:25:00+00:00,176.6,176.8,176.5,176.8,138
2024-07-15T14:30:00+00:00,176.7,176.7,176.7,176.7,5
2024-07-15T14:40:00+00:00,176.7,176.7,176.6,176.6,4
2024-07-15T14:45:00+00:00,176.6,176.6,176.5,176.5,9
2024-07-15T14:50:00+00:00,176.5,176.7,176.5,176.7,4
2024-07-15T14:55:00+00:00,176.5,176.7,176.5,176.7,4
2024-07-15T15:00:00+00:00,176.6,176.6,176.3,176.3,49
2024-07-15T15:05:00+00:00,176.2,176.2,176.0,176.0,41
2024-07-15T15:10:00+00:00,176.0,176.1,176.0,176.0,22
2024-07-15T15:15:00+00:00,176.0,176.0,176.0,176.0,6
2024-07-15T15:20:00+00:00,176.0,176.0,175.6,175.6,45
2024-07-15T15:25:00+00:00,175.6,175.6,175.6,175.6,8
2024-07-15T15:30:00+00:00,175.5,175.5,175.4,175.4,8
2024-07-15T15:35:00+00:00,175.4,175.4,175.4,175.4,1
2024-07-15T15:45:00+00:00,176.0,176.0,176.0,176.0,40
2024-07-15T16:25:00+00:00,175.8,175.8,174.8,175.1,411
2024-07-15T16:30:00+00:00,175.0,175.0,174.8,175.0,73
2024-07-15T16:35:00+00:00,175.05,175.05,175.05,175.05,20
2024-07-15T16:45:00+00:00,175.05,175.05,175.05,175.05,1
2024-07-15T16:55:00+00:00,175.1,175.3,175.1,175.3,15
2024-07-15T17:15:00+00:00,175.3,175.3,175.3,175.3,1
2024-07-15T17:25:00+00:00,175.2,175.7,175.2,175.7,21
2024-07-15T17:30:00+00:00,175.8,175.8,175.8,175.8,5
2024-07-15T17:35:00+00:00,175.9,176.0,175.9,176.0,13
2024-07-15T17:40:00+00:00,175.8,175.8,175.6,175.6,15
2024-07-15T17:45:00+00:00,175.6,175.6,175.5,175.5,7
2024-07-15T17:50:00+00:00,175.4,175.4,175.1,175.1,72
2024-07-15T18:00:00+00:00,175.2,175.2,175.2,175.2,5
2024-07-15T18:05:00+00:00,175.1,175.1,175.1,175.1,15
2024-07-15T18:15:00+00:00,175.1,175.1,175.1,175.1,1
2024-07-15T18:20:00+00:00,175.1,175.1,175.1,175.1,5
2024-07-15T18:40:00+00:00,175.2,175.9,175.2,175.9,40
2024-07-15T18:45:00+00:00,175.8,175.8,175.8,175.8,5
2024-07-15T18:50:00+00:00,175.9,175.9,175.9,175.9,1
2024-07-15T19:05:00+00:00,175.9,175.9,175.9,175.9,20
2024-07-15T19:10:00+00:00,175.9,177.1,175.9,176.0,351
2024-07-15T19:15:00+00:00,176.0,176.8,175.8,176.5,113
2024-07-15T19:20:00+00:00,176.8,176.9,176.8,176.9,14
2024-07-15T19:25:00+00:00,177.0,177.0,177.0,177.0,1
2024-07-15T19:35:00+00:00,177.0,177.0,177.0,177.0,1
2024-07-15T19:40:00+00:00,176.9,176.9,176.8,176.8,7
2024-07-15T19:45:00+00:00,176.9,177.3,176.9,177.3,52
2024-07-15T19:55:00+00:00,177.2,177.2,177.0,177.0,15
2024-07-15T20:05:00+00:00,176.9,176.9,176.9,176.9,2
2024-07-15T20:20:00+00:00,177.0,177.0,177.0,177.0,1
2024-07-15T20:25:00+00:00,176.9,176.9,176.8,176.9,9
2024-07-15T20:35:00+00:00,176.9,176.9,176.9,176.9,10
2024-07-15T20:40:00+00:00,176.9,176.9,176.9,176.9,29
2024-07-15T20:45:00+00:00,176.8,176.8,176.6,176.8,15
2024-07-16T07:00:00+00:00,176.75,176.75,176.75,176.75,20
2024-07-16T07:05:00+00:00,176.7,176.7,176.6,176.6,10
2024-07-16T07:10:00+00:00,176.6,176.6,176.55,176.55,34
2024-07-16T07:15:00+00:00,176.55,176.55,176.3,176.3,16
2024-07-16T07:20:00+00:00,176.25,176.25,176.1,176.1,8
2024-07-16T07:25:00+00:00,176.1,176.1,176.1,176.1,18
2024-07-16T07:30:00+00:00,176.1,176.1,176.1,176.1,67
2024-07-16T07:35:00+00:00,176.15,176.2,176.15,176.2,51
2024-07-16T07:40:00+00:00,176.2,176.2,175.8,176.0,1616
2024-07-16T07:45:00+00:00,176.0,176.1,176.0,176.0,3933
2024-07-16T07:50:00+00:00,175.9,175.9,175.9,175.9,1
2024-07-16T07:55:00+00:00,175.9,176.0,175.7,175.8,20
2024-07-16T08:00:00+00:00,175.7,175.7,175.5,175.55,12
2024-07-16T08:05:00+00:00,175.6,175.9,175.6,175.9,12
2024-07-16T08:10:00+00:00,175.8,175.8,175.7,175.8,4
2024-07-16T08:15:00+00:00,175.9,175.9,175.7,175.7,9
2024-07-16T08:20:00+00:00,175.6,175.7,175.55,175.7,8
2024-07-16T08:25:00+00:00,175.6,175.6,175.6,175.6,2
2024-07-16T08:30:00+00:00,175.65,176.0,175.65,176.0,22
2024-07-16T08:35:00+00:00,175.8,175.9,175.6,175.6,21
2024-07-16T08:40:00+00:00,175.7,175.7,175.5,175.5,25
2024-07-16T08:45:00+00:00,175.6,175.6,175.1,175.1,91
2024-07-16T08:50:00+00:00,175.1,175.4,175.1,175.4,29
2024-07-16T08:55:00+00:00,175.3,176.0,175.3,176.0,61
2024-07-16T09:00:00+00:00,176.0,176.0,176.0,176.0,24
2024-07-16T09:05:00+00:00,175.9,176.0,175.9,176.0,1079
2024-07-16T09:10:00+00:00,176.0,176.0,175.5,175.5,22
2024-07-16T09:15:00+00:00,175.5,175.5,175.3,175.4,23
2024-07-16T09:20:00+00:00,175.5,175.5,175.3,175.3,18
2024-07-16T09:30:00+00:00,175.4,175.5,175.4,175.5,5
2024-07-16T09:35:00+00:00,175.5,175.9,175.3,175.9,66
2024-07-16T09:40:00+00:00,175.8,175.9,175.8,175.8,34
2024-07-16T09:45:00+00:00,175.95,176.0,175.85,175.85,139
2024-07-16T10:00:00+00:00,175.95,175.95,175.85,175.85,30
2024-07-16T10:15:00+00:00,175.85,175.85,175.85,175.85,1
2024-07-16T10:20:00+00:00,175.85,176.0,175.85,176.0,431
2024-07-16T10:25:00+00:00,175.9,176.0,175.8,175.8,265
2024-07-16T10:30:00+00:00,175.8,175.8,175.8,175.8,4
2024-07-16T10:35:00+00:00,175.7,175.7,175.3,175.3,21
2024-07-16T10:40:00+00:00,175.3,175.3,175.2,175.2,9
2024-07-16T10:45:00+00:00,175.1,175.1,175.0,175.0,35
2024-07-16T10:50:00+00:00,175.2,175.2,175.0,175.0,6
2024-07-16T10:55:00+00:00,175.0,175.2,175.0,175.2,47
2024-07-16T11:00:00+00:00,175.2,175.2,175.2,175.2,3
2024-07-16T11:05:00+00:00,175.3,175.3,175.2,175.2,13
2024-07-16T11:10:00+00:00,175.2,175.2,175.1,175.1,5
2024-07-16T11:15:00+00:00,175.2,175.2,175.2,175.2,4
2024-07-16T11:20:00+00:00,175.3,175.3,174.0,174.2,1004
2024-07-16T11:25:00+00:00,174.2,174.2,174.0,174.0,11
2024-07-16T11:30:00+00:00,174.0,174.2,174.0,174.1,5
2024-07-16T11:35:00+00:00,174.0,174.5,174.0,174.5,23
2024-07-16T11:40:00+00:00,174.5,174.5,174.2,174.2,14
2024-07-16T11:45:00+00:00,174.3,174.4,174.3,174.3,3
2024-07-16T11:50:00+00:00,174.3,174.8,174.3,174.8,30
2024-07-16T11:55:00+00:00,174.9,174.9,174.9,174.9,3
2024-07-16T12:00:00+00:00,174.9,175.2,174.9,175.2,200
2024-07-16T12:05:00+00:00,175.1,175.1,174.9,174.9,13
2024-07-16T12:10:00+00:00,175.0,175.0,174.85,174.85,7
2024-07-16T12:15:00+00:00,175.0,175.1,174.9,174.9,9
2024-07-16T12:20:00+00:00,174.9,175.2,174.85,175.0,305
2024-07-16T12:25:00+00:00,174.9,174.9,172.0,172.2,1552
2024-07-16T12:30:00+00:00,172.2,172.6,172.2,172.5,28
2024-07-16T12:35:00+00:00,172.55,172.55,172.1,172.1,44
2024-07-16T12:40:00+00:00,172.1,172.1,172.1,172.1,61
2024-07-16T12:45:00+00:00,172.1,172.1,172.1,172.1,1
2024-07-16T12:50:00+00:00,172.1,172.1,172.0,172.1,13
2024-07-16T12:55:00+00:00,172.1,172.1,172.0,172.1,7
2024-07-16T13:00:00+00:00,172.0,172.1,172.0,172.1,4
2024-07-16T13:05:00+00:00,172.0,172.1,172.0,172.0,3
2024-07-16T13:10:00+00:00,172.1,172.1,172.0,172.1,174
2024-07-16T13:15:00+00:00,172.1,172.1,172.1,172.1,7
2024-07-16T13:20:00+00:00,172.1,172.1,172.1,172.1,4
2024-07-16T13:25:00+00:00,172.05,172.05,172.05,172.05,7
2024-07-16T13:40:00+00:00,172.1,172.4,172.05,172.4,33
2024-07-16T13:50:00+00:00,172.3,172.3,172.0,172.3,85
2024-07-16T13:55:00+00:00,172.35,172.35,172.35,172.35,4
2024-07-16T14:00:00+00:00,172.35,172.4,172.35,172.4,4
2024-07-16T14:05:00+00:00,172.4,172.4,172.4,172.4,19
2024-07-16T14:10:00+00:00,172.45,172.5,172.0,172.0,76
2024-07-16T14:15:00+00:00,172.0,172.15,172.0,172.15,7
2024-07-16T14:20:00+00:00,172.0,172.0,172.0,172.0,18
2024-07-16T14:25:00+00:00,172.0,172.05,172.0,172.05,34
2024-07-16T14:30:00+00:00,172.05,172.05,172.05,172.05,9
2024-07-16T14:35:00+00:00,172.05,172.1,172.05,172.05,43
2024-07-16T14:40:00+00:00,172.05,172.05,172.05,172.05,4
2024-07-16T14:50:00+00:00,172.05,172.05,172.05,172.05,30
2024-07-16T14:55:00+00:00,172.15,172.45,172.15,172.45,19
2024-07-16T15:00:00+00:00,172.45,173.3,172.45,173.3,60
2024-07-16T15:05:00+00:00,173.4,173.6,173.3,173.5,109
2024-07-16T15:10:00+00:00,173.5,175.0,173.5,175.0,1502
2024-07-16T15:15:00+00:00,174.95,174.95,174.5,174.5,125
2024-07-16T15:20:00+00:00,174.7,175.0,174.4,174.5,531
2024-07-16T15:25:00+00:00,174.5,175.0,174.4,174.9,131
2024-07-16T15:30:00+00:00,175.0,175.0,174.5,175.0,260
2024-07-16T15:35:00+00:00,175.0,175.0,175.0,175.0,133
2024-07-16T15:45:00+00:00,175.0,175.0,175.0,175.0,9
2024-07-16T16:00:00+00:00,175.0,175.0,175.0,175.0,10
2024-07-16T16:05:00+00:00,175.0,175.0,174.5,174.95,71
2024-07-16T16:10:00+00:00,174.8,174.95,174.5,174.7,50
2024-07-16T16:15:00+00:00,174.6,174.95,174.5,174.7,67
2024-07-16T16:20:00+00:00,174.6,175.0,174.6,175.0,41
2024-07-16T16:25:00+00:00,175.0,175.0,174.8,174.8,62
2024-07-16T16:30:00+00:00,174.9,175.0,174.8,174.8,101
2024-07-16T16:35:00+00:00,174.9,175.0,174.9,175.0,21
2024-07-16T16:40:00+00:00,175.0,175.0,175.0,175.0,7
2024-07-16T16:45:00+00:00,175.0,175.0,174.9,175.0,176
2024-07-16T16:50:00+00:00,175.0,175.0,175.0,175.0,63
2024-07-16T16:55:00+00:00,174.8,174.8,174.8,174.8,20
2024-07-16T17:00:00+00:00,174.9,174.9,174.9,174.9,2
2024-07-16T17:05:00+00:00,175.0,175.0,175.0,175.0,1
2024-07-16T17:10:00+00:00,175.0,175.0,175.0,175.0,3
2024-07-16T17:15:00+00:00,174.8,175.0,174.8,175.0,27
2024-07-16T17:20:00+00:00,175.0,175.0,175.0,175.0,1
2024-07-16T17:25:00+00:00,175.0,175.0,174.8,174.8,79
2024-07-16T17:30:00+00:00,175.0,175.0,175.0,175.0,10
2024-07-16T17:35:00+00:00,174.8,174.8,174.8,174.8,13
2024-07-16T17:45:00+00:00,175.0,175.0,175.0,175.0,15
2024-07-16T17:50:00+00:00,175.0,175.0,175.0,175.0,2
2024-07-16T18:00:00+00:00,175.0,175.0,175.0,175.0,1
2024-07-16T18:05:00+00:00,175.0,175.0,175.0,175.0,100
2024-07-16T18:10:00+00:00,175.0,175.0,175.0,175.0,6
2024-07-16T18:20:00+00:00,174.8,174.8,174.8,174.8,1
2024-07-16T18:25:00+00:00,175.0,175.0,175.0,175.0,5
2024-07-16T18:30:00+00:00,175.0,175.0,175.0,175.0,2139
2024-07-16T18:35:00+00:00,175.0,175.0,175.0,175.0,4
2024-07-16T18:40:00+00:00,175.0,175.0,175.0,175.0,1
2024-07-16T18:50:00+00:00,175.0,175.0,175.0,175.0,8
2024-07-16T18:55:00+00:00,174.9,175.0,174.9,175.0,47
2024-07-16T19:00:00+00:00,175.0,175.0,175.0,175.0,2
2024-07-16T19:10:00+00:00,174.9,174.9,174.9,174.9,4
2024-07-16T19:25:00+00:00,174.9,175.0,174.9,175.0,88
2024-07-16T19:30:00+00:00,175.0,175.0,175.0,175.0,14
2024-07-16T19:35:00+00:00,174.9,174.9,174.9,174.9,5
2024-07-16T19:40:00+00:00,175.0,175.0,175.0,175.0,1001
2024-07-16T19:45:00+00:00,175.0,175.1,175.0,175.1,242
2024-07-16T19:50:00+00:00,175.0,175.0,174.5,174.5,60
2024-07-16T19:55:00+00:00,174.7,174.7,174.7,174.7,1
2024-07-16T20:00:00+00:00,174.7,174.8,174.7,174.8,3
2024-07-16T20:05:00+00:00,174.9,174.9,174.9,174.9,2
2024-07-16T20:10:00+00:00,175.0,175.1,175.0,175.1,3
2024-07-16T20:15:00+00:00,175.1,175.75,175.1,175.7,18
2024-07-16T20:20:00+00:00,175.6,175.6,175.5,175.5,3
2024-07-16T20:25:00+00:00,175.6,175.6,175.6,175.6,2
2024-07-16T20:30:00+00:00,175.6,175.6,175.6,175.6,1
2024-07-16T20:35:00+00:00,175.6,175.6,175.6,175.6,4
2024-07-16T20:45:00+00:00,175.6,175.6,175.15,175.3,22
2024-07-17T07:00:00+00:00,175.2,175.2,174.7,174.8,15
2024-07-17T07:05:00+00:00,174.75,174.9,174.3,174.3,21
2024-07-17T07:10:00+00:00,174.4,174.5,174.3,174.4,42
2024-07-17T07:15:00+00:00,174.3,174.3,174.3,174.3,3
2024-07-17T07:20:00+00:00,174.3,175.0,174.25,175.0,17
2024-07-17T07:25:00+00:00,175.0,175.0,174.9,174.9,64
2024-07-17T07:30:00+00:00,174.9,174.9,174.9,174.9,1
2024-07-17T07:35:00+00:00,174.8,174.8,174.5,174.5,19
2024-07-17T07:40:00+00:00,174.5,174.5,174.0,174.0,150
2024-07-17T07:45:00+00:00,174.1,174.5,173.9,174.1,119
2024-07-17T07:50:00+00:00,174.2,174.3,174.2,174.3,4
2024-07-17T07:55:00+00:00,174.4,174.4,174.05,174.05,18
2024-07-17T08:00:00+00:00,174.2,174.45,174.2,174.45,12
2024-07-17T08:10:00+00:00,174.45,174.45,174.45,174.45,3
2024-07-17T08:15:00+00:00,174.3,174.3,174.3,174.3,2
2024-07-17T08:20:00+00:00,174.35,174.5,174.35,174.35,18
2024-07-17T08:25:00+00:00,174.35,174.5,174.35,174.5,2
2024-07-17T08:30:00+00:00,174.5,174.5,174.5,174.5,2
2024-07-17T08:35:00+00:00,174.5,174.5,174.5,174.5,1
2024-07-17T08:40:00+00:00,174.5,174.5,174.5,174.5,5
2024-07-17T08:45:00+00:00,174.4,174.5,174.4,174.5,30
2024-07-17T08:50:00+00:00,174.5,174.5,174.45,174.5,49
2024-07-17T08:55:00+00:00,174.5,174.5,174.4,174.5,133
2024-07-17T09:00:00+00:00,174.5,174.5,174.4,174.4,506
2024-07-17T09:05:00+00:00,174.5,174.5,174.45,174.45,6
2024-07-17T09:10:00+00:00,174.45,174.45,174.4,174.4,19
2024-07-17T09:15:00+00:00,174.4,174.5,174.4,174.5,127
2024-07-17T09:20:00+00:00,174.5,174.5,174.4,174.4,2
2024-07-17T09:25:00+00:00,174.5,174.5,174.4,174.4,18
2024-07-17T09:30:00+00:00,174.5,174.5,174.5,174.5,50
2024-07-17T09:35:00+00:00,174.5,174.5,174.5,174.5,9
2024-07-17T09:40:00+00:00,174.4,174.4,174.4,174.4,5
2024-07-17T09:45:00+00:00,174.5,174.5,174.4,174.4,406
2024-07-17T09:50:00+00:00,174.5,174.5,174.4,174.5,35
2024-07-17T09:55:00+00:00,174.5,174.5,174.5,174.5,12
2024-07-17T10:00:00+00:00,174.5,174.5,174.5,174.5,57
2024-07-17T10:05:00+00:00,174.5,174.5,174.45,174.45,4
2024-07-17T10:15:00+00:00,174.45,174.45,174.45,174.45,10
2024-07-17T10:25:00+00:00,174.5,174.5,174.4,174.4,76
2024-07-17T10:30:00+00:00,174.5,174.5,174.5,174.5,2
2024-07-17T10:40:00+00:00,174.5,174.5,174.5,174.5,2
2024-07-17T10:45:00+00:00,174.5,174.5,174.5,174.5,6
2024-07-17T10:50:00+00:00,174.5,174.5,174.5,174.5,1
2024-07-17T10:55:00+00:00,174.5,174.5,174.5,174.5,6
2024-07-17T11:00:00+00:00,174.4,174.4,174.4,174.4,3
2024-07-17T11:05:00+00:00,174.4,174.4,174.4,174.4,12
2024-07-17T11:10:00+00:00,174.5,174.5,174.5,174.5,220
2024-07-17T11:15:00+00:00,174.4,174.4,174.4,174.4,3
2024-07-17T11:20:00+00:00,174.4,174.4,174.4,174.4,1
2024-07-17T11:25:00+00:00,174.5,174.5,174.5,174.5,11
2024-07-17T11:35:00+00:00,174.5,174.5,174.5,174.5,11
2024-07-17T11:40:00+00:00,174.5,174.5,174.5,174.5,4
2024-07-17T11:45:00+00:00,174.4,174.4,174.0,174.0,579
2024-07-17T11:50:00+00:00,173.9,174.0,173.9,174.0,21
2024-07-17T11:55:00+00:00,173.95,173.95,173.95,173.95,10
2024-07-17T12:00:00+00:00,173.9,173.95,173.9,173.95,50
2024-07-17T12:05:00+00:00,174.0,174.0,174.0,174.0,101
2024-07-17T12:10:00+00:00,174.0,174.0,174.0,174.0,194
2024-07-17T12:15:00+00:00,173.95,173.95,173.95,173.95,2
2024-07-17T12:20:00+00:00,174.0,174.0,173.95,173.95,29
2024-07-17T12:25:00+00:00,173.95,174.0,173.9,173.9,45
2024-07-17T12:30:00+00:00,173.9,174.0,173.8,173.9,31
2024-07-17T12:35:00+00:00,173.8,173.8,173.1,173.4,58
2024-07-17T12:40:00+00:00,173.5,173.5,173.0,173.0,73
2024-07-17T12:45:00+00:00,173.0,173.1,172.95,172.95,47
2024-07-17T12:50:00+00:00,173.1,173.1,172.9,172.9,39
2024-07-17T12:55:00+00:00,172.95,173.1,172.9,172.9,44
2024-07-17T13:00:00+00:00,173.1,173.1,172.9,172.9,30
2024-07-17T13:05:00+00:00,172.9,172.95,172.9,172.9,138
2024-07-17T13:10:00+00:00,173.0,173.0,172.9,172.9,31
2024-07-17T13:15:00+00:00,172.9,172.9,172.9,172.9,42
2024-07-17T13:20:00+00:00,172.9,173.0,172.9,172.9,39
2024-07-17T13:25:00+00:00,172.9,172.9,172.9,172.9,42
2024-07-17T13:30:00+00:00,172.9,172.9,172.7,172.7,25
2024-07-17T13:35:00+00:00,172.8,172.9,172.7,172.9,4
2024-07-17T13:40:00+00:00,172.8,173.25,172.8,172.85,46
2024-07-17T13:45:00+00:00,172.8,172.9,172.7,172.9,7
2024-07-17T13:50:00+00:00,172.9,172.9,172.8,172.8,13
2024-07-17T13:55:00+00:00,172.9,172.9,172.8,172.8,5
2024-07-17T14:00:00+00:00,172.9,173.0,172.7,172.7,7
2024-07-17T14:05:00+00:00,172.7,173.1,172.7,172.8,13
2024-07-17T14:10:00+00:00,172.9,172.9,172.8,172.9,6
2024-07-17T14:15:00+00:00,172.8,173.3,172.8,173.3,38
2024-07-17T14:20:00+00:00,173.3,173.3,172.75,172.75,275
2024-07-17T14:25:00+00:00,172.9,172.9,172.9,172.9,2
2024-07-17T14:30:00+00:00,173.0,173.0,172.8,172.8,48
2024-07-17T14:35:00+00:00,172.7,172.7,172.0,172.0,423
2024-07-17T14:40:00+00:00,171.95,172.0,171.5,171.5,272
2024-07-17T14:45:00+00:00,171.4,171.5,171.4,171.5,162
2024-07-17T14:50:00+00:00,171.5,171.5,171.4,171.5,75
2024-07-17T14:55:00+00:00,171.5,171.5,171.5,171.5,485
2024-07-17T15:00:00+00:00,171.5,171.5,171.5,171.5,22
2024-07-17T15:05:00+00:00,171.45,171.5,171.45,171.5,7
2024-07-17T15:10:00+00:00,171.5,171.7,171.5,171.7,433
2024-07-17T15:20:00+00:00,171.7,171.9,171.7,171.9,5
2024-07-17T15:30:00+00:00,172.0,172.6,172.0,172.6,21
2024-07-17T15:45:00+00:00,172.5,172.5,172.5,172.5,7
2024-07-17T16:05:00+00:00,172.45,172.45,172.45,172.45,1
2024-07-17T16:10:00+00:00,172.45,172.45,172.4,172.4,2
2024-07-17T16:15:00+00:00,172.4,172.4,172.4,172.4,1
2024-07-17T16:20:00+00:00,172.4,172.4,172.4,172.4,2
2024-07-17T16:25:00+00:00,172.4,172.4,172.4,172.4,4
2024-07-17T16:30:00+00:00,172.3,172.3,172.05,172.05,9
2024-07-17T16:35:00+00:00,172.1,172.1,172.05,172.05,13
2024-07-17T16:40:00+00:00,172.05,172.05,172.05,172.05,17
2024-07-17T16:55:00+00:00,172.05,172.05,172.05,172.05,1
2024-07-17T17:00:00+00:00,172.0,172.05,172.0,172.0,8
2024-07-17T17:10:00+00:00,172.0,172.0,172.0,172.0,2
2024-07-17T17:20:00+00:00,172.05,172.05,172.05,172.05,8
2024-07-17T17:30:00+00:00,172.05,172.05,172.05,172.05,3
2024-07-17T17:35:00+00:00,172.05,172.05,172.05,172.05,1
2024-07-17T17:40:00+00:00,172.0,172.0,171.95,171.95,3
2024-07-17T17:50:00+00:00,172.05,172.05,172.05,172.05,15
2024-07-17T17:55:00+00:00,172.05,172.1,172.05,172.1,5
2024-07-17T18:00:00+00:00,172.0,172.1,172.0,172.0,3
2024-07-17T18:05:00+00:00,172.0,172.0,172.0,172.0,1
2024-07-17T18:15:00+00:00,172.0,172.0,171.95,171.95,4
2024-07-17T18:30:00+00:00,171.95,172.0,171.8,171.9,9
2024-07-17T18:35:00+00:00,171.8,171.8,171.8,171.8,1
2024-07-17T18:45:00+00:00,171.85,171.85,171.85,171.85,1
2024-07-17T18:50:00+00:00,172.0,172.0,172.0,172.0,2
2024-07-17T19:55:00+00:00,172.1,172.1,172.1,172.1,2
2024-07-17T20:10:00+00:00,172.1,172.2,172.0,172.2,16
2024-07-17T20:15:00+00:00,172.3,172.3,172.3,172.3,2
2024-07-17T20:20:00+00:00,172.4,172.5,172.4,172.5,4
2024-07-17T20:30:00+00:00,172.4,172.5,172.0,172.0,101
2024-07-18T06:55:00+00:00,172.3,172.3,172.3,172.3,7
2024-07-18T07:00:00+00:00,172.35,172.45,172.35,172.35,63
2024-07-18T07:05:00+00:00,172.4,173.7,172.4,173.65,84
2024-07-18T07:10:00+00:00,173.7,180.0,173.6,179.2,1264
2024-07-18T07:15:00+00:00,179.1,179.2,175.5,176.7,980
2024-07-18T07:20:00+00:00,176.7,176.85,175.4,175.5,115
2024-07-18T07:25:00+00:00,175.4,176.0,175.25,176.0,37
2024-07-18T07:30:00+00:00,176.0,176.8,176.0,176.2,135
2024-07-18T07:35:00+00:00,176.2,176.4,175.95,176.4,78
2024-07-18T07:40:00+00:00,176.4,176.5,176.3,176.3,82
2024-07-18T07:45:00+00:00,176.3,176.4,175.95,175.95,20
2024-07-18T07:50:00+00:00,176.0,176.0,176.0,176.0,1
2024-07-18T07:55:00+00:00,175.95,176.0,175.7,175.7,113
2024-07-18T08:05:00+00:00,175.7,175.7,174.4,174.6,360
2024-07-18T08:10:00+00:00,174.8,175.3,174.8,175.2,13
2024-07-18T08:15:00+00:00,175.3,175.8,175.3,175.8,20
2024-07-18T08:20:00+00:00,175.8,176.6,175.8,176.6,66
2024-07-18T08:25:00+00:00,176.7,176.75,175.85,175.85,83
2024-07-18T08:30:00+00:00,175.8,175.8,174.55,174.7,112
2024-07-18T08:35:00+00:00,174.75,175.1,174.75,175.1,20
2024-07-18T08:40:00+00:00,175.1,175.2,175.1,175.2,16
2024-07-18T08:45:00+00:00,175.3,176.0,175.3,176.0,19
2024-07-18T08:50:00+00:00,176.0,176.1,176.0,176.1,4
2024-07-18T08:55:00+00:00,176.1,176.75,176.1,176.75,104
2024-07-18T09:00:00+00:00,176.6,176.6,176.1,176.6,124
2024-07-18T09:05:00+00:00,176.6,176.75,176.6,176.75,5
2024-07-18T09:10:00+00:00,176.75,176.9,176.75,176.9,292
2024-07-18T09:15:00+00:00,176.9,177.1,176.9,177.1,135
2024-07-18T09:20:00+00:00,177.0,177.4,177.0,177.4,89
2024-07-18T09:25:00+00:00,177.3,179.5,175.1,177.4,923
2024-07-18T09:30:00+00:00,177.4,178.7,177.4,178.7,342
2024-07-18T09:35:00+00:00,178.7,179.3,178.7,179.3,181
2024-07-18T09:40:00+00:00,179.3,179.35,179.1,179.35,110
2024-07-18T09:45:00+00:00,179.2,179.3,178.3,178.8,333
2024-07-18T09:50:00+00:00,178.7,178.7,178.6,178.6,3
2024-07-18T09:55:00+00:00,178.6,178.6,176.9,178.0,607
2024-07-18T10:00:00+00:00,178.0,179.1,178.0,179.1,83
2024-07-18T10:05:00+00:00,179.2,179.2,179.0,179.0,57
2024-07-18T10:10:00+00:00,179.0,179.95,179.0,179.6,140
2024-07-18T10:15:00+00:00,179.6,180.25,178.95,180.25,506
2024-07-18T10:20:00+00:00,180.2,180.25,179.9,179.9,261
2024-07-18T10:25:00+00:00,179.8,179.8,179.5,179.7,112
2024-07-18T10:30:00+00:00,179.6,179.6,178.3,178.3,175
2024-07-18T10:35:00+00:00,178.2,178.2,177.0,177.0,242
2024-07-18T10:40:00+00:00,177.0,177.2,177.0,177.2,49
2024-07-18T10:45:00+00:00,177.2,177.9,177.2,177.7,51
2024-07-18T10:50:00+00:00,177.8,178.3,177.6,177.6,35
2024-07-18T10:55:00+00:00,177.7,178.5,177.6,178.5,47
2024-07-18T11:00:00+00:00,178.5,179.3,178.5,179.3,111
2024-07-18T11:05:00+00:00,179.2,179.2,178.4,178.6,48
2024-07-18T11:10:00+00:00,178.6,180.0,178.6,180.0,278
2024-07-18T11:15:00+00:00,180.0,180.3,179.7,180.0,90
2024-07-18T11:20:00+00:00,179.9,180.3,179.9,180.1,46
2024-07-18T11:25:00+00:00,180.2,180.2,180.0,180.2,14
2024-07-18T11:30:00+00:00,180.2,180.3,180.0,180.0,188
2024-07-18T11:35:00+00:00,180.0,180.1,180.0,180.1,45
2024-07-18T11:40:00+00:00,180.1,180.1,180.0,180.1,482
2024-07-18T11:45:00+00:00,180.1,180.1,179.9,180.0,115
2024-07-18T11:50:00+00:00,179.9,179.9,178.05,178.05,212
2024-07-18T11:55:00+00:00,178.05,178.2,178.05,178.2,36
2024-07-18T12:00:00+00:00,178.25,178.7,178.2,178.7,40
2024-07-18T12:05:00+00:00,178.8,179.75,178.8,179.5,71
2024-07-18T12:10:00+00:00,179.5,179.6,179.0,179.2,63
2024-07-18T12:15:00+00:00,179.2,179.75,179.0,179.45,77
2024-07-18T12:20:00+00:00,179.5,179.8,179.5,179.8,284
2024-07-18T12:25:00+00:00,179.6,179.8,179.4,179.8,36
2024-07-18T12:30:00+00:00,179.8,179.8,178.4,178.6,60
2024-07-18T12:35:00+00:00,178.7,179.0,178.65,178.9,42
2024-07-18T12:40:00+00:00,179.0,179.75,179.0,179.75,22
2024-07-18T12:45:00+00:00,179.75,180.0,178.65,178.9,145
2024-07-18T12:50:00+00:00,178.9,179.0,178.65,178.65,28
2024-07-18T12:55:00+00:00,178.8,178.8,178.65,178.65,30
2024-07-18T13:00:00+00:00,178.7,178.7,178.7,178.7,1
2024-07-18T13:05:00+00:00,178.7,178.7,178.5,178.5,136
2024-07-18T13:10:00+00:00,178.65,178.7,178.5,178.5,58
2024-07-18T13:15:00+00:00,178.7,178.7,178.5,178.7,299
2024-07-18T13:20:00+00:00,178.7,178.7,178.7,178.7,7
2024-07-18T13:25:00+00:00,178.5,178.5,178.5,178.5,4
2024-07-18T13:30:00+00:00,178.6,179.55,178.6,179.55,48
2024-07-18T13:35:00+00:00,179.4,179.4,178.5,178.5,63
2024-07-18T13:40:00+00:00,178.6,179.8,178.6,179.0,337
2024-07-18T13:45:00+00:00,179.1,180.3,179.1,180.3,179
2024-07-18T13:50:00+00:00,180.3,180.3,179.8,179.8,167
2024-07-18T13:55:00+00:00,179.9,180.2,179.2,179.8,86
2024-07-18T14:00:00+00:00,179.8,180.1,178.9,180.1,363
2024-07-18T14:05:00+00:00,180.0,180.2,179.6,179.6,498
2024-07-18T14:10:00+00:00,179.7,179.7,178.7,178.7,23
2024-07-18T14:15:00+00:00,178.8,178.8,178.45,178.5,31
2024-07-18T14:20:00+00:00,178.6,178.6,177.8,177.9,271
2024-07-18T14:25:00+00:00,177.9,178.0,177.8,177.85,121
2024-07-18T14:30:00+00:00,177.85,177.85,177.85,177.85,39
2024-07-18T14:35:00+00:00,177.85,178.4,177.85,178.4,47
2024-07-18T14:40:00+00:00,178.5,178.5,178.4,178.4,315
2024-07-18T14:45:00+00:00,178.5,178.5,178.4,178.4,26
2024-07-18T14:50:00+00:00,178.4,178.5,178.4,178.4,147
2024-07-18T14:55:00+00:00,178.5,178.5,178.4,178.4,120
2024-07-18T15:00:00+00:00,178.4,178.5,178.4,178.5,24
2024-07-18T15:05:00+00:00,178.4,178.4,177.85,178.3,131
2024-07-18T15:10:00+00:00,178.3,178.5,178.3,178.5,27
2024-07-18T15:15:00+00:00,178.3,178.3,174.9,175.6,2389
2024-07-18T15:20:00+00:00,175.6,175.85,173.35,174.0,2047
2024-07-18T15:25:00+00:00,173.95,174.0,173.95,174.0,853
2024-07-18T15:30:00+00:00,174.0,174.0,173.35,173.85,347
2024-07-18T15:35:00+00:00,173.85,174.0,173.85,174.0,958
2024-07-18T15:45:00+00:00,174.0,174.0,174.0,174.0,12
2024-07-18T16:00:00+00:00,174.0,174.0,174.0,174.0,39
2024-07-18T16:05:00+00:00,174.0,174.0,174.0,174.0,849
2024-07-18T16:10:00+00:00,174.0,174.0,173.3,173.3,1115
2024-07-18T16:15:00+00:00,173.3,173.95,173.3,173.95,87
2024-07-18T16:20:00+00:00,173.9,173.95,173.9,173.9,34
2024-07-18T16:25:00+00:00,173.95,174.0,173.95,174.0,107
2024-07-18T16:30:00+00:00,174.0,174.0,174.0,174.0,312
2024-07-18T16:35:00+00:00,174.0,174.0,174.0,174.0,26
2024-07-18T16:40:00+00:00,174.0,174.0,174.0,174.0,24
2024-07-18T16:50:00+00:00,174.0,174.0,173.95,173.95,50
2024-07-18T16:55:00+00:00,174.0,174.0,174.0,174.0,12
2024-07-18T17:00:00+00:00,174.0,174.0,174.0,174.0,360
2024-07-18T17:05:00+00:00,174.0,174.0,173.95,174.0,76
2024-07-18T17:10:00+00:00,174.0,174.0,174.0,174.0,2
2024-07-18T17:15:00+00:00,174.0,174.0,174.0,174.0,299
2024-07-18T17:20:00+00:00,174.0,174.0,173.9,174.0,53
2024-07-18T17:25:00+00:00,173.8,173.9,173.8,173.9,3
2024-07-18T17:30:00+00:00,173.9,174.0,173.9,174.0,200
2024-07-18T17:35:00+00:00,174.0,174.0,174.0,174.0,4
2024-07-18T17:40:00+00:00,174.0,174.0,174.0,174.0,8
2024-07-18T17:45:00+00:00,174.0,174.0,174.0,174.0,9
2024-07-18T17:50:00+00:00,174.0,174.0,174.0,174.0,2
2024-07-18T17:55:00+00:00,174.0,174.0,174.0,174.0,11
2024-07-18T18:00:00+00:00,174.0,174.0,174.0,174.0,7
2024-07-18T18:05:00+00:00,174.0,174.0,174.0,174.0,98
2024-07-18T18:10:00+00:00,174.0,174.0,173.7,173.7,19
2024-07-18T18:15:00+00:00,173.8,173.8,173.8,173.8,1
2024-07-18T18:20:00+00:00,173.8,173.85,173.8,173.85,26
2024-07-18T18:25:00+00:00,173.85,173.95,173.85,173.95,106
2024-07-18T18:30:00+00:00,173.85,174.1,173.85,174.1,118
2024-07-18T18:35:00+00:00,174.2,174.2,174.2,174.2,10
2024-07-18T18:40:00+00:00,174.1,174.1,174.0,174.0,25
2024-07-18T18:45:00+00:00,174.0,174.0,174.0,174.0,1
2024-07-18T18:50:00+00:00,174.0,174.65,174.0,174.65,77
2024-07-18T18:55:00+00:00,174.65,174.95,174.65,174.95,18
2024-07-18T19:00:00+00:00,174.95,174.95,174.95,174.95,2
2024-07-18T19:05:00+00:00,174.95,174.95,174.95,174.95,12
2024-07-18T19:10:00+00:00,174.9,174.9,174.9,174.9,1
2024-07-18T19:15:00+00:00,174.9,174.95,174.9,174.95,12
2024-07-18T19:20:00+00:00,174.95,174.95,174.8,174.8,3
2024-07-18T19:25:00+00:00,174.9,175.0,174.9,174.95,9
2024-07-18T19:30:00+00:00,174.95,174.95,174.95,174.95,14
2024-07-18T19:35:00+00:00,174.8,174.95,174.7,174.8,17
2024-07-18T19:40:00+00:00,174.7,174.7,174.65,174.65,19
2024-07-18T19:45:00+00:00,174.8,174.9,174.4,174.4,22
2024-07-18T19:55:00+00:00,174.5,174.5,174.5,174.5,1
2024-07-18T20:00:00+00:00,174.5,174.6,174.5,174.6,3
2024-07-18T20:05:00+00:00,174.7,174.7,174.7,174.7,7
2024-07-18T20:10:00+00:00,174.7,174.8,174.7,174.8,12
2024-07-18T20:15:00+00:00,174.8,174.95,174.5,174.5,39
2024-07-18T20:20:00+00:00,174.6,174.9,174.6,174.9,7
2024-07-18T20:25:00+00:00,174.95,174.95,174.8,174.95,21
2024-07-18T20:30:00+00:00,174.9,174.9,174.9,174.9,1
2024-07-18T20:35:00+00:00,174.9,174.9,174.9,174.9,31
2024-07-18T20:45:00+00:00,174.8,174.9,174.5,174.9,229
2024-07-19T06:55:00+00:00,174.9,174.9,174.9,174.9,25
2024-07-19T07:00:00+00:00,174.85,174.9,173.0,174.9,390
2024-07-19T07:05:00+00:00,174.9,175.15,173.15,174.9,562
2024-07-19T07:10:00+00:00,174.9,175.2,173.7,174.8,348
2024-07-19T07:15:00+00:00,174.7,175.1,173.7,174.1,261
2024-07-19T07:20:00+00:00,174.2,175.1,174.2,175.1,238
2024-07-19T07:25:00+00:00,175.1,175.25,174.4,174.5,240
2024-07-19T07:30:00+00:00,174.5,174.5,174.45,174.45,2
2024-07-19T07:35:00+00:00,174.45,174.5,174.4,174.45,18
2024-07-19T07:40:00+00:00,174.45,174.45,174.1,174.4,398
2024-07-19T07:45:00+00:00,174.4,174.45,174.0,174.0,150
2024-07-19T07:50:00+00:00,174.0,174.35,173.7,173.7,134
2024-07-19T07:55:00+00:00,173.8,174.2,173.15,174.2,216
2024-07-19T08:00:00+00:00,174.1,174.1,172.9,173.0,2144
2024-07-19T08:05:00+00:00,173.05,173.1,172.9,173.1,451
2024-07-19T08:10:00+00:00,172.9,173.1,172.9,173.1,7
2024-07-19T08:15:00+00:00,173.1,173.2,173.1,173.2,60
2024-07-19T08:20:00+00:00,173.2,173.2,172.8,172.8,39
2024-07-19T08:25:00+00:00,173.0,173.0,173.0,173.0,2
2024-07-19T08:30:00+00:00,173.1,173.2,172.7,172.7,50
2024-07-19T08:35:00+00:00,172.7,172.9,172.7,172.9,7
2024-07-19T08:40:00+00:00,173.0,173.0,173.0,173.0,2
2024-07-19T08:45:00+00:00,173.0,173.0,173.0,173.0,2
2024-07-19T08:50:00+00:00,173.1,173.2,173.1,173.2,7
2024-07-19T08:55:00+00:00,173.2,173.2,172.9,173.15,27
2024-07-19T09:00:00+00:00,173.2,173.2,173.2,173.2,19
2024-07-19T09:05:00+00:00,173.2,173.2,172.9,173.0,24
2024-07-19T09:10:00+00:00,173.0,173.9,173.0,173.9,143
2024-07-19T09:15:00+00:00,173.9,174.2,171.4,173.7,1426
2024-07-19T09:20:00+00:00,173.6,173.7,173.3,173.55,30
2024-07-19T09:25:00+00:00,173.55,173.55,172.9,172.9,16
2024-07-19T09:30:00+00:00,173.0,173.45,173.0,173.45,40
2024-07-19T09:35:00+00:00,173.4,174.1,173.4,174.05,516
2024-07-19T09:40:00+00:00,174.05,174.3,174.0,174.3,397
2024-07-19T09:45:00+00:00,174.35,174.5,174.35,174.5,100
2024-07-19T09:50:00+00:00,174.35,174.5,174.0,174.0,41
2024-07-19T09:55:00+00:00,173.9,174.0,173.9,174.0,491
2024-07-19T10:00:00+00:00,174.0,174.0,174.0,174.0,46
2024-07-19T10:05:00+00:00,174.0,174.4,173.85,173.85,58
2024-07-19T10:10:00+00:00,174.0,174.9,174.0,174.9,68
2024-07-19T10:15:00+00:00,174.9,175.0,174.85,175.0,72
2024-07-19T10:20:00+00:00,175.0,175.55,175.0,175.55,631
2024-07-19T10:25:00+00:00,175.55,177.55,175.55,177.4,647
2024-07-19T10:30:00+00:00,177.5,177.55,176.2,177.2,74
2024-07-19T10:35:00+00:00,177.1,177.2,176.7,176.7,124
2024-07-19T10:40:00+00:00,176.7,176.8,176.7,176.8,44
2024-07-19T10:45:00+00:00,176.8,177.1,176.8,176.9,56
2024-07-19T10:50:00+00:00,176.8,176.8,176.7,176.7,4
2024-07-19T10:55:00+00:00,176.6,176.6,175.05,175.7,328
2024-07-19T11:00:00+00:00,175.2,175.3,175.1,175.3,6
2024-07-19T11:05:00+00:00,175.4,175.5,175.3,175.5,5
2024-07-19T11:10:00+00:00,175.4,176.55,175.1,175.1,236
2024-07-19T11:15:00+00:00,175.0,175.3,175.0,175.3,7
2024-07-19T11:20:00+00:00,175.2,175.9,175.1,175.9,112
2024-07-19T11:25:00+00:00,175.95,176.3,175.95,176.2,27
2024-07-19T11:30:00+00:00,176.2,176.2,175.3,175.3,33
2024-07-19T11:35:00+00:00,175.3,175.4,175.05,175.3,21
2024-07-19T11:45:00+00:00,175.2,175.2,174.8,174.8,144
2024-07-19T11:50:00+00:00,174.8,174.8,174.4,174.4,61
2024-07-19T11:55:00+00:00,174.35,174.95,174.35,174.95,90
2024-07-19T12:00:00+00:00,175.0,175.0,174.95,175.0,525
2024-07-19T12:05:00+00:00,175.0,175.0,174.95,175.0,306
2024-07-19T12:10:00+00:00,175.0,175.0,175.0,175.0,2
2024-07-19T12:15:00+00:00,175.0,175.0,174.8,174.8,134
2024-07-19T12:20:00+00:00,174.8,175.0,174.8,175.0,21
2024-07-19T12:25:00+00:00,175.0,175.0,174.0,174.0,1407
2024-07-19T12:30:00+00:00,173.95,174.0,173.95,174.0,3
2024-07-19T12:35:00+00:00,174.0,174.0,173.95,173.95,12
2024-07-19T12:40:00+00:00,173.95,173.95,173.15,173.5,109
2024-07-19T12:45:00+00:00,173.5,175.0,173.5,174.4,157
2024-07-19T12:50:00+00:00,174.4,174.5,174.4,174.5,2
2024-07-19T12:55:00+00:00,174.5,174.6,173.2,173.2,863
2024-07-19T13:00:00+00:00,173.2,173.2,173.15,173.2,35
2024-07-19T13:05:00+00:00,173.2,173.2,173.2,173.2,86
2024-07-19T13:10:00+00:00,173.2,173.2,173.2,173.2,82
2024-07-19T13:15:00+00:00,173.2,173.2,173.05,173.2,729
2024-07-19T13:20:00+00:00,173.2,173.2,173.15,173.2,310
2024-07-19T13:25:00+00:00,173.15,173.2,173.15,173.2,19
2024-07-19T13:30:00+00:00,173.2,173.2,172.85,173.0,712
2024-07-19T13:35:00+00:00,173.0,173.0,171.9,172.0,862
2024-07-19T13:40:00+00:00,172.0,172.0,171.95,172.0,745
2024-07-19T13:45:00+00:00,171.9,172.0,171.8,171.9,276
2024-07-19T13:50:00+00:00,172.0,172.0,171.95,171.95,162
2024-07-19T13:55:00+00:00,172.0,172.0,171.95,172.0,465
2024-07-19T14:00:00+00:00,172.0,172.0,171.95,172.0,449
2024-07-19T14:05:00+00:00,172.0,172.1,171.95,172.1,172
2024-07-19T14:10:00+00:00,172.2,172.8,172.2,172.8,98
2024-07-19T14:15:00+00:00,172.8,173.0,172.6,172.8,225
2024-07-19T14:20:00+00:00,172.8,172.8,172.6,172.6,234
2024-07-19T14:25:00+00:00,172.7,173.0,172.6,172.9,118
2024-07-19T14:30:00+00:00,172.8,172.9,172.8,172.9,9
2024-07-19T14:35:00+00:00,172.8,172.95,172.8,172.95,58
2024-07-19T14:40:00+00:00,172.8,172.95,172.6,172.7,100
2024-07-19T14:45:00+00:00,172.7,172.7,172.6,172.6,24
2024-07-19T14:50:00+00:00,172.6,172.7,172.6,172.6,5
2024-07-19T14:55:00+00:00,172.6,172.9,172.6,172.9,45
2024-07-19T15:00:00+00:00,172.9,173.0,172.6,172.9,202
2024-07-19T15:05:00+00:00,172.9,172.95,172.9,172.9,10
2024-07-19T15:10:00+00:00,172.95,172.95,172.7,172.8,31
2024-07-19T15:15:00+00:00,172.9,172.95,172.7,172.7,7
2024-07-19T15:20:00+00:00,172.7,172.7,171.85,171.85,303
2024-07-19T15:25:00+00:00,171.95,172.0,171.85,172.0,18
2024-07-19T15:30:00+00:00,171.9,172.0,171.85,172.0,33
2024-07-19T15:35:00+00:00,172.0,172.0,171.85,171.95,73
2024-07-19T15:45:00+00:00,172.0,172.0,172.0,172.0,110
2024-07-19T16:00:00+00:00,172.0,172.0,172.0,172.0,19
2024-07-19T16:05:00+00:00,172.0,172.0,171.9,171.9,58
2024-07-19T16:10:00+00:00,171.9,171.9,171.9,171.9,9
2024-07-19T16:15:00+00:00,172.0,172.0,171.85,171.85,10
2024-07-19T16:20:00+00:00,171.85,171.85,171.85,171.85,13
2024-07-19T16:25:00+00:00,172.0,172.0,171.85,172.0,40
2024-07-19T16:30:00+00:00,172.0,172.0,171.85,172.0,30
2024-07-19T16:35:00+00:00,172.0,172.0,171.85,171.85,85
2024-07-19T16:40:00+00:00,171.85,172.0,171.85,171.85,23
2024-07-19T16:45:00+00:00,172.0,172.0,172.0,172.0,9
2024-07-19T16:50:00+00:00,172.0,172.0,171.75,171.75,106
2024-07-19T16:55:00+00:00,171.75,171.9,171.75,171.8,6
2024-07-19T17:05:00+00:00,171.9,171.9,171.9,171.9,2
2024-07-19T17:10:00+00:00,172.0,172.0,171.9,172.0,7
2024-07-19T17:15:00+00:00,172.0,172.0,172.0,172.0,32
2024-07-19T17:25:00+00:00,172.0,172.0,172.0,172.0,81
2024-07-19T17:35:00+00:00,172.0,172.65,172.0,172.65,1618
2024-07-19T17:40:00+00:00,172.65,172.7,172.65,172.7,11
2024-07-19T17:50:00+00:00,172.65,172.65,172.65,172.65,4
2024-07-19T17:55:00+00:00,172.65,172.65,172.65,172.65,51
2024-07-19T18:00:00+00:00,172.65,172.65,172.65,172.65,10
2024-07-19T18:05:00+00:00,172.6,172.6,172.3,172.4,16
2024-07-19T18:20:00+00:00,172.5,172.5,172.5,172.5,1
2024-07-19T18:25:00+00:00,172.5,172.5,172.5,172.5,1
2024-07-19T18:35:00+00:00,172.6,172.6,172.5,172.6,4
2024-07-19T18:40:00+00:00,172.65,172.65,172.65,172.65,30
2024-07-19T18:45:00+00:00,172.65,172.65,172.3,172.3,18
2024-07-19T19:05:00+00:00,172.4,172.4,172.4,172.4,5
2024-07-19T19:10:00+00:00,172.4,172.4,172.4,172.4,3
2024-07-19T19:15:00+00:00,172.4,172.4,172.4,172.4,3
2024-07-19T19:20:00+00:00,172.3,172.3,172.2,172.2,10
2024-07-19T19:30:00+00:00,172.3,172.3,172.1,172.1,7
2024-07-19T19:35:00+00:00,172.2,172.3,172.2,172.3,11
2024-07-19T19:40:00+00:00,172.3,172.3,172.1,172.1,22
2024-07-19T19:45:00+00:00,172.2,172.2,172.2,172.2,2
2024-07-19T19:55:00+00:00,172.2,172.2,171.85,172.1,55
2024-07-19T20:00:00+00:00,172.1,172.15,172.1,172.15,10
2024-07-19T20:10:00+00:00,172.05,172.05,172.05,172.05,5
2024-07-19T20:15:00+00:00,172.0,172.1,172.0,172.0,27
2024-07-19T20:20:00+00:00,172.15,172.15,172.15,172.15,1
2024-07-19T20:25:00+00:00,172.1,172.1,172.1,172.1,1
2024-07-19T20:30:00+00:00,172.1,172.1,172.1,172.1,2
2024-07-19T20:35:00+00:00,172.1,172.1,172.1,172.1,1
2024-07-19T20:40:00+00:00,172.1,172.25,172.1,172.25,70
2024-07-19T20:45:00+00:00,172.25,172.25,172.0,172.0,51
2024-07-22T06:55:00+00:00,172.3,172.3,172.3,172.3,51
2024-07-22T07:00:00+00:00,172.4,173.5,172.4,173.5,134
2024-07-22T07:05:00+00:00,173.5,173.5,173.0,173.0,189
2024-07-22T07:10:00+00:00,173.2,173.4,172.7,173.3,157
2024-07-22T07:15:00+00:00,173.2,173.6,172.8,173.3,226
2024-07-22T07:20:00+00:00,173.4,174.25,173.4,173.6,204
2024-07-22T07:25:00+00:00,173.6,173.6,173.0,173.0,67
2024-07-22T07:30:00+00:00,173.0,173.2,173.0,173.2,125
2024-07-22T07:35:00+00:00,173.1,173.3,173.1,173.1,30
2024-07-22T07:40:00+00:00,173.3,173.8,173.3,173.4,230
2024-07-22T07:45:00+00:00,173.5,174.5,173.5,174.45,398
2024-07-22T07:50:00+00:00,174.3,174.5,174.1,174.5,394
2024-07-22T07:55:00+00:00,174.45,174.5,174.4,174.4,473
2024-07-22T08:00:00+00:00,174.4,174.5,174.4,174.4,183
2024-07-22T08:05:00+00:00,174.4,174.5,173.4,174.3,316
2024-07-22T08:10:00+00:00,174.4,174.5,174.1,174.1,42
2024-07-22T08:15:00+00:00,174.1,174.1,174.1,174.1,3
2024-07-22T08:20:00+00:00,174.2,174.5,174.2,174.5,160
2024-07-22T08:25:00+00:00,174.5,174.5,174.3,174.5,156
2024-07-22T08:30:00+00:00,174.35,174.5,174.3,174.5,109
2024-07-22T08:35:00+00:00,174.5,174.5,174.35,174.4,393
2024-07-22T08:40:00+00:00,174.4,174.5,174.3,174.3,229
2024-07-22T08:45:00+00:00,174.3,174.5,174.3,174.5,62
2024-07-22T08:50:00+00:00,174.5,174.5,174.1,174.45,114
2024-07-22T08:55:00+00:00,174.45,174.45,174.45,174.45,21
2024-07-22T09:00:00+00:00,174.4,174.4,174.0,174.1,217
2024-07-22T09:05:00+00:00,174.1,175.0,174.1,174.6,543
2024-07-22T09:10:00+00:00,174.6,174.6,173.45,174.1,238
2024-07-22T09:15:00+00:00,174.1,174.2,173.65,174.0,96
2024-07-22T09:20:00+00:00,174.1,174.2,174.0,174.0,44
2024-07-22T09:25:00+00:00,173.9,173.9,173.3,173.6,159
2024-07-22T09:30:00+00:00,173.6,174.0,173.6,174.0,56
2024-07-22T09:35:00+00:00,174.1,174.1,174.0,174.0,51
2024-07-22T09:40:00+00:00,174.1,174.1,174.1,174.1,17
2024-07-22T09:45:00+00:00,174.1,174.1,174.1,174.1,20
2024-07-22T09:50:00+00:00,174.1,174.45,174.1,174.45,58
2024-07-22T09:55:00+00:00,174.3,174.5,174.0,174.5,256
2024-07-22T10:00:00+00:00,174.55,174.7,174.2,174.2,25
2024-07-22T10:05:00+00:00,174.2,174.2,174.2,174.2,1
2024-07-22T10:10:00+00:00,174.2,174.2,173.25,173.4,168
2024-07-22T10:15:00+00:00,173.4,175.0,173.4,175.0,253
2024-07-22T10:20:00+00:00,175.0,175.0,173.75,173.75,134
2024-07-22T10:25:00+00:00,173.9,173.9,173.9,173.9,1
2024-07-22T10:30:00+00:00,173.8,174.0,173.7,174.0,9
2024-07-22T10:35:00+00:00,174.1,174.5,174.1,174.5,9
2024-07-22T10:45:00+00:00,174.4,174.4,174.3,174.3,2
2024-07-22T10:50:00+00:00,174.3,174.9,174.0,174.7,56
2024-07-22T10:55:00+00:00,174.8,174.9,174.8,174.9,59
2024-07-22T11:05:00+00:00,174.8,174.8,174.8,174.8,1
2024-07-22T11:15:00+00:00,174.8,174.8,174.8,174.8,5
2024-07-22T11:20:00+00:00,174.8,174.8,174.6,174.6,11
2024-07-22T11:25:00+00:00,174.5,174.5,174.0,174.1,51
2024-07-22T11:30:00+00:00,174.1,174.4,174.1,174.4,7
2024-07-22T11:35:00+00:00,174.5,174.5,174.4,174.4,2
2024-07-22T11:40:00+00:00,174.5,174.7,174.4,174.7,11
2024-07-22T11:45:00+00:00,174.8,174.85,174.8,174.85,3
2024-07-22T11:50:00+00:00,174.85,174.9,174.85,174.9,73
2024-07-22T11:55:00+00:00,174.95,174.95,174.95,174.95,1
2024-07-22T12:00:00+00:00,174.9,174.9,174.9,174.9,5
2024-07-22T12:05:00+00:00,174.9,174.9,174.8,174.8,31
2024-07-22T12:10:00+00:00,174.9,174.9,174.9,174.9,6
2024-07-22T12:15:00+00:00,174.7,174.7,174.7,174.7,2
2024-07-22T12:20:00+00:00,174.7,174.95,174.7,174.8,101
2024-07-22T12:25:00+00:00,174.8,174.8,174.45,174.45,16
2024-07-22T12:30:00+00:00,174.4,174.7,174.4,174.7,18
2024-07-22T12:35:00+00:00,174.6,174.7,174.6,174.7,2
2024-07-22T12:40:00+00:00,174.7,174.9,174.7,174.9,175
2024-07-22T12:45:00+00:00,174.9,174.9,174.9,174.9,100
2024-07-22T12:50:00+00:00,174.95,174.95,174.95,174.95,12
2024-07-22T12:55:00+00:00,174.95,175.0,174.95,175.0,98
2024-07-22T13:00:00+00:00,174.9,174.9,174.0,174.0,61
2024-07-22T13:05:00+00:00,173.9,173.9,173.7,173.8,12
2024-07-22T13:10:00+00:00,173.9,173.9,173.9,173.9,2
2024-07-22T13:15:00+00:00,173.9,174.6,173.8,173.85,105
2024-07-22T13:20:00+00:00,174.0,174.0,174.0,174.0,2
2024-07-22T13:25:00+00:00,173.9,173.9,173.8,173.8,22
2024-07-22T13:30:00+00:00,174.0,174.0,173.85,173.85,11
2024-07-22T13:35:00+00:00,173.85,173.85,173.8,173.8,300
2024-07-22T13:40:00+00:00,173.8,174.0,173.8,174.0,65
2024-07-22T13:45:00+00:00,173.9,174.0,173.9,174.0,4
2024-07-22T13:55:00+00:00,174.0,174.0,173.8,173.8,24
2024-07-22T14:00:00+00:00,174.0,174.3,174.0,174.3,22
2024-07-22T14:05:00+00:00,174.3,174.3,173.5,173.5,299
2024-07-22T14:10:00+00:00,173.4,173.4,172.8,173.0,149
2024-07-22T14:15:00+00:00,173.0,173.0,173.0,173.0,4
2024-07-22T14:20:00+00:00,173.1,173.4,173.1,173.4,16
2024-07-22T14:25:00+00:00,173.45,173.45,173.45,173.45,1
2024-07-22T14:30:00+00:00,173.45,173.45,173.45,173.45,4
2024-07-22T14:35:00+00:00,173.45,173.45,173.3,173.3,2
2024-07-22T14:40:00+00:00,173.4,173.45,173.4,173.45,10
2024-07-22T14:45:00+00:00,173.3,173.3,173.3,173.3,2
2024-07-22T14:50:00+00:00,173.45,173.5,173.45,173.5,60
2024-07-22T14:55:00+00:00,173.3,173.5,173.3,173.5,8
2024-07-22T15:05:00+00:00,173.3,173.3,173.2,173.2,6
2024-07-22T15:10:00+00:00,173.2,173.3,172.6,173.3,203
2024-07-22T15:15:00+00:00,173.4,173.4,172.9,172.9,90
2024-07-22T15:20:00+00:00,172.9,173.0,172.9,173.0,21
2024-07-22T15:25:00+00:00,173.0,173.0,173.0,173.0,14
2024-07-22T15:30:00+00:00,172.95,172.95,171.95,172.0,677
2024-07-22T15:35:00+00:00,172.0,172.0,171.9,172.0,32
2024-07-22T15:45:00+00:00,172.0,172.0,172.0,172.0,327
2024-07-22T16:00:00+00:00,172.0,172.0,172.0,172.0,34
2024-07-22T16:05:00+00:00,172.0,172.0,172.0,172.0,103
2024-07-22T16:10:00+00:00,172.0,172.0,172.0,172.0,219
2024-07-22T16:15:00+00:00,172.0,172.0,171.4,171.6,122
2024-07-22T16:20:00+00:00,171.7,171.8,171.55,171.8,22
2024-07-22T16:25:00+00:00,171.9,172.0,171.9,172.0,10
2024-07-22T16:30:00+00:00,172.0,172.0,172.0,172.0,151
2024-07-22T16:35:00+00:00,172.0,172.0,172.0,172.0,3
2024-07-22T16:40:00+00:00,172.0,172.0,172.0,172.0,28
2024-07-22T16:45:00+00:00,172.0,172.0,171.9,171.9,98
2024-07-22T16:50:00+00:00,172.0,172.0,172.0,172.0,21
2024-07-22T16:55:00+00:00,172.0,172.0,172.0,172.0,8
2024-07-22T17:00:00+00:00,172.0,172.0,172.0,172.0,10
2024-07-22T17:05:00+00:00,172.0,172.0,171.9,171.9,133
2024-07-22T17:10:00+00:00,172.0,172.0,172.0,172.0,1
2024-07-22T17:15:00+00:00,172.0,172.0,171.9,171.9,114
2024-07-22T17:25:00+00:00,172.0,172.0,172.0,172.0,13
2024-07-22T17:30:00+00:00,172.0,172.0,172.0,172.0,41
2024-07-22T17:35:00+00:00,172.0,172.0,172.0,172.0,40
2024-07-22T17:40:00+00:00,172.0,172.0,172.0,172.0,5
2024-07-22T17:45:00+00:00,172.0,172.0,171.9,172.0,48
2024-07-22T17:50:00+00:00,171.9,172.0,171.9,172.0,7
2024-07-22T17:55:00+00:00,171.9,172.0,171.9,172.0,27
2024-07-22T18:00:00+00:00,172.0,172.0,172.0,172.0,15
2024-07-22T18:05:00+00:00,172.0,172.0,172.0,172.0,1
2024-07-22T18:15:00+00:00,172.0,172.0,172.0,172.0,5
2024-07-22T18:20:00+00:00,172.0,173.1,172.0,173.1,125
2024-07-22T18:25:00+00:00,173.2,174.3,173.2,174.3,93
2024-07-22T18:30:00+00:00,174.4,174.75,174.4,174.75,35
2024-07-22T18:35:00+00:00,174.7,174.7,174.3,174.3,32
2024-07-22T18:40:00+00:00,174.2,174.3,174.0,174.0,26
2024-07-22T18:45:00+00:00,174.0,174.7,174.0,174.3,49
2024-07-22T18:50:00+00:00,174.4,174.75,174.0,174.0,96
2024-07-22T19:05:00+00:00,174.0,174.0,173.15,173.15,52
2024-07-22T19:20:00+00:00,173.3,174.0,173.3,174.0,120
2024-07-22T19:25:00+00:00,173.8,173.8,173.8,173.8,1
2024-07-22T19:30:00+00:00,173.8,173.8,172.7,172.7,120
2024-07-22T19:40:00+00:00,172.6,172.7,172.6,172.7,2
2024-07-22T19:45:00+00:00,172.6,172.8,172.6,172.8,3
2024-07-22T19:50:00+00:00,172.8,173.0,172.8,173.0,4
2024-07-22T19:55:00+00:00,173.0,173.0,173.0,173.0,1
2024-07-22T20:10:00+00:00,173.0,173.0,173.0,173.0,18
2024-07-22T20:20:00+00:00,173.1,173.1,173.1,173.1,2
2024-07-22T20:25:00+00:00,173.1,173.2,173.1,173.2,2
2024-07-22T20:30:00+00:00,173.2,173.2,173.2,173.2,1
2024-07-22T20:35:00+00:00,173.3,173.8,173.3,173.8,12
2024-07-22T20:40:00+00:00,173.9,174.0,173.9,174.0,92
2024-07-22T20:45:00+00:00,173.8,173.9,173.7,173.9,10
2024-07-23T07:00:00+00:00,173.95,173.95,172.6,172.6,70
2024-07-23T07:05:00+00:00,172.6,173.5,172.4,173.3,87
2024-07-23T07:10:00+00:00,173.2,173.4,172.2,172.7,204
2024-07-23T07:15:00+00:00,172.6,173.35,172.6,173.35,80
2024-07-23T07:20:00+00:00,173.2,173.2,172.75,173.2,36
2024-07-23T07:25:00+00:00,173.25,173.5,173.0,173.0,283
2024-07-23T07:30:00+00:00,172.9,173.0,171.75,172.5,206
2024-07-23T07:35:00+00:00,172.6,173.5,172.6,173.3,353
2024-07-23T07:40:00+00:00,173.3,173.3,173.1,173.1,9
2024-07-23T07:45:00+00:00,173.3,173.5,173.3,173.35,57
2024-07-23T07:50:00+00:00,173.35,173.35,173.1,173.1,10
2024-07-23T07:55:00+00:00,173.1,173.1,172.1,172.2,197
2024-07-23T08:00:00+00:00,172.2,172.2,171.85,171.85,76
2024-07-23T08:05:00+00:00,172.0,173.2,172.0,173.2,27
2024-07-23T08:10:00+00:00,173.2,173.2,173.2,173.2,2
2024-07-23T08:15:00+00:00,173.2,173.2,173.0,173.2,11
2024-07-23T08:20:00+00:00,173.05,173.2,173.05,173.05,5
2024-07-23T08:25:00+00:00,173.05,173.05,173.05,173.05,2
2024-07-23T08:30:00+00:00,173.2,173.2,173.2,173.2,1
2024-07-23T08:40:00+00:00,173.05,173.05,173.05,173.05,8
2024-07-23T08:45:00+00:00,173.05,173.05,173.05,173.05,1
2024-07-23T08:50:00+00:00,173.05,173.05,173.05,173.05,1
2024-07-23T08:55:00+00:00,173.05,173.15,173.05,173.15,23
2024-07-23T09:00:00+00:00,173.1,173.1,172.5,172.6,20
2024-07-23T09:05:00+00:00,172.5,172.8,172.5,172.8,7
2024-07-23T09:10:00+00:00,172.7,172.7,172.05,172.05,142
2024-07-23T09:15:00+00:00,172.2,172.3,172.2,172.3,4
2024-07-23T09:20:00+00:00,172.4,173.0,172.4,172.6,25
2024-07-23T09:25:00+00:00,172.6,172.6,172.5,172.5,2
2024-07-23T09:30:00+00:00,172.5,172.5,172.4,172.4,6
2024-07-23T09:35:00+00:00,172.4,172.4,172.4,172.4,1
2024-07-23T09:40:00+00:00,172.3,172.3,172.3,172.3,2
2024-07-23T09:50:00+00:00,172.25,173.15,172.25,172.5,111
2024-07-23T09:55:00+00:00,172.4,172.4,172.1,172.4,47
2024-07-23T10:00:00+00:00,172.5,173.2,172.5,173.2,301
2024-07-23T10:05:00+00:00,173.2,173.2,173.1,173.1,4
2024-07-23T10:10:00+00:00,173.0,173.2,173.0,173.2,26
2024-07-23T10:15:00+00:00,173.2,173.2,173.2,173.2,1
2024-07-23T10:20:00+00:00,173.0,173.0,172.25,172.4,101
2024-07-23T10:25:00+00:00,172.4,172.8,172.4,172.8,17
2024-07-23T10:30:00+00:00,172.7,172.7,172.0,172.0,459
2024-07-23T10:35:00+00:00,172.0,172.0,172.0,172.0,22
2024-07-23T10:40:00+00:00,172.0,172.0,171.9,172.0,35
2024-07-23T10:45:00+00:00,172.0,172.0,172.0,172.0,86
2024-07-23T10:50:00+00:00,172.0,172.0,172.0,172.0,88
2024-07-23T10:55:00+00:00,171.95,172.0,171.95,172.0,4
2024-07-23T11:00:00+00:00,171.95,172.0,171.95,172.0,5
2024-07-23T11:05:00+00:00,172.0,172.0,172.0,172.0,5
2024-07-23T11:10:00+00:00,172.0,172.0,172.0,172.0,13
2024-07-23T11:15:00+00:00,171.95,172.0,171.95,172.0,9
2024-07-23T11:20:00+00:00,171.95,172.0,171.95,172.0,6
2024-07-23T11:25:00+00:00,171.95,172.0,171.95,172.0,42
2024-07-23T11:35:00+00:00,172.0,172.0,172.0,172.0,1
2024-07-23T11:40:00+00:00,171.95,171.95,171.95,171.95,4
2024-07-23T11:50:00+00:00,172.0,172.0,172.0,172.0,26
2024-07-23T11:55:00+00:00,172.0,172.0,171.95,172.0,342
2024-07-23T12:05:00+00:00,171.95,171.95,171.85,171.85,31
2024-07-23T12:10:00+00:00,171.85,171.85,171.8,171.8,18
2024-07-23T12:20:00+00:00,171.95,172.0,171.95,172.0,3
2024-07-23T12:30:00+00:00,172.0,172.0,172.0,172.0,4
2024-07-23T12:35:00+00:00,172.0,172.0,171.8,171.8,28
2024-07-23T12:40:00+00:00,171.9,172.0,171.8,171.8,39
2024-07-23T12:45:00+00:00,171.8,172.0,171.8,172.0,485
2024-07-23T12:50:00+00:00,172.0,172.0,172.0,172.0,27
2024-07-23T12:55:00+00:00,172.0,172.0,171.9,172.0,47
2024-07-23T13:00:00+00:00,172.0,172.0,172.0,172.0,80
2024-07-23T13:05:00+00:00,172.0,172.0,171.9,171.9,51
2024-07-23T13:10:00+00:00,171.9,172.0,171.8,171.8,124
2024-07-23T13:15:00+00:00,172.0,172.0,172.0,172.0,16
2024-07-23T13:20:00+00:00,172.0,172.0,171.8,171.8,33
2024-07-23T13:25:00+00:00,172.0,172.0,172.0,172.0,3
2024-07-23T13:30:00+00:00,172.0,172.0,172.0,172.0,5
2024-07-23T13:35:00+00:00,172.0,172.0,172.0,172.0,127
2024-07-23T13:40:00+00:00,172.0,172.0,172.0,172.0,18
2024-07-23T13:45:00+00:00,172.0,172.0,171.9,172.0,43
2024-07-23T13:50:00+00:00,172.0,172.0,172.0,172.0,12
2024-07-23T13:55:00+00:00,172.0,172.0,172.0,172.0,5
2024-07-23T14:00:00+00:00,172.0,172.0,171.9,171.9,7
2024-07-23T14:10:00+00:00,172.0,172.0,172.0,172.0,10
2024-07-23T14:15:00+00:00,172.0,172.75,172.0,172.5,143
2024-07-23T14:20:00+00:00,172.5,172.5,171.8,171.8,94
2024-07-23T14:25:00+00:00,172.0,172.0,171.8,172.0,111
2024-07-23T14:30:00+00:00,172.0,172.0,172.0,172.0,30
2024-07-23T14:35:00+00:00,172.0,172.6,172.0,172.2,55
2024-07-23T14:40:00+00:00,172.3,172.45,171.9,172.45,109
2024-07-23T14:45:00+00:00,172.45,172.6,172.1,172.1,78
2024-07-23T14:50:00+00:00,172.1,172.3,172.1,172.2,94
2024-07-23T14:55:00+00:00,172.2,172.5,172.1,172.5,26
2024-07-23T15:00:00+00:00,172.6,173.0,172.6,173.0,121
2024-07-23T15:05:00+00:00,172.95,173.0,171.7,171.9,176
2024-07-23T15:10:00+00:00,172.0,172.9,172.0,172.5,55
2024-07-23T15:15:00+00:00,172.5,172.6,172.5,172.6,43
2024-07-23T15:20:00+00:00,172.6,172.75,172.6,172.75,11
2024-07-23T15:25:00+00:00,172.75,172.8,172.75,172.8,22
2024-07-23T15:30:00+00:00,172.8,173.2,172.8,173.2,121
2024-07-23T15:35:00+00:00,173.2,173.2,173.2,173.2,61
2024-07-23T16:05:00+00:00,173.0,173.0,172.6,172.6,23
2024-07-23T16:10:00+00:00,172.8,172.8,172.8,172.8,2
2024-07-23T16:15:00+00:00,172.8,172.8,172.8,172.8,2
2024-07-23T16:20:00+00:00,172.7,172.7,172.7,172.7,2
2024-07-23T16:30:00+00:00,172.8,172.8,172.8,172.8,3
2024-07-23T16:35:00+00:00,172.8,172.8,172.8,172.8,4
2024-07-23T16:40:00+00:00,172.7,172.7,172.7,172.7,1
2024-07-23T16:50:00+00:00,172.7,172.7,172.7,172.7,3
2024-07-23T17:00:00+00:00,172.7,172.7,172.7,172.7,1
2024-07-23T17:05:00+00:00,172.7,172.7,172.7,172.7,1
2024-07-23T17:10:00+00:00,172.6,172.6,172.6,172.6,2
2024-07-23T17:20:00+00:00,172.6,172.6,172.6,172.6,1
2024-07-23T17:25:00+00:00,172.7,172.8,172.7,172.8,4
2024-07-23T17:30:00+00:00,172.8,172.8,172.8,172.8,2
2024-07-23T17:35:00+00:00,172.8,172.8,172.7,172.8,17
2024-07-23T17:45:00+00:00,172.8,172.8,172.6,172.8,84
2024-07-23T17:55:00+00:00,172.8,172.8,172.8,172.8,1
2024-07-23T18:05:00+00:00,172.6,172.8,172.6,172.8,13
2024-07-23T18:10:00+00:00,172.8,172.8,172.8,172.8,7
2024-07-23T18:20:00+00:00,172.6,172.6,172.6,172.6,7
2024-07-23T18:40:00+00:00,172.5,172.5,172.0,172.1,111
2024-07-23T18:45:00+00:00,172.2,172.8,172.2,172.8,27
2024-07-23T18:55:00+00:00,172.8,173.2,172.8,173.2,40
2024-07-23T19:00:00+00:00,173.15,173.5,173.15,173.5,32
2024-07-23T19:05:00+00:00,173.5,173.5,173.4,173.4,173
2024-07-23T19:15:00+00:00,173.3,173.3,172.5,172.5,28
2024-07-23T19:20:00+00:00,172.5,172.5,172.5,172.5,4
2024-07-23T19:30:00+00:00,172.5,172.5,172.5,172.5,1
2024-07-23T19:35:00+00:00,172.5,172.5,172.5,172.5,13
2024-07-23T19:40:00+00:00,172.5,172.6,172.5,172.6,31
2024-07-23T19:55:00+00:00,172.6,172.6,172.6,172.6,2
2024-07-23T20:15:00+00:00,172.4,172.4,172.2,172.2,15
2024-07-23T20:20:00+00:00,172.3,172.3,172.3,172.3,2
2024-07-23T20:25:00+00:00,172.4,172.5,172.4,172.5,3
2024-07-23T20:30:00+00:00,172.4,172.4,172.3,172.3,4
2024-07-23T20:40:00+00:00,172.5,172.55,172.5,172.55,3
2024-07-23T20:45:00+00:00,172.55,172.6,172.3,172.6,164
2024-07-24T06:55:00+00:00,172.6,172.6,172.6,172.6,2
2024-07-24T07:00:00+00:00,172.7,173.8,171.65,172.1,179
2024-07-24T07:05:00+00:00,172.0,172.0,171.6,171.8,124
2024-07-24T07:10:00+00:00,171.8,172.5,171.8,172.0,26
2024-07-24T07:15:00+00:00,172.1,172.8,172.1,172.6,366
2024-07-24T07:20:00+00:00,172.5,172.5,172.3,172.3,6
2024-07-24T07:25:00+00:00,172.4,172.6,171.95,172.5,2183
2024-07-24T07:30:00+00:00,172.6,172.6,172.5,172.5,21
2024-07-24T07:35:00+00:00,172.5,172.6,172.5,172.5,278
2024-07-24T07:40:00+00:00,172.5,172.6,172.5,172.6,53
2024-07-24T07:45:00+00:00,172.5,172.55,172.5,172.55,12
2024-07-24T07:50:00+00:00,172.6,172.6,172.55,172.6,372
2024-07-24T07:55:00+00:00,172.6,172.6,172.55,172.6,25
2024-07-24T08:00:00+00:00,172.5,172.6,172.4,172.6,225
2024-07-24T08:05:00+00:00,172.6,172.6,172.6,172.6,5
2024-07-24T08:10:00+00:00,172.6,172.6,172.6,172.6,4
2024-07-24T08:15:00+00:00,172.6,172.6,171.95,172.6,116
2024-07-24T08:20:00+00:00,172.4,172.4,171.95,171.95,14
2024-07-24T08:25:00+00:00,171.95,172.0,171.95,172.0,74
2024-07-24T08:30:00+00:00,172.1,172.2,172.1,172.2,4
2024-07-24T08:40:00+00:00,172.15,172.6,172.0,172.0,38
2024-07-24T08:45:00+00:00,172.0,172.2,171.9,172.2,107
2024-07-24T08:50:00+00:00,172.2,172.5,172.2,172.5,7
2024-07-24T08:55:00+00:00,172.4,172.4,172.0,172.0,26
2024-07-24T09:00:00+00:00,172.2,172.2,172.0,172.2,14
2024-07-24T09:05:00+00:00,172.1,172.1,172.0,172.1,51
2024-07-24T09:10:00+00:00,172.1,172.2,172.05,172.2,32
2024-07-24T09:15:00+00:00,172.3,172.3,172.3,172.3,2
2024-07-24T09:20:00+00:00,172.3,172.35,172.3,172.35,10
2024-07-24T09:25:00+00:00,172.3,172.3,172.2,172.2,269
2024-07-24T09:30:00+00:00,172.2,172.2,172.2,172.2,100
2024-07-24T09:35:00+00:00,172.2,172.2,172.2,172.2,7
2024-07-24T09:40:00+00:00,172.2,172.2,172.1,172.1,44
2024-07-24T09:45:00+00:00,172.05,172.6,172.05,172.6,181
2024-07-24T09:50:00+00:00,172.5,172.6,172.5,172.6,36
2024-07-24T09:55:00+00:00,172.5,172.5,172.5,172.5,1
2024-07-24T10:00:00+00:00,172.5,172.6,172.3,172.4,29
2024-07-24T10:05:00+00:00,172.5,172.5,172.5,172.5,2
2024-07-24T10:10:00+00:00,172.5,172.6,172.5,172.6,6
2024-07-24T10:15:00+00:00,172.6,172.6,172.6,172.6,1
2024-07-24T10:25:00+00:00,172.5,172.5,172.15,172.15,25
2024-07-24T10:30:00+00:00,172.3,172.3,172.3,172.3,1
2024-07-24T10:35:00+00:00,172.2,172.2,172.2,172.2,4
2024-07-24T10:40:00+00:00,172.3,172.3,172.3,172.3,1
2024-07-24T10:45:00+00:00,172.3,172.45,172.3,172.45,4
2024-07-24T10:55:00+00:00,172.5,172.55,172.5,172.55,6
2024-07-24T11:00:00+00:00,172.55,172.55,172.55,172.55,3
2024-07-24T11:05:00+00:00,172.55,172.6,172.55,172.6,16
2024-07-24T11:10:00+00:00,172.6,172.6,172.55,172.55,49
2024-07-24T11:20:00+00:00,172.55,172.55,172.55,172.55,33
2024-07-24T11:25:00+00:00,172.55,172.6,172.5,172.5,203
2024-07-24T11:30:00+00:00,172.6,172.6,172.6,172.6,584
2024-07-24T11:40:00+00:00,172.6,172.6,172.6,172.6,1
2024-07-24T11:45:00+00:00,172.5,172.5,172.5,172.5,3
2024-07-24T11:50:00+00:00,172.55,172.55,172.5,172.5,3
2024-07-24T11:55:00+00:00,172.55,172.55,172.5,172.5,15
2024-07-24T12:00:00+00:00,172.45,172.45,172.45,172.45,3
2024-07-24T12:05:00+00:00,172.45,172.6,172.4,172.6,352
2024-07-24T12:10:00+00:00,172.55,172.6,172.45,172.45,205
2024-07-24T12:15:00+00:00,172.45,172.6,172.45,172.6,106
2024-07-24T12:20:00+00:00,172.6,172.6,172.6,172.6,2
2024-07-24T12:25:00+00:00,172.5,172.6,172.5,172.6,15
2024-07-24T12:30:00+00:00,172.6,172.6,172.6,172.6,23
2024-07-24T12:35:00+00:00,172.6,172.6,172.5,172.6,42
2024-07-24T12:40:00+00:00,172.6,172.6,172.6,172.6,22
2024-07-24T12:45:00+00:00,172.6,172.6,172.5,172.5,16
2024-07-24T12:50:00+00:00,172.6,172.6,172.6,172.6,11
2024-07-24T12:55:00+00:00,172.55,172.55,172.1,172.3,49
2024-07-24T13:00:00+00:00,172.4,172.6,172.4,172.6,103
2024-07-24T13:05:00+00:00,172.55,173.2,172.55,173.1,508
2024-07-24T13:10:00+00:00,173.2,173.9,173.2,173.6,105
2024-07-24T13:15:00+00:00,173.55,173.6,173.0,173.0,448
2024-07-24T13:25:00+00:00,173.0,173.3,173.0,173.3,226
2024-07-24T13:30:00+00:00,173.4,173.6,173.3,173.6,151
2024-07-24T13:35:00+00:00,173.6,173.6,173.4,173.4,2
2024-07-24T13:40:00+00:00,173.5,173.6,173.5,173.6,3
2024-07-24T13:45:00+00:00,173.6,173.6,173.5,173.5,5
2024-07-24T13:50:00+00:00,173.5,173.5,173.5,173.5,7
2024-07-24T13:55:00+00:00,173.5,173.5,173.4,173.5,35
2024-07-24T14:00:00+00:00,173.4,173.4,172.3,172.7,217
2024-07-24T14:05:00+00:00,172.65,172.65,172.65,172.65,6
2024-07-24T14:10:00+00:00,172.6,173.3,172.35,173.3,325
2024-07-24T14:15:00+00:00,173.3,173.3,173.0,173.0,349
2024-07-24T14:20:00+00:00,173.1,174.9,173.1,174.4,413
2024-07-24T14:25:00+00:00,174.3,174.3,174.1,174.15,73
2024-07-24T14:30:00+00:00,174.1,174.15,174.0,174.15,255
2024-07-24T14:35:00+00:00,174.15,174.15,174.0,174.15,575
2024-07-24T14:40:00+00:00,174.0,174.75,174.0,174.75,699
2024-07-24T14:45:00+00:00,174.6,174.8,174.3,174.3,29
2024-07-24T14:50:00+00:00,174.3,175.5,174.2,175.1,438
2024-07-24T14:55:00+00:00,175.1,175.9,175.1,175.8,118
2024-07-24T15:00:00+00:00,175.8,176.4,175.4,176.2,370
2024-07-24T15:05:00+00:00,176.1,176.1,175.6,175.6,27
2024-07-24T15:10:00+00:00,175.5,175.5,175.05,175.05,131
2024-07-24T15:15:00+00:00,175.0,175.4,175.0,175.05,162
2024-07-24T15:20:00+00:00,175.2,176.25,175.2,176.1,72
2024-07-24T15:25:00+00:00,176.0,176.0,175.2,175.3,43
2024-07-24T15:30:00+00:00,175.4,175.5,175.4,175.5,5
2024-07-24T15:35:00+00:00,175.4,175.4,175.05,175.05,78
2024-07-24T15:45:00+00:00,175.05,175.05,175.05,175.05,2
2024-07-24T16:00:00+00:00,175.05,175.05,175.05,175.05,8
2024-07-24T16:05:00+00:00,175.05,175.4,175.0,175.4,88
2024-07-24T16:10:00+00:00,175.5,175.5,175.5,175.5,1
2024-07-24T16:15:00+00:00,175.4,175.4,175.0,175.0,252
2024-07-24T16:20:00+00:00,175.2,175.2,175.1,175.2,4
2024-07-24T16:25:00+00:00,175.25,175.3,175.1,175.1,6
2024-07-24T16:30:00+00:00,175.3,175.7,175.3,175.7,65
2024-07-24T16:35:00+00:00,175.7,175.8,175.7,175.8,5
2024-07-24T16:40:00+00:00,175.8,175.9,175.8,175.9,3
2024-07-24T16:45:00+00:00,176.0,176.0,175.5,175.5,13
2024-07-24T16:50:00+00:00,175.45,175.45,175.05,175.05,57
2024-07-24T16:55:00+00:00,175.2,175.4,175.2,175.4,5
2024-07-24T17:05:00+00:00,175.4,175.4,175.4,175.4,2
2024-07-24T17:10:00+00:00,175.4,175.4,175.4,175.4,1
2024-07-24T17:15:00+00:00,175.4,175.5,175.4,175.5,15
2024-07-24T17:20:00+00:00,175.4,175.4,175.4,175.4,27
2024-07-24T17:25:00+00:00,175.5,175.6,175.5,175.6,13
2024-07-24T17:30:00+00:00,175.5,175.5,175.5,175.5,39
2024-07-24T17:35:00+00:00,175.5,175.6,175.5,175.5,12
2024-07-24T17:40:00+00:00,175.5,175.5,175.5,175.5,9
2024-07-24T17:45:00+00:00,175.5,175.8,175.5,175.8,41
2024-07-24T17:50:00+00:00,175.8,175.95,175.7,175.7,15
2024-07-24T17:55:00+00:00,175.8,175.8,175.8,175.8,1
2024-07-24T18:00:00+00:00,175.75,175.8,175.75,175.8,8
2024-07-24T18:05:00+00:00,175.75,175.75,175.75,175.75,2
2024-07-24T18:10:00+00:00,175.75,175.75,175.75,175.75,17
2024-07-24T18:15:00+00:00,175.75,175.75,175.75,175.75,3
2024-07-24T18:20:00+00:00,175.7,175.7,175.05,175.6,130
2024-07-24T18:30:00+00:00,175.5,175.5,175.4,175.4,6
2024-07-24T18:35:00+00:00,175.45,175.45,175.45,175.45,37
2024-07-24T18:55:00+00:00,175.45,175.45,175.15,175.15,16
2024-07-24T19:00:00+00:00,175.3,175.3,175.1,175.1,24
2024-07-24T19:05:00+00:00,175.3,175.3,175.3,175.3,2
2024-07-24T19:10:00+00:00,175.2,175.3,175.2,175.3,2
2024-07-24T19:20:00+00:00,175.3,175.3,175.2,175.2,3
2024-07-24T19:25:00+00:00,175.2,175.2,175.05,175.05,18
2024-07-24T19:50:00+00:00,175.05,175.3,175.05,175.3,5
2024-07-24T19:55:00+00:00,175.3,175.3,175.2,175.2,3
2024-07-24T20:20:00+00:00,175.3,175.3,175.3,175.3,1
2024-07-24T20:25:00+00:00,175.2,175.2,175.2,175.2,3
2024-07-24T20:30:00+00:00,175.3,175.3,175.0,175.0,202
2024-07-24T20:35:00+00:00,175.0,176.0,175.0,176.0,195
2024-07-24T20:40:00+00:00,175.95,175.95,175.95,175.95,2
2024-07-24T20:45:00+00:00,175.9,176.0,175.8,176.0,68
2024-07-25T06:55:00+00:00,175.8,175.8,175.8,175.8,45
2024-07-25T07:00:00+00:00,175.7,175.7,175.0,175.15,22
2024-07-25T07:05:00+00:00,175.0,175.2,174.15,174.2,135
2024-07-25T07:10:00+00:00,174.3,174.8,174.3,174.8,27
2024-07-25T07:15:00+00:00,174.8,176.1,174.8,176.1,116
2024-07-25T07:20:00+00:00,176.05,176.05,175.8,175.8,28
2024-07-25T07:25:00+00:00,175.8,178.8,175.1,177.4,1221
2024-07-25T07:30:00+00:00,177.5,179.0,177.5,178.6,403
2024-07-25T07:35:00+00:00,178.6,178.7,178.2,178.2,20
2024-07-25T07:40:00+00:00,178.1,180.0,178.1,179.9,520
2024-07-25T07:45:00+00:00,179.8,180.0,179.2,179.8,1084
2024-07-25T07:50:00+00:00,179.7,181.1,179.7,181.1,825
2024-07-25T07:55:00+00:00,181.1,182.1,180.8,181.15,1195
2024-07-25T08:00:00+00:00,181.1,181.1,179.35,179.9,1582
2024-07-25T08:05:00+00:00,180.0,181.8,180.0,181.4,739
2024-07-25T08:10:00+00:00,181.4,182.45,181.2,182.1,758
2024-07-25T08:15:00+00:00,182.1,182.25,181.15,181.3,394
2024-07-25T08:20:00+00:00,181.35,181.4,181.05,181.1,173
2024-07-25T08:25:00+00:00,181.1,181.15,181.05,181.05,258
2024-07-25T08:30:00+00:00,181.05,181.05,181.0,181.0,322
2024-07-25T08:35:00+00:00,181.0,181.15,180.6,180.6,2007
2024-07-25T08:40:00+00:00,180.5,180.5,178.85,179.7,510
2024-07-25T08:45:00+00:00,179.8,179.9,179.0,179.0,95
2024-07-25T08:50:00+00:00,179.05,179.05,178.95,178.95,37
2024-07-25T08:55:00+00:00,178.95,178.95,178.2,178.3,2416
2024-07-25T09:00:00+00:00,178.35,178.35,177.8,177.8,366
2024-07-25T09:05:00+00:00,177.8,178.65,177.6,178.6,280
2024-07-25T09:10:00+00:00,178.5,178.65,178.5,178.65,34
2024-07-25T09:15:00+00:00,178.5,178.5,178.0,178.0,1093
2024-07-25T09:20:00+00:00,178.0,178.7,178.0,178.0,737
2024-07-25T09:25:00+00:00,178.05,179.8,178.0,179.8,929
2024-07-25T09:30:00+00:00,179.8,179.8,178.65,179.2,5167
2024-07-25T09:35:00+00:00,179.3,179.7,179.3,179.7,9
2024-07-25T09:40:00+00:00,179.7,179.7,179.5,179.6,6
2024-07-25T09:45:00+00:00,179.5,179.5,179.4,179.4,3
2024-07-25T09:50:00+00:00,179.4,179.95,179.4,179.8,118
2024-07-25T09:55:00+00:00,179.7,179.95,179.3,179.8,49
2024-07-25T10:00:00+00:00,179.7,179.7,179.05,179.05,77
2024-07-25T10:05:00+00:00,179.2,179.2,179.05,179.05,33
2024-07-25T10:10:00+00:00,179.2,179.5,179.2,179.5,9
2024-07-25T10:15:00+00:00,179.6,179.6,179.4,179.4,13
2024-07-25T10:20:00+00:00,179.4,179.4,178.0,178.0,8589
2024-07-25T10:25:00+00:00,178.0,178.05,178.0,178.05,700
2024-07-25T10:30:00+00:00,178.05,178.1,178.0,178.05,112
2024-07-25T10:35:00+00:00,178.05,178.05,178.05,178.05,1
2024-07-25T10:45:00+00:00,178.05,178.1,178.05,178.1,2
2024-07-25T10:50:00+00:00,178.2,178.3,178.2,178.2,5
2024-07-25T11:00:00+00:00,178.3,178.5,178.0,178.5,233
2024-07-25T11:05:00+00:00,178.5,178.5,178.5,178.5,25
2024-07-25T11:10:00+00:00,178.45,178.45,178.2,178.2,24
2024-07-25T11:15:00+00:00,178.1,178.1,178.1,178.1,8
2024-07-25T11:20:00+00:00,178.1,178.1,178.0,178.0,300
2024-07-25T11:25:00+00:00,178.15,178.2,178.15,178.2,3
2024-07-25T11:30:00+00:00,178.2,178.3,178.2,178.3,2
2024-07-25T11:35:00+00:00,178.2,178.2,178.1,178.1,2
2024-07-25T11:40:00+00:00,178.2,178.6,178.2,178.6,116
2024-07-25T11:45:00+00:00,178.6,178.6,178.0,178.4,2557
2024-07-25T11:50:00+00:00,178.3,178.3,178.05,178.2,90
2024-07-25T11:55:00+00:00,178.1,178.1,178.1,178.1,3
2024-07-25T12:00:00+00:00,178.0,178.0,178.0,178.0,32
2024-07-25T12:05:00+00:00,178.1,178.2,178.0,178.0,8
2024-07-25T12:10:00+00:00,178.0,178.2,178.0,178.2,16
2024-07-25T12:20:00+00:00,178.05,178.2,178.0,178.0,49
2024-07-25T12:25:00+00:00,178.0,178.2,178.0,178.0,7
2024-07-25T12:30:00+00:00,178.05,178.6,178.05,178.6,71
2024-07-25T12:35:00+00:00,178.6,180.0,178.6,180.0,1619
2024-07-25T12:40:00+00:00,180.0,180.0,180.0,180.0,71
2024-07-25T12:45:00+00:00,180.0,180.1,180.0,180.1,2
2024-07-25T12:50:00+00:00,180.1,180.1,180.1,180.1,1
2024-07-25T12:55:00+00:00,180.2,180.2,180.1,180.1,30
2024-07-25T13:00:00+00:00,180.05,180.1,180.05,180.1,9
2024-07-25T13:05:00+00:00,180.05,180.05,178.95,178.95,2321
2024-07-25T13:10:00+00:00,179.0,179.0,178.7,178.7,11
2024-07-25T13:15:00+00:00,178.6,178.95,178.5,178.95,22
2024-07-25T13:20:00+00:00,178.95,178.95,177.5,177.5,865
2024-07-25T13:25:00+00:00,177.65,177.65,177.65,177.65,2
2024-07-25T13:30:00+00:00,177.65,177.65,177.65,177.65,1
2024-07-25T13:35:00+00:00,177.65,177.65,177.65,177.65,3
2024-07-25T13:40:00+00:00,177.7,177.7,177.7,177.7,2
2024-07-25T13:45:00+00:00,177.7,177.9,177.7,177.7,150
2024-07-25T13:55:00+00:00,177.7,177.7,177.7,177.7,65
2024-07-25T14:00:00+00:00,177.7,177.7,177.7,177.7,2
2024-07-25T14:05:00+00:00,177.8,177.9,177.8,177.9,3
2024-07-25T14:10:00+00:00,177.9,178.2,177.8,177.9,190
2024-07-25T14:20:00+00:00,178.0,178.0,178.0,178.0,1
2024-07-25T14:35:00+00:00,178.0,178.0,178.0,178.0,9
2024-07-25T14:40:00+00:00,178.1,178.9,178.1,178.9,51
2024-07-25T14:45:00+00:00,178.85,178.85,178.8,178.8,2
2024-07-25T14:50:00+00:00,178.7,178.7,178.5,178.6,9
2024-07-25T14:55:00+00:00,178.7,178.7,178.7,178.7,3
2024-07-25T15:00:00+00:00,178.6,178.95,177.8,178.8,132
2024-07-25T15:05:00+00:00,178.7,178.7,177.95,177.95,66
2024-07-25T15:10:00+00:00,178.1,178.2,178.1,178.2,6
2024-07-25T15:25:00+00:00,178.2,178.2,178.2,178.2,5
2024-07-25T15:30:00+00:00,178.3,178.9,178.3,178.9,75
2024-07-25T15:35:00+00:00,178.8,178.8,178.0,178.0,200
2024-07-25T15:45:00+00:00,178.5,178.5,178.5,178.5,20
2024-07-25T16:10:00+00:00,177.9,177.9,177.7,177.7,17
2024-07-25T16:15:00+00:00,177.85,177.85,177.85,177.85,5
2024-07-25T16:20:00+00:00,177.75,177.75,177.75,177.75,2
2024-07-25T16:25:00+00:00,177.9,177.9,177.9,177.9,2
2024-07-25T16:35:00+00:00,177.9,177.9,177.9,177.9,4
2024-07-25T16:40:00+00:00,177.9,177.9,177.9,177.9,1
2024-07-25T16:45:00+00:00,177.9,177.9,177.65,177.65,30
2024-07-25T16:50:00+00:00,177.65,177.65,177.65,177.65,1
2024-07-25T17:00:00+00:00,177.75,178.0,177.75,178.0,125
2024-07-25T17:05:00+00:00,177.8,178.0,177.8,178.0,401
2024-07-25T17:10:00+00:00,178.0,178.0,178.0,178.0,1
2024-07-25T17:15:00+00:00,178.0,178.0,177.85,177.85,9
2024-07-25T17:30:00+00:00,178.0,178.0,178.0,178.0,2
2024-07-25T17:35:00+00:00,178.0,178.0,178.0,178.0,53
2024-07-25T17:50:00+00:00,177.95,177.95,177.95,177.95,1
2024-07-25T17:55:00+00:00,177.9,177.9,177.9,177.9,2
2024-07-25T18:10:00+00:00,177.95,177.95,177.95,177.95,4
2024-07-25T18:25:00+00:00,177.85,177.95,177.85,177.95,2
2024-07-25T18:35:00+00:00,177.8,177.8,177.65,177.65,25
2024-07-25T18:40:00+00:00,177.65,177.65,177.65,177.65,27
2024-07-25T19:35:00+00:00,177.75,177.75,177.75,177.75,1
2024-07-25T19:40:00+00:00,177.65,177.65,177.65,177.65,1
2024-07-25T19:45:00+00:00,177.75,177.75,177.75,177.75,1
2024-07-25T19:55:00+00:00,177.75,177.75,177.65,177.65,2
2024-07-25T20:00:00+00:00,177.65,177.65,177.65,177.65,1
2024-07-25T20:20:00+00:00,177.6,177.6,177.6,177.6,4
2024-07-25T20:25:00+00:00,177.55,177.55,177.45,177.45,17
2024-07-25T20:30:00+00:00,177.4,177.4,177.4,177.4,1
2024-07-25T20:45:00+00:00,177.4,177.5,177.2,177.2,14
2024-07-26T07:00:00+00:00,177.2,177.2,177.1,177.1,34
2024-07-26T07:05:00+00:00,177.1,177.1,175.95,176.0,218
2024-07-26T07:10:00+00:00,176.0,176.1,176.0,176.1,57
2024-07-26T07:15:00+00:00,176.0,176.4,175.95,176.2,45
2024-07-26T07:20:00+00:00,176.2,176.6,176.2,176.6,42
2024-07-26T07:25:00+00:00,176.5,176.6,176.4,176.6,24
2024-07-26T07:30:00+00:00,176.6,177.2,176.6,177.15,80
2024-07-26T07:35:00+00:00,177.0,177.0,176.2,176.2,47
2024-07-26T07:40:00+00:00,176.2,176.9,176.2,176.8,109
2024-07-26T07:45:00+00:00,176.9,176.95,176.85,176.85,8
2024-07-26T07:50:00+00:00,176.9,177.0,176.85,177.0,17
2024-07-26T07:55:00+00:00,177.1,177.7,177.1,177.7,34
2024-07-26T08:00:00+00:00,177.8,178.85,177.8,178.7,66
2024-07-26T08:05:00+00:00,178.7,179.3,178.7,179.3,122
2024-07-26T08:10:00+00:00,179.3,179.7,179.3,179.4,217
2024-07-26T08:15:00+00:00,179.3,179.3,178.85,178.85,86
2024-07-26T08:20:00+00:00,179.0,181.85,179.0,181.3,658
2024-07-26T08:25:00+00:00,181.3,181.3,180.1,180.4,717
2024-07-26T08:30:00+00:00,180.5,181.3,180.5,181.3,105
2024-07-26T08:35:00+00:00,181.3,181.3,180.35,180.35,95
2024-07-26T08:40:00+00:00,180.5,180.7,180.4,180.7,10
2024-07-26T08:45:00+00:00,180.6,180.6,180.4,180.5,24
2024-07-26T08:50:00+00:00,180.5,180.5,180.1,180.45,135
2024-07-26T08:55:00+00:00,180.3,181.1,180.3,181.0,68
2024-07-26T09:00:00+00:00,181.05,181.1,180.6,180.8,81
2024-07-26T09:05:00+00:00,180.8,181.0,180.7,180.8,28
2024-07-26T09:10:00+00:00,180.7,180.95,180.7,180.9,22
2024-07-26T09:15:00+00:00,180.8,180.95,180.8,180.95,29
2024-07-26T09:25:00+00:00,180.9,180.9,180.9,180.9,5
2024-07-26T09:30:00+00:00,180.9,181.0,180.15,180.3,129
2024-07-26T09:35:00+00:00,180.4,180.4,180.3,180.4,4
2024-07-26T09:40:00+00:00,180.35,180.5,180.35,180.4,9
2024-07-26T09:45:00+00:00,180.4,180.4,180.1,180.1,743
2024-07-26T09:50:00+00:00,180.1,180.7,180.1,180.7,101
2024-07-26T09:55:00+00:00,180.6,180.6,180.4,180.4,14
2024-07-26T10:00:00+00:00,180.4,180.4,180.4,180.4,3
2024-07-26T10:05:00+00:00,180.5,180.95,180.5,180.95,40
2024-07-26T10:10:00+00:00,180.95,180.95,180.8,180.95,4
2024-07-26T10:15:00+00:00,180.8,180.8,180.4,180.6,17
2024-07-26T10:20:00+00:00,180.7,181.0,180.6,180.95,278
2024-07-26T10:25:00+00:00,180.95,181.0,180.8,180.95,194
2024-07-26T10:30:00+00:00,180.8,180.8,178.9,178.9,383
2024-07-26T10:35:00+00:00,179.0,179.0,177.7,177.75,363
2024-07-26T10:40:00+00:00,177.7,178.6,177.7,178.3,56
2024-07-26T10:45:00+00:00,178.2,178.2,178.0,178.0,7
2024-07-26T10:50:00+00:00,177.9,178.1,177.9,178.0,17
2024-07-26T10:55:00+00:00,178.0,178.2,177.7,177.8,54
2024-07-26T11:00:00+00:00,177.7,177.75,177.7,177.75,30
2024-07-26T11:05:00+00:00,177.8,178.6,177.8,178.6,19
2024-07-26T11:10:00+00:00,178.5,179.0,178.5,179.0,22
2024-07-26T11:15:00+00:00,178.9,178.9,178.0,178.0,27
2024-07-26T11:20:00+00:00,177.95,177.95,177.05,177.05,95
2024-07-26T11:25:00+00:00,177.2,177.5,177.0,177.4,48
2024-07-26T11:30:00+00:00,177.3,177.3,177.0,177.2,18
2024-07-26T11:35:00+00:00,177.2,177.2,176.85,176.85,66
2024-07-26T11:40:00+00:00,176.85,176.85,176.8,176.8,107
2024-07-26T11:45:00+00:00,176.85,176.9,176.85,176.9,97
2024-07-26T11:50:00+00:00,177.0,177.0,175.7,175.75,433
2024-07-26T11:55:00+00:00,175.75,175.9,175.05,175.9,256
2024-07-26T12:00:00+00:00,175.95,177.2,175.9,177.2,120
2024-07-26T12:05:00+00:00,177.2,177.2,175.9,176.1,201
2024-07-26T12:10:00+00:00,176.2,176.2,176.0,176.2,19
2024-07-26T12:15:00+00:00,176.1,176.1,174.7,174.8,134
2024-07-26T12:20:00+00:00,174.8,174.8,174.65,174.8,45
2024-07-26T12:25:00+00:00,174.8,175.0,174.1,174.2,81
2024-07-26T12:30:00+00:00,174.15,174.7,173.0,173.8,872
2024-07-26T12:35:00+00:00,173.8,173.8,173.05,173.2,213
2024-07-26T12:40:00+00:00,173.1,174.5,173.0,174.5,461
2024-07-26T12:45:00+00:00,174.5,174.5,174.1,174.1,365
2024-07-26T12:50:00+00:00,174.3,174.45,174.1,174.1,72
2024-07-26T12:55:00+00:00,174.3,174.5,174.1,174.3,44
2024-07-26T13:00:00+00:00,174.4,174.5,174.2,174.5,92
2024-07-26T13:05:00+00:00,174.5,174.5,174.4,174.4,10
2024-07-26T13:10:00+00:00,174.5,174.5,174.4,174.5,42
2024-07-26T13:15:00+00:00,174.5,174.5,174.45,174.5,103
2024-07-26T13:20:00+00:00,174.5,174.5,174.45,174.5,22
2024-07-26T13:25:00+00:00,174.45,174.6,174.45,174.6,61
2024-07-26T13:30:00+00:00,174.7,175.0,174.5,174.5,92
2024-07-26T13:35:00+00:00,174.5,176.8,174.4,176.7,261
2024-07-26T13:40:00+00:00,176.7,176.7,176.1,176.1,13
2024-07-26T13:45:00+00:00,176.2,176.75,176.2,176.75,59
2024-07-26T13:50:00+00:00,176.75,177.0,176.3,176.7,48
2024-07-26T13:55:00+00:00,176.7,176.7,176.0,176.0,100
2024-07-26T14:00:00+00:00,176.0,176.4,175.7,176.3,29
2024-07-26T14:05:00+00:00,176.25,176.4,176.25,176.4,4
2024-07-26T14:10:00+00:00,176.4,176.6,176.4,176.6,30
2024-07-26T14:15:00+00:00,176.7,177.1,176.7,176.9,30
2024-07-26T14:20:00+00:00,176.9,177.45,176.9,177.45,74
2024-07-26T14:25:00+00:00,177.5,177.5,176.45,176.6,142
2024-07-26T14:30:00+00:00,176.5,176.5,176.25,176.25,18
2024-07-26T14:35:00+00:00,176.4,176.45,176.4,176.45,3
2024-07-26T14:40:00+00:00,176.45,177.0,176.45,177.0,20
2024-07-26T14:45:00+00:00,176.9,176.9,176.15,176.2,45
2024-07-26T14:50:00+00:00,176.1,176.65,176.05,176.65,33
2024-07-26T14:55:00+00:00,176.5,176.5,176.3,176.4,12
2024-07-26T15:00:00+00:00,176.4,176.4,176.4,176.4,4
2024-07-26T15:05:00+00:00,176.3,176.3,176.3,176.3,2
2024-07-26T15:10:00+00:00,176.4,176.4,176.2,176.3,10
2024-07-26T15:15:00+00:00,176.4,177.4,176.4,177.0,37
2024-07-26T15:20:00+00:00,177.0,177.5,175.9,177.0,252
2024-07-26T15:25:00+00:00,176.9,176.9,176.2,176.4,19
2024-07-26T15:35:00+00:00,176.3,176.3,176.1,176.1,7
2024-07-26T15:45:00+00:00,176.2,176.2,176.2,176.2,4
2024-07-26T16:10:00+00:00,176.3,176.3,176.3,176.3,150
2024-07-26T16:15:00+00:00,176.2,176.2,176.0,176.0,13
2024-07-26T16:20:00+00:00,176.2,176.3,176.2,176.3,4
2024-07-26T16:25:00+00:00,176.4,176.5,176.4,176.5,3
2024-07-26T16:30:00+00:00,176.4,176.4,176.4,176.4,1
2024-07-26T16:35:00+00:00,176.5,176.9,176.5,176.9,79
2024-07-26T16:40:00+00:00,176.9,176.9,176.9,176.9,25
2024-07-26T16:45:00+00:00,176.8,176.9,176.4,176.4,19
2024-07-26T16:50:00+00:00,176.4,176.4,176.4,176.4,3
2024-07-26T16:55:00+00:00,176.4,176.4,176.4,176.4,4
2024-07-26T17:00:00+00:00,176.4,176.4,175.7,176.0,171
2024-07-26T17:05:00+00:00,176.0,176.0,176.0,176.0,39
2024-07-26T17:15:00+00:00,176.1,176.1,176.0,176.0,2
2024-07-26T17:20:00+00:00,176.0,176.0,176.0,176.0,27
2024-07-26T17:35:00+00:00,176.0,176.1,176.0,176.1,2
2024-07-26T17:40:00+00:00,176.15,176.15,176.15,176.15,1
2024-07-26T17:50:00+00:00,176.15,176.15,176.15,176.15,4
2024-07-26T17:55:00+00:00,176.2,176.2,176.15,176.15,12
2024-07-26T18:00:00+00:00,176.3,176.4,176.3,176.4,10
2024-07-26T18:05:00+00:00,176.5,176.9,176.5,176.9,13
2024-07-26T18:10:00+00:00,176.7,176.8,176.7,176.8,5
2024-07-26T18:15:00+00:00,176.8,176.8,176.8,176.8,1
2024-07-26T18:25:00+00:00,176.9,176.9,176.9,176.9,9
2024-07-26T18:30:00+00:00,176.9,176.9,176.9,176.9,6
2024-07-26T18:40:00+00:00,176.9,176.9,176.9,176.9,18
2024-07-26T18:45:00+00:00,176.8,176.8,176.15,176.6,33
2024-07-26T18:50:00+00:00,176.6,176.6,176.6,176.6,1
2024-07-26T18:55:00+00:00,176.5,176.5,176.5,176.5,2
2024-07-26T19:05:00+00:00,176.55,176.55,176.55,176.55,1
2024-07-26T19:10:00+00:00,176.55,176.6,176.55,176.6,13
2024-07-26T19:15:00+00:00,176.6,176.6,176.6,176.6,2
2024-07-26T19:20:00+00:00,176.4,176.4,176.4,176.4,1
2024-07-26T19:25:00+00:00,176.4,176.4,176.3,176.3,3
2024-07-26T19:35:00+00:00,176.2,176.2,176.2,176.2,5
2024-07-26T19:40:00+00:00,176.2,176.2,176.2,176.2,1
2024-07-26T19:45:00+00:00,176.3,176.3,176.15,176.15,4
2024-07-26T19:50:00+00:00,176.25,176.25,176.25,176.25,1
2024-07-26T19:55:00+00:00,176.25,176.25,176.25,176.25,1
2024-07-26T20:00:00+00:00,176.25,176.25,176.2,176.2,3
2024-07-26T20:05:00+00:00,176.2,176.2,176.2,176.2,17
2024-07-26T20:15:00+00:00,176.25,176.3,176.25,176.25,13
2024-07-26T20:20:00+00:00,176.25,176.25,176.25,176.25,2
2024-07-26T20:40:00+00:00,176.3,176.3,175.1,175.1,402
2024-07-26T20:45:00+00:00,175.2,175.4,175.2,175.4,5
2024-07-29T06:55:00+00:00,174.15,174.15,174.15,174.15,125
2024-07-29T07:00:00+00:00,174.15,174.25,171.9,172.85,453
2024-07-29T07:05:00+00:00,173.0,174.1,170.0,172.0,1216
2024-07-29T07:10:00+00:00,171.9,173.0,168.0,171.1,878
2024-07-29T07:15:00+00:00,171.0,171.05,169.3,170.8,159
2024-07-29T07:20:00+00:00,170.8,172.0,170.7,171.7,454
2024-07-29T07:25:00+00:00,171.75,171.8,171.6,171.7,32
2024-07-29T07:30:00+00:00,171.9,172.0,171.8,171.8,14
2024-07-29T07:35:00+00:00,172.0,172.0,171.4,171.5,94
2024-07-29T07:40:00+00:00,171.4,171.4,171.2,171.4,9
2024-07-29T07:45:00+00:00,171.45,171.45,171.45,171.45,5
2024-07-29T07:50:00+00:00,171.5,171.6,171.4,171.4,6
2024-07-29T07:55:00+00:00,171.6,172.0,171.0,171.0,47
2024-07-29T08:00:00+00:00,171.1,171.1,171.0,171.0,42
2024-07-29T08:05:00+00:00,171.0,171.0,170.9,170.9,279
2024-07-29T08:10:00+00:00,171.0,171.0,170.9,170.9,83
2024-07-29T08:15:00+00:00,170.8,171.0,170.7,170.7,109
2024-07-29T08:20:00+00:00,170.8,171.0,170.8,171.0,105
2024-07-29T08:25:00+00:00,170.95,171.0,170.9,171.0,219
2024-07-29T08:30:00+00:00,171.0,171.0,170.95,171.0,167
2024-07-29T08:35:00+00:00,171.0,171.0,170.7,170.7,164
2024-07-29T08:40:00+00:00,170.6,170.9,170.5,170.9,69
2024-07-29T08:45:00+00:00,170.9,171.0,170.8,171.0,51
2024-07-29T08:50:00+00:00,171.0,171.0,170.9,171.0,456
2024-07-29T08:55:00+00:00,171.0,171.0,170.05,170.2,206
2024-07-29T09:00:00+00:00,170.2,170.2,169.9,169.9,147
2024-07-29T09:05:00+00:00,169.9,170.45,169.9,170.2,22
2024-07-29T09:10:00+00:00,170.3,170.55,170.3,170.55,12
2024-07-29T09:15:00+00:00,170.45,170.5,170.4,170.5,3
2024-07-29T09:20:00+00:00,170.4,170.5,170.3,170.5,32
2024-07-29T09:25:00+00:00,170.5,170.5,170.2,170.4,139
2024-07-29T09:30:00+00:00,170.4,170.8,170.4,170.5,24
2024-07-29T09:35:00+00:00,170.6,170.6,170.5,170.5,2
2024-07-29T09:40:00+00:00,170.4,170.45,170.2,170.4,12
2024-07-29T09:45:00+00:00,170.4,170.4,170.2,170.25,8
2024-07-29T09:50:00+00:00,170.2,170.2,169.9,170.2,262
2024-07-29T09:55:00+00:00,170.1,170.1,169.9,169.9,14
2024-07-29T10:00:00+00:00,170.0,170.0,169.85,169.9,5
2024-07-29T10:05:00+00:00,170.0,170.6,170.0,170.6,23
2024-07-29T10:10:00+00:00,170.55,170.55,170.0,170.0,329
2024-07-29T10:15:00+00:00,170.0,170.1,170.0,170.0,58
2024-07-29T10:20:00+00:00,170.2,170.6,170.2,170.6,100
2024-07-29T10:25:00+00:00,170.7,170.95,170.5,170.5,148
2024-07-29T10:30:00+00:00,170.5,170.5,170.2,170.2,9
2024-07-29T10:35:00+00:00,170.1,170.1,170.0,170.0,35
2024-07-29T10:40:00+00:00,170.0,170.0,169.7,169.9,99
2024-07-29T10:45:00+00:00,169.9,170.0,169.8,169.8,6
2024-07-29T10:50:00+00:00,169.8,169.8,169.8,169.8,33
2024-07-29T10:55:00+00:00,169.95,170.1,169.95,170.1,4
2024-07-29T11:00:00+00:00,170.1,170.6,170.0,170.0,45
2024-07-29T11:05:00+00:00,170.0,170.0,170.0,170.0,1
2024-07-29T11:10:00+00:00,170.0,170.0,170.0,170.0,16
2024-07-29T11:15:00+00:00,169.9,170.0,169.8,170.0,32
2024-07-29T11:25:00+00:00,170.0,170.0,169.8,169.9,68
2024-07-29T11:30:00+00:00,169.8,169.9,169.8,169.9,2
2024-07-29T11:35:00+00:00,170.0,170.0,169.95,170.0,7
2024-07-29T11:40:00+00:00,169.8,170.0,169.8,170.0,2
2024-07-29T11:45:00+00:00,170.0,170.95,170.0,170.95,258
2024-07-29T11:50:00+00:00,170.95,171.0,170.6,171.0,51
2024-07-29T11:55:00+00:00,170.8,170.9,170.8,170.9,16
2024-07-29T12:00:00+00:00,170.8,170.8,170.8,170.8,2
2024-07-29T12:05:00+00:00,170.9,170.9,170.9,170.9,22
2024-07-29T12:10:00+00:00,170.7,170.7,170.7,170.7,2
2024-07-29T12:20:00+00:00,170.8,170.8,170.8,170.8,1
2024-07-29T12:25:00+00:00,170.7,170.7,170.15,170.15,21
2024-07-29T12:30:00+00:00,170.2,170.4,170.2,170.4,17
2024-07-29T12:35:00+00:00,170.5,170.5,170.5,170.5,1
2024-07-29T12:40:00+00:00,170.5,170.5,170.4,170.4,5
2024-07-29T12:45:00+00:00,170.5,171.0,170.5,171.0,41
2024-07-29T12:50:00+00:00,170.8,170.8,170.6,170.6,6
2024-07-29T12:55:00+00:00,170.7,170.7,170.2,170.2,11
2024-07-29T13:00:00+00:00,170.3,170.3,170.0,170.0,11
2024-07-29T13:05:00+00:00,170.1,170.1,170.1,170.1,1
2024-07-29T13:10:00+00:00,170.0,170.0,169.3,169.3,263
2024-07-29T13:15:00+00:00,169.3,170.1,169.2,169.7,50
2024-07-29T13:20:00+00:00,169.8,170.1,169.8,170.1,32
2024-07-29T13:25:00+00:00,170.0,170.0,169.05,169.2,520
2024-07-29T13:30:00+00:00,169.1,169.1,169.0,169.0,406
2024-07-29T13:35:00+00:00,169.2,169.75,169.2,169.6,15
2024-07-29T13:40:00+00:00,169.7,170.5,169.7,170.5,46
2024-07-29T13:45:00+00:00,170.5,170.5,169.9,169.9,17
2024-07-29T13:50:00+00:00,170.0,170.0,168.7,169.0,246
2024-07-29T13:55:00+00:00,168.9,169.0,168.7,168.8,50
2024-07-29T14:00:00+00:00,168.75,169.0,168.7,169.0,83
2024-07-29T14:05:00+00:00,169.0,169.0,169.0,169.0,5
2024-07-29T14:10:00+00:00,169.0,169.0,168.95,168.95,18
2024-07-29T14:15:00+00:00,169.0,169.0,169.0,169.0,2
2024-07-29T14:20:00+00:00,168.9,169.0,168.9,169.0,4
2024-07-29T14:25:00+00:00,169.0,169.0,169.0,169.0,50
2024-07-29T14:30:00+00:00,169.0,169.0,169.0,169.0,43
2024-07-29T14:35:00+00:00,169.0,169.0,169.0,169.0,2
2024-07-29T14:40:00+00:00,169.0,169.0,168.95,169.0,14
2024-07-29T14:45:00+00:00,168.9,169.0,168.9,169.0,20
2024-07-29T14:50:00+00:00,169.0,169.0,169.0,169.0,110
2024-07-29T14:55:00+00:00,169.0,169.0,169.0,169.0,2
2024-07-29T15:00:00+00:00,169.0,169.0,168.9,169.0,185
2024-07-29T15:05:00+00:00,168.9,169.1,168.9,169.1,24
2024-07-29T15:15:00+00:00,169.1,169.1,168.7,168.7,63
2024-07-29T15:20:00+00:00,168.7,168.7,168.5,168.7,67
2024-07-29T15:25:00+00:00,168.8,168.8,168.5,168.5,14
2024-07-29T15:30:00+00:00,168.7,169.8,168.7,169.8,59
2024-07-29T15:45:00+00:00,169.8,169.8,169.8,169.8,3
2024-07-29T16:05:00+00:00,169.9,169.9,169.7,169.7,4
2024-07-29T16:10:00+00:00,169.6,169.6,168.8,168.9,26
2024-07-29T16:15:00+00:00,168.8,168.8,168.25,168.25,43
2024-07-29T16:20:00+00:00,168.25,168.25,168.05,168.05,272
2024-07-29T16:25:00+00:00,168.05,168.15,168.05,168.15,15
2024-07-29T16:30:00+00:00,168.15,168.15,168.0,168.0,18
2024-07-29T16:40:00+00:00,168.15,168.15,168.15,168.15,4
2024-07-29T16:45:00+00:00,168.1,168.1,168.1,168.1,1
2024-07-29T16:50:00+00:00,168.15,168.15,168.15,168.15,7
2024-07-29T16:55:00+00:00,168.05,168.05,168.0,168.0,4
2024-07-29T17:10:00+00:00,168.05,168.05,168.05,168.05,5
2024-07-29T17:20:00+00:00,168.15,168.15,168.15,168.15,1
2024-07-29T17:25:00+00:00,168.15,168.15,168.15,168.15,2
2024-07-29T17:30:00+00:00,168.1,168.1,168.1,168.1,2
2024-07-29T17:35:00+00:00,168.1,168.1,168.1,168.1,5
2024-07-29T17:40:00+00:00,168.15,168.15,168.15,168.15,7
2024-07-29T17:50:00+00:00,168.15,168.2,168.15,168.2,12
2024-07-29T17:55:00+00:00,168.2,169.2,168.2,169.2,124
2024-07-29T18:00:00+00:00,169.1,169.1,168.65,168.65,54
2024-07-29T18:05:00+00:00,168.8,168.95,168.8,168.95,10
2024-07-29T18:10:00+00:00,168.95,168.95,168.95,168.95,30
2024-07-29T18:40:00+00:00,168.95,168.95,168.4,168.4,12
2024-07-29T18:55:00+00:00,168.5,168.5,168.5,168.5,1
2024-07-29T19:15:00+00:00,168.45,168.45,168.45,168.45,1
2024-07-29T19:20:00+00:00,168.6,168.9,168.6,168.9,10
2024-07-29T19:35:00+00:00,169.0,169.0,169.0,169.0,1
2024-07-29T19:45:00+00:00,168.9,168.9,168.5,168.5,10
2024-07-29T20:25:00+00:00,168.6,168.7,168.6,168.6,4
2024-07-29T20:30:00+00:00,168.7,168.95,168.7,168.8,27
2024-07-29T20:35:00+00:00,168.8,168.9,168.8,168.9,2
2024-07-29T20:40:00+00:00,168.9,168.9,168.9,168.9,1
2024-07-29T20:45:00+00:00,168.95,168.95,168.95,168.95,24
2024-07-30T06:55:00+00:00,168.7,168.7,168.7,168.7,6
2024-07-30T07:00:00+00:00,168.65,169.0,168.65,169.0,176
2024-07-30T07:05:00+00:00,169.1,169.1,169.0,169.1,5
2024-07-30T07:10:00+00:00,169.1,169.1,168.5,168.5,24
2024-07-30T07:15:00+00:00,168.6,169.1,168.6,169.0,104
2024-07-30T07:20:00+00:00,169.0,172.9,169.0,170.85,353
2024-07-30T07:25:00+00:00,170.85,171.0,170.5,171.0,90
2024-07-30T07:30:00+00:00,171.1,171.55,170.7,170.7,134
2024-07-30T07:40:00+00:00,170.7,170.7,170.7,170.7,102
2024-07-30T07:45:00+00:00,170.6,171.2,170.6,171.1,53
2024-07-30T07:50:00+00:00,171.1,171.1,170.7,170.7,8
2024-07-30T07:55:00+00:00,170.8,171.1,170.8,171.1,183
2024-07-30T08:00:00+00:00,171.05,171.5,171.05,171.5,348
2024-07-30T08:05:00+00:00,171.5,171.5,171.3,171.3,24
2024-07-30T08:10:00+00:00,171.3,171.75,171.3,171.75,125
2024-07-30T08:15:00+00:00,171.7,171.75,171.65,171.65,4
2024-07-30T08:20:00+00:00,171.6,171.6,171.4,171.4,7
2024-07-30T08:30:00+00:00,171.4,171.75,171.4,171.75,50
2024-07-30T08:35:00+00:00,171.75,171.75,170.4,170.4,107
2024-07-30T08:40:00+00:00,170.4,170.4,170.2,170.3,19
2024-07-30T08:45:00+00:00,170.2,170.4,170.0,170.4,29
2024-07-30T08:50:00+00:00,170.4,170.4,170.4,170.4,11
2024-07-30T08:55:00+00:00,170.4,171.8,170.4,171.8,301
2024-07-30T09:00:00+00:00,171.8,171.8,171.8,171.8,1
2024-07-30T09:05:00+00:00,171.8,171.8,171.8,171.8,1
2024-07-30T09:10:00+00:00,171.6,171.6,171.2,171.4,15
2024-07-30T09:15:00+00:00,171.5,171.5,171.1,171.2,10
2024-07-30T09:20:00+00:00,171.2,171.2,171.2,171.2,1
2024-07-30T09:25:00+00:00,171.1,171.1,171.1,171.1,2
2024-07-30T09:30:00+00:00,171.0,171.0,171.0,171.0,1
2024-07-30T09:35:00+00:00,171.0,171.0,171.0,171.0,1
2024-07-30T09:45:00+00:00,171.1,171.85,171.1,171.85,33
2024-07-30T09:50:00+00:00,171.85,171.85,171.85,171.85,22
2024-07-30T09:55:00+00:00,171.85,171.85,171.85,171.85,2
2024-07-30T10:00:00+00:00,171.85,171.85,171.85,171.85,1
2024-07-30T10:05:00+00:00,171.85,171.85,171.85,171.85,9
2024-07-30T10:10:00+00:00,171.9,171.9,171.5,171.85,25
2024-07-30T10:15:00+00:00,171.9,171.9,171.7,171.7,6
2024-07-30T10:20:00+00:00,171.8,171.8,171.7,171.7,2
2024-07-30T10:25:00+00:00,171.8,171.8,171.2,171.3,248
2024-07-30T10:35:00+00:00,171.3,171.3,171.2,171.2,4
2024-07-30T10:40:00+00:00,171.1,171.2,171.1,171.2,2
2024-07-30T10:50:00+00:00,171.2,171.2,171.2,171.2,3
2024-07-30T10:55:00+00:00,171.3,171.3,171.3,171.3,1
2024-07-30T11:00:00+00:00,171.3,171.45,171.3,171.3,5
2024-07-30T11:05:00+00:00,171.4,171.5,171.4,171.5,201
2024-07-30T11:10:00+00:00,171.5,171.5,171.5,171.5,11
2024-07-30T11:15:00+00:00,171.5,171.5,171.5,171.5,40
2024-07-30T11:20:00+00:00,171.5,172.6,171.5,172.6,223
2024-07-30T11:25:00+00:00,172.6,173.15,172.6,172.6,110
2024-07-30T11:30:00+00:00,172.5,172.6,171.6,171.6,185
2024-07-30T11:35:00+00:00,171.6,171.6,171.6,171.6,19
2024-07-30T11:40:00+00:00,171.7,171.7,171.7,171.7,2
2024-07-30T11:50:00+00:00,171.7,171.8,171.7,171.8,4
2024-07-30T11:55:00+00:00,171.9,171.9,171.8,171.8,3
2024-07-30T12:05:00+00:00,171.8,171.9,171.8,171.9,5
2024-07-30T12:10:00+00:00,171.9,172.1,171.3,171.7,260
2024-07-30T12:15:00+00:00,171.8,172.8,171.7,171.9,161
2024-07-30T12:20:00+00:00,171.8,171.8,171.7,171.7,7
2024-07-30T12:25:00+00:00,171.8,171.9,171.05,171.4,102
2024-07-30T12:35:00+00:00,171.3,171.4,171.2,171.4,11
2024-07-30T12:40:00+00:00,171.3,171.3,170.1,170.45,634
2024-07-30T12:45:00+00:00,170.45,170.45,169.9,169.9,136
2024-07-30T12:50:00+00:00,169.9,170.0,168.7,169.2,443
2024-07-30T12:55:00+00:00,169.3,169.9,169.3,169.9,32
2024-07-30T13:00:00+00:00,169.9,170.0,169.75,169.95,519
2024-07-30T13:05:00+00:00,169.95,170.0,169.95,170.0,123
2024-07-30T13:10:00+00:00,170.0,170.0,169.9,170.0,3363
2024-07-30T13:15:00+00:00,170.0,170.0,169.9,169.9,88
2024-07-30T13:20:00+00:00,169.9,169.9,169.7,169.7,40
2024-07-30T13:25:00+00:00,169.75,169.8,169.7,169.7,136
2024-07-30T13:30:00+00:00,169.6,169.6,169.2,169.2,40
2024-07-30T13:35:00+00:00,169.3,169.4,169.3,169.4,3
2024-07-30T13:40:00+00:00,169.3,169.4,169.3,169.4,6
2024-07-30T13:50:00+00:00,169.4,169.4,169.4,169.4,5
2024-07-30T13:55:00+00:00,169.5,169.65,169.5,169.6,8
2024-07-30T14:00:00+00:00,169.55,169.65,169.55,169.6,64
2024-07-30T14:05:00+00:00,169.65,169.9,169.65,169.9,17
2024-07-30T14:15:00+00:00,169.9,170.0,169.8,170.0,1102
2024-07-30T14:20:00+00:00,169.95,170.0,169.95,170.0,358
2024-07-30T14:25:00+00:00,170.0,170.0,169.9,169.9,220
2024-07-30T14:30:00+00:00,169.95,169.95,169.95,169.95,40
2024-07-30T14:35:00+00:00,170.0,170.0,170.0,170.0,1
2024-07-30T14:40:00+00:00,170.0,170.0,170.0,170.0,375
2024-07-30T14:45:00+00:00,170.0,170.0,170.0,170.0,2
2024-07-30T14:50:00+00:00,170.0,170.0,170.0,170.0,11
2024-07-30T14:55:00+00:00,169.9,169.9,169.8,169.8,3
2024-07-30T15:00:00+00:00,169.9,170.0,169.9,170.0,432
2024-07-30T15:05:00+00:00,170.0,170.0,169.95,170.0,25
2024-07-30T15:10:00+00:00,169.9,170.0,169.9,170.0,12
2024-07-30T15:15:00+00:00,170.0,170.0,170.0,170.0,2
2024-07-30T15:20:00+00:00,169.8,170.0,169.8,170.0,17
2024-07-30T15:25:00+00:00,169.95,170.0,169.8,170.0,169
2024-07-30T15:30:00+00:00,169.95,169.95,169.95,169.95,8
2024-07-30T15:35:00+00:00,169.95,169.95,169.8,169.8,10
2024-07-30T15:45:00+00:00,169.95,169.95,169.95,169.95,2
2024-07-30T16:05:00+00:00,169.95,169.95,169.85,169.85,3
2024-07-30T16:10:00+00:00,169.85,169.85,169.85,169.85,8
2024-07-30T16:20:00+00:00,169.85,169.85,169.85,169.85,1
2024-07-30T16:25:00+00:00,169.85,169.95,169.8,169.95,13
2024-07-30T16:35:00+00:00,169.95,170.0,169.8,169.8,117
2024-07-30T16:40:00+00:00,169.95,169.95,169.95,169.95,5
2024-07-30T16:45:00+00:00,169.8,169.8,169.7,169.7,65
2024-07-30T16:55:00+00:00,169.85,169.85,169.85,169.85,1
2024-07-30T17:00:00+00:00,169.7,169.7,169.7,169.7,3
2024-07-30T17:15:00+00:00,169.85,169.85,169.85,169.85,8
2024-07-30T17:20:00+00:00,169.85,169.85,169.85,169.85,1
2024-07-30T17:25:00+00:00,169.9,169.9,169.9,169.9,1
2024-07-30T17:30:00+00:00,169.9,169.9,169.9,169.9,1
2024-07-30T17:45:00+00:00,169.95,170.0,169.95,170.0,5
2024-07-30T17:50:00+00:00,169.95,170.0,169.95,170.0,4
2024-07-30T17:55:00+00:00,169.95,170.0,169.85,170.0,7
2024-07-30T18:05:00+00:00,170.0,170.0,170.0,170.0,5
2024-07-30T18:10:00+00:00,170.0,170.0,170.0,170.0,3
2024-07-30T18:15:00+00:00,169.85,169.85,169.85,169.85,1
2024-07-30T18:35:00+00:00,170.0,170.0,170.0,170.0,1
2024-07-30T19:20:00+00:00,170.0,170.0,170.0,170.0,1
2024-07-30T19:25:00+00:00,170.0,170.0,170.0,170.0,1
2024-07-30T19:35:00+00:00,169.9,169.9,169.9,169.9,1
2024-07-30T19:40:00+00:00,170.0,170.0,170.0,170.0,1
2024-07-30T19:50:00+00:00,170.0,170.0,170.0,170.0,59
2024-07-30T20:00:00+00:00,170.0,170.0,169.95,169.95,10
2024-07-30T20:15:00+00:00,170.0,170.0,170.0,170.0,15
2024-07-30T20:25:00+00:00,170.0,170.0,170.0,170.0,1
2024-07-30T20:30:00+00:00,169.95,170.0,169.9,170.0,21
2024-07-30T20:40:00+00:00,170.0,170.0,170.0,170.0,1
2024-07-30T20:45:00+00:00,170.0,170.0,169.9,169.9,206
2024-07-31T06:55:00+00:00,170.1,170.1,170.1,170.1,10
2024-07-31T07:00:00+00:00,170.0,170.2,170.0,170.2,47
2024-07-31T07:05:00+00:00,170.2,170.2,170.2,170.2,28
2024-07-31T07:10:00+00:00,170.15,170.2,170.15,170.2,3
2024-07-31T07:15:00+00:00,170.2,170.3,170.2,170.3,145
2024-07-31T07:20:00+00:00,170.3,170.3,170.3,170.3,7
2024-07-31T07:25:00+00:00,170.25,171.7,170.25,171.65,136
2024-07-31T07:30:00+00:00,171.75,171.8,171.4,171.4,17
2024-07-31T07:35:00+00:00,171.3,171.3,171.1,171.1,6
2024-07-31T07:40:00+00:00,171.0,171.0,170.5,170.6,16
2024-07-31T07:45:00+00:00,170.7,170.8,170.4,170.4,16
2024-07-31T07:50:00+00:00,170.3,170.4,170.2,170.3,16
2024-07-31T07:55:00+00:00,170.4,170.4,170.2,170.2,3
2024-07-31T08:00:00+00:00,170.3,171.0,170.3,171.0,21
2024-07-31T08:05:00+00:00,171.1,171.5,171.1,171.5,22
2024-07-31T08:10:00+00:00,171.5,172.6,171.5,171.95,159
2024-07-31T08:15:00+00:00,171.95,172.2,171.9,172.2,70
2024-07-31T08:20:00+00:00,172.3,172.7,171.85,172.1,32
2024-07-31T08:25:00+00:00,172.1,172.1,171.6,171.7,22
2024-07-31T08:30:00+00:00,171.8,171.8,171.8,171.8,2
2024-07-31T08:35:00+00:00,171.8,171.8,171.8,171.8,1
2024-07-31T08:40:00+00:00,171.7,171.7,171.7,171.7,2
2024-07-31T08:45:00+00:00,171.8,171.95,171.8,171.95,5
2024-07-31T08:50:00+00:00,171.8,171.8,171.5,171.7,12
2024-07-31T08:55:00+00:00,171.7,171.7,171.7,171.7,3
2024-07-31T09:00:00+00:00,171.6,171.6,171.6,171.6,1
2024-07-31T09:05:00+00:00,171.7,171.7,171.7,171.7,3
2024-07-31T09:10:00+00:00,171.7,171.7,171.45,171.45,14
2024-07-31T09:15:00+00:00,171.45,171.45,171.45,171.45,1
2024-07-31T09:30:00+00:00,171.45,171.45,170.85,170.85,88
2024-07-31T09:35:00+00:00,170.85,170.85,170.85,170.85,21
2024-07-31T09:40:00+00:00,171.0,171.2,171.0,171.2,15
2024-07-31T09:45:00+00:00,171.2,171.2,170.7,170.9,137
2024-07-31T09:50:00+00:00,170.9,171.0,170.9,171.0,2
2024-07-31T09:55:00+00:00,170.9,170.9,170.9,170.9,1
2024-07-31T10:00:00+00:00,170.8,170.8,170.7,170.7,55
2024-07-31T10:05:00+00:00,170.6,170.6,170.3,170.3,96
2024-07-31T10:10:00+00:00,170.4,170.4,170.2,170.2,81
2024-07-31T10:15:00+00:00,170.2,170.2,170.2,170.2,9
2024-07-31T10:20:00+00:00,170.4,171.8,170.4,171.6,179
2024-07-31T10:25:00+00:00,171.5,171.5,171.2,171.2,9
2024-07-31T10:30:00+00:00,171.1,171.1,171.1,171.1,1
2024-07-31T10:35:00+00:00,171.1,171.1,171.1,171.1,1
2024-07-31T10:45:00+00:00,171.0,171.0,170.7,170.7,9
2024-07-31T10:50:00+00:00,170.65,170.65,170.3,170.3,25
2024-07-31T10:55:00+00:00,170.4,170.4,170.4,170.4,2
2024-07-31T11:00:00+00:00,170.5,170.5,170.5,170.5,1
2024-07-31T11:10:00+00:00,170.5,170.5,170.1,170.1,161
2024-07-31T11:15:00+00:00,170.05,170.2,170.05,170.2,15
2024-07-31T11:20:00+00:00,170.2,170.2,170.15,170.15,20
2024-07-31T11:35:00+00:00,170.25,170.35,170.25,170.35,4
2024-07-31T11:40:00+00:00,170.35,170.5,170.35,170.5,5
2024-07-31T11:45:00+00:00,170.5,170.8,170.5,170.8,8
2024-07-31T11:50:00+00:00,170.7,170.8,170.7,170.8,5
2024-07-31T11:55:00+00:00,170.7,170.7,170.7,170.7,1
2024-07-31T12:00:00+00:00,170.7,170.7,170.0,170.0,954
2024-07-31T12:05:00+00:00,169.9,169.9,169.9,169.9,6
2024-07-31T12:10:00+00:00,169.9,169.9,169.0,169.0,33
2024-07-31T12:15:00+00:00,169.2,169.4,169.2,169.4,8
2024-07-31T12:20:00+00:00,169.3,169.8,169.25,169.8,15
2024-07-31T12:25:00+00:00,169.7,170.0,169.3,170.0,217
2024-07-31T12:30:00+00:00,170.0,170.0,170.0,170.0,9
2024-07-31T12:35:00+00:00,170.0,170.0,169.9,169.9,8
2024-07-31T12:40:00+00:00,170.0,170.0,170.0,170.0,1
2024-07-31T12:45:00+00:00,170.0,170.0,169.9,169.9,2
2024-07-31T12:50:00+00:00,169.8,169.8,169.5,169.5,12
2024-07-31T12:55:00+00:00,169.5,169.5,169.5,169.5,1
2024-07-31T13:00:00+00:00,169.5,169.5,169.5,169.5,6
2024-07-31T13:05:00+00:00,169.5,169.5,168.1,168.6,799
2024-07-31T13:10:00+00:00,168.7,168.7,168.7,168.7,2
2024-07-31T13:20:00+00:00,168.8,169.25,168.8,169.25,30
2024-07-31T13:25:00+00:00,169.1,169.1,169.1,169.1,1
2024-07-31T13:30:00+00:00,169.2,169.2,169.1,169.2,3
2024-07-31T13:35:00+00:00,169.25,169.25,169.25,169.25,51
2024-07-31T13:50:00+00:00,169.25,169.25,169.25,169.25,12
2024-07-31T13:55:00+00:00,169.15,169.3,169.15,169.3,107
2024-07-31T14:00:00+00:00,169.3,169.3,169.3,169.3,2
2024-07-31T14:10:00+00:00,169.1,169.2,169.1,169.2,3
2024-07-31T14:15:00+00:00,169.2,169.2,169.2,169.2,1
2024-07-31T14:25:00+00:00,169.3,169.3,168.85,168.85,64
2024-07-31T14:30:00+00:00,168.85,168.85,168.8,168.85,57
2024-07-31T14:35:00+00:00,168.8,168.85,168.8,168.85,36
2024-07-31T14:40:00+00:00,168.85,168.85,168.85,168.85,16
2024-07-31T14:45:00+00:00,168.8,168.9,168.8,168.9,88
2024-07-31T14:50:00+00:00,169.0,169.0,169.0,169.0,2
2024-07-31T14:55:00+00:00,169.1,169.2,169.1,169.2,3
2024-07-31T15:00:00+00:00,169.2,169.3,169.2,169.2,25
2024-07-31T15:05:00+00:00,169.2,169.3,169.2,169.3,4
2024-07-31T15:10:00+00:00,169.3,169.3,169.0,169.2,88
2024-07-31T15:15:00+00:00,169.3,169.3,169.3,169.3,15
2024-07-31T15:20:00+00:00,169.3,169.3,169.3,169.3,2
2024-07-31T15:25:00+00:00,169.3,169.3,169.3,169.3,1
2024-07-31T15:30:00+00:00,169.3,169.3,169.0,169.0,33
2024-07-31T15:35:00+00:00,169.05,169.2,169.0,169.2,8
2024-07-31T15:45:00+00:00,169.1,169.1,169.1,169.1,5
2024-07-31T16:00:00+00:00,169.0,169.0,169.0,169.0,2
2024-07-31T16:10:00+00:00,169.0,169.0,169.0,169.0,13
2024-07-31T16:15:00+00:00,169.2,169.2,169.2,169.2,2
2024-07-31T16:25:00+00:00,169.3,169.3,169.3,169.3,5
2024-07-31T16:30:00+00:00,169.3,169.3,169.3,169.3,9
2024-07-31T16:35:00+00:00,169.3,169.3,169.3,169.3,1
2024-07-31T16:55:00+00:00,169.4,169.75,169.4,169.75,60
2024-07-31T17:00:00+00:00,169.6,170.0,169.4,170.0,305
2024-07-31T17:05:00+00:00,169.9,169.95,169.9,169.95,6
2024-07-31T17:20:00+00:00,169.95,169.95,169.95,169.95,1
2024-07-31T17:25:00+00:00,169.8,169.8,169.35,169.35,30
2024-07-31T17:35:00+00:00,169.5,169.8,169.5,169.8,8
2024-07-31T18:00:00+00:00,169.8,169.8,169.8,169.8,1
2024-07-31T18:10:00+00:00,169.9,169.9,169.9,169.9,2
2024-07-31T18:15:00+00:00,169.8,169.8,169.45,169.45,36
2024-07-31T18:40:00+00:00,169.6,169.6,169.6,169.6,1
2024-07-31T18:50:00+00:00,169.6,169.6,169.6,169.6,5
2024-07-31T19:00:00+00:00,169.7,169.7,169.7,169.7,1
2024-07-31T19:10:00+00:00,169.7,169.7,169.7,169.7,1
2024-07-31T19:15:00+00:00,169.7,169.7,169.7,169.7,1
2024-07-31T19:35:00+00:00,169.6,169.6,169.4,169.5,16
2024-07-31T19:50:00+00:00,169.6,169.7,169.6,169.7,3
2024-07-31T19:55:00+00:00,169.7,170.0,169.7,170.0,200
2024-07-31T20:00:00+00:00,170.0,170.0,170.0,170.0,1
2024-07-31T20:05:00+00:00,170.0,170.0,169.95,169.95,127
2024-07-31T20:10:00+00:00,170.0,170.0,170.0,170.0,5
2024-07-31T20:20:00+00:00,169.9,169.9,169.8,169.8,4
2024-07-31T20:30:00+00:00,169.9,169.95,169.9,169.95,20
2024-07-31T20:35:00+00:00,169.95,170.0,169.95,169.95,442
2024-07-31T20:45:00+00:00,169.9,169.9,169.9,169.9,3
2024-08-01T06:55:00+00:00,170.2,170.2,170.2,170.2,10
2024-08-01T07:00:00+00:00,170.3,171.8,170.3,171.8,34
2024-08-01T07:05:00+00:00,171.9,171.9,171.4,171.4,41
2024-08-01T07:10:00+00:00,171.4,171.4,171.1,171.1,13
2024-08-01T07:15:00+00:00,171.1,171.5,170.5,171.1,56
2024-08-01T07:20:00+00:00,171.1,171.1,171.1,171.1,1
2024-08-01T07:25:00+00:00,171.0,171.1,170.5,170.7,40
2024-08-01T07:30:00+00:00,170.7,172.5,170.7,171.8,152
2024-08-01T07:35:00+00:00,171.7,171.7,171.0,171.0,17
2024-08-01T07:40:00+00:00,171.0,171.1,170.35,170.5,37
2024-08-01T07:45:00+00:00,170.6,170.6,170.5,170.6,3
2024-08-01T07:55:00+00:00,170.6,170.7,170.6,170.7,7
2024-08-01T08:00:00+00:00,170.6,170.8,170.6,170.8,52
2024-08-01T08:05:00+00:00,170.9,171.0,170.9,171.0,4
2024-08-01T08:10:00+00:00,170.9,171.0,170.9,171.0,2
2024-08-01T08:15:00+00:00,171.1,171.6,171.1,171.5,109
2024-08-01T08:20:00+00:00,171.5,171.5,171.4,171.4,2
2024-08-01T08:30:00+00:00,171.4,171.4,171.3,171.3,3
2024-08-01T08:35:00+00:00,171.4,171.7,171.1,171.1,86
2024-08-01T08:40:00+00:00,171.2,171.4,171.2,171.4,6
2024-08-01T08:45:00+00:00,171.4,171.4,171.4,171.4,3
2024-08-01T08:50:00+00:00,171.5,172.8,171.4,172.1,289
2024-08-01T08:55:00+00:00,172.1,172.2,172.1,172.2,10
2024-08-01T09:00:00+00:00,172.1,172.95,172.1,172.3,176
2024-08-01T09:05:00+00:00,172.3,172.35,172.3,172.35,26
2024-08-01T09:10:00+00:00,172.35,173.2,172.3,173.1,268
2024-08-01T09:15:00+00:00,173.1,173.15,173.1,173.1,41
2024-08-01T09:20:00+00:00,173.1,173.6,173.1,173.6,109
2024-08-01T09:25:00+00:00,173.45,174.8,173.4,174.5,490
2024-08-01T09:30:00+00:00,174.7,174.7,173.4,173.4,449
2024-08-01T09:35:00+00:00,173.5,173.9,173.4,173.8,57
2024-08-01T09:40:00+00:00,173.9,174.0,173.9,174.0,25
2024-08-01T09:45:00+00:00,173.9,174.0,173.9,173.9,4
2024-08-01T09:50:00+00:00,173.9,174.6,173.9,174.4,56
2024-08-01T09:55:00+00:00,174.4,174.4,173.6,173.6,86
2024-08-01T10:05:00+00:00,173.5,173.5,173.0,173.0,12
2024-08-01T10:10:00+00:00,172.9,172.9,172.7,172.7,16
2024-08-01T10:15:00+00:00,172.8,172.9,172.8,172.9,3
2024-08-01T10:20:00+00:00,172.95,173.0,172.35,172.35,62
2024-08-01T10:25:00+00:00,172.5,173.9,172.5,173.9,150
2024-08-01T10:30:00+00:00,173.9,173.9,173.7,173.9,25
2024-08-01T10:35:00+00:00,173.8,173.8,173.8,173.8,5
2024-08-01T10:40:00+00:00,173.7,173.7,173.7,173.7,2
2024-08-01T10:45:00+00:00,173.6,173.6,173.6,173.6,1
2024-08-01T10:50:00+00:00,173.7,173.8,173.7,173.8,2
2024-08-01T10:55:00+00:00,173.8,173.9,173.2,173.5,50
2024-08-01T11:00:00+00:00,173.6,173.6,173.3,173.4,13
2024-08-01T11:05:00+00:00,173.3,173.3,172.7,172.7,22
2024-08-01T11:10:00+00:00,172.65,172.8,172.6,172.8,66
2024-08-01T11:15:00+00:00,172.8,172.8,172.8,172.8,1
2024-08-01T11:20:00+00:00,172.8,172.8,172.8,172.8,7
2024-08-01T11:25:00+00:00,172.8,172.8,172.8,172.8,1
2024-08-01T11:30:00+00:00,172.8,172.9,172.8,172.9,4
2024-08-01T11:35:00+00:00,172.8,173.4,172.6,173.4,29
2024-08-01T11:40:00+00:00,173.4,173.4,173.4,173.4,141
2024-08-01T11:45:00+00:00,173.45,173.45,173.4,173.45,50
2024-08-01T11:50:00+00:00,173.45,173.45,172.9,172.9,20
2024-08-01T11:55:00+00:00,172.9,172.9,172.9,172.9,10
2024-08-01T12:00:00+00:00,172.9,172.9,172.6,172.6,12
2024-08-01T12:05:00+00:00,172.6,172.6,172.6,172.6,5
2024-08-01T12:15:00+00:00,172.8,172.8,172.8,172.8,19
2024-08-01T12:20:00+00:00,172.8,172.85,172.7,172.7,10
2024-08-01T12:25:00+00:00,172.7,172.7,172.05,172.05,72
2024-08-01T12:40:00+00:00,172.2,172.9,172.2,172.9,42
2024-08-01T12:45:00+00:00,172.85,172.85,172.85,172.85,2
2024-08-01T12:50:00+00:00,172.7,172.7,172.3,172.3,10
2024-08-01T12:55:00+00:00,172.3,172.3,172.3,172.3,1
2024-08-01T13:00:00+00:00,172.2,172.2,172.0,172.0,122
2024-08-01T13:05:00+00:00,172.15,172.15,172.15,172.15,6
2024-08-01T13:10:00+00:00,172.15,172.2,172.05,172.2,4
2024-08-01T13:15:00+00:00,172.3,172.3,172.3,172.3,2
2024-08-01T13:40:00+00:00,172.4,172.4,172.4,172.4,1
2024-08-01T13:45:00+00:00,172.4,172.4,172.4,172.4,1
2024-08-01T13:50:00+00:00,172.35,172.35,172.35,172.35,1
2024-08-01T13:55:00+00:00,172.35,172.35,172.35,172.35,6
2024-08-01T14:05:00+00:00,172.3,172.3,172.3,172.3,1
2024-08-01T14:15:00+00:00,172.5,172.5,172.5,172.5,1
2024-08-01T14:20:00+00:00,172.4,172.4,172.3,172.35,16
2024-08-01T14:25:00+00:00,172.5,172.85,172.5,172.85,27
2024-08-01T14:30:00+00:00,172.7,172.7,172.7,172.7,3
2024-08-01T14:35:00+00:00,172.6,172.6,172.5,172.5,5
2024-08-01T14:40:00+00:00,172.5,172.5,172.5,172.5,5
2024-08-01T14:45:00+00:00,172.4,172.4,172.35,172.35,4
2024-08-01T14:50:00+00:00,172.35,172.35,172.35,172.35,1
2024-08-01T14:55:00+00:00,172.5,172.5,172.5,172.5,2
2024-08-01T15:00:00+00:00,172.4,172.5,172.3,172.5,72
2024-08-01T15:15:00+00:00,172.4,172.4,172.4,172.4,1
2024-08-01T15:20:00+00:00,172.6,173.0,172.6,172.9,2054
2024-08-01T15:25:00+00:00,172.9,172.9,172.9,172.9,3
2024-08-01T15:30:00+00:00,172.8,172.8,172.8,172.8,1
2024-08-01T15:35:00+00:00,172.9,172.9,172.75,172.75,151
2024-08-01T16:00:00+00:00,172.7,172.7,172.7,172.7,1
2024-08-01T16:10:00+00:00,172.75,172.75,172.75,172.75,15
2024-08-01T16:20:00+00:00,172.8,173.0,172.8,172.85,39
2024-08-01T16:30:00+00:00,173.0,173.0,172.95,172.95,62
2024-08-01T16:35:00+00:00,172.95,173.0,172.95,173.0,519
2024-08-01T16:40:00+00:00,173.0,173.0,173.0,173.0,125
2024-08-01T16:45:00+00:00,173.0,173.0,173.0,173.0,76
2024-08-01T16:50:00+00:00,173.0,173.0,173.0,173.0,1
2024-08-01T16:55:00+00:00,172.95,172.95,172.95,172.95,1
2024-08-01T17:05:00+00:00,172.95,172.95,172.9,172.9,44
2024-08-01T17:10:00+00:00,173.0,173.0,173.0,173.0,6
2024-08-01T17:35:00+00:00,172.9,172.9,172.7,172.7,22
2024-08-01T17:45:00+00:00,172.8,172.8,172.8,172.8,1
2024-08-01T17:50:00+00:00,172.8,172.8,172.8,172.8,1
2024-08-01T18:00:00+00:00,172.9,173.0,172.9,173.0,3
2024-08-01T18:05:00+00:00,173.0,173.0,172.8,172.8,7
2024-08-01T18:15:00+00:00,172.8,172.8,172.8,172.8,1
2024-08-01T18:20:00+00:00,172.7,172.7,172.7,172.7,4
2024-08-01T18:25:00+00:00,172.6,172.6,172.45,172.6,9
2024-08-01T18:35:00+00:00,172.5,172.5,172.5,172.5,2
2024-08-01T18:50:00+00:00,172.5,172.5,172.5,172.5,1
2024-08-01T18:55:00+00:00,172.4,172.4,172.4,172.4,2
2024-08-01T19:05:00+00:00,172.4,172.6,172.4,172.6,4
2024-08-01T19:10:00+00:00,172.5,172.55,172.4,172.4,81
2024-08-01T19:25:00+00:00,172.4,172.4,172.4,172.4,3
2024-08-01T19:40:00+00:00,172.55,172.55,172.55,172.55,29
2024-08-01T19:50:00+00:00,172.6,172.6,172.6,172.6,1
2024-08-01T19:55:00+00:00,172.6,172.6,172.6,172.6,1
2024-08-01T20:00:00+00:00,172.7,172.8,172.7,172.8,20
2024-08-01T20:05:00+00:00,172.8,172.9,172.8,172.9,3
2024-08-01T20:10:00+00:00,172.9,172.9,172.9,172.9,1
2024-08-01T20:20:00+00:00,172.9,172.9,172.9,172.9,1
2024-08-01T20:25:00+00:00,172.9,172.9,172.9,172.9,4
2024-08-01T20:30:00+00:00,172.8,172.8,172.8,172.8,1
2024-08-02T06:55:00+00:00,172.8,172.8,172.8,172.8,2
2024-08-02T07:00:00+00:00,172.7,172.7,171.7,171.8,68
2024-08-02T07:05:00+00:00,171.9,172.5,171.85,172.1,210
2024-08-02T07:10:00+00:00,172.0,172.5,172.0,172.5,25
2024-08-02T07:15:00+00:00,172.6,172.6,172.3,172.3,5
2024-08-02T07:20:00+00:00,172.3,172.3,169.3,171.0,325
2024-08-02T07:25:00+00:00,170.9,171.0,170.25,170.7,47
2024-08-02T07:30:00+00:00,170.8,171.2,170.8,171.2,65
2024-08-02T07:40:00+00:00,171.2,171.2,170.5,170.8,24
2024-08-02T07:45:00+00:00,170.7,170.7,170.05,170.2,62
2024-08-02T07:50:00+00:00,170.3,170.7,170.2,170.2,20
2024-08-02T07:55:00+00:00,170.4,170.8,170.3,170.8,13
2024-08-02T08:00:00+00:00,170.7,170.7,170.3,170.4,11
2024-08-02T08:05:00+00:00,170.4,170.75,170.4,170.75,12
2024-08-02T08:10:00+00:00,170.8,171.5,170.8,171.5,212
2024-08-02T08:15:00+00:00,171.4,171.7,171.3,171.7,9
2024-08-02T08:20:00+00:00,171.75,171.75,171.4,171.4,16
2024-08-02T08:25:00+00:00,171.4,171.4,171.0,171.1,17
2024-08-02T08:35:00+00:00,171.1,171.1,171.1,171.1,1
2024-08-02T08:40:00+00:00,171.2,171.7,171.2,171.7,18
2024-08-02T08:45:00+00:00,171.75,171.75,171.6,171.6,8
2024-08-02T08:50:00+00:00,171.65,172.2,171.65,172.1,28
2024-08-02T08:55:00+00:00,172.2,172.3,171.8,171.8,16
2024-08-02T09:00:00+00:00,171.9,172.0,171.8,171.8,16
2024-08-02T09:05:00+00:00,171.7,171.7,171.7,171.7,1
2024-08-02T09:10:00+00:00,171.7,171.7,171.5,171.5,8
2024-08-02T09:15:00+00:00,171.5,171.5,171.5,171.5,1
2024-08-02T09:20:00+00:00,171.6,171.6,171.6,171.6,1
2024-08-02T09:25:00+00:00,171.5,171.5,171.4,171.4,37
2024-08-02T09:30:00+00:00,171.5,171.5,171.5,171.5,1
2024-08-02T09:35:00+00:00,171.6,171.7,171.4,171.4,45
2024-08-02T09:40:00+00:00,171.4,171.7,171.4,171.7,4
2024-08-02T09:45:00+00:00,171.6,171.6,171.4,171.4,5
2024-08-02T09:50:00+00:00,171.6,171.8,171.45,171.7,29
2024-08-02T09:55:00+00:00,171.7,171.7,171.7,171.7,1
2024-08-02T10:00:00+00:00,171.6,171.6,171.1,171.1,34
2024-08-02T10:05:00+00:00,171.2,171.3,171.2,171.3,3
2024-08-02T10:10:00+00:00,171.2,171.2,171.2,171.2,1
2024-08-02T10:15:00+00:00,171.3,171.4,171.3,171.4,4
2024-08-02T10:20:00+00:00,171.5,171.5,171.5,171.5,1
2024-08-02T10:25:00+00:00,171.4,171.4,171.3,171.3,2
2024-08-02T10:35:00+00:00,171.4,171.4,171.4,171.4,1
2024-08-02T10:40:00+00:00,171.5,171.6,171.25,171.25,27
2024-08-02T10:45:00+00:00,171.4,171.4,171.4,171.4,1
2024-08-02T10:50:00+00:00,171.3,171.4,171.25,171.4,4
2024-08-02T10:55:00+00:00,171.3,171.3,171.25,171.25,10
2024-08-02T11:00:00+00:00,171.4,171.4,171.4,171.4,2
2024-08-02T11:05:00+00:00,171.3,171.3,171.3,171.3,1
2024-08-02T11:10:00+00:00,171.4,172.0,171.4,172.0,28
2024-08-02T11:15:00+00:00,172.1,172.3,172.1,172.3,24
2024-08-02T11:25:00+00:00,172.3,172.3,172.3,172.3,1
2024-08-02T11:30:00+00:00,172.2,172.7,172.0,172.6,175
2024-08-02T11:35:00+00:00,172.5,172.5,172.5,172.5,2
2024-08-02T11:40:00+00:00,172.5,172.55,172.2,172.2,26
2024-08-02T11:45:00+00:00,172.3,172.4,172.3,172.4,2
2024-08-02T11:50:00+00:00,172.3,172.4,172.2,172.3,5
2024-08-02T12:05:00+00:00,172.3,172.4,172.3,172.4,3
2024-08-02T12:15:00+00:00,172.35,172.5,172.35,172.5,163
2024-08-02T12:20:00+00:00,172.5,172.5,172.5,172.5,1
2024-08-02T12:30:00+00:00,172.5,172.5,172.5,172.5,16
2024-08-02T12:35:00+00:00,172.4,172.4,171.65,172.2,59
2024-08-02T12:45:00+00:00,172.2,172.2,172.2,172.2,1
2024-08-02T13:00:00+00:00,172.15,172.15,172.15,172.15,21
2024-08-02T13:05:00+00:00,172.15,172.15,172.15,172.15,8
2024-08-02T13:10:00+00:00,172.2,172.2,172.2,172.2,34
2024-08-02T13:20:00+00:00,172.1,172.1,171.9,171.9,8
2024-08-02T13:25:00+00:00,172.0,172.4,172.0,172.4,11
2024-08-02T13:30:00+00:00,172.35,172.4,172.35,172.4,5
2024-08-02T13:40:00+00:00,172.3,172.3,172.3,172.3,1
2024-08-02T13:50:00+00:00,172.4,172.4,172.4,172.4,50
2024-08-02T14:00:00+00:00,172.4,172.5,171.6,171.6,122
2024-08-02T14:05:00+00:00,171.6,171.6,171.4,171.4,8
2024-08-02T14:10:00+00:00,171.3,171.3,171.3,171.3,25
2024-08-02T14:15:00+00:00,171.4,171.9,171.4,171.9,26
2024-08-02T14:35:00+00:00,171.9,172.0,171.9,172.0,5
2024-08-02T14:40:00+00:00,172.1,172.4,172.1,172.4,60
2024-08-02T14:45:00+00:00,172.5,172.95,172.5,172.95,130
2024-08-02T14:50:00+00:00,172.85,172.85,172.3,172.3,33
2024-08-02T14:55:00+00:00,172.2,172.2,171.7,171.7,12
2024-08-02T15:00:00+00:00,171.8,172.2,171.65,172.2,59
2024-08-02T15:10:00+00:00,172.3,172.4,172.3,172.4,4
2024-08-02T15:15:00+00:00,172.3,172.75,172.3,172.75,22
2024-08-02T15:20:00+00:00,172.6,172.6,172.5,172.5,3
2024-08-02T15:25:00+00:00,172.5,172.5,172.5,172.5,1
2024-08-02T15:30:00+00:00,172.6,172.6,172.6,172.6,1
2024-08-02T15:35:00+00:00,172.6,172.7,172.6,172.7,3
2024-08-02T15:45:00+00:00,172.9,172.9,172.9,172.9,4
2024-08-02T16:05:00+00:00,172.9,172.9,172.85,172.85,2
2024-08-02T16:15:00+00:00,172.7,172.95,172.4,172.95,69
2024-08-02T16:25:00+00:00,172.8,172.8,172.45,172.45,12
2024-08-02T16:45:00+00:00,172.4,172.4,172.4,172.4,5
2024-08-02T16:55:00+00:00,172.4,172.4,172.4,172.4,3
2024-08-02T17:20:00+00:00,172.6,172.6,172.5,172.5,5
2024-08-02T17:25:00+00:00,172.5,172.5,171.6,171.6,217
2024-08-02T17:30:00+00:00,171.65,171.65,171.65,171.65,60
2024-08-02T17:35:00+00:00,171.8,171.8,171.8,171.8,1
2024-08-02T17:45:00+00:00,171.7,171.7,171.0,171.0,680
2024-08-02T17:50:00+00:00,171.2,171.2,171.2,171.2,1
2024-08-02T18:00:00+00:00,171.2,171.5,171.2,171.4,7
2024-08-02T18:10:00+00:00,171.4,171.4,171.4,171.4,1
2024-08-02T18:15:00+00:00,171.3,171.3,171.3,171.3,2
2024-08-02T18:20:00+00:00,171.2,171.3,170.0,171.3,789
2024-08-02T18:25:00+00:00,171.4,171.4,171.4,171.4,1
2024-08-02T18:30:00+00:00,171.3,171.3,171.3,171.3,4
2024-08-02T18:40:00+00:00,171.3,171.3,171.3,171.3,1
2024-08-02T19:05:00+00:00,171.2,171.3,171.2,171.2,3
2024-08-02T19:20:00+00:00,171.3,171.3,171.3,171.3,2
2024-08-02T19:35:00+00:00,171.3,171.3,171.3,171.3,2
2024-08-02T19:45:00+00:00,171.2,171.2,171.2,171.2,1
2024-08-02T20:30:00+00:00,171.2,171.2,171.0,171.0,30
2024-08-02T20:40:00+00:00,171.0,171.0,170.2,170.3,115
2024-08-02T20:45:00+00:00,170.4,170.7,170.4,170.7,8
2024-08-05T06:55:00+00:00,168.7,168.7,168.7,168.7,471
2024-08-05T07:00:00+00:00,168.65,168.65,166.0,167.0,990
2024-08-05T07:05:00+00:00,167.1,167.8,167.1,167.8,352
2024-08-05T07:10:00+00:00,167.8,168.2,167.7,167.7,148
2024-08-05T07:15:00+00:00,167.7,168.2,167.7,168.2,50
2024-08-05T07:20:00+00:00,168.2,168.7,168.2,168.5,202
2024-08-05T07:25:00+00:00,168.6,168.6,168.4,168.4,9
2024-08-05T07:30:00+00:00,168.5,168.75,168.5,168.6,111
2024-08-05T07:35:00+00:00,168.7,168.8,168.7,168.8,22
2024-08-05T07:40:00+00:00,168.8,168.8,166.4,166.7,796
2024-08-05T07:45:00+00:00,166.8,167.65,166.8,167.5,25
2024-08-05T07:50:00+00:00,167.5,167.5,166.5,166.9,212
2024-08-05T07:55:00+00:00,166.8,167.5,166.0,166.0,849
2024-08-05T08:00:00+00:00,166.0,166.4,165.5,165.7,108
2024-08-05T08:05:00+00:00,165.7,165.75,165.7,165.75,19
2024-08-05T08:10:00+00:00,165.75,166.5,165.75,166.5,60
2024-08-05T08:15:00+00:00,166.4,166.8,166.3,166.8,58
2024-08-05T08:20:00+00:00,166.8,167.55,166.8,167.55,44
2024-08-05T08:25:00+00:00,167.6,167.6,166.9,166.9,16
2024-08-05T08:30:00+00:00,166.4,166.8,166.35,166.8,21
2024-08-05T08:35:00+00:00,166.8,167.1,166.4,166.4,52
2024-08-05T08:40:00+00:00,166.5,166.6,166.3,166.3,9
2024-08-05T08:45:00+00:00,166.3,166.45,166.3,166.45,7
2024-08-05T08:50:00+00:00,166.35,166.5,166.3,166.3,66
2024-08-05T08:55:00+00:00,166.4,166.4,165.7,165.7,175
2024-08-05T09:00:00+00:00,165.9,165.95,165.6,165.95,93
2024-08-05T09:05:00+00:00,165.8,165.8,165.55,165.55,97
2024-08-05T09:10:00+00:00,165.7,165.7,165.55,165.55,51
2024-08-05T09:15:00+00:00,165.55,165.85,165.55,165.75,129
2024-08-05T09:20:00+00:00,165.8,166.1,165.8,166.1,116
2024-08-05T09:25:00+00:00,166.1,166.3,166.05,166.2,79
2024-08-05T09:30:00+00:00,166.3,166.4,166.3,166.3,6
2024-08-05T09:35:00+00:00,166.4,166.4,166.1,166.1,11
2024-08-05T09:40:00+00:00,166.1,166.1,166.1,166.1,17
2024-08-05T09:45:00+00:00,166.1,166.4,166.0,166.3,49
2024-08-05T09:50:00+00:00,166.3,166.3,166.2,166.3,9
2024-08-05T09:55:00+00:00,166.4,166.5,166.3,166.5,119
2024-08-05T10:00:00+00:00,166.5,166.5,165.7,165.8,99
2024-08-05T10:05:00+00:00,165.8,165.8,165.6,165.7,13
2024-08-05T10:10:00+00:00,165.6,165.8,165.6,165.7,9
2024-08-05T10:15:00+00:00,165.6,165.7,165.55,165.65,46
2024-08-05T10:20:00+00:00,165.55,165.65,165.55,165.65,131
2024-08-05T10:25:00+00:00,165.65,166.1,165.65,166.1,11
2024-08-05T10:30:00+00:00,166.2,166.6,166.2,166.6,113
2024-08-05T10:35:00+00:00,166.6,166.6,166.6,166.6,1
2024-08-05T10:40:00+00:00,166.6,166.6,166.5,166.5,3
2024-08-05T10:45:00+00:00,166.6,166.6,166.6,166.6,63
2024-08-05T10:50:00+00:00,166.65,166.65,166.6,166.6,4
2024-08-05T10:55:00+00:00,166.6,166.6,166.5,166.5,25
2024-08-05T11:00:00+00:00,166.6,166.6,166.6,166.6,13
2024-08-05T11:05:00+00:00,166.5,166.5,166.1,166.2,12
2024-08-05T11:10:00+00:00,166.3,166.4,166.0,166.4,15
2024-08-05T11:15:00+00:00,166.4,166.4,166.3,166.3,2
2024-08-05T11:20:00+00:00,166.3,166.3,166.1,166.1,4
2024-08-05T11:25:00+00:00,166.1,166.15,165.6,165.9,83
2024-08-05T11:30:00+00:00,165.9,165.9,165.7,165.7,8
2024-08-05T11:35:00+00:00,165.8,165.8,165.6,165.6,18
2024-08-05T11:40:00+00:00,165.7,165.9,165.7,165.8,11
2024-08-05T11:45:00+00:00,165.9,165.9,165.55,165.55,21
2024-08-05T11:50:00+00:00,165.55,165.55,165.55,165.55,7
2024-08-05T11:55:00+00:00,165.7,165.7,165.55,165.55,4
2024-08-05T12:00:00+00:00,165.7,165.7,165.7,165.7,1
2024-08-05T12:05:00+00:00,165.7,165.7,165.7,165.7,1
2024-08-05T12:10:00+00:00,165.7,165.7,165.7,165.7,7
2024-08-05T12:15:00+00:00,165.8,165.8,165.8,165.8,6
2024-08-05T12:20:00+00:00,165.8,165.8,165.7,165.8,11
2024-08-05T12:25:00+00:00,165.9,165.9,165.5,165.5,254
2024-08-05T12:30:00+00:00,165.5,165.5,165.5,165.5,3
2024-08-05T12:35:00+00:00,165.4,165.5,165.4,165.5,3
2024-08-05T12:40:00+00:00,165.4,165.5,165.4,165.5,209
2024-08-05T12:45:00+00:00,165.4,165.5,165.2,165.5,229
2024-08-05T12:50:00+00:00,165.3,165.5,165.2,165.5,164
2024-08-05T12:55:00+00:00,165.5,165.5,165.4,165.5,125
2024-08-05T13:00:00+00:00,165.4,165.5,165.3,165.5,7
2024-08-05T13:05:00+00:00,165.5,166.6,165.0,166.6,499
2024-08-05T13:10:00+00:00,166.6,166.6,166.6,166.6,5
2024-08-05T13:15:00+00:00,166.6,166.6,166.6,166.6,5
2024-08-05T13:20:00+00:00,166.6,167.0,166.6,166.7,203
2024-08-05T13:30:00+00:00,166.9,166.9,166.9,166.9,25
2024-08-05T13:35:00+00:00,166.9,166.9,166.9,166.9,5
2024-08-05T13:40:00+00:00,166.8,166.8,166.8,166.8,2
2024-08-05T13:45:00+00:00,166.9,166.9,166.9,166.9,10
2024-08-05T13:50:00+00:00,166.9,166.9,166.9,166.9,6
2024-08-05T13:55:00+00:00,166.9,166.9,166.7,166.7,97
2024-08-05T14:00:00+00:00,166.8,166.8,166.6,166.6,9
2024-08-05T14:05:00+00:00,166.6,166.6,166.5,166.6,7
2024-08-05T14:10:00+00:00,166.7,166.9,166.7,166.9,5
2024-08-05T14:15:00+00:00,166.9,166.9,166.9,166.9,2
2024-08-05T14:20:00+00:00,166.8,166.8,166.7,166.7,4
2024-08-05T14:25:00+00:00,166.7,166.7,166.7,166.7,1
2024-08-05T14:30:00+00:00,166.6,166.7,166.5,166.7,17
2024-08-05T14:35:00+00:00,166.6,166.6,166.6,166.6,1
2024-08-05T14:40:00+00:00,166.6,166.7,166.5,166.7,9
2024-08-05T14:50:00+00:00,166.8,167.2,166.8,167.2,78
2024-08-05T14:55:00+00:00,167.3,167.3,167.3,167.3,1
2024-08-05T15:00:00+00:00,167.3,167.4,167.3,167.4,9
2024-08-05T15:10:00+00:00,167.4,167.4,167.0,167.0,13
2024-08-05T15:15:00+00:00,167.0,167.0,167.0,167.0,5
2024-08-05T15:20:00+00:00,166.9,167.0,166.9,166.9,14
2024-08-05T15:25:00+00:00,167.0,167.0,166.9,166.9,7
2024-08-05T15:30:00+00:00,167.0,167.0,167.0,167.0,1
2024-08-05T15:45:00+00:00,167.1,167.1,167.1,167.1,5
2024-08-05T16:00:00+00:00,167.25,167.25,167.25,167.25,2
2024-08-05T16:15:00+00:00,167.3,167.95,167.3,167.95,103
2024-08-05T16:20:00+00:00,168.0,168.0,168.0,168.0,1
2024-08-05T16:35:00+00:00,168.0,168.0,167.95,168.0,12
2024-08-05T16:40:00+00:00,167.8,167.8,167.8,167.8,2
2024-08-05T16:45:00+00:00,167.7,167.9,167.7,167.9,8
2024-08-05T16:50:00+00:00,168.0,168.0,168.0,168.0,2
2024-08-05T16:55:00+00:00,168.0,168.0,168.0,168.0,10
2024-08-05T17:00:00+00:00,168.0,168.0,168.0,168.0,3
2024-08-05T17:05:00+00:00,168.0,168.0,168.0,168.0,2
2024-08-05T17:10:00+00:00,168.0,168.0,168.0,168.0,1
2024-08-05T17:30:00+00:00,167.9,167.9,167.9,167.9,1
2024-08-05T17:40:00+00:00,168.0,168.0,168.0,168.0,1
2024-08-05T18:05:00+00:00,168.0,168.0,168.0,168.0,87
2024-08-05T18:10:00+00:00,168.1,168.1,168.1,168.1,1
2024-08-05T18:20:00+00:00,168.0,168.0,168.0,168.0,1
2024-08-05T18:25:00+00:00,168.0,168.0,168.0,168.0,2
2024-08-05T18:35:00+00:00,168.1,168.1,168.1,168.1,1
2024-08-05T18:50:00+00:00,168.0,168.0,167.8,167.8,29
2024-08-05T18:55:00+00:00,167.9,168.25,167.9,168.25,10
2024-08-05T19:05:00+00:00,168.3,168.3,168.2,168.2,14
2024-08-05T19:15:00+00:00,168.1,168.1,167.9,167.9,5
2024-08-05T19:20:00+00:00,167.9,167.9,167.7,167.7,6
2024-08-05T19:25:00+00:00,167.8,167.8,167.7,167.7,2
2024-08-05T19:30:00+00:00,167.6,167.6,167.2,167.2,15
2024-08-05T19:35:00+00:00,167.15,167.15,167.15,167.15,1
2024-08-05T19:40:00+00:00,167.15,167.15,167.15,167.15,3
2024-08-05T19:45:00+00:00,167.2,167.2,167.2,167.2,1
2024-08-05T20:05:00+00:00,167.2,167.3,167.2,167.3,2
2024-08-05T20:20:00+00:00,167.3,167.7,167.3,167.7,11
2024-08-05T20:40:00+00:00,167.6,167.6,167.5,167.5,3
2024-08-05T20:45:00+00:00,167.4,167.4,167.4,167.4,3
2024-08-06T07:00:00+00:00,167.5,168.0,167.5,168.0,22
2024-08-06T07:05:00+00:00,167.9,168.3,167.6,168.2,217
2024-08-06T07:10:00+00:00,168.3,168.8,168.3,168.8,49
2024-08-06T07:15:00+00:00,168.7,168.8,167.95,167.95,55
2024-08-06T07:20:00+00:00,168.1,169.4,168.1,169.3,199
2024-08-06T07:25:00+00:00,169.4,169.7,169.1,169.1,65
2024-08-06T07:30:00+00:00,169.0,169.0,168.9,168.9,10
2024-08-06T07:35:00+00:00,169.0,169.0,168.65,168.7,70
2024-08-06T07:40:00+00:00,168.65,168.65,168.65,168.65,7
2024-08-06T07:45:00+00:00,168.65,168.65,168.65,168.65,1
2024-08-06T07:50:00+00:00,168.65,168.65,168.65,168.65,2
2024-08-06T07:55:00+00:00,168.8,169.2,168.8,169.2,17
2024-08-06T08:00:00+00:00,169.2,169.4,169.2,169.4,6
2024-08-06T08:05:00+00:00,169.3,169.75,169.3,169.7,27
2024-08-06T08:10:00+00:00,169.6,169.7,169.4,169.4,10
2024-08-06T08:15:00+00:00,169.3,169.3,169.3,169.3,1
2024-08-06T08:20:00+00:00,169.4,169.7,169.4,169.7,8
2024-08-06T08:25:00+00:00,169.7,169.75,169.6,169.6,4
2024-08-06T08:30:00+00:00,169.65,169.8,169.65,169.8,15
2024-08-06T08:35:00+00:00,169.7,171.3,169.7,171.0,409
2024-08-06T08:40:00+00:00,171.0,171.0,169.85,169.85,64
2024-08-06T08:45:00+00:00,169.8,169.8,168.9,168.9,116
2024-08-06T08:50:00+00:00,169.0,169.0,167.75,168.3,711
2024-08-06T08:55:00+00:00,168.4,169.1,168.4,169.1,60
2024-08-06T09:00:00+00:00,169.1,169.1,168.8,168.9,26
2024-08-06T09:05:00+00:00,169.0,169.0,168.8,168.8,3
2024-08-06T09:10:00+00:00,168.9,168.9,168.9,168.9,1
2024-08-06T09:15:00+00:00,168.9,168.9,168.8,168.8,2
2024-08-06T09:20:00+00:00,168.8,168.8,168.8,168.8,7
2024-08-06T09:25:00+00:00,169.0,169.0,169.0,169.0,2
2024-08-06T09:30:00+00:00,168.9,168.9,168.8,168.8,35
2024-08-06T09:35:00+00:00,168.8,168.8,168.7,168.7,37
2024-08-06T09:40:00+00:00,168.7,168.8,168.7,168.8,7
2024-08-06T09:50:00+00:00,168.7,168.7,168.7,168.7,1
2024-08-06T09:55:00+00:00,168.9,168.9,168.6,168.6,32
2024-08-06T10:00:00+00:00,168.7,168.8,168.7,168.8,3
2024-08-06T10:05:00+00:00,168.9,169.2,168.9,169.2,8
2024-08-06T10:10:00+00:00,169.3,169.3,169.2,169.2,2
2024-08-06T10:15:00+00:00,169.3,169.3,169.3,169.3,2
2024-08-06T10:25:00+00:00,169.2,169.2,168.9,168.9,8
2024-08-06T10:30:00+00:00,168.9,168.9,168.9,168.9,14
2024-08-06T10:40:00+00:00,168.8,168.8,168.8,168.8,1
2024-08-06T10:45:00+00:00,168.9,168.9,168.9,168.9,1
2024-08-06T10:50:00+00:00,168.8,169.0,168.8,169.0,3
2024-08-06T11:00:00+00:00,169.0,169.65,169.0,169.65,26
2024-08-06T11:05:00+00:00,169.7,170.2,169.7,170.2,31
2024-08-06T11:20:00+00:00,170.1,170.2,169.7,170.0,26
2024-08-06T11:30:00+00:00,170.0,170.0,168.6,168.9,91
2024-08-06T11:35:00+00:00,168.8,168.8,168.8,168.8,2
2024-08-06T11:45:00+00:00,168.8,168.8,168.8,168.8,3
2024-08-06T11:55:00+00:00,168.7,168.7,168.7,168.7,8
2024-08-06T12:00:00+00:00,168.6,168.6,168.6,168.6,12
2024-08-06T12:05:00+00:00,168.8,169.1,168.8,169.1,7
2024-08-06T12:10:00+00:00,169.1,169.1,169.1,169.1,1
2024-08-06T12:20:00+00:00,169.0,169.0,168.7,168.7,8
2024-08-06T12:25:00+00:00,168.6,168.6,168.5,168.5,9
2024-08-06T12:30:00+00:00,168.7,168.7,168.7,168.7,6
2024-08-06T12:35:00+00:00,168.6,169.05,168.5,169.05,26
2024-08-06T12:50:00+00:00,169.1,169.2,169.1,169.2,42
2024-08-06T12:55:00+00:00,169.2,169.2,169.2,169.2,7
2024-08-06T13:00:00+00:00,169.15,169.45,169.15,169.45,21
2024-08-06T13:05:00+00:00,169.5,169.55,169.45,169.45,38
2024-08-06T13:10:00+00:00,169.6,169.6,169.6,169.6,1
2024-08-06T13:15:00+00:00,169.45,169.45,169.45,169.45,23
2024-08-06T13:20:00+00:00,169.45,169.8,169.45,169.8,37
2024-08-06T13:25:00+00:00,169.6,169.6,169.6,169.6,2
2024-08-06T13:30:00+00:00,169.5,169.5,169.45,169.45,85
2024-08-06T13:35:00+00:00,169.45,169.45,169.45,169.45,8
2024-08-06T13:40:00+00:00,169.45,169.45,169.45,169.45,45
2024-08-06T13:45:00+00:00,169.6,169.6,169.6,169.6,12
2024-08-06T13:55:00+00:00,169.6,169.6,169.6,169.6,2
2024-08-06T14:00:00+00:00,169.6,169.6,169.6,169.6,1
2024-08-06T14:05:00+00:00,169.5,169.5,169.4,169.4,3
2024-08-06T14:15:00+00:00,169.5,169.5,169.5,169.5,1
2024-08-06T14:20:00+00:00,169.6,169.6,169.6,169.6,1
2024-08-06T14:25:00+00:00,169.6,169.6,169.6,169.6,20
2024-08-06T14:30:00+00:00,169.5,169.5,169.2,169.4,15
2024-08-06T14:35:00+00:00,169.5,169.6,169.5,169.6,18
2024-08-06T15:00:00+00:00,169.45,169.45,169.4,169.4,30
2024-08-06T15:05:00+00:00,169.45,169.45,169.45,169.45,6
2024-08-06T15:10:00+00:00,169.5,169.55,169.35,169.35,81
2024-08-06T15:20:00+00:00,169.5,169.5,169.5,169.5,1
2024-08-06T15:25:00+00:00,169.5,169.5,169.5,169.5,11
2024-08-06T15:30:00+00:00,169.5,169.5,168.5,168.5,333
2024-08-06T16:05:00+00:00,168.55,168.55,168.55,168.55,1
2024-08-06T16:10:00+00:00,168.55,168.55,168.5,168.5,34
2024-08-06T17:10:00+00:00,168.7,170.3,168.7,170.3,260
2024-08-06T17:15:00+00:00,170.1,170.1,170.0,170.0,6
2024-08-06T17:20:00+00:00,170.1,170.1,170.1,170.1,1
2024-08-06T17:25:00+00:00,170.0,170.0,170.0,170.0,1
2024-08-06T17:40:00+00:00,170.05,170.05,170.05,170.05,2
2024-08-06T17:45:00+00:00,170.05,170.05,169.9,169.9,2
2024-08-06T17:55:00+00:00,170.0,170.0,170.0,170.0,1
2024-08-06T18:25:00+00:00,169.9,169.9,169.8,169.8,3
2024-08-06T18:30:00+00:00,169.8,169.8,169.5,169.5,6
2024-08-06T18:40:00+00:00,169.6,169.6,169.6,169.6,1
2024-08-06T18:55:00+00:00,169.7,169.7,169.7,169.7,2
2024-08-06T19:00:00+00:00,169.6,169.6,169.5,169.5,3
2024-08-06T19:05:00+00:00,169.5,169.5,169.5,169.5,1
2024-08-06T19:15:00+00:00,169.4,169.4,169.2,169.2,5
2024-08-06T19:30:00+00:00,169.3,169.3,169.3,169.3,1
2024-08-06T19:55:00+00:00,169.4,169.4,169.4,169.4,1
2024-08-06T20:15:00+00:00,169.3,169.3,169.3,169.3,1
2024-08-06T20:20:00+00:00,169.2,169.2,169.2,169.2,1
2024-08-06T20:25:00+00:00,169.3,169.3,169.3,169.3,1
2024-08-07T07:00:00+00:00,169.25,169.4,169.25,169.4,7
2024-08-07T07:05:00+00:00,169.4,169.4,169.0,169.2,13
2024-08-07T07:10:00+00:00,169.3,169.3,169.3,169.3,2
2024-08-07T07:15:00+00:00,169.4,169.4,169.4,169.4,2
2024-08-07T07:20:00+00:00,169.3,169.8,169.3,169.8,16
2024-08-07T07:30:00+00:00,169.7,169.7,169.5,169.5,5
2024-08-07T07:35:00+00:00,169.4,169.4,169.3,169.3,3
2024-08-07T07:40:00+00:00,169.3,169.3,169.3,169.3,1
2024-08-07T07:45:00+00:00,169.3,169.3,168.2,168.25,705
2024-08-07T07:50:00+00:00,168.1,168.2,168.1,168.2,6
2024-08-07T07:55:00+00:00,168.1,168.1,168.0,168.0,13
2024-08-07T08:00:00+00:00,168.0,168.0,166.7,166.9,165
2024-08-07T08:05:00+00:00,167.1,167.1,167.1,167.1,2
2024-08-07T08:10:00+00:00,167.0,167.35,166.8,167.35,22
2024-08-07T08:15:00+00:00,167.2,167.2,167.05,167.05,6
2024-08-07T08:20:00+00:00,167.15,167.3,167.15,167.3,7
2024-08-07T08:25:00+00:00,167.3,167.3,167.3,167.3,6
2024-08-07T08:30:00+00:00,167.3,167.3,167.3,167.3,10
2024-08-07T08:35:00+00:00,167.2,167.2,167.0,167.0,21
2024-08-07T08:40:00+00:00,167.0,167.0,167.0,167.0,22
2024-08-07T08:45:00+00:00,167.0,167.0,167.0,167.0,148
2024-08-07T08:50:00+00:00,166.95,167.1,166.95,167.0,32
2024-08-07T08:55:00+00:00,167.0,167.0,167.0,167.0,14
2024-08-07T09:00:00+00:00,167.1,167.3,167.1,167.2,21
2024-08-07T09:05:00+00:00,167.2,167.2,167.1,167.2,4
2024-08-07T09:10:00+00:00,167.25,167.25,167.25,167.25,3
2024-08-07T09:15:00+00:00,167.25,167.3,167.05,167.05,11
2024-08-07T09:20:00+00:00,167.15,167.15,167.15,167.15,2
2024-08-07T09:25:00+00:00,167.15,167.15,167.15,167.15,2
2024-08-07T09:35:00+00:00,167.2,167.2,167.2,167.2,2
2024-08-07T09:45:00+00:00,167.2,167.6,167.2,167.5,23
2024-08-07T09:50:00+00:00,167.6,167.8,167.5,167.75,15
2024-08-07T09:55:00+00:00,167.75,167.75,167.6,167.6,10
2024-08-07T10:00:00+00:00,167.55,168.0,167.55,168.0,15
2024-08-07T10:05:00+00:00,168.1,168.4,168.0,168.0,198
2024-08-07T10:10:00+00:00,168.1,168.5,168.1,168.5,19
2024-08-07T10:15:00+00:00,168.4,168.4,168.0,168.0,12
2024-08-07T10:20:00+00:00,168.0,168.6,168.0,168.6,35
2024-08-07T10:25:00+00:00,168.6,168.7,168.6,168.7,19
2024-08-07T10:30:00+00:00,168.6,168.6,168.3,168.3,242
2024-08-07T10:35:00+00:00,168.3,168.3,168.2,168.2,17
2024-08-07T10:45:00+00:00,168.1,168.1,168.1,168.1,8
2024-08-07T10:50:00+00:00,168.2,168.3,168.2,168.3,12
2024-08-07T10:55:00+00:00,168.35,168.55,168.35,168.55,13
2024-08-07T11:00:00+00:00,168.6,168.6,168.5,168.5,2
2024-08-07T11:05:00+00:00,168.5,168.8,168.5,168.8,13
2024-08-07T11:10:00+00:00,168.9,168.9,168.9,168.9,1
2024-08-07T11:15:00+00:00,168.9,168.9,168.9,168.9,4
2024-08-07T11:20:00+00:00,168.9,168.9,168.9,168.9,6
2024-08-07T11:25:00+00:00,168.9,169.35,168.9,169.2,29
2024-08-07T11:30:00+00:00,169.2,169.2,168.6,168.7,23
2024-08-07T11:35:00+00:00,168.6,168.6,168.6,168.6,2
2024-08-07T11:40:00+00:00,168.7,169.0,168.7,169.0,7
2024-08-07T11:45:00+00:00,169.0,169.0,169.0,169.0,2
2024-08-07T11:55:00+00:00,168.9,169.0,168.9,169.0,252
2024-08-07T12:00:00+00:00,169.0,169.0,169.0,169.0,1
2024-08-07T12:10:00+00:00,168.9,168.9,168.9,168.9,1
2024-08-07T12:15:00+00:00,169.0,169.0,168.6,168.95,33
2024-08-07T12:20:00+00:00,168.8,169.0,168.8,168.8,15
2024-08-07T12:25:00+00:00,168.7,168.7,168.6,168.7,4
2024-08-07T12:30:00+00:00,168.8,168.9,168.8,168.8,8
2024-08-07T12:35:00+00:00,168.8,168.8,168.8,168.8,1
2024-08-07T12:40:00+00:00,168.9,169.0,168.9,169.0,9
2024-08-07T12:45:00+00:00,168.9,169.0,168.9,169.0,4
2024-08-07T12:50:00+00:00,168.85,168.85,168.85,168.85,3
2024-08-07T12:55:00+00:00,168.85,169.0,168.55,168.55,40
2024-08-07T13:00:00+00:00,168.7,169.5,168.7,169.5,29
2024-08-07T13:05:00+00:00,169.5,169.5,169.5,169.5,49
2024-08-07T13:10:00+00:00,169.5,169.6,169.5,169.6,5
2024-08-07T13:20:00+00:00,169.7,169.75,169.7,169.75,4
2024-08-07T13:25:00+00:00,169.7,169.7,169.7,169.7,9
2024-08-07T13:35:00+00:00,169.75,169.75,169.6,169.7,9
2024-08-07T13:40:00+00:00,169.6,169.6,169.6,169.6,1
2024-08-07T13:55:00+00:00,169.6,169.6,169.6,169.6,1
2024-08-07T14:00:00+00:00,169.6,169.75,169.6,169.75,10
2024-08-07T14:05:00+00:00,169.75,170.0,169.6,170.0,46
2024-08-07T14:10:00+00:00,170.0,170.1,170.0,170.1,40
2024-08-07T14:15:00+00:00,170.15,170.15,170.15,170.15,3
2024-08-07T14:20:00+00:00,170.15,170.3,170.15,170.3,21
2024-08-07T14:25:00+00:00,170.3,170.3,170.3,170.3,1
2024-08-07T14:30:00+00:00,170.2,170.6,170.2,170.6,15
2024-08-07T14:35:00+00:00,170.6,170.6,170.6,170.6,1
2024-08-07T14:40:00+00:00,170.55,170.8,170.55,170.8,101
2024-08-07T14:45:00+00:00,170.8,170.85,170.8,170.85,11
2024-08-07T14:50:00+00:00,170.8,170.8,168.1,169.9,225
2024-08-07T14:55:00+00:00,170.0,170.1,170.0,170.1,4
2024-08-07T15:10:00+00:00,170.15,170.15,170.15,170.15,1
2024-08-07T15:15:00+00:00,170.0,170.0,170.0,170.0,3
2024-08-07T15:25:00+00:00,169.9,169.9,169.9,169.9,26
2024-08-07T15:30:00+00:00,169.9,170.0,169.9,170.0,7
2024-08-07T15:35:00+00:00,170.1,170.2,170.1,170.2,10
2024-08-07T15:45:00+00:00,170.1,170.1,170.1,170.1,1
2024-08-07T16:05:00+00:00,170.2,170.5,170.2,170.5,15
2024-08-07T16:10:00+00:00,170.5,170.5,170.5,170.5,1
2024-08-07T16:15:00+00:00,170.6,170.9,170.6,170.9,34
2024-08-07T16:20:00+00:00,170.95,170.95,170.9,170.9,51
2024-08-07T16:25:00+00:00,170.9,170.95,170.9,170.95,36
2024-08-07T16:35:00+00:00,170.95,170.95,170.9,170.9,43
2024-08-07T16:40:00+00:00,170.9,170.9,169.9,170.0,38
2024-08-07T16:45:00+00:00,170.0,170.0,169.8,169.9,9
2024-08-07T16:50:00+00:00,169.9,169.9,169.9,169.9,1
2024-08-07T17:00:00+00:00,170.0,170.1,170.0,170.1,4
2024-08-07T17:25:00+00:00,169.9,169.9,169.9,169.9,1
2024-08-07T17:35:00+00:00,169.9,169.9,169.5,169.5,14
2024-08-07T17:40:00+00:00,169.6,169.7,169.6,169.7,3
2024-08-07T17:50:00+00:00,169.8,170.0,169.8,170.0,53
2024-08-07T18:00:00+00:00,170.0,170.0,170.0,170.0,2
2024-08-07T18:05:00+00:00,169.9,169.9,169.9,169.9,1
2024-08-07T18:40:00+00:00,169.9,169.9,169.6,169.6,11
2024-08-07T19:05:00+00:00,169.5,169.5,169.5,169.5,2
2024-08-07T19:25:00+00:00,169.6,169.6,169.6,169.6,2
2024-08-07T19:50:00+00:00,169.7,169.7,169.7,169.7,2
2024-08-07T20:00:00+00:00,169.8,169.8,169.8,169.8,1
2024-08-07T20:05:00+00:00,169.8,169.8,169.8,169.8,1
2024-08-07T20:25:00+00:00,169.9,170.1,169.9,170.1,121
2024-08-07T20:35:00+00:00,169.9,169.9,169.4,169.4,14
2024-08-07T20:45:00+00:00,169.4,169.4,169.2,169.3,14
2024-08-08T06:55:00+00:00,169.4,169.4,169.4,169.4,1
2024-08-08T07:00:00+00:00,169.4,169.7,169.4,169.7,7
2024-08-08T07:05:00+00:00,169.8,170.5,169.7,170.5,31
2024-08-08T07:10:00+00:00,170.5,171.25,170.4,171.0,57
2024-08-08T07:15:00+00:00,171.1,173.7,170.15,173.1,852
2024-08-08T07:20:00+00:00,173.1,173.5,173.0,173.15,66
2024-08-08T07:25:00+00:00,173.1,173.4,173.0,173.4,31
2024-08-08T07:30:00+00:00,173.3,173.3,173.3,173.3,24
2024-08-08T07:35:00+00:00,173.3,173.3,173.0,173.0,76
2024-08-08T07:40:00+00:00,173.0,173.0,173.0,173.0,3
2024-08-08T07:45:00+00:00,173.2,173.45,173.2,173.3,23
2024-08-08T07:50:00+00:00,173.3,173.4,173.3,173.4,21
2024-08-08T07:55:00+00:00,173.5,173.5,173.4,173.4,25
2024-08-08T08:00:00+00:00,173.4,173.5,173.4,173.5,2
2024-08-08T08:05:00+00:00,173.5,173.5,173.4,173.4,77
2024-08-08T08:10:00+00:00,173.4,173.4,173.4,173.4,2
2024-08-08T08:15:00+00:00,173.5,173.5,173.4,173.4,3
2024-08-08T08:20:00+00:00,173.4,173.45,172.6,172.6,133
2024-08-08T08:25:00+00:00,172.7,172.8,172.7,172.8,4
2024-08-08T08:35:00+00:00,172.9,172.9,172.1,172.1,154
2024-08-08T08:40:00+00:00,172.1,172.15,172.1,172.15,8
2024-08-08T08:45:00+00:00,172.15,172.15,172.15,172.15,167
2024-08-08T08:50:00+00:00,172.15,172.45,172.15,172.45,73
2024-08-08T08:55:00+00:00,172.5,172.5,172.45,172.45,19
2024-08-08T09:00:00+00:00,172.35,172.5,172.3,172.3,68
2024-08-08T09:05:00+00:00,172.4,172.4,172.3,172.4,33
2024-08-08T09:10:00+00:00,172.5,172.5,172.5,172.5,3
2024-08-08T09:15:00+00:00,172.5,172.5,172.5,172.5,12
2024-08-08T09:20:00+00:00,172.45,172.45,172.45,172.45,5
2024-08-08T09:25:00+00:00,172.5,172.5,172.45,172.45,32
2024-08-08T09:30:00+00:00,172.3,172.3,172.2,172.3,73
2024-08-08T09:35:00+00:00,172.15,172.15,172.0,172.0,34
2024-08-08T09:40:00+00:00,172.2,172.25,172.0,172.0,32
2024-08-08T09:45:00+00:00,172.0,172.1,172.0,172.1,38
2024-08-08T09:50:00+00:00,172.0,172.1,170.8,170.9,423
2024-08-08T09:55:00+00:00,170.9,171.5,170.9,171.5,13
2024-08-08T10:00:00+00:00,171.6,171.6,171.5,171.5,2
2024-08-08T10:05:00+00:00,171.6,171.7,171.6,171.7,4
2024-08-08T10:15:00+00:00,171.7,172.0,171.7,172.0,8
2024-08-08T10:20:00+00:00,171.9,172.2,171.9,172.2,14
2024-08-08T10:25:00+00:00,172.3,172.45,171.75,171.75,47
2024-08-08T10:30:00+00:00,171.8,171.8,171.5,171.5,18
2024-08-08T10:35:00+00:00,171.5,171.5,171.5,171.5,63
2024-08-08T10:40:00+00:00,171.5,171.5,171.5,171.5,1
2024-08-08T10:45:00+00:00,171.5,171.5,171.5,171.5,7
2024-08-08T10:50:00+00:00,171.65,171.65,171.5,171.65,20
2024-08-08T11:00:00+00:00,171.5,171.5,170.65,170.9,145
2024-08-08T11:05:00+00:00,170.9,170.9,170.9,170.9,1
2024-08-08T11:10:00+00:00,171.0,171.0,171.0,171.0,102
2024-08-08T11:15:00+00:00,171.1,171.1,171.0,171.0,16
2024-08-08T11:25:00+00:00,170.9,170.9,170.9,170.9,12
2024-08-08T11:35:00+00:00,170.8,170.8,170.7,170.8,6
2024-08-08T11:40:00+00:00,170.8,170.8,170.2,170.4,112
2024-08-08T11:45:00+00:00,170.4,170.4,170.4,170.4,1
2024-08-08T11:50:00+00:00,170.4,170.45,170.4,170.45,95
2024-08-08T12:05:00+00:00,170.45,170.45,170.45,170.45,113
2024-08-08T12:10:00+00:00,170.5,170.75,170.5,170.75,12
2024-08-08T12:25:00+00:00,170.8,170.8,170.45,170.45,77
2024-08-08T12:30:00+00:00,170.45,170.6,170.45,170.6,45
2024-08-08T12:35:00+00:00,170.6,170.6,170.6,170.6,1
2024-08-08T12:40:00+00:00,170.7,170.7,170.7,170.7,1
2024-08-08T12:45:00+00:00,170.6,170.7,170.6,170.7,9
2024-08-08T12:50:00+00:00,170.7,170.75,170.7,170.75,4
2024-08-08T12:55:00+00:00,170.75,170.75,170.75,170.75,3
2024-08-08T13:00:00+00:00,170.8,171.2,170.8,171.2,119
2024-08-08T13:05:00+00:00,171.3,171.45,171.3,171.45,140
2024-08-08T13:10:00+00:00,171.45,171.45,171.45,171.45,2
2024-08-08T13:15:00+00:00,171.45,171.65,171.45,171.65,7
2024-08-08T13:20:00+00:00,171.65,171.7,171.65,171.65,93
2024-08-08T13:25:00+00:00,171.65,171.65,171.65,171.65,2
2024-08-08T13:30:00+00:00,171.8,171.8,171.8,171.8,2
2024-08-08T13:35:00+00:00,171.8,171.8,171.3,171.3,217
2024-08-08T13:40:00+00:00,171.2,171.2,171.2,171.2,2
2024-08-08T13:45:00+00:00,171.1,171.1,171.1,171.1,2
2024-08-08T13:50:00+00:00,171.15,171.15,170.9,170.9,13
2024-08-08T14:00:00+00:00,171.0,171.0,171.0,171.0,18
2024-08-08T14:10:00+00:00,171.1,171.1,171.1,171.1,2
2024-08-08T14:15:00+00:00,171.1,171.1,171.1,171.1,6
2024-08-08T14:25:00+00:00,171.0,171.0,170.8,171.0,84
2024-08-08T14:30:00+00:00,170.9,170.9,170.9,170.9,256
2024-08-08T14:50:00+00:00,170.9,170.9,170.85,170.85,7
2024-08-08T14:55:00+00:00,170.85,170.85,170.6,170.6,223
2024-08-08T15:00:00+00:00,170.6,170.6,170.6,170.6,43
2024-08-08T15:10:00+00:00,170.6,170.6,170.6,170.6,3
2024-08-08T15:15:00+00:00,170.6,170.6,170.6,170.6,6
2024-08-08T15:25:00+00:00,170.6,170.6,170.6,170.6,10
2024-08-08T15:35:00+00:00,170.5,170.5,170.4,170.4,4
2024-08-08T15:45:00+00:00,170.4,170.4,170.4,170.4,11
2024-08-08T16:05:00+00:00,170.4,170.4,170.4,170.4,2
2024-08-08T16:10:00+00:00,170.4,170.4,170.4,170.4,1
2024-08-08T16:35:00+00:00,170.4,170.4,170.4,170.4,1
2024-08-08T16:45:00+00:00,170.4,170.4,170.4,170.4,100
2024-08-08T16:50:00+00:00,170.35,170.35,170.35,170.35,3
2024-08-08T16:55:00+00:00,170.35,170.35,170.35,170.35,3
2024-08-08T17:05:00+00:00,170.4,170.4,170.4,170.4,3
2024-08-08T17:20:00+00:00,170.4,170.4,170.4,170.4,1
2024-08-08T17:30:00+00:00,170.35,170.6,170.35,170.6,56
2024-08-08T17:40:00+00:00,170.5,170.5,170.5,170.5,27
2024-08-08T17:45:00+00:00,170.5,170.6,170.5,170.6,7
2024-08-08T17:50:00+00:00,170.5,170.5,170.5,170.5,30
2024-08-08T18:00:00+00:00,170.5,170.5,170.5,170.5,1
2024-08-08T18:10:00+00:00,170.6,170.6,170.6,170.6,3
2024-08-08T18:15:00+00:00,170.5,170.5,170.5,170.5,2
2024-08-08T18:25:00+00:00,170.5,170.85,170.5,170.85,65
2024-08-08T18:30:00+00:00,170.9,172.0,170.9,172.0,400
2024-08-08T18:35:00+00:00,172.1,172.5,171.0,171.0,481
2024-08-08T18:40:00+00:00,171.1,171.5,171.1,171.2,15
2024-08-08T18:45:00+00:00,171.2,171.2,171.2,171.2,1
2024-08-08T18:50:00+00:00,171.3,171.4,171.3,171.4,4
2024-08-08T19:10:00+00:00,171.4,171.5,171.4,171.4,3
2024-08-08T19:25:00+00:00,171.4,171.4,171.4,171.4,1
2024-08-08T19:30:00+00:00,171.4,171.4,171.4,171.4,7
2024-08-08T19:35:00+00:00,171.3,171.3,171.3,171.3,1
2024-08-08T19:45:00+00:00,171.3,171.3,170.8,170.8,11
2024-08-08T20:00:00+00:00,170.8,170.8,170.65,170.65,15
2024-08-08T20:05:00+00:00,170.8,170.8,170.8,170.8,2
2024-08-08T20:15:00+00:00,170.9,170.9,170.9,170.9,2
2024-08-08T20:20:00+00:00,170.8,170.8,170.8,170.8,1
2024-08-08T20:35:00+00:00,171.0,171.55,171.0,171.55,55
2024-08-08T20:45:00+00:00,171.4,171.4,171.2,171.2,6
2024-08-09T06:55:00+00:00,170.8,170.8,170.8,170.8,12
2024-08-09T07:00:00+00:00,170.85,170.85,170.85,170.85,3
2024-08-09T07:05:00+00:00,170.9,170.9,170.6,170.6,29
2024-08-09T07:10:00+00:00,170.6,170.6,170.5,170.5,43
2024-08-09T07:15:00+00:00,170.7,171.9,170.7,171.9,314
2024-08-09T07:20:00+00:00,171.9,172.5,171.8,171.9,29
2024-08-09T07:30:00+00:00,171.9,172.1,171.9,172.1,6
2024-08-09T07:35:00+00:00,172.0,172.0,171.25,171.25,23
2024-08-09T07:40:00+00:00,171.4,171.4,171.4,171.4,1
2024-08-09T07:45:00+00:00,171.3,171.3,171.25,171.25,3
2024-08-09T07:50:00+00:00,171.35,171.4,171.1,171.1,21
2024-08-09T07:55:00+00:00,171.1,171.1,171.05,171.1,27
2024-08-09T08:00:00+00:00,171.05,171.1,171.0,171.1,71
2024-08-09T08:05:00+00:00,171.1,171.1,171.1,171.1,5
2024-08-09T08:10:00+00:00,171.2,171.3,171.2,171.3,8
2024-08-09T08:15:00+00:00,171.35,171.35,171.35,171.35,2
2024-08-09T08:20:00+00:00,171.4,171.4,171.4,171.4,2
2024-08-09T08:30:00+00:00,171.3,171.3,171.05,171.05,14
2024-08-09T08:35:00+00:00,171.05,171.05,170.95,170.95,46
2024-08-09T08:40:00+00:00,171.05,171.05,170.95,170.95,4
2024-08-09T08:45:00+00:00,170.9,170.95,170.9,170.95,11
2024-08-09T08:50:00+00:00,170.95,171.3,170.95,171.2,195
2024-08-09T09:00:00+00:00,171.2,171.2,171.1,171.1,3
2024-08-09T09:05:00+00:00,171.1,171.1,171.1,171.1,10
2024-08-09T09:10:00+00:00,171.1,171.1,170.5,170.5,48
2024-08-09T09:15:00+00:00,170.7,170.7,170.7,170.7,50
2024-08-09T09:20:00+00:00,170.65,170.65,170.65,170.65,4
2024-08-09T09:30:00+00:00,170.7,170.7,170.7,170.7,25
2024-08-09T09:35:00+00:00,170.8,171.0,170.8,170.9,6
2024-08-09T09:40:00+00:00,171.0,171.5,171.0,171.45,30
2024-08-09T09:45:00+00:00,171.5,171.5,171.5,171.5,12
2024-08-09T09:50:00+00:00,171.5,171.5,171.4,171.4,5
2024-08-09T09:55:00+00:00,171.5,171.6,171.5,171.5,49
2024-08-09T10:00:00+00:00,171.5,171.5,171.5,171.5,1
2024-08-09T10:05:00+00:00,171.5,171.5,171.5,171.5,3
2024-08-09T10:15:00+00:00,171.5,171.8,171.5,171.8,9
2024-08-09T10:30:00+00:00,171.9,171.9,171.9,171.9,1
2024-08-09T10:35:00+00:00,171.8,171.9,171.8,171.9,12
2024-08-09T10:40:00+00:00,171.8,171.8,171.5,171.6,13
2024-08-09T11:00:00+00:00,171.5,171.5,171.2,171.2,8
2024-08-09T11:05:00+00:00,171.2,171.2,171.2,171.2,1
2024-08-09T11:10:00+00:00,171.2,171.2,171.1,171.2,5
2024-08-09T11:30:00+00:00,171.2,171.2,171.2,171.2,1
2024-08-09T11:40:00+00:00,171.3,171.3,171.3,171.3,1
2024-08-09T11:45:00+00:00,171.3,171.4,171.3,171.4,2
2024-08-09T12:00:00+00:00,171.3,171.3,171.3,171.3,1
2024-08-09T12:10:00+00:00,171.2,171.2,171.2,171.2,13
2024-08-09T12:15:00+00:00,171.3,171.4,171.3,171.4,3
2024-08-09T12:25:00+00:00,171.5,171.6,171.5,171.6,13
2024-08-09T12:45:00+00:00,171.5,171.5,171.5,171.5,3
2024-08-09T12:50:00+00:00,171.45,171.45,171.3,171.4,16
2024-08-09T13:00:00+00:00,171.4,171.4,171.4,171.4,1
2024-08-09T13:05:00+00:00,171.5,171.5,171.3,171.4,7
2024-08-09T13:10:00+00:00,171.4,171.4,171.4,171.4,1
2024-08-09T13:20:00+00:00,171.4,171.4,170.7,170.7,113
2024-08-09T13:25:00+00:00,170.8,171.9,170.8,171.7,222
2024-08-09T13:30:00+00:00,171.7,171.7,171.6,171.6,2
2024-08-09T13:35:00+00:00,171.6,171.6,171.5,171.5,3
2024-08-09T13:40:00+00:00,171.6,171.6,171.6,171.6,2
2024-08-09T13:45:00+00:00,171.5,171.6,171.4,171.5,21
2024-08-09T13:50:00+00:00,171.4,171.4,171.05,171.05,64
2024-08-09T14:00:00+00:00,171.0,171.0,170.9,170.9,36
2024-08-09T14:10:00+00:00,171.0,171.55,171.0,171.55,22
2024-08-09T14:20:00+00:00,171.5,171.5,171.0,171.0,15
2024-08-09T14:30:00+00:00,171.2,171.35,171.2,171.35,8
2024-08-09T14:35:00+00:00,171.3,171.3,171.3,171.3,1
2024-08-09T14:40:00+00:00,171.25,171.25,171.2,171.2,2
2024-08-09T14:50:00+00:00,171.2,171.2,170.9,170.9,30
2024-08-09T14:55:00+00:00,170.9,170.9,170.9,170.9,5
2024-08-09T15:05:00+00:00,170.9,170.9,170.9,170.9,18
2024-08-09T15:20:00+00:00,171.1,171.1,171.1,171.1,1
2024-08-09T15:25:00+00:00,171.1,171.1,171.1,171.1,1
2024-08-09T15:30:00+00:00,171.1,171.15,171.1,171.15,29
2024-08-09T16:15:00+00:00,171.0,171.0,171.0,171.0,1
2024-08-09T16:45:00+00:00,171.1,171.1,171.1,171.1,1
2024-08-09T17:05:00+00:00,171.0,171.0,171.0,171.0,2
2024-08-09T17:15:00+00:00,170.9,170.9,170.9,170.9,16
2024-08-09T17:25:00+00:00,171.0,171.0,171.0,171.0,1
2024-08-09T17:30:00+00:00,171.0,171.0,171.0,171.0,2
2024-08-09T17:35:00+00:00,170.9,170.9,170.9,170.9,1
2024-08-09T17:40:00+00:00,170.9,170.9,170.9,170.9,3
2024-08-09T17:45:00+00:00,171.0,171.0,171.0,171.0,1
2024-08-09T18:00:00+00:00,171.0,171.0,171.0,171.0,20
2024-08-09T18:05:00+00:00,171.0,171.0,171.0,171.0,2
2024-08-09T18:15:00+00:00,170.95,170.95,170.9,170.9,6
2024-08-09T18:40:00+00:00,171.1,171.1,170.9,170.9,4
2024-08-09T18:45:00+00:00,170.9,171.1,170.9,171.1,4
2024-08-09T18:50:00+00:00,170.9,170.9,170.9,170.9,7
2024-08-09T18:55:00+00:00,171.0,171.0,171.0,171.0,1
2024-08-09T19:05:00+00:00,171.0,171.0,171.0,171.0,1
2024-08-09T19:10:00+00:00,171.0,171.0,171.0,171.0,1
2024-08-09T19:30:00+00:00,171.1,171.1,171.1,171.1,2
2024-08-09T19:55:00+00:00,170.9,171.1,170.9,171.1,2
2024-08-09T20:00:00+00:00,171.1,171.35,171.1,171.35,378
2024-08-09T20:25:00+00:00,171.4,171.4,171.4,171.4,1
2024-08-09T20:45:00+00:00,171.35,171.35,171.2,171.3,16
2024-08-12T06:55:00+00:00,171.3,171.3,171.3,171.3,1
2024-08-12T07:00:00+00:00,171.4,173.2,171.4,173.0,276
2024-08-12T07:05:00+00:00,173.0,173.0,171.8,172.0,98
2024-08-12T07:10:00+00:00,172.1,172.5,172.0,172.45,183
2024-08-12T07:15:00+00:00,172.45,173.8,172.45,173.75,323
2024-08-12T07:20:00+00:00,173.7,174.7,173.65,174.7,226
2024-08-12T07:25:00+00:00,174.7,174.8,173.75,173.9,196
2024-08-12T07:30:00+00:00,173.85,174.0,173.8,174.0,18
2024-08-12T07:35:00+00:00,174.0,175.2,174.0,175.0,580
2024-08-12T07:40:00+00:00,175.0,175.0,174.4,174.4,299
2024-08-12T07:45:00+00:00,174.3,174.3,173.5,173.6,145
2024-08-12T07:50:00+00:00,173.5,173.5,173.1,173.1,125
2024-08-12T07:55:00+00:00,173.1,173.1,172.45,172.5,89
2024-08-12T08:00:00+00:00,172.5,172.8,172.5,172.8,7
2024-08-12T08:05:00+00:00,172.9,173.15,172.9,173.0,113
2024-08-12T08:10:00+00:00,173.15,173.15,172.45,172.45,262
2024-08-12T08:15:00+00:00,172.45,172.45,171.95,171.95,35
2024-08-12T08:20:00+00:00,172.0,172.3,172.0,172.2,10
2024-08-12T08:25:00+00:00,172.1,172.3,172.0,172.0,10
2024-08-12T08:30:00+00:00,172.2,172.2,172.1,172.1,3
2024-08-12T08:35:00+00:00,172.0,172.0,172.0,172.0,1
2024-08-12T08:40:00+00:00,172.0,172.0,172.0,172.0,2
2024-08-12T08:45:00+00:00,172.2,173.15,172.2,173.15,501
2024-08-12T08:50:00+00:00,173.15,173.15,173.15,173.15,305
2024-08-12T08:55:00+00:00,173.0,173.05,173.0,173.05,2
2024-08-12T09:00:00+00:00,173.0,173.1,173.0,173.0,7
2024-08-12T09:05:00+00:00,173.0,173.0,172.5,172.5,95
2024-08-12T09:10:00+00:00,172.6,173.1,172.6,173.1,29
2024-08-12T09:15:00+00:00,173.15,173.15,173.15,173.15,41
2024-08-12T09:20:00+00:00,173.0,173.0,172.9,172.9,5
2024-08-12T09:25:00+00:00,172.8,172.8,172.8,172.8,1
2024-08-12T09:30:00+00:00,172.9,172.9,172.9,172.9,1
2024-08-12T09:35:00+00:00,173.0,173.0,172.3,172.8,32
2024-08-12T09:40:00+00:00,172.9,172.9,172.9,172.9,1
2024-08-12T09:45:00+00:00,172.9,173.15,172.9,173.15,40
2024-08-12T09:50:00+00:00,173.15,173.15,173.15,173.15,51
2024-08-12T09:55:00+00:00,173.1,173.15,173.1,173.15,102
2024-08-12T10:00:00+00:00,173.15,173.15,172.85,172.85,15
2024-08-12T10:05:00+00:00,172.85,173.0,172.85,173.0,10
2024-08-12T10:10:00+00:00,172.9,173.0,172.85,173.0,8
2024-08-12T10:15:00+00:00,173.1,173.15,173.1,173.15,106
2024-08-12T10:20:00+00:00,173.15,173.15,173.15,173.15,26
2024-08-12T10:30:00+00:00,173.15,173.15,173.15,173.15,1
2024-08-12T10:35:00+00:00,173.05,173.05,173.0,173.0,15
2024-08-12T10:40:00+00:00,173.1,173.1,173.1,173.1,1
2024-08-12T10:45:00+00:00,173.1,173.15,173.0,173.15,34
2024-08-12T10:50:00+00:00,173.0,173.0,173.0,173.0,2
2024-08-12T10:55:00+00:00,173.0,173.0,172.85,173.0,39
2024-08-12T11:00:00+00:00,173.1,173.1,173.1,173.1,5
2024-08-12T11:05:00+00:00,173.0,173.0,173.0,173.0,2
2024-08-12T11:10:00+00:00,172.95,172.95,172.95,172.95,11
2024-08-12T11:15:00+00:00,172.95,172.95,172.9,172.95,72
2024-08-12T11:20:00+00:00,172.95,172.95,172.8,172.8,28
2024-08-12T11:25:00+00:00,172.8,173.15,172.8,173.15,527
2024-08-12T11:30:00+00:00,173.1,173.15,172.9,173.0,715
2024-08-12T11:35:00+00:00,173.1,173.15,173.1,173.15,3
2024-08-12T11:40:00+00:00,173.15,173.15,173.0,173.1,14
2024-08-12T11:45:00+00:00,173.1,173.15,173.1,173.15,2
2024-08-12T11:55:00+00:00,173.1,173.1,173.1,173.1,3
2024-08-12T12:00:00+00:00,173.0,173.0,172.8,172.8,81
2024-08-12T12:05:00+00:00,172.8,172.8,172.8,172.8,1
2024-08-12T12:25:00+00:00,172.85,172.85,172.85,172.85,214
2024-08-12T12:30:00+00:00,172.85,172.85,172.85,172.85,6
2024-08-12T12:35:00+00:00,172.85,172.85,172.85,172.85,2
2024-08-12T12:40:00+00:00,172.8,172.85,172.8,172.85,7
2024-08-12T12:45:00+00:00,172.8,172.8,172.8,172.8,8
2024-08-12T12:50:00+00:00,172.85,172.85,172.85,172.85,60
2024-08-12T12:55:00+00:00,172.85,172.85,172.85,172.85,16
2024-08-12T13:00:00+00:00,172.8,172.8,172.8,172.8,27
2024-08-12T13:10:00+00:00,172.8,172.8,172.8,172.8,17
2024-08-12T13:15:00+00:00,172.8,172.8,172.8,172.8,1
2024-08-12T13:20:00+00:00,172.8,172.85,172.8,172.85,42
2024-08-12T13:25:00+00:00,172.85,172.85,172.8,172.85,156
2024-08-12T13:30:00+00:00,172.8,172.8,172.8,172.8,9
2024-08-12T13:40:00+00:00,172.8,172.8,172.8,172.8,13
2024-08-12T13:50:00+00:00,172.8,172.8,172.25,172.25,193
2024-08-12T13:55:00+00:00,172.3,172.4,171.9,171.9,60
2024-08-12T14:00:00+00:00,171.9,171.9,171.9,171.9,360
2024-08-12T14:05:00+00:00,171.9,171.9,171.9,171.9,503
2024-08-12T14:10:00+00:00,171.85,171.85,171.8,171.8,12
2024-08-12T14:15:00+00:00,171.9,171.9,171.9,171.9,33
2024-08-12T14:25:00+00:00,171.9,171.9,171.9,171.9,18
2024-08-12T14:35:00+00:00,171.8,171.8,171.8,171.8,35
2024-08-12T14:40:00+00:00,171.8,171.8,171.3,171.3,187
2024-08-12T14:45:00+00:00,171.3,171.35,171.3,171.35,36
2024-08-12T14:55:00+00:00,171.3,171.3,171.3,171.3,1
2024-08-12T15:00:00+00:00,171.35,171.35,171.3,171.3,772
2024-08-12T15:05:00+00:00,171.4,171.4,170.0,170.3,511
2024-08-12T15:10:00+00:00,170.3,171.0,170.0,170.3,797
2024-08-12T15:15:00+00:00,170.4,171.2,170.4,171.1,18
2024-08-12T15:20:00+00:00,171.0,171.65,170.05,171.35,203
2024-08-12T15:25:00+00:00,171.35,171.6,171.35,171.5,20
2024-08-12T15:30:00+00:00,171.6,171.8,171.6,171.8,407
2024-08-12T15:35:00+00:00,171.8,171.8,171.6,171.6,5
2024-08-12T15:45:00+00:00,169.55,169.55,169.55,169.55,299
2024-08-12T16:00:00+00:00,170.5,170.5,170.5,170.5,10
2024-08-12T16:05:00+00:00,170.5,172.2,170.5,171.1,268
2024-08-12T16:10:00+00:00,171.2,171.2,171.2,171.2,1
2024-08-12T16:20:00+00:00,171.1,171.1,171.1,171.1,1
2024-08-12T16:35:00+00:00,171.2,171.2,171.2,171.2,2
2024-08-12T16:40:00+00:00,171.1,171.1,171.0,171.1,4
2024-08-12T16:45:00+00:00,171.0,171.0,170.9,170.9,5
2024-08-12T17:05:00+00:00,170.9,171.2,170.9,171.2,6
2024-08-12T17:10:00+00:00,171.2,171.85,171.2,171.2,28
2024-08-12T17:15:00+00:00,171.1,171.1,170.5,170.6,17
2024-08-12T17:20:00+00:00,170.6,170.7,170.6,170.7,3
2024-08-12T17:25:00+00:00,170.7,170.7,170.7,170.7,1
2024-08-12T17:35:00+00:00,170.7,170.7,170.7,170.7,5
2024-08-12T17:40:00+00:00,170.7,170.7,170.7,170.7,1
2024-08-12T17:45:00+00:00,170.7,170.7,170.7,170.7,17
2024-08-12T17:50:00+00:00,170.6,170.6,170.6,170.6,1
2024-08-12T18:05:00+00:00,170.7,170.7,170.7,170.7,10
2024-08-12T18:15:00+00:00,170.7,170.7,170.7,170.7,48
2024-08-12T18:20:00+00:00,170.6,170.6,170.6,170.6,2
2024-08-12T18:25:00+00:00,170.8,170.8,170.8,170.8,2
2024-08-12T18:30:00+00:00,170.9,170.9,170.9,170.9,2
2024-08-12T18:50:00+00:00,171.0,171.0,171.0,171.0,1
2024-08-12T19:05:00+00:00,171.0,171.0,171.0,171.0,2
2024-08-12T19:10:00+00:00,171.1,171.5,171.1,171.5,10
2024-08-12T19:15:00+00:00,171.5,171.5,171.5,171.5,1
2024-08-12T19:20:00+00:00,171.6,172.4,171.6,172.4,42
2024-08-12T19:25:00+00:00,172.4,172.4,172.3,172.4,5
2024-08-12T19:30:00+00:00,172.5,172.5,172.5,172.5,4
2024-08-12T19:35:00+00:00,172.6,172.65,172.1,172.1,15
2024-08-12T19:45:00+00:00,172.1,172.1,172.1,172.1,1
2024-08-12T20:10:00+00:00,172.2,172.4,172.2,172.4,5
2024-08-12T20:20:00+00:00,172.4,172.65,172.4,172.65,10
2024-08-12T20:35:00+00:00,172.7,172.7,172.7,172.7,7
2024-08-12T20:40:00+00:00,172.8,172.85,172.8,172.85,63
2024-08-12T20:45:00+00:00,172.7,172.85,172.6,172.85,12
2024-08-13T07:00:00+00:00,172.75,172.8,172.1,172.1,37
2024-08-13T07:05:00+00:00,172.15,172.2,172.0,172.0,21
2024-08-13T07:10:00+00:00,172.0,172.0,171.1,171.45,336
2024-08-13T07:15:00+00:00,171.4,171.5,171.3,171.3,62
2024-08-13T07:20:00+00:00,171.4,171.5,171.3,171.5,48
2024-08-13T07:25:00+00:00,171.4,171.55,171.4,171.55,39
2024-08-13T07:30:00+00:00,171.55,171.7,171.55,171.6,23
2024-08-13T07:35:00+00:00,171.8,171.8,171.4,171.5,84
2024-08-13T07:40:00+00:00,171.4,171.5,171.05,171.2,89
2024-08-13T07:45:00+00:00,171.1,171.15,171.1,171.15,33
2024-08-13T07:50:00+00:00,171.15,171.95,171.15,171.95,32
2024-08-13T07:55:00+00:00,172.0,172.3,172.0,172.1,13
2024-08-13T08:00:00+00:00,172.1,172.85,172.1,172.85,121
2024-08-13T08:05:00+00:00,172.7,172.9,172.7,172.9,9
2024-08-13T08:10:00+00:00,172.8,172.85,172.7,172.85,14
2024-08-13T08:15:00+00:00,172.7,172.7,171.6,171.6,30
2024-08-13T08:20:00+00:00,171.6,171.6,171.5,171.5,11
2024-08-13T08:25:00+00:00,171.6,171.7,171.6,171.7,3
2024-08-13T08:30:00+00:00,171.7,171.8,171.7,171.8,2
2024-08-13T08:35:00+00:00,171.7,171.7,171.3,171.5,87
2024-08-13T08:40:00+00:00,171.6,171.6,171.25,171.25,26
2024-08-13T08:45:00+00:00,171.4,172.2,171.4,172.2,29
2024-08-13T08:50:00+00:00,172.2,172.2,172.2,172.2,1
2024-08-13T08:55:00+00:00,172.2,172.2,172.2,172.2,2
2024-08-13T09:05:00+00:00,172.2,172.5,172.2,172.4,11
2024-08-13T09:10:00+00:00,172.4,172.4,172.4,172.4,35
2024-08-13T09:15:00+00:00,172.5,172.5,172.5,172.5,1
2024-08-13T09:20:00+00:00,172.5,172.5,172.5,172.5,1
2024-08-13T09:25:00+00:00,172.5,172.5,172.5,172.5,1
2024-08-13T09:30:00+00:00,172.4,172.5,172.4,172.5,3
2024-08-13T09:35:00+00:00,172.4,172.4,172.4,172.4,1
2024-08-13T09:40:00+00:00,172.5,172.5,172.5,172.5,2
2024-08-13T09:45:00+00:00,172.4,172.4,172.0,172.0,13
2024-08-13T09:50:00+00:00,171.9,171.9,171.55,171.55,123
2024-08-13T09:55:00+00:00,171.7,172.2,170.05,170.3,1082
2024-08-13T10:00:00+00:00,170.3,171.2,170.3,170.6,164
2024-08-13T10:05:00+00:00,170.7,171.4,170.7,171.4,25
2024-08-13T10:10:00+00:00,171.3,171.4,170.0,170.5,628
2024-08-13T10:15:00+00:00,170.4,171.1,170.4,170.9,57
2024-08-13T10:20:00+00:00,170.9,171.0,170.9,171.0,6
2024-08-13T10:25:00+00:00,170.9,171.0,170.85,170.85,26
2024-08-13T10:30:00+00:00,171.0,171.05,171.0,171.05,7
2024-08-13T10:40:00+00:00,171.05,171.05,170.8,170.8,40
2024-08-13T10:45:00+00:00,170.9,171.0,170.9,170.9,110
2024-08-13T10:50:00+00:00,171.0,171.2,171.0,171.1,89
2024-08-13T11:05:00+00:00,171.1,171.1,170.85,170.85,13
2024-08-13T11:10:00+00:00,170.85,170.85,170.8,170.8,34
2024-08-13T11:15:00+00:00,170.9,171.0,170.9,171.0,16
2024-08-13T11:20:00+00:00,171.1,171.25,170.6,170.6,71
2024-08-13T11:30:00+00:00,170.5,170.5,170.15,170.3,24
2024-08-13T11:35:00+00:00,170.2,170.5,170.2,170.5,7
2024-08-13T11:40:00+00:00,170.5,170.6,170.5,170.6,2
2024-08-13T11:45:00+00:00,170.6,170.6,170.6,170.6,1
2024-08-13T11:50:00+00:00,170.7,171.2,170.7,171.2,15
2024-08-13T11:55:00+00:00,171.2,171.2,171.2,171.2,9
2024-08-13T12:00:00+00:00,171.2,171.2,171.2,171.2,140
2024-08-13T12:05:00+00:00,171.2,171.3,171.2,171.3,6
2024-08-13T12:10:00+00:00,171.2,171.2,171.2,171.2,21
2024-08-13T12:15:00+00:00,171.2,171.2,171.2,171.2,1
2024-08-13T12:20:00+00:00,171.2,171.2,171.1,171.1,12
2024-08-13T12:25:00+00:00,171.0,171.0,171.0,171.0,12
2024-08-13T12:35:00+00:00,171.1,171.5,171.1,171.5,51
2024-08-13T12:40:00+00:00,171.4,171.4,171.1,171.2,71
2024-08-13T12:45:00+00:00,171.3,171.35,171.3,171.3,6
2024-08-13T12:50:00+00:00,171.3,171.4,171.3,171.4,11
2024-08-13T13:00:00+00:00,171.3,171.3,170.35,170.8,96
2024-08-13T13:05:00+00:00,170.8,170.9,170.8,170.8,6
2024-08-13T13:10:00+00:00,170.8,172.9,170.3,172.7,323
2024-08-13T13:15:00+00:00,172.8,174.0,172.8,173.2,177
2024-08-13T13:20:00+00:00,173.1,173.1,172.5,172.6,14
2024-08-13T13:25:00+00:00,172.6,172.6,172.5,172.5,2
2024-08-13T13:35:00+00:00,172.4,172.9,172.15,172.9,351
2024-08-13T13:40:00+00:00,172.8,172.85,172.8,172.85,3
2024-08-13T13:45:00+00:00,172.8,172.8,172.8,172.8,5
2024-08-13T13:50:00+00:00,172.85,172.9,172.85,172.9,19
2024-08-13T13:55:00+00:00,173.0,174.1,173.0,174.1,652
2024-08-13T14:00:00+00:00,174.1,174.25,173.7,174.25,31
2024-08-13T14:05:00+00:00,174.1,174.7,174.0,174.7,203
2024-08-13T14:10:00+00:00,174.6,174.6,173.55,173.55,35
2024-08-13T14:15:00+00:00,173.7,174.55,173.7,174.55,57
2024-08-13T14:25:00+00:00,174.6,174.7,174.5,174.5,12
2024-08-13T14:30:00+00:00,174.5,174.95,174.1,174.7,65
2024-08-13T14:35:00+00:00,174.7,174.7,174.5,174.5,31
2024-08-13T14:40:00+00:00,174.4,174.4,174.4,174.4,4
2024-08-13T14:45:00+00:00,174.3,174.35,174.1,174.1,7
2024-08-13T14:50:00+00:00,174.1,174.1,174.0,174.0,3
2024-08-13T15:00:00+00:00,173.9,173.9,173.4,173.4,47
2024-08-13T15:10:00+00:00,173.4,173.4,173.3,173.3,4
2024-08-13T15:15:00+00:00,173.4,173.4,173.4,173.4,6
2024-08-13T15:20:00+00:00,173.3,173.3,173.2,173.2,2
2024-08-13T15:30:00+00:00,173.3,173.4,173.3,173.4,5
2024-08-13T15:35:00+00:00,173.2,173.4,172.9,172.9,36
2024-08-13T15:45:00+00:00,171.0,171.0,171.0,171.0,351
2024-08-13T16:05:00+00:00,171.8,171.8,171.8,171.8,34
2024-08-13T16:10:00+00:00,171.9,172.0,171.9,172.0,82
2024-08-13T16:15:00+00:00,172.1,172.1,172.1,172.1,2
2024-08-13T16:20:00+00:00,172.2,172.3,172.2,172.3,3
2024-08-13T16:25:00+00:00,172.3,172.3,172.3,172.3,9
2024-08-13T16:30:00+00:00,172.3,172.4,172.3,172.4,4
2024-08-13T16:35:00+00:00,172.4,172.4,172.4,172.4,10
2024-08-13T16:40:00+00:00,172.5,173.35,172.3,172.3,141
2024-08-13T16:45:00+00:00,172.35,173.3,172.35,172.8,38
2024-08-13T16:55:00+00:00,172.7,172.8,172.7,172.8,2
2024-08-13T17:00:00+00:00,172.9,173.0,172.9,173.0,5
2024-08-13T17:05:00+00:00,173.0,173.45,173.0,173.3,70
2024-08-13T17:10:00+00:00,173.3,173.85,173.3,173.85,50
2024-08-13T17:15:00+00:00,173.85,173.85,172.95,173.6,102
2024-08-13T17:25:00+00:00,173.7,173.7,173.7,173.7,2
2024-08-13T17:35:00+00:00,173.6,173.6,173.6,173.6,1
2024-08-13T17:45:00+00:00,173.7,173.8,173.7,173.8,6
2024-08-13T17:50:00+00:00,173.85,173.95,173.85,173.95,101
2024-08-13T17:55:00+00:00,173.95,173.95,173.95,173.95,20
2024-08-13T18:00:00+00:00,174.0,174.0,174.0,174.0,1
2024-08-13T18:05:00+00:00,174.0,174.5,174.0,174.5,184
2024-08-13T18:10:00+00:00,174.5,174.9,174.5,174.65,52
2024-08-13T18:15:00+00:00,174.8,174.95,174.5,174.85,290
2024-08-13T18:20:00+00:00,174.9,174.9,174.9,174.9,15
2024-08-13T18:25:00+00:00,174.9,174.9,174.5,174.5,50
2024-08-13T18:30:00+00:00,174.55,174.55,174.5,174.5,266
2024-08-13T18:35:00+00:00,174.4,174.4,174.4,174.4,2
2024-08-13T18:50:00+00:00,174.3,174.3,174.3,174.3,2
2024-08-13T18:55:00+00:00,174.35,174.85,174.35,174.7,116
2024-08-13T19:00:00+00:00,174.7,174.7,174.7,174.7,2
2024-08-13T19:05:00+00:00,174.6,174.7,174.6,174.7,22
2024-08-13T19:10:00+00:00,174.7,174.7,174.65,174.65,31
2024-08-13T19:25:00+00:00,174.65,174.65,174.65,174.65,1
2024-08-13T19:30:00+00:00,174.7,174.7,174.7,174.7,2
2024-08-13T19:35:00+00:00,174.7,174.7,174.7,174.7,1
2024-08-13T19:40:00+00:00,174.7,174.7,174.7,174.7,87
2024-08-13T19:45:00+00:00,174.7,174.7,174.7,174.7,13
2024-08-13T19:50:00+00:00,174.7,175.0,174.7,175.0,571
2024-08-13T19:55:00+00:00,175.0,175.0,175.0,175.0,517
2024-08-13T20:00:00+00:00,174.9,174.9,174.5,174.5,10
2024-08-13T20:05:00+00:00,174.6,174.6,174.6,174.6,1
2024-08-14T06:55:00+00:00,174.5,174.5,174.5,174.5,2
2024-08-14T07:00:00+00:00,174.4,174.45,174.2,174.2,6
2024-08-14T07:05:00+00:00,174.2,174.2,173.7,173.9,17
2024-08-14T07:10:00+00:00,173.8,173.8,173.7,173.7,2
2024-08-14T07:15:00+00:00,173.7,173.7,173.2,173.5,57
2024-08-14T07:20:00+00:00,173.6,173.6,172.7,172.95,81
2024-08-14T07:25:00+00:00,172.9,173.6,172.9,173.6,114
2024-08-14T07:30:00+00:00,173.65,174.3,173.65,174.3,24
2024-08-14T07:35:00+00:00,174.4,174.4,174.4,174.4,2
2024-08-14T07:40:00+00:00,174.35,174.35,174.0,174.0,20
2024-08-14T07:45:00+00:00,174.0,174.0,173.9,173.9,10
2024-08-14T07:50:00+00:00,173.8,173.8,173.8,173.8,1
2024-08-14T07:55:00+00:00,173.9,173.9,173.9,173.9,1
2024-08-14T08:00:00+00:00,173.9,173.9,173.1,173.6,36
2024-08-14T08:10:00+00:00,173.6,173.7,173.6,173.7,4
2024-08-14T08:20:00+00:00,173.7,173.7,173.7,173.7,1
2024-08-14T08:25:00+00:00,173.6,173.6,173.3,173.3,38
2024-08-14T08:30:00+00:00,173.4,173.7,173.4,173.7,8
2024-08-14T08:35:00+00:00,173.75,173.75,173.05,173.2,35
2024-08-14T08:40:00+00:00,173.2,173.7,173.2,173.6,11
2024-08-14T08:45:00+00:00,173.5,173.5,173.2,173.2,77
2024-08-14T08:50:00+00:00,173.2,173.4,173.2,173.4,5
2024-08-14T08:55:00+00:00,173.35,173.5,173.35,173.5,9
2024-08-14T09:00:00+00:00,173.35,173.35,173.35,173.35,4
2024-08-14T09:05:00+00:00,173.4,173.4,172.9,172.9,170
2024-08-14T09:10:00+00:00,173.0,173.5,173.0,173.5,11
2024-08-14T09:15:00+00:00,173.5,173.7,173.5,173.6,5
2024-08-14T09:20:00+00:00,173.5,173.5,173.5,173.5,2
2024-08-14T09:25:00+00:00,173.5,173.7,173.5,173.6,3
2024-08-14T09:30:00+00:00,173.5,174.3,173.25,173.4,327
2024-08-14T09:35:00+00:00,173.3,173.3,172.8,172.9,20
2024-08-14T09:40:00+00:00,172.9,172.9,172.8,172.8,3
2024-08-14T09:45:00+00:00,172.9,172.9,172.8,172.8,60
2024-08-14T10:00:00+00:00,172.9,172.9,172.9,172.9,3
2024-08-14T10:05:00+00:00,172.95,173.0,172.8,173.0,29
2024-08-14T10:10:00+00:00,173.0,173.0,172.6,172.6,26
2024-08-14T10:15:00+00:00,172.7,172.7,172.7,172.7,7
2024-08-14T10:20:00+00:00,172.7,172.7,172.7,172.7,3
2024-08-14T10:25:00+00:00,172.7,172.7,172.7,172.7,8
2024-08-14T10:35:00+00:00,172.7,173.05,172.7,173.05,83
2024-08-14T10:40:00+00:00,173.0,173.0,172.75,172.9,31
2024-08-14T10:45:00+00:00,172.8,172.8,172.7,172.8,5
2024-08-14T10:50:00+00:00,172.7,172.7,172.6,172.7,8
2024-08-14T11:10:00+00:00,172.8,173.1,172.8,173.1,36
2024-08-14T11:15:00+00:00,173.2,173.2,173.2,173.2,2
2024-08-14T11:20:00+00:00,173.3,173.3,173.1,173.1,2
2024-08-14T11:35:00+00:00,173.1,173.1,173.1,173.1,11
2024-08-14T11:45:00+00:00,173.1,173.1,172.9,172.9,6
2024-08-14T12:00:00+00:00,173.0,173.0,173.0,173.0,1
2024-08-14T12:05:00+00:00,173.0,174.1,173.0,173.45,562
2024-08-14T12:15:00+00:00,173.55,173.55,173.55,173.55,1
2024-08-14T12:20:00+00:00,173.4,173.6,173.4,173.6,3
2024-08-14T12:25:00+00:00,173.55,173.55,173.55,173.55,2
2024-08-14T12:40:00+00:00,173.5,173.5,173.5,173.5,10
2024-08-14T12:45:00+00:00,173.6,174.15,173.6,174.0,22
2024-08-14T12:55:00+00:00,174.05,174.05,173.9,173.95,10
2024-08-14T13:00:00+00:00,173.95,173.95,173.95,173.95,221
2024-08-14T14:30:00+00:00,173.95,173.95,173.55,173.55,22
2024-08-14T14:35:00+00:00,173.5,173.5,173.2,173.2,13
2024-08-14T14:40:00+00:00,173.3,173.3,173.3,173.3,1
2024-08-14T14:45:00+00:00,173.4,173.4,173.4,173.4,1
2024-08-14T14:50:00+00:00,173.3,173.3,172.9,172.9,55
2024-08-14T14:55:00+00:00,172.85,173.4,172.85,173.3,21
2024-08-14T15:00:00+00:00,173.4,173.5,173.4,173.5,2
2024-08-14T15:05:00+00:00,173.5,173.5,173.4,173.5,4
2024-08-14T15:15:00+00:00,173.4,173.4,173.3,173.3,4
2024-08-14T15:20:00+00:00,173.5,173.6,173.5,173.6,3
2024-08-14T15:25:00+00:00,173.5,173.6,173.3,173.3,102
2024-08-14T15:30:00+00:00,173.5,174.0,173.5,174.0,25
2024-08-14T15:35:00+00:00,173.95,174.0,173.8,173.8,3
2024-08-14T16:05:00+00:00,173.8,173.8,173.8,173.8,1
2024-08-14T16:15:00+00:00,173.9,173.9,173.9,173.9,1
2024-08-14T16:45:00+00:00,173.9,173.9,173.7,173.7,6
2024-08-14T17:00:00+00:00,173.7,173.7,173.7,173.7,1
2024-08-14T17:05:00+00:00,173.8,173.8,173.8,173.8,1
2024-08-14T17:20:00+00:00,173.8,173.8,173.7,173.7,3
2024-08-14T17:40:00+00:00,173.8,173.8,173.8,173.8,1
2024-08-14T18:00:00+00:00,173.8,173.95,173.8,173.95,37
2024-08-14T18:15:00+00:00,173.95,173.95,173.7,173.7,2
2024-08-14T18:20:00+00:00,174.0,174.0,174.0,174.0,1
2024-08-14T18:25:00+00:00,173.95,173.95,173.75,173.75,11
2024-08-14T18:50:00+00:00,173.75,173.75,173.75,173.75,1
2024-08-14T19:00:00+00:00,173.95,173.95,173.95,173.95,1
2024-08-14T19:15:00+00:00,173.95,173.95,173.5,173.5,60
2024-08-14T19:30:00+00:00,173.5,173.5,173.5,173.5,4
2024-08-14T19:35:00+00:00,173.4,173.4,173.4,173.4,7
2024-08-14T19:50:00+00:00,173.35,173.35,173.35,173.35,4
2024-08-14T20:20:00+00:00,173.3,173.3,171.85,172.0,636
2024-08-14T20:25:00+00:00,172.0,172.0,171.5,171.5,50
2024-08-14T20:30:00+00:00,172.15,172.15,172.15,172.15,8
2024-08-14T20:35:00+00:00,171.55,171.55,171.55,171.55,1
2024-08-14T20:40:00+00:00,172.4,172.85,172.4,172.85,917
2024-08-14T20:45:00+00:00,171.8,172.75,171.8,172.75,420
2024-08-15T07:00:00+00:00,173.95,173.95,173.8,173.8,9
2024-08-15T07:05:00+00:00,173.8,173.8,173.7,173.7,4
2024-08-15T07:10:00+00:00,173.7,173.7,173.5,173.5,6
2024-08-15T07:15:00+00:00,173.4,173.4,173.0,173.1,382
2024-08-15T07:20:00+00:00,173.0,173.2,173.0,173.15,11
2024-08-15T07:30:00+00:00,173.1,173.1,172.8,172.9,22
2024-08-15T07:35:00+00:00,173.0,174.2,173.0,174.0,210
2024-08-15T07:40:00+00:00,173.9,174.0,173.9,174.0,16
2024-08-15T07:45:00+00:00,174.0,174.0,173.5,173.6,13
2024-08-15T07:50:00+00:00,173.5,173.6,173.5,173.6,2
2024-08-15T07:55:00+00:00,173.55,173.6,173.05,173.05,81
2024-08-15T08:05:00+00:00,173.2,173.2,173.2,173.2,117
2024-08-15T08:10:00+00:00,173.1,173.1,173.0,173.0,25
2024-08-15T08:15:00+00:00,173.0,173.0,173.0,173.0,1
2024-08-15T08:20:00+00:00,173.1,173.1,173.1,173.1,3
2024-08-15T08:25:00+00:00,173.1,173.1,173.1,173.1,2
2024-08-15T08:30:00+00:00,173.15,173.15,173.15,173.15,1
2024-08-15T08:35:00+00:00,173.15,173.2,173.1,173.2,141
2024-08-15T08:40:00+00:00,173.2,173.2,173.2,173.2,1
2024-08-15T08:50:00+00:00,173.1,173.1,173.0,173.0,13
2024-08-15T08:55:00+00:00,173.15,173.15,173.0,173.0,3
2024-08-15T09:00:00+00:00,173.15,173.15,173.15,173.15,2
2024-08-15T09:05:00+00:00,173.0,173.0,173.0,173.0,12
2024-08-15T09:10:00+00:00,173.0,173.0,173.0,173.0,1
2024-08-15T09:15:00+00:00,173.0,173.0,172.95,172.95,2
2024-08-15T09:20:00+00:00,172.95,173.0,172.95,173.0,59
2024-08-15T09:30:00+00:00,173.0,173.2,173.0,173.2,1131
2024-08-15T09:40:00+00:00,173.3,173.4,173.2,173.2,8
2024-08-15T09:45:00+00:00,173.2,173.2,172.6,172.6,305
2024-08-15T09:50:00+00:00,172.6,172.6,172.6,172.6,8
2024-08-15T10:10:00+00:00,172.7,172.7,172.65,172.65,2
2024-08-15T10:15:00+00:00,172.65,172.7,172.65,172.7,2
2024-08-15T10:20:00+00:00,172.7,172.7,172.65,172.65,3
2024-08-15T10:25:00+00:00,172.65,172.65,172.6,172.6,3
2024-08-15T10:30:00+00:00,172.6,172.7,172.6,172.7,11
2024-08-15T10:35:00+00:00,172.7,172.7,172.7,172.7,2
2024-08-15T10:40:00+00:00,172.7,172.7,172.7,172.7,1
2024-08-15T11:00:00+00:00,172.6,172.6,172.6,172.6,14
2024-08-15T11:15:00+00:00,172.5,172.55,172.5,172.55,2
2024-08-15T11:20:00+00:00,172.55,173.6,172.55,173.55,152
2024-08-15T11:25:00+00:00,173.4,173.45,173.4,173.45,4
2024-08-15T11:40:00+00:00,173.4,173.4,173.3,173.3,2
2024-08-15T11:45:00+00:00,173.3,173.3,173.3,173.3,1
2024-08-15T11:50:00+00:00,173.3,173.3,173.3,173.3,1
2024-08-15T11:55:00+00:00,173.2,173.4,173.2,173.4,12
2024-08-15T12:05:00+00:00,173.3,173.3,172.1,172.2,214
2024-08-15T12:15:00+00:00,172.2,172.5,172.2,172.5,18
2024-08-15T12:25:00+00:00,172.6,172.6,172.5,172.5,20
2024-08-15T12:30:00+00:00,172.6,172.6,172.6,172.6,1
2024-08-15T12:50:00+00:00,172.7,173.5,172.7,173.5,40
2024-08-15T12:55:00+00:00,173.55,173.7,173.5,173.7,26
2024-08-15T13:00:00+00:00,173.7,173.7,173.7,173.7,1
2024-08-15T13:05:00+00:00,173.8,173.8,173.7,173.7,74
2024-08-15T13:10:00+00:00,173.7,174.6,173.6,174.3,181
2024-08-15T13:15:00+00:00,174.3,174.35,174.0,174.1,49
2024-08-15T13:20:00+00:00,174.1,174.4,174.0,174.1,39
2024-08-15T13:25:00+00:00,174.1,174.7,174.1,174.6,213
2024-08-15T13:30:00+00:00,174.6,174.75,174.5,174.75,325
2024-08-15T13:35:00+00:00,174.75,175.15,174.75,175.0,293
2024-08-15T13:40:00+00:00,175.0,175.4,175.0,175.3,393
2024-08-15T13:45:00+00:00,175.2,175.2,174.3,174.3,81
2024-08-15T13:50:00+00:00,174.4,174.4,174.4,174.4,2
2024-08-15T13:55:00+00:00,174.45,174.45,174.45,174.45,1
2024-08-15T14:05:00+00:00,174.45,174.45,174.45,174.45,6
2024-08-15T14:10:00+00:00,174.45,174.45,174.3,174.3,9
2024-08-15T14:25:00+00:00,174.3,174.3,174.3,174.3,2
2024-08-15T14:30:00+00:00,174.35,174.35,171.1,173.5,406
2024-08-15T14:35:00+00:00,173.5,173.5,172.75,173.5,40
2024-08-15T14:40:00+00:00,172.9,173.55,172.9,173.55,32
2024-08-15T14:45:00+00:00,173.6,173.6,173.6,173.6,1
2024-08-15T14:50:00+00:00,173.5,173.6,173.5,173.6,3
2024-08-15T14:55:00+00:00,173.6,173.75,173.6,173.75,5
2024-08-15T15:00:00+00:00,173.75,173.75,173.7,173.7,11
2024-08-15T15:10:00+00:00,173.6,173.6,173.1,173.1,12
2024-08-15T15:20:00+00:00,173.0,173.0,172.7,172.8,22
2024-08-15T15:25:00+00:00,172.9,172.9,172.9,172.9,1
2024-08-15T15:35:00+00:00,172.8,172.8,172.05,172.2,84
2024-08-15T15:45:00+00:00,173.2,173.2,173.2,173.2,21
2024-08-15T16:05:00+00:00,173.3,173.3,173.2,173.2,3
2024-08-15T16:10:00+00:00,173.1,173.1,172.3,172.3,27
2024-08-15T16:20:00+00:00,172.4,172.4,172.4,172.4,4
2024-08-15T16:30:00+00:00,172.4,172.4,172.1,172.1,10
2024-08-15T16:40:00+00:00,172.1,172.1,172.1,172.1,10
2024-08-15T16:50:00+00:00,172.2,172.2,172.2,172.2,2
2024-08-15T17:00:00+00:00,172.3,172.3,172.3,172.3,1
2024-08-15T17:05:00+00:00,172.3,172.4,172.3,172.4,2
2024-08-15T17:10:00+00:00,172.4,172.6,172.4,172.6,4
2024-08-15T17:25:00+00:00,172.6,172.6,172.6,172.6,1
2024-08-15T17:35:00+00:00,172.7,172.7,172.7,172.7,5
2024-08-15T17:45:00+00:00,172.8,172.8,172.4,172.4,15
2024-08-15T17:50:00+00:00,172.5,173.0,172.5,173.0,100
2024-08-15T17:55:00+00:00,172.9,172.9,172.9,172.9,1
2024-08-15T18:00:00+00:00,173.0,173.0,173.0,173.0,1
2024-08-15T18:35:00+00:00,173.1,173.1,173.0,173.0,3
2024-08-15T18:45:00+00:00,173.0,173.0,172.9,172.9,2
2024-08-15T18:50:00+00:00,173.0,173.2,173.0,173.2,5
2024-08-15T19:05:00+00:00,173.3,173.65,173.3,173.65,17
2024-08-15T19:10:00+00:00,173.7,173.7,173.5,173.5,3
2024-08-15T19:45:00+00:00,173.6,173.7,173.4,173.4,6
2024-08-15T19:50:00+00:00,173.4,173.4,173.4,173.4,2
2024-08-15T19:55:00+00:00,173.3,173.3,173.3,173.3,2
2024-08-15T20:10:00+00:00,173.2,173.2,173.2,173.2,1
2024-08-15T20:15:00+00:00,173.2,173.2,173.2,173.2,1
2024-08-15T20:20:00+00:00,173.2,173.2,173.2,173.2,2
2024-08-15T20:25:00+00:00,173.2,173.2,173.2,173.2,6
2024-08-15T20:30:00+00:00,173.2,173.2,173.2,173.2,25
2024-08-15T20:35:00+00:00,173.2,173.2,173.2,173.2,1
2024-08-15T20:40:00+00:00,173.15,173.15,172.8,172.8,9
2024-08-15T20:45:00+00:00,172.75,172.75,172.35,172.6,24
2024-08-16T07:05:00+00:00,172.7,172.7,172.7,172.7,13
2024-08-16T07:10:00+00:00,172.6,172.6,172.05,172.4,86
2024-08-16T07:15:00+00:00,172.4,172.7,172.4,172.7,6
2024-08-16T07:20:00+00:00,172.6,172.6,172.1,172.1,136
2024-08-16T07:25:00+00:00,172.1,172.1,171.5,171.5,315
2024-08-16T07:30:00+00:00,171.6,173.85,171.6,173.85,126
2024-08-16T07:35:00+00:00,173.85,174.0,173.85,173.9,301
2024-08-16T07:40:00+00:00,173.8,173.8,173.8,173.8,2
2024-08-16T07:45:00+00:00,173.7,173.7,172.95,172.95,54
2024-08-16T08:05:00+00:00,173.0,173.0,173.0,173.0,2
2024-08-16T08:10:00+00:00,173.05,173.6,173.05,173.6,13
2024-08-16T08:15:00+00:00,173.6,173.8,173.3,173.8,107
2024-08-16T08:20:00+00:00,173.7,173.7,172.95,172.95,20
2024-08-16T08:25:00+00:00,173.1,173.2,173.1,173.2,4
2024-08-16T08:30:00+00:00,173.1,174.15,173.1,174.0,207
2024-08-16T08:35:00+00:00,174.0,174.2,174.0,174.2,55
2024-08-16T08:40:00+00:00,174.1,174.1,173.9,173.9,5
2024-08-16T08:45:00+00:00,173.8,173.9,173.8,173.9,3
2024-08-16T08:55:00+00:00,173.8,173.8,173.5,173.6,12
2024-08-16T09:00:00+00:00,173.7,173.7,173.7,173.7,2
2024-08-16T09:05:00+00:00,173.8,174.1,173.55,173.7,41
2024-08-16T09:10:00+00:00,173.8,173.8,173.8,173.8,1
2024-08-16T09:20:00+00:00,173.7,173.7,173.7,173.7,6
2024-08-16T09:25:00+00:00,173.7,173.7,173.7,173.7,1
2024-08-16T09:30:00+00:00,173.7,173.7,173.5,173.5,86
2024-08-16T09:35:00+00:00,173.5,173.5,173.45,173.45,15
2024-08-16T09:40:00+00:00,173.45,173.45,173.45,173.45,3
2024-08-16T09:50:00+00:00,173.45,173.45,173.15,173.15,32
2024-08-16T09:55:00+00:00,173.3,173.8,173.3,173.8,60
2024-08-16T10:00:00+00:00,173.7,173.8,173.7,173.8,5
2024-08-16T10:15:00+00:00,173.6,173.6,173.5,173.5,5
2024-08-16T10:20:00+00:00,173.55,173.55,173.55,173.55,2
2024-08-16T10:25:00+00:00,173.6,173.6,173.6,173.6,1
2024-08-16T10:30:00+00:00,173.6,173.8,173.6,173.8,8
2024-08-16T10:35:00+00:00,173.6,173.7,173.55,173.55,8
2024-08-16T10:40:00+00:00,173.55,174.1,173.55,174.1,17
2024-08-16T10:45:00+00:00,174.0,174.0,174.0,174.0,7
2024-08-16T10:50:00+00:00,174.0,174.0,174.0,174.0,2
2024-08-16T10:55:00+00:00,173.9,173.9,173.8,173.8,5
2024-08-16T11:00:00+00:00,173.9,174.0,173.9,173.9,9
2024-08-16T11:05:00+00:00,173.8,173.9,173.8,173.8,6
2024-08-16T11:15:00+00:00,173.7,173.7,173.6,173.6,30
2024-08-16T11:25:00+00:00,173.7,173.7,173.55,173.7,33
2024-08-16T11:30:00+00:00,173.7,173.7,173.7,173.7,1
2024-08-16T11:45:00+00:00,173.8,173.8,173.8,173.8,3
2024-08-16T11:55:00+00:00,173.8,173.8,173.8,173.8,1
2024-08-16T12:05:00+00:00,173.8,173.8,173.8,173.8,1
2024-08-16T12:10:00+00:00,173.75,173.75,173.75,173.75,1
2024-08-16T12:15:00+00:00,173.7,173.7,173.7,173.7,4
2024-08-16T12:20:00+00:00,173.8,173.9,173.7,173.7,5
2024-08-16T12:30:00+00:00,173.7,173.8,173.7,173.8,3
2024-08-16T12:35:00+00:00,173.7,174.1,173.7,173.9,81
2024-08-16T12:40:00+00:00,173.8,173.8,173.8,173.8,3
2024-08-16T12:45:00+00:00,173.8,173.9,173.8,173.9,6
2024-08-16T13:00:00+00:00,173.8,173.8,173.8,173.8,1
2024-08-16T13:10:00+00:00,173.9,174.55,173.9,174.2,156
2024-08-16T13:15:00+00:00,174.1,174.1,174.0,174.0,8
2024-08-16T13:20:00+00:00,174.0,174.1,174.0,174.0,4
2024-08-16T13:25:00+00:00,174.1,174.2,174.1,174.2,4
2024-08-16T13:30:00+00:00,174.2,174.2,174.2,174.2,16
2024-08-16T13:35:00+00:00,174.3,174.7,174.3,174.7,774
2024-08-16T13:40:00+00:00,174.8,174.85,174.7,174.85,17
2024-08-16T13:45:00+00:00,174.7,174.85,174.7,174.8,26
2024-08-16T13:55:00+00:00,174.8,174.85,174.8,174.85,6
2024-08-16T14:00:00+00:00,174.7,175.05,174.7,174.95,488
2024-08-16T14:05:00+00:00,174.9,174.95,174.6,174.95,20
2024-08-16T14:10:00+00:00,174.9,177.8,174.9,175.7,935
2024-08-16T14:15:00+00:00,175.6,175.6,175.6,175.6,3
2024-08-16T14:20:00+00:00,175.7,176.2,175.7,176.0,162
2024-08-16T14:25:00+00:00,175.9,175.9,174.2,175.3,659
2024-08-16T14:30:00+00:00,175.2,175.2,174.6,174.9,15
2024-08-16T14:35:00+00:00,174.9,175.1,174.9,175.1,5
2024-08-16T14:40:00+00:00,175.2,175.2,175.1,175.1,3
2024-08-16T14:50:00+00:00,175.0,175.0,174.9,174.9,4
2024-08-16T15:00:00+00:00,174.9,175.0,174.9,175.0,2
2024-08-16T15:05:00+00:00,175.0,175.1,174.9,175.1,3
2024-08-16T15:10:00+00:00,175.1,175.2,174.9,175.1,11
2024-08-16T15:20:00+00:00,175.0,175.0,174.9,174.9,10
2024-08-16T15:30:00+00:00,174.9,174.9,173.75,173.95,64
2024-08-16T15:35:00+00:00,174.0,175.0,174.0,175.0,164
2024-08-16T16:00:00+00:00,175.0,175.0,175.0,175.0,1
2024-08-16T16:05:00+00:00,175.0,175.0,175.0,175.0,5
2024-08-16T16:10:00+00:00,174.9,174.9,174.45,174.6,16
2024-08-16T16:15:00+00:00,174.6,174.6,174.6,174.6,1
2024-08-16T16:20:00+00:00,174.5,174.5,174.2,174.2,7
2024-08-16T16:25:00+00:00,174.2,174.8,174.2,174.8,12
2024-08-16T16:30:00+00:00,174.9,174.9,174.9,174.9,3
2024-08-16T16:35:00+00:00,174.9,175.2,174.9,175.0,22
2024-08-16T16:40:00+00:00,174.9,174.9,174.9,174.9,2
2024-08-16T16:45:00+00:00,174.9,174.9,174.9,174.9,6
2024-08-16T16:50:00+00:00,174.8,174.8,174.8,174.8,2
2024-08-16T16:55:00+00:00,174.8,175.0,174.8,175.0,69
2024-08-16T17:00:00+00:00,175.1,175.7,175.1,175.4,269
2024-08-16T17:05:00+00:00,175.3,175.3,175.3,175.3,2
2024-08-16T17:10:00+00:00,175.4,175.5,175.4,175.5,4
2024-08-16T17:15:00+00:00,175.4,175.4,175.4,175.4,1
2024-08-16T17:20:00+00:00,175.5,175.7,175.5,175.7,5
2024-08-16T17:25:00+00:00,175.6,175.6,175.6,175.6,1
2024-08-16T17:30:00+00:00,175.7,175.7,175.7,175.7,1
2024-08-16T17:35:00+00:00,175.7,175.7,175.7,175.7,1
2024-08-16T17:40:00+00:00,175.7,175.7,175.0,175.0,64
2024-08-16T17:45:00+00:00,175.0,175.7,175.0,175.7,16
2024-08-16T17:50:00+00:00,175.8,175.8,175.8,175.8,2
2024-08-16T17:55:00+00:00,175.7,176.0,175.6,176.0,61
2024-08-16T18:00:00+00:00,175.8,176.0,175.8,176.0,9
2024-08-16T18:05:00+00:00,175.8,175.8,175.8,175.8,3
2024-08-16T18:10:00+00:00,175.8,175.8,175.6,175.6,307
2024-08-16T18:15:00+00:00,175.6,175.6,175.05,175.05,25
2024-08-16T18:20:00+00:00,175.0,175.0,175.0,175.0,1
2024-08-16T18:30:00+00:00,175.2,175.2,175.1,175.1,5
2024-08-16T18:35:00+00:00,175.2,175.2,175.1,175.1,2
2024-08-16T18:40:00+00:00,175.0,175.1,174.8,174.8,7
2024-08-16T18:45:00+00:00,174.8,174.8,174.0,174.5,998
2024-08-16T18:50:00+00:00,174.5,175.0,174.5,175.0,12
2024-08-16T18:55:00+00:00,174.95,175.55,174.95,175.55,211
2024-08-16T19:00:00+00:00,175.4,175.4,174.9,175.4,27
2024-08-16T19:05:00+00:00,175.3,175.3,175.0,175.1,21
2024-08-16T19:10:00+00:00,175.0,175.0,174.7,174.7,7
2024-08-16T19:15:00+00:00,174.7,174.7,174.5,174.7,18
2024-08-16T19:20:00+00:00,174.8,174.8,174.8,174.8,2
2024-08-16T19:25:00+00:00,174.85,174.85,174.7,174.8,459
2024-08-16T19:30:00+00:00,174.7,174.7,174.6,174.6,10
2024-08-16T19:35:00+00:00,174.5,174.5,174.2,174.4,31
2024-08-16T19:45:00+00:00,174.35,174.4,174.3,174.4,34
2024-08-16T19:50:00+00:00,174.3,174.4,174.3,174.3,237
2024-08-16T19:55:00+00:00,174.4,174.5,174.4,174.4,6
2024-08-16T20:00:00+00:00,174.5,174.5,174.5,174.5,1
2024-08-16T20:05:00+00:00,174.4,174.4,174.1,174.3,19
2024-08-16T20:20:00+00:00,174.3,174.3,174.1,174.1,7
2024-08-16T20:25:00+00:00,174.1,174.1,173.6,173.65,59
2024-08-16T20:30:00+00:00,173.8,173.9,173.8,173.9,4
2024-08-16T20:35:00+00:00,174.0,174.1,174.0,174.1,4
2024-08-16T20:40:00+00:00,174.0,174.6,173.7,174.6,114
2024-08-16T20:45:00+00:00,174.5,174.5,174.3,174.3,6
2024-08-19T06:55:00+00:00,174.3,174.3,174.3,174.3,1
2024-08-19T07:00:00+00:00,174.35,174.6,174.3,174.6,52
2024-08-19T07:05:00+00:00,174.5,175.65,174.5,175.5,184
2024-08-19T07:10:00+00:00,175.5,175.5,175.3,175.3,6
2024-08-19T07:15:00+00:00,175.2,175.2,174.2,174.4,82
2024-08-19T07:20:00+00:00,174.4,174.4,173.9,173.9,28
2024-08-19T07:25:00+00:00,173.8,173.8,173.6,173.6,12
2024-08-19T07:30:00+00:00,173.6,173.8,173.5,173.75,82
2024-08-19T07:35:00+00:00,173.7,174.1,173.7,174.1,9
2024-08-19T07:45:00+00:00,174.0,174.0,174.0,174.0,16
2024-08-19T07:50:00+00:00,174.1,174.3,173.9,173.9,31
2024-08-19T07:55:00+00:00,174.0,174.3,173.8,174.3,30
2024-08-19T08:00:00+00:00,174.1,174.2,174.1,174.2,4
2024-08-19T08:05:00+00:00,174.1,174.3,174.1,174.3,4
2024-08-19T08:10:00+00:00,174.3,174.3,173.9,173.9,9
2024-08-19T08:15:00+00:00,173.8,173.8,173.8,173.8,1
2024-08-19T08:20:00+00:00,173.8,174.3,173.8,174.3,39
2024-08-19T08:25:00+00:00,174.1,174.1,174.1,174.1,2
2024-08-19T08:30:00+00:00,174.2,174.2,174.0,174.0,3
2024-08-19T08:35:00+00:00,174.0,174.2,174.0,174.2,4
2024-08-19T08:40:00+00:00,174.2,174.3,174.2,174.2,21
2024-08-19T08:45:00+00:00,174.2,174.2,174.1,174.2,5
2024-08-19T08:50:00+00:00,174.3,174.3,174.3,174.3,1
2024-08-19T08:55:00+00:00,174.1,174.1,173.7,173.7,48
2024-08-19T09:00:00+00:00,173.7,173.7,173.7,173.7,5
2024-08-19T09:05:00+00:00,173.7,173.7,173.55,173.55,7
2024-08-19T09:10:00+00:00,173.55,173.55,173.5,173.5,91
2024-08-19T09:15:00+00:00,173.6,173.6,173.05,173.2,54
2024-08-19T09:25:00+00:00,173.25,173.75,173.25,173.75,77
2024-08-19T09:30:00+00:00,173.6,173.75,173.4,173.4,34
2024-08-19T09:35:00+00:00,173.3,173.3,172.25,173.0,82
2024-08-19T09:40:00+00:00,172.9,173.0,172.9,173.0,20
2024-08-19T09:45:00+00:00,172.8,172.8,170.4,171.1,706
2024-08-19T09:50:00+00:00,171.2,172.0,171.2,172.0,406
2024-08-19T09:55:00+00:00,171.95,172.0,171.7,171.8,365
2024-08-19T10:00:00+00:00,171.8,171.9,171.8,171.9,2
2024-08-19T10:05:00+00:00,171.9,171.9,171.15,171.15,22
2024-08-19T10:10:00+00:00,171.1,171.1,170.65,170.65,95
2024-08-19T10:15:00+00:00,170.65,170.65,170.65,170.65,102
2024-08-19T10:20:00+00:00,170.65,170.7,170.0,170.7,302
2024-08-19T10:25:00+00:00,170.8,171.45,170.8,171.2,49
2024-08-19T10:35:00+00:00,171.1,172.25,171.0,172.1,272
2024-08-19T10:45:00+00:00,172.0,172.0,171.9,172.0,5
2024-08-19T10:50:00+00:00,171.9,171.9,170.7,171.3,152
2024-08-19T10:55:00+00:00,171.3,171.3,170.3,170.5,719
2024-08-19T11:00:00+00:00,170.5,170.5,170.5,170.5,17
2024-08-19T11:05:00+00:00,170.5,170.5,170.5,170.5,917
2024-08-19T11:10:00+00:00,170.4,170.9,170.4,170.9,9
2024-08-19T11:15:00+00:00,170.8,171.0,170.4,171.0,67
2024-08-19T11:20:00+00:00,170.9,170.9,169.65,169.8,1405
2024-08-19T11:25:00+00:00,169.7,170.15,167.55,167.8,2056
2024-08-19T11:30:00+00:00,167.8,167.8,165.0,165.0,1964
2024-08-19T11:35:00+00:00,165.1,166.3,164.95,166.3,2014
2024-08-19T11:40:00+00:00,166.4,167.4,166.4,166.9,568
2024-08-19T11:45:00+00:00,166.9,167.3,166.5,167.3,432
2024-08-19T11:50:00+00:00,167.1,167.2,166.65,166.7,68
2024-08-19T11:55:00+00:00,166.7,166.7,166.25,166.25,42
2024-08-19T12:00:00+00:00,166.25,167.05,166.2,166.9,155
2024-08-19T12:05:00+00:00,166.9,167.2,166.6,166.7,372
2024-08-19T12:10:00+00:00,166.8,167.0,166.4,166.5,86
2024-08-19T12:15:00+00:00,166.5,166.7,166.35,166.4,50
2024-08-19T12:20:00+00:00,166.6,166.65,166.35,166.35,49
2024-08-19T12:25:00+00:00,166.35,166.5,166.35,166.35,32
2024-08-19T12:30:00+00:00,166.3,166.55,166.3,166.4,135
2024-08-19T12:35:00+00:00,166.4,166.55,166.4,166.45,62
2024-08-19T12:40:00+00:00,166.4,166.7,166.35,166.6,275
2024-08-19T12:45:00+00:00,166.8,167.1,166.6,166.9,55
2024-08-19T12:50:00+00:00,166.9,166.9,166.6,166.8,45
2024-08-19T12:55:00+00:00,166.8,166.85,166.8,166.8,35
2024-08-19T13:00:00+00:00,166.85,166.85,166.3,166.35,116
2024-08-19T13:05:00+00:00,166.35,166.6,166.35,166.4,34
2024-08-19T13:10:00+00:00,166.4,167.9,166.35,167.7,132
2024-08-19T13:15:00+00:00,167.75,168.2,167.3,168.2,683
2024-08-19T13:20:00+00:00,168.0,168.2,167.6,168.0,63
2024-08-19T13:25:00+00:00,168.0,168.35,167.6,168.0,62
2024-08-19T13:30:00+00:00,167.9,168.3,167.65,167.9,62
2024-08-19T13:35:00+00:00,168.0,168.55,167.65,167.8,79
2024-08-19T13:40:00+00:00,167.9,169.35,167.7,169.2,115
2024-08-19T13:45:00+00:00,169.2,169.2,168.0,168.1,101
2024-08-19T13:50:00+00:00,168.0,168.6,167.65,168.3,65
2024-08-19T13:55:00+00:00,168.2,169.05,168.0,168.7,97
2024-08-19T14:00:00+00:00,168.8,169.35,167.9,167.9,164
2024-08-19T14:05:00+00:00,168.0,168.9,167.5,167.5,109
2024-08-19T14:10:00+00:00,167.45,168.1,167.4,167.45,44
2024-08-19T14:15:00+00:00,167.45,168.5,167.4,167.6,82
2024-08-19T14:20:00+00:00,167.7,168.6,167.4,168.0,75
2024-08-19T14:25:00+00:00,167.9,169.05,167.7,168.8,90
2024-08-19T14:30:00+00:00,168.7,169.2,168.2,168.8,42
2024-08-19T14:35:00+00:00,168.9,169.6,168.9,169.2,118
2024-08-19T14:40:00+00:00,169.1,169.1,169.0,169.0,26
2024-08-19T14:45:00+00:00,168.9,169.0,168.65,168.65,13
2024-08-19T14:50:00+00:00,168.8,169.4,168.8,169.1,25
2024-08-19T15:00:00+00:00,169.0,169.0,169.0,169.0,7
2024-08-19T15:05:00+00:00,168.9,168.9,167.9,167.9,34
2024-08-19T15:10:00+00:00,167.9,168.0,167.9,168.0,16
2024-08-19T15:15:00+00:00,168.0,168.0,167.8,167.9,7
2024-08-19T15:20:00+00:00,167.8,168.0,167.8,168.0,3
2024-08-19T15:25:00+00:00,168.0,168.0,167.9,167.9,4
2024-08-19T15:30:00+00:00,167.9,167.9,167.9,167.9,23
2024-08-19T15:35:00+00:00,168.0,168.0,168.0,168.0,1
2024-08-19T15:45:00+00:00,168.0,168.0,168.0,168.0,157
2024-08-19T16:00:00+00:00,167.9,167.9,167.9,167.9,3
2024-08-19T16:05:00+00:00,167.9,167.9,167.2,167.2,295
2024-08-19T16:10:00+00:00,167.2,167.2,167.2,167.2,17
2024-08-19T16:15:00+00:00,167.4,167.5,167.4,167.4,4
2024-08-19T16:20:00+00:00,167.3,167.3,167.3,167.3,5
2024-08-19T16:25:00+00:00,167.25,167.25,167.2,167.2,29
2024-08-19T16:30:00+00:00,167.3,167.3,167.2,167.2,30
2024-08-19T16:35:00+00:00,167.2,167.2,167.2,167.2,3
2024-08-19T16:40:00+00:00,167.25,167.3,167.25,167.25,15
2024-08-19T16:45:00+00:00,167.4,167.4,167.4,167.4,1
2024-08-19T16:50:00+00:00,167.4,167.4,167.3,167.3,43
2024-08-19T16:55:00+00:00,167.4,167.4,167.4,167.4,1
2024-08-19T17:00:00+00:00,167.5,167.6,167.5,167.6,4
2024-08-19T17:10:00+00:00,167.7,168.1,167.7,168.1,24
2024-08-19T17:20:00+00:00,168.2,168.2,168.2,168.2,1
2024-08-19T17:25:00+00:00,168.15,168.45,168.1,168.45,15
2024-08-19T17:30:00+00:00,168.5,168.5,167.65,167.65,35
2024-08-19T17:35:00+00:00,167.8,168.0,167.8,168.0,5
2024-08-19T17:40:00+00:00,167.9,168.0,167.9,168.0,2
2024-08-19T17:45:00+00:00,167.9,167.9,167.25,167.25,65
2024-08-19T17:50:00+00:00,167.25,167.35,167.25,167.35,4
2024-08-19T17:55:00+00:00,167.4,167.45,167.4,167.45,3
2024-08-19T18:00:00+00:00,167.4,167.9,167.4,167.9,11
2024-08-19T18:05:00+00:00,167.9,168.0,167.9,168.0,2
2024-08-19T18:10:00+00:00,168.0,168.0,168.0,168.0,1
2024-08-19T18:15:00+00:00,168.0,168.0,168.0,168.0,2
2024-08-19T18:20:00+00:00,167.9,168.65,167.25,168.65,66
2024-08-19T18:25:00+00:00,168.7,168.8,168.7,168.8,3
2024-08-19T18:30:00+00:00,168.7,168.8,168.7,168.8,5
2024-08-19T18:35:00+00:00,168.9,169.25,168.9,169.25,103
2024-08-19T18:40:00+00:00,169.1,169.15,168.05,169.15,201
2024-08-19T18:45:00+00:00,169.05,169.25,169.05,169.2,130
2024-08-19T18:50:00+00:00,169.1,169.25,169.1,169.2,21
2024-08-19T18:55:00+00:00,169.25,169.25,168.7,168.7,13
2024-08-19T19:05:00+00:00,168.8,168.8,168.8,168.8,2
2024-08-19T19:15:00+00:00,168.8,168.8,168.4,168.6,11
2024-08-19T19:35:00+00:00,168.7,168.7,168.7,168.7,2
2024-08-19T19:45:00+00:00,168.6,168.6,168.6,168.6,1
2024-08-19T19:55:00+00:00,168.6,168.7,168.4,168.4,12
2024-08-19T20:00:00+00:00,168.5,168.7,168.5,168.7,5
2024-08-19T20:05:00+00:00,168.7,168.7,168.7,168.7,1
2024-08-19T20:10:00+00:00,168.5,168.5,168.5,168.5,2
2024-08-19T20:15:00+00:00,168.5,168.6,168.5,168.6,7
2024-08-19T20:20:00+00:00,168.65,168.65,168.6,168.6,3
2024-08-19T20:25:00+00:00,168.5,168.5,168.4,168.4,4
2024-08-19T20:30:00+00:00,168.3,168.3,167.9,167.9,11
2024-08-19T20:35:00+00:00,167.8,167.8,167.7,167.7,6
2024-08-19T20:40:00+00:00,167.7,167.7,167.5,167.5,93
2024-08-19T20:45:00+00:00,167.6,167.6,167.0,167.0,1261
2024-08-20T06:55:00+00:00,166.95,166.95,166.95,166.95,3
2024-08-20T07:00:00+00:00,166.95,167.75,166.95,167.75,232
2024-08-20T07:05:00+00:00,167.7,168.55,167.0,168.45,143
2024-08-20T07:10:00+00:00,168.4,168.4,168.2,168.2,5
2024-08-20T07:15:00+00:00,168.1,168.1,167.7,167.7,27
2024-08-20T07:20:00+00:00,167.8,167.8,167.8,167.8,2
2024-08-20T07:25:00+00:00,167.8,168.5,167.75,167.75,35
2024-08-20T07:30:00+00:00,167.8,169.2,167.7,169.2,360
2024-08-20T07:35:00+00:00,169.1,169.1,168.8,168.8,27
2024-08-20T07:40:00+00:00,168.9,168.9,168.7,168.8,6
2024-08-20T07:45:00+00:00,168.7,168.7,168.7,168.7,4
2024-08-20T07:50:00+00:00,168.7,169.3,168.05,168.8,1069
2024-08-20T07:55:00+00:00,168.7,168.7,168.4,168.4,1240
2024-08-20T08:00:00+00:00,168.4,168.4,167.7,167.75,40
2024-08-20T08:05:00+00:00,167.75,167.75,167.55,167.7,30
2024-08-20T08:10:00+00:00,167.6,167.7,167.55,167.7,4
2024-08-20T08:15:00+00:00,167.6,167.6,167.2,167.4,69
2024-08-20T08:20:00+00:00,167.4,167.4,167.3,167.3,3
2024-08-20T08:25:00+00:00,167.2,167.4,167.05,167.4,18
2024-08-20T08:30:00+00:00,167.45,167.5,167.0,167.1,46
2024-08-20T08:35:00+00:00,167.1,167.1,167.0,167.0,40
2024-08-20T08:40:00+00:00,167.1,167.1,167.1,167.1,1
2024-08-20T08:45:00+00:00,167.1,167.1,167.0,167.0,7
2024-08-20T08:50:00+00:00,167.1,167.5,167.1,167.5,10
2024-08-20T08:55:00+00:00,167.4,167.4,167.3,167.3,2
2024-08-20T09:00:00+00:00,167.4,168.15,167.4,167.75,112
2024-08-20T09:05:00+00:00,167.75,167.75,167.4,167.5,46
2024-08-20T09:10:00+00:00,167.6,167.75,167.6,167.75,6
2024-08-20T09:15:00+00:00,167.8,167.9,167.8,167.9,4
2024-08-20T09:20:00+00:00,167.8,167.8,167.8,167.8,1
2024-08-20T09:25:00+00:00,167.8,167.8,167.7,167.7,2
2024-08-20T09:30:00+00:00,167.7,167.7,167.5,167.5,6
2024-08-20T09:35:00+00:00,167.6,167.9,167.6,167.9,9
2024-08-20T09:40:00+00:00,167.8,168.0,167.8,168.0,6
2024-08-20T09:45:00+00:00,168.1,168.2,168.0,168.0,388
2024-08-20T09:55:00+00:00,168.0,168.0,168.0,168.0,103
2024-08-20T10:00:00+00:00,168.0,168.2,168.0,168.2,100
2024-08-20T10:05:00+00:00,168.3,168.3,168.3,168.3,6
2024-08-20T10:10:00+00:00,168.3,168.3,168.0,168.0,18
2024-08-20T10:15:00+00:00,168.0,168.0,168.0,168.0,7
2024-08-20T10:20:00+00:00,168.0,168.1,168.0,168.0,242
2024-08-20T10:25:00+00:00,168.1,168.2,168.1,168.2,2
2024-08-20T10:30:00+00:00,168.2,168.3,168.0,168.0,19
2024-08-20T10:35:00+00:00,168.0,169.1,168.0,168.9,355
2024-08-20T10:40:00+00:00,168.8,168.85,168.8,168.85,3
2024-08-20T10:45:00+00:00,168.7,168.85,168.7,168.85,88
2024-08-20T10:50:00+00:00,168.85,168.9,168.8,168.8,67
2024-08-20T10:55:00+00:00,168.8,168.9,168.7,168.7,56
2024-08-20T11:00:00+00:00,168.8,168.8,168.8,168.8,199
2024-08-20T11:05:00+00:00,168.8,170.65,168.8,170.1,1404
2024-08-20T11:10:00+00:00,170.1,170.7,169.8,169.9,906
2024-08-20T11:15:00+00:00,170.0,170.0,169.6,169.7,15
2024-08-20T11:20:00+00:00,169.6,169.6,168.55,169.5,218
2024-08-20T11:25:00+00:00,169.6,169.6,169.4,169.5,10
2024-08-20T11:30:00+00:00,169.6,169.6,169.4,169.4,25
2024-08-20T11:35:00+00:00,169.3,169.4,169.0,169.3,14
2024-08-20T11:40:00+00:00,169.4,169.4,169.3,169.3,9
2024-08-20T11:45:00+00:00,169.2,169.2,168.7,168.7,14
2024-08-20T11:50:00+00:00,168.8,169.2,168.8,169.2,10
2024-08-20T11:55:00+00:00,169.2,169.7,169.2,169.5,84
2024-08-20T12:00:00+00:00,169.5,169.5,169.0,169.0,16
2024-08-20T12:15:00+00:00,169.1,169.2,169.1,169.2,6
2024-08-20T12:20:00+00:00,169.1,169.1,168.6,168.6,22
2024-08-20T12:25:00+00:00,168.6,168.6,168.6,168.6,1
2024-08-20T12:30:00+00:00,168.7,169.0,168.7,169.0,10
2024-08-20T12:35:00+00:00,169.0,169.0,169.0,169.0,1
2024-08-20T12:40:00+00:00,168.95,168.95,168.6,168.6,34
2024-08-20T12:45:00+00:00,168.8,169.2,168.7,169.2,12
2024-08-20T12:50:00+00:00,169.1,169.1,169.1,169.1,1
2024-08-20T13:00:00+00:00,169.0,169.0,168.8,168.8,7
2024-08-20T13:10:00+00:00,168.9,169.0,168.35,168.35,28
2024-08-20T13:15:00+00:00,168.5,169.0,168.5,169.0,11
2024-08-20T13:25:00+00:00,168.9,168.9,168.75,168.75,6
2024-08-20T13:30:00+00:00,168.9,168.9,168.9,168.9,3
2024-08-20T13:35:00+00:00,168.9,169.85,168.25,168.8,268
2024-08-20T13:40:00+00:00,168.9,169.15,168.9,169.0,14
2024-08-20T13:45:00+00:00,169.0,169.0,169.0,169.0,2
2024-08-20T13:50:00+00:00,169.0,169.0,168.95,168.95,8
2024-08-20T13:55:00+00:00,168.95,168.95,168.95,168.95,8
2024-08-20T14:00:00+00:00,169.0,169.0,168.95,168.95,2
2024-08-20T14:05:00+00:00,168.95,168.95,168.0,168.0,592
2024-08-20T14:10:00+00:00,168.0,168.45,168.0,168.45,526
2024-08-20T14:15:00+00:00,168.5,168.5,168.5,168.5,3
2024-08-20T14:20:00+00:00,168.6,168.8,168.6,168.8,6
2024-08-20T14:25:00+00:00,168.7,168.7,168.5,168.5,46
2024-08-20T14:30:00+00:00,168.6,168.6,168.6,168.6,4
2024-08-20T14:35:00+00:00,168.7,168.7,168.7,168.7,1
2024-08-20T14:45:00+00:00,168.6,168.6,167.5,167.5,482
2024-08-20T14:50:00+00:00,167.55,167.6,167.55,167.6,7
2024-08-20T14:55:00+00:00,167.7,167.7,167.7,167.7,2
2024-08-20T15:00:00+00:00,167.8,167.8,167.8,167.8,1
2024-08-20T15:05:00+00:00,167.7,167.7,167.0,167.0,486
2024-08-20T15:10:00+00:00,167.2,167.2,167.2,167.2,3
2024-08-20T15:15:00+00:00,167.2,168.05,167.2,168.0,86
2024-08-20T15:20:00+00:00,167.9,167.9,167.1,167.3,24
2024-08-20T15:25:00+00:00,167.3,167.3,167.3,167.3,2
2024-08-20T15:30:00+00:00,167.2,167.2,167.2,167.2,2
2024-08-20T15:35:00+00:00,167.3,167.95,167.3,167.9,82
2024-08-20T15:45:00+00:00,167.9,167.9,167.9,167.9,74
2024-08-20T16:10:00+00:00,167.8,167.8,167.8,167.8,2
2024-08-20T16:15:00+00:00,167.9,167.9,167.9,167.9,2
2024-08-20T16:20:00+00:00,167.8,167.8,167.8,167.8,1
2024-08-20T16:35:00+00:00,167.8,167.8,167.8,167.8,2
2024-08-20T16:40:00+00:00,167.85,167.85,167.85,167.85,1
2024-08-20T16:50:00+00:00,167.9,169.3,167.9,168.9,1122
2024-08-20T16:55:00+00:00,168.8,168.8,168.2,168.3,17
2024-08-20T17:00:00+00:00,168.4,168.4,168.4,168.4,2
2024-08-20T17:05:00+00:00,168.5,168.6,168.5,168.6,3
2024-08-20T17:10:00+00:00,168.5,168.5,168.5,168.5,2
2024-08-20T17:20:00+00:00,168.5,168.5,168.5,168.5,1
2024-08-20T17:25:00+00:00,168.6,168.6,168.6,168.6,5
2024-08-20T17:30:00+00:00,168.5,168.5,168.5,168.5,1
2024-08-20T17:35:00+00:00,168.5,168.5,168.4,168.4,11
2024-08-20T17:40:00+00:00,168.4,168.4,168.0,168.0,586
2024-08-20T17:45:00+00:00,168.0,168.0,167.9,167.9,4
2024-08-20T17:55:00+00:00,167.95,167.95,167.9,167.9,900
2024-08-20T18:05:00+00:00,167.9,167.9,167.9,167.9,2
2024-08-20T18:10:00+00:00,167.9,167.9,167.9,167.9,1
2024-08-20T18:20:00+00:00,167.95,168.5,167.95,168.2,23
2024-08-20T18:40:00+00:00,168.1,168.1,168.1,168.1,1
2024-08-20T18:55:00+00:00,168.1,168.1,168.1,168.1,1
2024-08-20T19:00:00+00:00,168.0,168.0,168.0,168.0,2
2024-08-20T19:05:00+00:00,167.9,167.9,167.9,167.9,6
2024-08-20T19:25:00+00:00,168.0,168.2,168.0,168.2,6
2024-08-20T19:35:00+00:00,168.1,168.3,168.1,168.3,6
2024-08-20T19:40:00+00:00,168.3,168.3,168.3,168.3,1
2024-08-20T19:45:00+00:00,168.2,168.2,168.2,168.2,2
2024-08-20T19:50:00+00:00,168.1,168.1,168.0,168.0,4
2024-08-20T19:55:00+00:00,167.95,167.95,167.95,167.95,1
2024-08-20T20:00:00+00:00,167.95,167.95,167.95,167.95,1
2024-08-20T20:15:00+00:00,168.1,168.1,168.1,168.1,1
2024-08-20T20:20:00+00:00,168.0,168.0,167.6,167.6,11
2024-08-20T20:35:00+00:00,167.55,167.55,167.55,167.55,100
2024-08-20T20:40:00+00:00,167.7,167.8,167.7,167.8,4
2024-08-21T06:55:00+00:00,176.0,176.0,176.0,176.0,1452
2024-08-21T07:00:00+00:00,176.0,181.7,175.0,178.9,7765
2024-08-21T07:05:00+00:00,178.8,181.3,177.4,178.2,5289
2024-08-21T07:10:00+00:00,178.65,179.95,177.5,178.05,3043
2024-08-21T07:15:00+00:00,178.25,178.85,177.05,177.25,1843
2024-08-21T07:20:00+00:00,177.15,177.9,176.7,177.35,2202
2024-08-21T07:25:00+00:00,177.35,177.75,176.9,177.75,770
2024-08-21T07:30:00+00:00,177.7,177.7,177.25,177.4,379
2024-08-21T07:35:00+00:00,177.3,177.3,176.5,176.7,1207
2024-08-21T07:40:00+00:00,176.75,177.0,176.5,176.7,454
2024-08-21T07:45:00+00:00,176.55,176.85,175.55,175.8,569
2024-08-21T07:50:00+00:00,175.85,176.0,175.05,175.2,335
2024-08-21T07:55:00+00:00,175.15,175.8,175.1,175.8,342
2024-08-21T08:00:00+00:00,175.75,175.75,172.6,172.75,2177
2024-08-21T08:05:00+00:00,172.8,173.45,172.6,173.0,1167
2024-08-21T08:10:00+00:00,173.1,173.65,172.8,173.4,179
2024-08-21T08:15:00+00:00,173.4,173.5,172.5,172.6,481
2024-08-21T08:20:00+00:00,172.65,172.8,172.65,172.7,410
2024-08-21T08:25:00+00:00,172.8,173.1,172.65,173.0,62
2024-08-21T08:30:00+00:00,173.1,174.3,173.1,174.3,506
2024-08-21T08:35:00+00:00,174.3,174.3,174.1,174.25,58
2024-08-21T08:40:00+00:00,174.25,174.3,174.0,174.0,73
2024-08-21T08:45:00+00:00,174.0,174.3,174.0,174.3,51
2024-08-21T08:50:00+00:00,174.3,174.3,172.6,173.0,564
2024-08-21T08:55:00+00:00,172.9,172.9,172.6,172.85,221
2024-08-21T09:00:00+00:00,172.85,173.0,172.0,172.4,327
2024-08-21T09:05:00+00:00,172.3,172.75,172.0,172.75,333
2024-08-21T09:10:00+00:00,172.75,172.8,171.7,172.1,439
2024-08-21T09:15:00+00:00,172.1,172.65,171.75,172.1,107
2024-08-21T09:20:00+00:00,172.1,172.75,172.1,172.6,64
2024-08-21T09:25:00+00:00,172.7,172.75,172.4,172.5,39
2024-08-21T09:30:00+00:00,172.55,172.75,172.55,172.7,159
2024-08-21T09:35:00+00:00,172.75,173.2,172.45,172.8,453
2024-08-21T09:40:00+00:00,172.9,173.4,172.9,173.0,111
2024-08-21T09:45:00+00:00,172.9,172.9,172.7,172.8,37
2024-08-21T09:50:00+00:00,172.85,173.35,172.85,173.2,142
2024-08-21T09:55:00+00:00,173.2,173.35,173.2,173.35,57
2024-08-21T10:00:00+00:00,173.35,174.6,173.35,173.7,839
2024-08-21T10:05:00+00:00,173.8,174.95,173.8,174.9,314
2024-08-21T10:10:00+00:00,174.95,175.0,174.0,174.1,327
2024-08-21T10:15:00+00:00,174.05,174.05,173.6,173.6,24
2024-08-21T10:20:00+00:00,173.6,174.1,173.6,174.0,151
2024-08-21T10:25:00+00:00,173.95,173.95,173.6,173.7,116
2024-08-21T10:30:00+00:00,173.8,173.95,173.55,173.6,106
2024-08-21T10:35:00+00:00,173.7,173.95,173.3,173.3,77
2024-08-21T10:40:00+00:00,173.3,173.4,173.2,173.2,74
2024-08-21T10:45:00+00:00,173.2,173.6,173.2,173.6,190
2024-08-21T10:50:00+00:00,173.6,174.85,173.6,174.85,368
2024-08-21T10:55:00+00:00,174.7,174.9,173.95,173.95,329
2024-08-21T11:00:00+00:00,174.1,174.35,173.95,174.1,56
2024-08-21T11:05:00+00:00,174.2,174.2,174.1,174.1,6
2024-08-21T11:10:00+00:00,174.2,174.25,174.0,174.0,22
2024-08-21T11:15:00+00:00,174.15,175.2,174.1,175.0,1277
2024-08-21T11:20:00+00:00,174.9,175.4,174.4,175.3,111
2024-08-21T11:25:00+00:00,175.2,175.45,174.4,174.5,281
2024-08-21T11:30:00+00:00,174.6,175.0,174.6,175.0,11
2024-08-21T11:35:00+00:00,175.1,175.25,175.0,175.05,345
2024-08-21T11:40:00+00:00,175.1,175.35,175.1,175.35,22
2024-08-21T11:45:00+00:00,175.3,175.3,174.4,174.95,192
2024-08-21T11:50:00+00:00,174.55,174.7,174.55,174.7,42
2024-08-21T11:55:00+00:00,174.7,174.85,174.4,174.4,77
2024-08-21T12:00:00+00:00,174.6,174.7,174.4,174.55,16
2024-08-21T12:05:00+00:00,174.45,174.8,174.4,174.8,71
2024-08-21T12:10:00+00:00,174.8,174.8,174.4,174.75,86
2024-08-21T12:15:00+00:00,174.8,175.05,174.8,175.05,89
2024-08-21T12:20:00+00:00,175.0,175.1,175.0,175.1,213
2024-08-21T12:25:00+00:00,175.15,175.5,175.15,175.3,349
2024-08-21T12:30:00+00:00,175.4,175.6,174.9,174.9,330
2024-08-21T12:35:00+00:00,175.0,175.0,173.7,173.8,691
2024-08-21T12:40:00+00:00,173.9,173.9,173.0,173.0,911
2024-08-21T12:45:00+00:00,173.0,173.2,172.7,173.2,226
2024-08-21T12:50:00+00:00,173.3,173.5,173.3,173.45,11
2024-08-21T12:55:00+00:00,173.4,173.9,172.9,173.9,279
2024-08-21T13:00:00+00:00,173.9,174.0,173.7,173.7,36
2024-08-21T13:05:00+00:00,173.6,173.6,173.15,173.4,61
2024-08-21T13:10:00+00:00,173.3,173.9,173.05,173.5,120
2024-08-21T13:15:00+00:00,173.45,173.9,173.3,173.9,1010
2024-08-21T13:20:00+00:00,173.7,173.7,173.0,173.0,183
2024-08-21T13:25:00+00:00,173.0,173.5,173.0,173.5,40
2024-08-21T13:30:00+00:00,173.4,173.4,173.0,173.4,37
2024-08-21T13:35:00+00:00,173.45,173.6,173.45,173.6,9
2024-08-21T13:40:00+00:00,173.6,173.7,173.5,173.6,13
2024-08-21T13:50:00+00:00,173.6,173.7,173.5,173.65,20
2024-08-21T13:55:00+00:00,173.65,173.7,173.65,173.65,49
2024-08-21T14:00:00+00:00,173.5,173.7,173.0,173.0,287
2024-08-21T14:05:00+00:00,173.1,173.1,173.1,173.1,2
2024-08-21T14:10:00+00:00,173.0,173.0,172.5,172.6,97
2024-08-21T14:15:00+00:00,172.7,175.6,172.7,175.6,817
2024-08-21T14:20:00+00:00,175.6,176.7,173.6,173.6,5409
2024-08-21T14:25:00+00:00,173.8,174.35,173.8,174.35,43
2024-08-21T14:30:00+00:00,174.3,174.3,174.3,174.3,13
2024-08-21T14:35:00+00:00,174.2,174.75,174.2,174.75,264
2024-08-21T14:40:00+00:00,174.75,174.75,174.1,174.2,175
2024-08-21T14:45:00+00:00,174.3,174.6,174.1,174.1,72
2024-08-21T14:50:00+00:00,174.1,174.1,173.65,174.0,153
2024-08-21T14:55:00+00:00,173.9,174.0,173.3,173.55,235
2024-08-21T15:00:00+00:00,173.65,173.95,173.3,173.5,145
2024-08-21T15:05:00+00:00,173.6,173.65,173.55,173.65,44
2024-08-21T15:10:00+00:00,173.55,173.8,173.5,173.75,203
2024-08-21T15:15:00+00:00,173.75,173.75,173.2,173.7,71
2024-08-21T15:20:00+00:00,173.7,173.8,173.5,173.75,39
2024-08-21T15:25:00+00:00,173.8,173.8,173.75,173.75,56
2024-08-21T15:30:00+00:00,173.8,174.5,173.7,174.5,378
2024-08-21T15:35:00+00:00,174.5,175.0,174.5,174.7,247
2024-08-21T15:45:00+00:00,174.5,174.5,174.5,174.5,14
2024-08-21T16:05:00+00:00,174.4,174.4,173.65,173.9,195
2024-08-21T16:10:00+00:00,174.0,174.0,173.9,173.9,16
2024-08-21T16:15:00+00:00,173.9,174.7,173.9,174.4,131
2024-08-21T16:20:00+00:00,174.3,174.4,174.1,174.4,14
2024-08-21T16:25:00+00:00,174.5,174.5,174.2,174.2,9
2024-08-21T16:30:00+00:00,174.25,174.25,173.5,173.7,272
2024-08-21T16:35:00+00:00,173.75,173.75,173.45,173.7,89
2024-08-21T16:40:00+00:00,173.8,174.05,173.8,174.05,11
2024-08-21T16:45:00+00:00,174.05,174.1,174.05,174.1,4
2024-08-21T16:50:00+00:00,174.2,174.2,174.1,174.2,11
2024-08-21T17:00:00+00:00,174.1,174.1,172.95,173.0,714
2024-08-21T17:05:00+00:00,173.1,174.0,173.1,174.0,22
2024-08-21T17:10:00+00:00,173.95,173.95,173.1,173.2,154
2024-08-21T17:15:00+00:00,173.2,173.75,173.2,173.7,33
2024-08-21T17:20:00+00:00,173.6,173.7,173.1,173.7,82
2024-08-21T17:25:00+00:00,173.8,173.8,173.8,173.8,2
2024-08-21T17:30:00+00:00,173.75,173.85,173.75,173.8,35
2024-08-21T17:35:00+00:00,173.8,173.85,173.15,173.15,84
2024-08-21T17:40:00+00:00,173.3,173.5,173.2,173.5,36
2024-08-21T17:45:00+00:00,173.55,173.55,173.45,173.45,62
2024-08-21T17:50:00+00:00,173.45,173.45,173.3,173.3,9
2024-08-21T17:55:00+00:00,173.4,173.45,173.4,173.45,6
2024-08-21T18:00:00+00:00,173.3,173.3,173.3,173.3,2
2024-08-21T18:05:00+00:00,173.4,173.6,173.4,173.6,300
2024-08-21T18:20:00+00:00,173.65,173.65,173.65,173.65,1
2024-08-21T18:25:00+00:00,173.65,173.9,173.65,173.9,8
2024-08-21T18:30:00+00:00,174.0,174.0,174.0,174.0,1
2024-08-21T18:35:00+00:00,174.0,174.1,174.0,174.1,2
2024-08-21T18:40:00+00:00,174.1,174.1,173.5,173.5,106
2024-08-21T18:45:00+00:00,173.6,173.6,173.2,173.2,50
2024-08-21T18:50:00+00:00,173.3,173.4,173.3,173.4,5
2024-08-21T18:55:00+00:00,173.5,173.6,173.5,173.6,4
2024-08-21T19:00:00+00:00,173.5,173.5,173.5,173.5,2
2024-08-21T19:05:00+00:00,173.6,173.8,173.6,173.8,7
2024-08-21T19:10:00+00:00,173.8,173.85,173.35,173.35,47
2024-08-21T19:15:00+00:00,173.5,173.95,173.5,173.95,13
2024-08-21T19:20:00+00:00,173.95,173.95,173.95,173.95,21
2024-08-21T19:25:00+00:00,173.95,173.95,173.95,173.95,12
2024-08-21T19:30:00+00:00,173.95,173.95,173.95,173.95,4
2024-08-21T19:40:00+00:00,174.0,174.05,174.0,174.05,4
2024-08-21T19:45:00+00:00,174.0,174.0,173.8,173.8,11
2024-08-21T19:50:00+00:00,173.7,173.7,173.6,173.6,3
2024-08-21T19:55:00+00:00,173.6,173.6,173.45,173.6,9
2024-08-21T20:00:00+00:00,173.55,174.05,173.55,174.05,324
2024-08-21T20:05:00+00:00,174.0,174.0,173.9,173.9,2
2024-08-21T20:10:00+00:00,173.9,174.05,173.9,174.0,14
2024-08-21T20:15:00+00:00,174.1,174.1,174.1,174.1,1
2024-08-21T20:20:00+00:00,174.05,174.05,173.9,173.9,24
2024-08-21T20:25:00+00:00,173.9,173.9,173.9,173.9,2
2024-08-21T20:30:00+00:00,173.95,174.05,173.95,174.05,151
2024-08-21T20:35:00+00:00,174.05,174.05,174.0,174.0,26
2024-08-21T20:40:00+00:00,173.9,174.1,173.9,173.9,121
2024-08-21T20:45:00+00:00,173.95,173.95,173.9,173.95,11
2024-08-22T06:55:00+00:00,174.0,174.0,174.0,174.0,30
2024-08-22T07:00:00+00:00,174.0,174.2,173.0,173.1,751
2024-08-22T07:05:00+00:00,173.2,173.2,172.05,172.65,529
2024-08-22T07:10:00+00:00,172.65,172.75,172.45,172.75,151
2024-08-22T07:15:00+00:00,172.6,172.95,172.6,172.95,143
2024-08-22T07:20:00+00:00,172.8,172.8,172.5,172.6,195
2024-08-22T07:25:00+00:00,172.6,172.75,172.6,172.6,124
2024-08-22T07:30:00+00:00,172.65,172.75,172.4,172.65,397
2024-08-22T07:35:00+00:00,172.65,172.65,172.6,172.6,27
2024-08-22T07:40:00+00:00,172.55,172.65,172.5,172.55,24
2024-08-22T07:45:00+00:00,172.65,172.7,172.6,172.7,19
2024-08-22T07:50:00+00:00,172.7,172.75,172.5,172.5,42
2024-08-22T07:55:00+00:00,172.5,172.6,172.5,172.6,48
2024-08-22T08:00:00+00:00,172.65,172.65,172.65,172.65,39
2024-08-22T08:05:00+00:00,172.65,172.7,172.55,172.7,208
2024-08-22T08:10:00+00:00,172.7,172.9,172.65,172.8,94
2024-08-22T08:15:00+00:00,172.7,172.8,172.6,172.8,39
2024-08-22T08:20:00+00:00,172.8,172.9,172.65,172.65,59
2024-08-22T08:25:00+00:00,172.7,172.7,172.7,172.7,7
2024-08-22T08:30:00+00:00,172.7,172.7,172.6,172.7,123
2024-08-22T08:35:00+00:00,172.6,172.9,172.55,172.9,156
2024-08-22T08:40:00+00:00,173.0,173.0,172.8,172.8,552
2024-08-22T08:45:00+00:00,172.9,173.0,172.9,172.95,53
2024-08-22T08:50:00+00:00,173.0,173.15,173.0,173.0,7
2024-08-22T08:55:00+00:00,172.9,172.9,172.8,172.9,113
2024-08-22T09:00:00+00:00,173.0,173.05,173.0,173.05,11
2024-08-22T09:05:00+00:00,173.0,173.0,172.9,172.9,9
2024-08-22T09:10:00+00:00,172.9,172.9,172.85,172.85,9
2024-08-22T09:15:00+00:00,172.8,172.9,172.65,172.8,79
2024-08-22T09:20:00+00:00,172.7,172.7,172.3,172.3,413
2024-08-22T09:25:00+00:00,172.4,172.4,172.3,172.3,103
2024-08-22T09:30:00+00:00,172.3,172.5,172.2,172.5,188
2024-08-22T09:35:00+00:00,172.6,172.6,172.2,172.6,48
2024-08-22T09:40:00+00:00,172.55,172.6,172.5,172.5,29
2024-08-22T09:45:00+00:00,172.4,172.8,172.4,172.8,42
2024-08-22T09:50:00+00:00,172.7,172.8,172.5,172.5,23
2024-08-22T09:55:00+00:00,172.5,172.5,172.05,172.25,105
2024-08-22T10:00:00+00:00,172.4,172.65,172.4,172.65,186
2024-08-22T10:05:00+00:00,172.55,172.55,172.0,172.45,150
2024-08-22T10:10:00+00:00,172.4,172.4,172.4,172.4,1
2024-08-22T10:15:00+00:00,172.4,172.4,172.4,172.4,7
2024-08-22T10:20:00+00:00,172.5,172.5,172.5,172.5,2
2024-08-22T10:30:00+00:00,172.45,172.55,172.15,172.25,123
2024-08-22T10:35:00+00:00,172.25,172.55,172.25,172.55,15
2024-08-22T10:40:00+00:00,172.6,172.7,172.6,172.6,4
2024-08-22T10:45:00+00:00,172.7,172.7,172.6,172.6,6
2024-08-22T10:50:00+00:00,172.65,172.65,172.45,172.45,15
2024-08-22T10:55:00+00:00,172.45,172.45,172.45,172.45,2
2024-08-22T11:00:00+00:00,172.4,172.4,170.75,171.0,2167
2024-08-22T11:05:00+00:00,170.9,171.0,170.4,171.0,374
2024-08-22T11:10:00+00:00,171.1,171.6,171.1,171.6,363
2024-08-22T11:15:00+00:00,171.7,172.0,171.55,171.9,248
2024-08-22T11:20:00+00:00,171.9,172.45,171.9,172.2,123
2024-08-22T11:25:00+00:00,172.1,172.1,171.9,171.9,16
2024-08-22T11:30:00+00:00,171.8,171.8,171.65,171.65,59
2024-08-22T11:35:00+00:00,171.6,171.85,171.6,171.85,29
2024-08-22T11:40:00+00:00,171.85,171.85,171.75,171.75,8
2024-08-22T11:45:00+00:00,171.85,171.9,171.85,171.85,22
2024-08-22T11:50:00+00:00,171.85,171.9,171.85,171.9,23
2024-08-22T11:55:00+00:00,171.85,172.0,171.85,171.9,38
2024-08-22T12:00:00+00:00,171.9,171.9,171.55,171.55,160
2024-08-22T12:05:00+00:00,171.7,171.8,171.6,171.8,72
2024-08-22T12:10:00+00:00,171.8,171.9,171.8,171.9,2
2024-08-22T12:15:00+00:00,171.8,171.8,171.55,171.55,51
2024-08-22T12:20:00+00:00,171.6,171.7,171.6,171.65,8
2024-08-22T12:25:00+00:00,171.7,171.8,171.7,171.8,5
2024-08-22T12:30:00+00:00,171.75,171.75,171.75,171.75,1
2024-08-22T12:45:00+00:00,171.7,171.9,171.65,171.9,8
2024-08-22T12:50:00+00:00,171.8,171.8,171.4,171.4,168
2024-08-22T12:55:00+00:00,171.3,171.3,171.25,171.3,27
2024-08-22T13:00:00+00:00,171.4,171.6,171.4,171.4,12
2024-08-22T13:05:00+00:00,171.5,171.7,171.35,171.5,37
2024-08-22T13:10:00+00:00,171.5,171.5,171.4,171.4,2
2024-08-22T13:15:00+00:00,171.5,171.5,171.4,171.5,4
2024-08-22T13:20:00+00:00,171.5,171.5,171.5,171.5,2
2024-08-22T13:25:00+00:00,171.45,171.5,171.45,171.5,27
2024-08-22T13:30:00+00:00,171.35,171.5,171.25,171.25,81
2024-08-22T13:35:00+00:00,171.25,171.25,169.05,170.1,1194
2024-08-22T13:40:00+00:00,170.0,170.0,169.7,169.8,66
2024-08-22T13:45:00+00:00,169.8,169.9,169.4,169.45,659
2024-08-22T13:50:00+00:00,169.45,169.9,169.4,169.8,418
2024-08-22T13:55:00+00:00,169.7,169.8,169.4,169.8,53
2024-08-22T14:00:00+00:00,169.8,169.8,169.8,169.8,1
2024-08-22T14:05:00+00:00,169.85,169.85,169.15,169.2,477
2024-08-22T14:10:00+00:00,169.2,169.75,169.2,169.5,112
2024-08-22T14:15:00+00:00,169.55,169.7,169.55,169.6,135
2024-08-22T14:20:00+00:00,169.7,169.7,169.45,169.45,816
2024-08-22T14:25:00+00:00,169.6,169.7,169.3,169.4,33
2024-08-22T14:30:00+00:00,169.5,169.6,169.3,169.6,30
2024-08-22T14:35:00+00:00,169.6,169.9,169.3,169.3,191
2024-08-22T14:40:00+00:00,169.4,169.45,168.95,169.1,509
2024-08-22T14:45:00+00:00,169.15,169.25,169.05,169.15,44
2024-08-22T14:50:00+00:00,169.15,169.2,169.15,169.15,4
2024-08-22T14:55:00+00:00,169.1,169.15,169.1,169.15,6
2024-08-22T15:00:00+00:00,169.2,169.3,169.2,169.3,20
2024-08-22T15:05:00+00:00,169.25,169.5,169.15,169.35,2010
2024-08-22T15:10:00+00:00,169.35,169.5,169.35,169.5,228
2024-08-22T15:15:00+00:00,169.5,169.8,169.5,169.8,39
2024-08-22T15:20:00+00:00,169.9,170.35,169.9,170.0,18
2024-08-22T15:25:00+00:00,170.0,170.0,169.45,169.5,108
2024-08-22T15:30:00+00:00,169.45,169.9,169.4,169.8,55
2024-08-22T15:35:00+00:00,169.7,169.7,169.6,169.6,32
2024-08-22T15:45:00+00:00,169.6,169.6,169.6,169.6,20
2024-08-22T16:00:00+00:00,169.7,169.7,169.7,169.7,2
2024-08-22T16:05:00+00:00,169.7,169.8,169.6,169.6,14
2024-08-22T16:10:00+00:00,169.8,170.1,169.8,170.0,63
2024-08-22T16:15:00+00:00,170.0,170.1,169.35,169.6,95
2024-08-22T16:20:00+00:00,169.7,170.1,169.15,169.4,533
2024-08-22T16:25:00+00:00,169.3,169.3,169.0,169.1,218
2024-08-22T16:30:00+00:00,169.0,169.2,169.0,169.2,37
2024-08-22T16:35:00+00:00,169.3,169.4,169.3,169.4,6
2024-08-22T16:40:00+00:00,169.4,169.4,169.2,169.2,2
2024-08-22T16:45:00+00:00,169.3,170.1,169.3,170.1,23
2024-08-22T16:50:00+00:00,170.0,170.1,170.0,170.1,3
2024-08-22T17:00:00+00:00,170.15,170.3,170.15,170.3,19
2024-08-22T17:05:00+00:00,170.3,170.4,170.3,170.3,3
2024-08-22T17:10:00+00:00,170.3,171.35,170.3,171.0,259
2024-08-22T17:15:00+00:00,171.1,171.1,171.05,171.05,3
2024-08-22T17:35:00+00:00,171.1,171.1,168.35,169.2,1606
2024-08-22T17:40:00+00:00,169.25,169.8,169.25,169.8,84
2024-08-22T17:45:00+00:00,169.7,169.7,169.7,169.7,2
2024-08-22T17:50:00+00:00,169.8,169.8,169.8,169.8,1
2024-08-22T17:55:00+00:00,169.7,170.1,169.7,170.1,13
2024-08-22T18:00:00+00:00,170.1,170.3,169.9,169.9,10
2024-08-22T18:05:00+00:00,170.0,170.2,170.0,170.0,9
2024-08-22T18:15:00+00:00,170.0,170.0,169.8,169.8,8
2024-08-22T18:20:00+00:00,169.8,169.8,169.4,169.4,21
2024-08-22T18:25:00+00:00,169.4,169.5,169.4,169.5,28
2024-08-22T18:30:00+00:00,169.4,169.6,169.4,169.6,32
2024-08-22T18:35:00+00:00,169.6,169.7,169.6,169.7,2
2024-08-22T18:50:00+00:00,169.6,169.7,169.6,169.7,2
2024-08-22T18:55:00+00:00,169.7,169.7,169.7,169.7,8
2024-08-22T19:00:00+00:00,169.7,169.8,169.7,169.8,61
2024-08-22T19:05:00+00:00,169.7,169.7,169.7,169.7,14
2024-08-22T19:10:00+00:00,169.75,169.75,169.75,169.75,1
2024-08-22T19:15:00+00:00,169.75,169.75,169.75,169.75,24
2024-08-22T19:20:00+00:00,169.8,169.8,169.8,169.8,2
2024-08-22T19:25:00+00:00,169.8,169.8,169.8,169.8,1
2024-08-22T19:30:00+00:00,169.8,169.8,169.8,169.8,2
2024-08-22T19:35:00+00:00,169.8,169.8,169.8,169.8,69
2024-08-22T19:40:00+00:00,169.8,169.8,169.75,169.75,5
2024-08-22T19:45:00+00:00,169.75,169.75,169.75,169.75,1
2024-08-22T19:55:00+00:00,169.85,169.9,169.85,169.9,46
2024-08-22T20:05:00+00:00,169.9,169.9,169.9,169.9,24
2024-08-22T20:10:00+00:00,169.9,169.9,169.9,169.9,1
2024-08-22T20:15:00+00:00,169.9,169.9,169.8,169.8,14
2024-08-22T20:20:00+00:00,169.7,169.8,169.7,169.8,11
2024-08-22T20:25:00+00:00,169.8,169.8,169.8,169.8,4
2024-08-22T20:35:00+00:00,169.9,169.9,169.85,169.85,10
2024-08-22T20:40:00+00:00,169.85,169.85,169.85,169.85,1
2024-08-22T20:45:00+00:00,169.85,169.85,169.7,169.8,25
2024-08-23T06:55:00+00:00,169.8,169.8,169.8,169.8,2
2024-08-23T07:00:00+00:00,169.7,169.7,169.15,169.4,91
2024-08-23T07:05:00+00:00,169.4,169.7,169.4,169.7,44
2024-08-23T07:10:00+00:00,169.6,169.7,169.2,169.25,143
2024-08-23T07:15:00+00:00,169.3,169.5,169.0,169.0,291
2024-08-23T07:20:00+00:00,169.05,169.3,169.0,169.3,28
2024-08-23T07:25:00+00:00,169.2,169.25,169.1,169.25,18
2024-08-23T07:30:00+00:00,169.25,169.25,169.0,169.0,20
2024-08-23T07:35:00+00:00,169.15,169.35,169.0,169.2,46
2024-08-23T07:40:00+00:00,169.2,169.25,169.2,169.2,44
2024-08-23T07:45:00+00:00,169.3,169.35,169.2,169.35,11
2024-08-23T07:50:00+00:00,169.3,169.35,169.2,169.2,30
2024-08-23T07:55:00+00:00,169.2,169.2,169.0,169.05,39
2024-08-23T08:00:00+00:00,169.2,169.7,169.05,169.2,75
2024-08-23T08:05:00+00:00,169.3,169.4,169.3,169.3,6
2024-08-23T08:10:00+00:00,169.2,169.75,169.2,169.75,26
2024-08-23T08:15:00+00:00,169.8,169.95,169.6,169.7,19
2024-08-23T08:20:00+00:00,169.6,169.6,169.25,169.5,58
2024-08-23T08:25:00+00:00,169.6,169.85,169.6,169.85,52
2024-08-23T08:30:00+00:00,169.85,171.8,169.7,171.8,425
2024-08-23T08:35:00+00:00,171.9,173.1,170.25,170.25,368
2024-08-23T08:40:00+00:00,170.4,170.5,170.2,170.5,926
2024-08-23T08:45:00+00:00,170.45,170.45,169.7,169.9,168
2024-08-23T08:50:00+00:00,169.95,169.95,169.65,169.65,31
2024-08-23T08:55:00+00:00,169.6,169.6,169.5,169.5,32
2024-08-23T09:00:00+00:00,169.6,169.7,169.35,169.7,32
2024-08-23T09:05:00+00:00,169.7,169.7,169.5,169.6,296
2024-08-23T09:10:00+00:00,169.5,169.7,169.3,169.7,54
2024-08-23T09:15:00+00:00,169.7,169.7,169.65,169.7,949
2024-08-23T09:20:00+00:00,169.7,169.7,169.6,169.7,243
2024-08-23T09:25:00+00:00,169.7,169.7,169.65,169.65,107
2024-08-23T09:30:00+00:00,169.6,169.65,169.6,169.65,17
2024-08-23T09:35:00+00:00,169.65,169.7,169.5,169.65,421
2024-08-23T09:40:00+00:00,169.65,169.7,169.65,169.65,143
2024-08-23T09:45:00+00:00,169.65,169.7,169.65,169.7,51
2024-08-23T09:50:00+00:00,169.65,169.65,169.55,169.55,40
2024-08-23T09:55:00+00:00,169.6,169.6,169.6,169.6,12
2024-08-23T10:00:00+00:00,169.6,169.7,169.6,169.65,110
2024-08-23T10:05:00+00:00,169.65,169.7,169.65,169.65,2315
2024-08-23T10:10:00+00:00,169.6,169.7,169.6,169.7,4
2024-08-23T10:15:00+00:00,169.6,169.6,169.6,169.6,3
2024-08-23T10:20:00+00:00,169.65,169.65,169.65,169.65,2
2024-08-23T10:25:00+00:00,169.6,169.6,169.4,169.4,34
2024-08-23T10:30:00+00:00,169.4,169.4,168.8,169.0,2125
2024-08-23T10:35:00+00:00,168.9,168.9,168.7,168.7,143
2024-08-23T10:40:00+00:00,168.7,168.9,168.7,168.8,43
2024-08-23T10:45:00+00:00,168.8,168.95,168.8,168.8,38
2024-08-23T10:50:00+00:00,168.7,168.85,168.7,168.85,3
2024-08-23T10:55:00+00:00,168.75,168.9,168.75,168.9,11
2024-08-23T11:00:00+00:00,168.9,168.9,168.8,168.8,3
2024-08-23T11:05:00+00:00,168.9,168.9,168.6,168.6,54
2024-08-23T11:10:00+00:00,168.8,168.8,168.8,168.8,1
2024-08-23T11:15:00+00:00,168.8,168.9,168.8,168.9,7
2024-08-23T11:20:00+00:00,168.9,168.9,168.6,168.75,23
2024-08-23T11:25:00+00:00,168.7,168.8,168.7,168.7,6
2024-08-23T11:30:00+00:00,168.75,168.75,168.6,168.75,5
2024-08-23T11:35:00+00:00,168.75,168.8,168.75,168.8,25
2024-08-23T11:40:00+00:00,168.7,168.75,168.65,168.75,27
2024-08-23T11:45:00+00:00,168.8,168.8,168.8,168.8,2
2024-08-23T11:50:00+00:00,168.85,168.85,168.85,168.85,1
2024-08-23T11:55:00+00:00,168.7,168.7,168.5,168.5,22
2024-08-23T12:00:00+00:00,168.6,168.65,168.4,168.65,17
2024-08-23T12:05:00+00:00,168.65,168.65,168.4,168.4,80
2024-08-23T12:10:00+00:00,168.35,168.35,168.1,168.1,124
2024-08-23T12:15:00+00:00,168.2,168.2,168.15,168.2,19
2024-08-23T12:20:00+00:00,168.2,168.2,168.1,168.1,47
2024-08-23T12:25:00+00:00,168.1,168.25,168.1,168.25,108
2024-08-23T12:30:00+00:00,168.3,168.35,168.2,168.2,174
2024-08-23T12:40:00+00:00,168.3,168.35,168.3,168.35,5
2024-08-23T12:45:00+00:00,168.3,168.4,168.3,168.3,77
2024-08-23T12:50:00+00:00,168.25,168.25,168.2,168.25,22
2024-08-23T13:00:00+00:00,168.3,168.3,168.1,168.1,243
2024-08-23T13:05:00+00:00,168.3,168.3,167.6,167.95,708
2024-08-23T13:10:00+00:00,168.0,168.0,167.6,167.6,91
2024-08-23T13:15:00+00:00,167.6,167.95,167.6,167.95,251
2024-08-23T13:20:00+00:00,168.0,168.0,167.95,167.95,244
2024-08-23T13:25:00+00:00,167.95,168.0,167.85,167.85,583
2024-08-23T13:30:00+00:00,167.8,167.8,167.6,167.6,8
2024-08-23T13:35:00+00:00,167.8,167.8,167.8,167.8,4
2024-08-23T13:40:00+00:00,167.7,167.7,167.55,167.7,7
2024-08-23T13:45:00+00:00,167.8,167.9,167.8,167.9,7
2024-08-23T13:50:00+00:00,167.9,167.9,167.85,167.85,4
2024-08-23T13:55:00+00:00,167.9,167.9,167.85,167.85,2
2024-08-23T14:00:00+00:00,167.8,167.8,167.8,167.8,1
2024-08-23T14:05:00+00:00,167.85,167.9,167.85,167.85,12
2024-08-23T14:10:00+00:00,167.8,167.85,167.75,167.75,15
2024-08-23T14:15:00+00:00,167.75,167.75,167.7,167.7,8
2024-08-23T14:20:00+00:00,167.6,167.85,167.45,167.85,24
2024-08-23T14:25:00+00:00,167.7,167.7,167.7,167.7,2
2024-08-23T14:30:00+00:00,167.8,167.8,167.8,167.8,2
2024-08-23T14:35:00+00:00,167.7,167.8,167.7,167.8,3
2024-08-23T14:40:00+00:00,167.7,167.7,167.5,167.5,23
2024-08-23T14:45:00+00:00,167.6,167.85,167.6,167.8,16
2024-08-23T14:50:00+00:00,167.85,167.85,167.65,167.65,7
2024-08-23T14:55:00+00:00,167.65,167.65,167.35,167.6,579
2024-08-23T15:00:00+00:00,167.6,167.75,167.4,167.4,95
2024-08-23T15:05:00+00:00,167.4,167.8,167.4,167.8,65
2024-08-23T15:10:00+00:00,167.7,167.7,167.7,167.7,1
2024-08-23T15:15:00+00:00,167.7,167.8,167.5,167.5,115
2024-08-23T15:20:00+00:00,167.6,167.8,167.6,167.8,116
2024-08-23T15:25:00+00:00,167.7,167.7,166.95,166.95,1138
2024-08-23T15:30:00+00:00,167.0,167.0,166.6,166.7,36
2024-08-23T15:35:00+00:00,166.7,166.9,166.7,166.9,52
2024-08-23T15:45:00+00:00,166.9,166.9,166.9,166.9,39
2024-08-23T16:00:00+00:00,166.05,166.05,166.05,166.05,68
2024-08-23T16:05:00+00:00,166.1,166.4,164.9,165.7,361
2024-08-23T16:10:00+00:00,165.7,165.8,165.7,165.8,36
2024-08-23T16:15:00+00:00,165.8,166.0,165.55,165.55,76
2024-08-23T16:20:00+00:00,165.55,165.9,165.55,165.8,7
2024-08-23T16:25:00+00:00,165.9,166.0,165.9,166.0,5
2024-08-23T16:30:00+00:00,165.9,166.2,165.9,166.2,4
2024-08-23T16:35:00+00:00,166.1,166.1,166.1,166.1,2
2024-08-23T16:40:00+00:00,166.2,166.2,166.2,166.2,2
2024-08-23T16:45:00+00:00,166.3,166.4,166.3,166.4,3
2024-08-23T16:50:00+00:00,166.4,166.4,166.4,166.4,1
2024-08-23T16:55:00+00:00,166.45,166.45,166.45,166.45,8
2024-08-23T17:00:00+00:00,166.3,166.3,166.2,166.2,4
2024-08-23T17:05:00+00:00,166.2,166.2,166.1,166.15,11
2024-08-23T17:10:00+00:00,166.3,166.4,166.3,166.4,3
2024-08-23T17:15:00+00:00,166.3,166.3,166.3,166.3,1
2024-08-23T17:20:00+00:00,166.4,166.45,166.4,166.45,2
2024-08-23T17:25:00+00:00,166.3,166.5,166.3,166.5,4
2024-08-23T17:30:00+00:00,166.6,166.6,166.6,166.6,2
2024-08-23T17:35:00+00:00,166.6,166.7,166.5,166.6,13
2024-08-23T17:40:00+00:00,166.7,166.7,166.7,166.7,1
2024-08-23T17:50:00+00:00,166.8,166.8,166.75,166.75,5
2024-08-23T17:55:00+00:00,166.6,166.7,166.6,166.7,2
2024-08-23T18:00:00+00:00,166.6,166.7,166.6,166.7,2
2024-08-23T18:05:00+00:00,166.7,166.7,166.7,166.7,1
2024-08-23T18:10:00+00:00,166.6,166.6,166.6,166.6,4
2024-08-23T18:15:00+00:00,166.7,167.0,166.7,166.8,89
2024-08-23T18:25:00+00:00,166.9,167.0,166.9,167.0,10
2024-08-23T18:30:00+00:00,167.0,167.0,167.0,167.0,16
2024-08-23T18:35:00+00:00,167.0,167.0,167.0,167.0,3
2024-08-23T18:40:00+00:00,167.0,167.0,166.8,166.8,6
2024-08-23T18:45:00+00:00,166.9,167.0,166.9,166.95,121
2024-08-23T18:50:00+00:00,166.95,166.95,166.95,166.95,22
2024-08-23T18:55:00+00:00,166.95,167.0,166.95,166.95,208
2024-08-23T19:00:00+00:00,166.95,166.95,166.5,166.5,16
2024-08-23T19:05:00+00:00,166.7,166.95,166.7,166.95,12
2024-08-23T19:10:00+00:00,166.8,166.9,166.8,166.9,5
2024-08-23T19:15:00+00:00,166.95,166.95,166.95,166.95,4
2024-08-23T19:20:00+00:00,166.95,167.0,166.95,167.0,8
2024-08-23T19:25:00+00:00,167.0,167.0,167.0,167.0,11
2024-08-23T19:30:00+00:00,167.0,167.0,167.0,167.0,20
2024-08-23T19:35:00+00:00,167.0,167.0,166.95,166.95,9
2024-08-23T19:40:00+00:00,167.0,167.0,167.0,167.0,12
2024-08-23T19:45:00+00:00,167.0,167.0,167.0,167.0,100
2024-08-23T19:50:00+00:00,167.0,167.0,167.0,167.0,98
2024-08-23T19:55:00+00:00,166.95,166.95,166.95,166.95,1
2024-08-23T20:00:00+00:00,166.95,167.0,166.95,167.0,504
2024-08-23T20:05:00+00:00,167.0,167.0,167.0,167.0,1
2024-08-23T20:10:00+00:00,167.0,167.0,167.0,167.0,2
2024-08-23T20:15:00+00:00,167.0,167.0,166.9,167.0,6
2024-08-23T20:20:00+00:00,167.0,167.0,167.0,167.0,3
2024-08-23T20:25:00+00:00,167.0,167.0,167.0,167.0,1
2024-08-23T20:30:00+00:00,167.0,167.0,167.0,167.0,1
2024-08-23T20:35:00+00:00,166.9,166.9,166.5,166.6,19
2024-08-23T20:40:00+00:00,166.7,166.7,166.7,166.7,2
2024-08-23T20:45:00+00:00,166.8,166.95,166.8,166.95,45
2024-08-26T06:55:00+00:00,167.7,167.7,167.7,167.7,21
2024-08-26T07:00:00+00:00,167.8,169.65,167.8,169.65,127
2024-08-26T07:05:00+00:00,169.7,169.8,169.6,169.8,89
2024-08-26T07:10:00+00:00,169.85,170.05,169.6,169.6,76
2024-08-26T07:15:00+00:00,169.5,169.6,169.4,169.4,25
2024-08-26T07:20:00+00:00,169.4,169.45,168.55,168.8,872
2024-08-26T07:25:00+00:00,168.7,168.7,168.0,168.05,102
2024-08-26T07:30:00+00:00,168.15,168.5,168.15,168.35,20
2024-08-26T07:35:00+00:00,168.5,168.55,168.45,168.45,28
2024-08-26T07:40:00+00:00,168.4,168.4,168.2,168.4,19
2024-08-26T07:45:00+00:00,168.4,168.4,168.4,168.4,1
2024-08-26T07:50:00+00:00,168.4,168.65,168.0,168.1,101
2024-08-26T07:55:00+00:00,168.2,168.3,168.2,168.3,29
2024-08-26T08:00:00+00:00,168.3,168.5,168.3,168.5,37
2024-08-26T08:05:00+00:00,168.4,168.5,168.3,168.3,23
2024-08-26T08:10:00+00:00,168.2,168.2,168.0,168.0,124
2024-08-26T08:15:00+00:00,168.1,168.4,168.0,168.4,15
2024-08-26T08:20:00+00:00,168.4,168.55,168.0,168.0,46
2024-08-26T08:25:00+00:00,167.95,168.0,167.9,168.0,42
2024-08-26T08:30:00+00:00,167.95,167.95,167.95,167.95,5
2024-08-26T08:35:00+00:00,168.0,168.0,168.0,168.0,20
2024-08-26T08:40:00+00:00,167.95,167.95,167.9,167.9,21
2024-08-26T08:45:00+00:00,168.0,168.0,168.0,168.0,31
2024-08-26T08:50:00+00:00,167.9,168.0,167.9,168.0,71
2024-08-26T08:55:00+00:00,168.1,170.0,168.1,169.0,789
2024-08-26T09:00:00+00:00,169.05,169.15,168.9,169.0,27
2024-08-26T09:05:00+00:00,169.0,169.0,168.9,168.9,4
2024-08-26T09:10:00+00:00,169.0,169.3,169.0,169.3,13
2024-08-26T09:20:00+00:00,169.3,169.5,168.85,168.85,47
2024-08-26T09:25:00+00:00,169.0,169.0,169.0,169.0,1
2024-08-26T09:30:00+00:00,169.0,169.2,169.0,169.0,18
2024-08-26T09:35:00+00:00,169.0,169.0,168.9,168.9,8
2024-08-26T09:40:00+00:00,168.95,168.95,168.5,168.5,69
2024-08-26T09:45:00+00:00,168.5,168.5,168.0,168.1,196
2024-08-26T09:50:00+00:00,168.2,168.45,168.2,168.4,16
2024-08-26T10:00:00+00:00,168.5,169.0,168.4,169.0,44
2024-08-26T10:05:00+00:00,169.0,169.4,169.0,169.4,16
2024-08-26T10:10:00+00:00,169.5,169.5,169.0,169.0,121
2024-08-26T10:15:00+00:00,169.1,169.1,168.9,169.0,13
2024-08-26T10:20:00+00:00,169.05,169.4,169.05,169.4,19
2024-08-26T10:25:00+00:00,169.3,169.5,169.3,169.5,58
2024-08-26T10:30:00+00:00,169.5,169.95,169.5,169.7,32
2024-08-26T10:35:00+00:00,169.8,170.0,169.7,169.7,21
2024-08-26T10:40:00+00:00,169.8,169.95,169.8,169.8,37
2024-08-26T10:45:00+00:00,169.9,169.9,169.7,169.7,15
2024-08-26T10:50:00+00:00,169.6,169.7,169.6,169.7,5
2024-08-26T10:55:00+00:00,169.8,169.8,169.75,169.8,3
2024-08-26T11:00:00+00:00,169.75,169.75,169.7,169.7,36
2024-08-26T11:05:00+00:00,169.6,169.6,168.9,169.4,386
2024-08-26T11:10:00+00:00,169.5,170.7,169.5,170.1,267
2024-08-26T11:15:00+00:00,170.2,171.45,170.2,170.8,247
2024-08-26T11:20:00+00:00,170.7,170.7,170.1,170.25,34
2024-08-26T11:25:00+00:00,170.25,170.25,170.25,170.25,3
2024-08-26T11:30:00+00:00,170.15,171.2,170.1,170.85,960
2024-08-26T11:35:00+00:00,170.8,171.1,170.7,171.1,117
2024-08-26T11:40:00+00:00,171.2,171.75,171.0,171.5,63
2024-08-26T11:45:00+00:00,171.4,171.5,171.1,171.1,19
2024-08-26T11:50:00+00:00,171.0,171.0,170.6,170.9,40
2024-08-26T11:55:00+00:00,170.8,170.8,170.55,170.7,22
2024-08-26T12:00:00+00:00,170.8,171.8,170.8,171.5,145
2024-08-26T12:05:00+00:00,171.55,171.8,171.4,171.6,89
2024-08-26T12:10:00+00:00,171.65,172.5,171.65,172.45,285
2024-08-26T12:15:00+00:00,172.45,172.5,172.0,172.0,242
2024-08-26T12:20:00+00:00,171.9,171.9,171.8,171.8,3
2024-08-26T12:25:00+00:00,171.8,171.8,171.75,171.75,5
2024-08-26T12:30:00+00:00,171.75,171.9,171.75,171.9,11
2024-08-26T12:35:00+00:00,171.9,171.9,171.8,171.8,3
2024-08-26T12:40:00+00:00,171.9,172.0,171.8,172.0,80
2024-08-26T12:45:00+00:00,172.0,172.55,172.0,172.3,71
2024-08-26T12:50:00+00:00,172.2,172.3,171.9,171.9,20
2024-08-26T12:55:00+00:00,171.9,171.9,170.5,170.75,299
2024-08-26T13:00:00+00:00,170.85,170.85,170.0,170.0,572
2024-08-26T13:05:00+00:00,170.05,170.1,170.0,170.1,58
2024-08-26T13:10:00+00:00,170.2,170.7,170.2,170.5,40
2024-08-26T13:15:00+00:00,170.4,170.4,169.0,169.2,140
2024-08-26T13:20:00+00:00,169.2,169.2,168.5,168.6,207
2024-08-26T13:25:00+00:00,168.8,169.0,168.15,169.0,293
2024-08-26T13:30:00+00:00,169.0,169.0,167.85,168.4,295
2024-08-26T13:35:00+00:00,168.4,168.4,168.1,168.1,223
2024-08-26T13:40:00+00:00,168.1,169.0,167.85,169.0,294
2024-08-26T13:45:00+00:00,169.0,169.35,168.5,168.5,137
2024-08-26T13:50:00+00:00,168.6,168.6,168.6,168.6,3
2024-08-26T13:55:00+00:00,168.65,168.7,168.65,168.7,13
2024-08-26T14:00:00+00:00,168.7,168.7,168.7,168.7,6
2024-08-26T14:05:00+00:00,168.7,168.9,168.7,168.8,224
2024-08-26T14:10:00+00:00,168.8,169.25,168.8,169.2,259
2024-08-26T14:15:00+00:00,169.3,169.5,169.25,169.25,24
2024-08-26T14:20:00+00:00,169.25,169.3,169.25,169.3,6
2024-08-26T14:25:00+00:00,169.25,169.25,169.2,169.2,3
2024-08-26T14:30:00+00:00,169.2,169.2,169.0,169.0,6
2024-08-26T14:35:00+00:00,169.0,169.1,168.25,168.8,376
2024-08-26T14:40:00+00:00,168.7,168.7,168.7,168.7,10
2024-08-26T14:45:00+00:00,168.8,168.9,168.65,168.8,77
2024-08-26T14:50:00+00:00,168.9,168.9,168.9,168.9,1
2024-08-26T14:55:00+00:00,168.9,169.1,168.9,169.1,10
2024-08-26T15:00:00+00:00,169.0,169.1,169.0,169.1,5
2024-08-26T15:05:00+00:00,169.05,171.7,169.05,169.7,639
2024-08-26T15:10:00+00:00,169.7,170.15,169.7,170.1,126
2024-08-26T15:15:00+00:00,170.05,170.3,169.1,169.5,284
2024-08-26T15:20:00+00:00,169.5,169.5,168.8,169.0,228
2024-08-26T15:25:00+00:00,169.1,169.1,169.1,169.1,2
2024-08-26T15:30:00+00:00,169.1,169.2,169.1,169.2,59
2024-08-26T15:35:00+00:00,169.25,169.25,168.75,168.9,39
2024-08-26T15:45:00+00:00,168.5,168.5,168.5,168.5,847
2024-08-26T16:05:00+00:00,168.7,169.35,168.7,169.0,106
2024-08-26T16:10:00+00:00,169.1,169.2,169.1,169.2,3
2024-08-26T16:15:00+00:00,169.1,169.1,169.1,169.1,1
2024-08-26T16:25:00+00:00,169.15,169.3,169.1,169.3,32
2024-08-26T16:30:00+00:00,169.3,169.3,169.3,169.3,20
2024-08-26T16:40:00+00:00,169.2,169.2,169.0,169.1,8
2024-08-26T16:45:00+00:00,169.2,169.2,169.2,169.2,2
2024-08-26T16:50:00+00:00,169.25,169.3,169.25,169.3,5
2024-08-26T17:05:00+00:00,169.25,169.35,169.25,169.35,10
2024-08-26T17:10:00+00:00,169.2,169.2,169.2,169.2,1
2024-08-26T17:20:00+00:00,169.3,169.3,169.3,169.3,1
2024-08-26T17:25:00+00:00,169.3,169.3,169.3,169.3,1
2024-08-26T17:30:00+00:00,169.4,169.5,169.4,169.4,13
2024-08-26T17:35:00+00:00,169.5,169.5,169.5,169.5,1
2024-08-26T17:40:00+00:00,169.5,169.5,169.5,169.5,1
2024-08-26T17:45:00+00:00,169.5,169.5,169.5,169.5,30
2024-08-26T17:50:00+00:00,169.5,170.1,169.5,170.1,157
2024-08-26T17:55:00+00:00,170.0,170.0,170.0,170.0,2
2024-08-26T18:00:00+00:00,170.0,170.0,169.3,169.3,143
2024-08-26T18:05:00+00:00,169.35,169.35,169.35,169.35,39
2024-08-26T18:10:00+00:00,169.35,169.95,169.35,169.8,52
2024-08-26T18:25:00+00:00,169.8,169.8,169.8,169.8,1
2024-08-26T18:30:00+00:00,169.9,170.1,169.9,170.0,40
2024-08-26T18:35:00+00:00,170.0,170.0,170.0,170.0,21
2024-08-26T18:45:00+00:00,170.1,170.1,170.1,170.1,10
2024-08-26T18:50:00+00:00,170.0,170.9,170.0,170.5,103
2024-08-26T19:00:00+00:00,170.4,170.4,170.4,170.4,1
2024-08-26T19:05:00+00:00,170.4,170.4,170.4,170.4,6
2024-08-26T19:10:00+00:00,170.4,170.4,170.4,170.4,2
2024-08-26T19:20:00+00:00,170.3,170.3,170.0,170.0,40
2024-08-26T19:25:00+00:00,170.0,170.0,169.65,169.65,23
2024-08-26T19:40:00+00:00,169.75,169.75,169.65,169.65,27
2024-08-26T19:45:00+00:00,169.7,169.8,169.7,169.8,7
2024-08-26T19:50:00+00:00,169.7,169.7,169.65,169.65,10
2024-08-26T20:00:00+00:00,169.8,169.8,169.8,169.8,2
2024-08-26T20:05:00+00:00,169.9,169.9,169.9,169.9,2
2024-08-26T20:15:00+00:00,170.0,170.0,170.0,170.0,1
2024-08-26T20:20:00+00:00,169.9,169.9,169.9,169.9,1
2024-08-26T20:35:00+00:00,169.95,169.95,169.9,169.9,204
2024-08-26T20:40:00+00:00,170.0,170.0,170.0,170.0,3
2024-08-26T20:45:00+00:00,169.9,169.9,169.8,169.8,4
2024-08-27T07:00:00+00:00,169.85,169.9,169.3,169.5,172
2024-08-27T07:05:00+00:00,169.6,169.7,169.3,169.5,157
2024-08-27T07:10:00+00:00,169.5,169.5,169.4,169.5,3
2024-08-27T07:15:00+00:00,169.55,169.6,168.6,168.8,422
2024-08-27T07:20:00+00:00,168.8,169.5,168.7,169.45,2238
2024-08-27T07:25:00+00:00,169.4,169.4,168.95,169.0,110
2024-08-27T07:30:00+00:00,169.0,169.5,168.9,169.5,614
2024-08-27T07:35:00+00:00,169.45,169.5,169.4,169.5,91
2024-08-27T07:40:00+00:00,169.4,169.5,169.3,169.5,161
2024-08-27T07:45:00+00:00,169.5,169.5,169.1,169.15,82
2024-08-27T07:50:00+00:00,169.05,169.15,169.05,169.15,63
2024-08-27T07:55:00+00:00,169.15,169.4,169.05,169.4,127
2024-08-27T08:05:00+00:00,169.4,169.4,169.4,169.4,7
2024-08-27T08:10:00+00:00,169.45,169.45,169.45,169.45,1
2024-08-27T08:15:00+00:00,169.4,169.4,169.3,169.3,3
2024-08-27T08:20:00+00:00,169.2,169.3,169.15,169.3,12
2024-08-27T08:25:00+00:00,169.15,169.15,169.15,169.15,5
2024-08-27T08:30:00+00:00,169.15,169.15,169.0,169.05,38
2024-08-27T08:35:00+00:00,168.95,169.0,168.75,168.9,142
2024-08-27T08:40:00+00:00,169.0,169.05,169.0,169.05,3
2024-08-27T08:45:00+00:00,168.9,168.9,168.85,168.85,8
2024-08-27T08:50:00+00:00,169.0,169.1,169.0,169.1,19
2024-08-27T08:55:00+00:00,169.0,169.0,168.75,168.75,55
2024-08-27T09:00:00+00:00,168.75,168.75,168.45,168.5,107
2024-08-27T09:05:00+00:00,168.5,168.5,168.1,168.35,216
2024-08-27T09:10:00+00:00,168.35,169.0,168.35,168.7,413
2024-08-27T09:15:00+00:00,168.6,168.6,168.45,168.45,26
2024-08-27T09:25:00+00:00,168.55,168.75,168.55,168.75,7
2024-08-27T09:30:00+00:00,168.6,168.6,168.4,168.4,77
2024-08-27T09:35:00+00:00,168.5,168.5,168.5,168.5,2
2024-08-27T09:40:00+00:00,168.45,168.6,168.4,168.4,10
2024-08-27T09:45:00+00:00,168.4,168.4,168.3,168.35,78
2024-08-27T09:50:00+00:00,168.4,168.4,168.4,168.4,2
2024-08-27T09:55:00+00:00,168.5,168.5,168.5,168.5,2
2024-08-27T10:00:00+00:00,168.6,168.6,168.6,168.6,2
2024-08-27T10:05:00+00:00,168.6,168.9,168.55,168.9,18
2024-08-27T10:15:00+00:00,168.9,168.9,168.8,168.8,39
2024-08-27T10:25:00+00:00,168.7,168.7,168.7,168.7,5
2024-08-27T10:30:00+00:00,168.8,168.8,168.8,168.8,3
2024-08-27T10:35:00+00:00,168.8,168.8,168.75,168.75,2
2024-08-27T10:40:00+00:00,168.75,168.75,168.75,168.75,104
2024-08-27T10:45:00+00:00,168.9,168.95,168.9,168.95,4
2024-08-27T10:50:00+00:00,169.0,169.0,169.0,169.0,4
2024-08-27T10:55:00+00:00,169.05,169.1,169.05,169.1,70
2024-08-27T11:00:00+00:00,169.0,169.1,168.85,169.1,15
2024-08-27T11:10:00+00:00,168.9,169.1,168.9,169.1,4
2024-08-27T11:15:00+00:00,169.0,169.0,168.9,168.9,2
2024-08-27T11:20:00+00:00,168.9,168.9,168.8,168.8,2
2024-08-27T11:25:00+00:00,168.85,168.85,168.85,168.85,1
2024-08-27T11:30:00+00:00,168.9,168.9,168.9,168.9,1
2024-08-27T11:35:00+00:00,168.9,168.9,168.9,168.9,5
2024-08-27T11:40:00+00:00,168.9,168.95,168.85,168.85,14
2024-08-27T11:45:00+00:00,168.85,168.85,168.8,168.8,56
2024-08-27T11:50:00+00:00,168.8,168.85,168.8,168.85,14
2024-08-27T11:55:00+00:00,168.8,168.8,168.7,168.7,16
2024-08-27T12:00:00+00:00,168.7,168.7,167.3,167.4,6733
2024-08-27T12:05:00+00:00,167.4,167.45,167.3,167.4,95
2024-08-27T12:10:00+00:00,167.35,167.5,167.0,167.5,731
2024-08-27T12:15:00+00:00,167.5,167.5,167.25,167.5,531
2024-08-27T12:20:00+00:00,167.5,167.5,167.5,167.5,227
2024-08-27T12:25:00+00:00,167.5,167.5,167.45,167.5,17
2024-08-27T12:35:00+00:00,167.5,167.5,167.5,167.5,3
2024-08-27T12:40:00+00:00,167.5,167.5,167.45,167.45,14
2024-08-27T12:45:00+00:00,167.45,167.45,167.45,167.45,2
2024-08-27T12:50:00+00:00,167.4,167.45,167.4,167.45,13
2024-08-27T12:55:00+00:00,167.45,167.45,167.45,167.45,5
2024-08-27T13:00:00+00:00,167.45,167.45,167.45,167.45,6
2024-08-27T13:05:00+00:00,167.45,167.45,167.3,167.3,21
2024-08-27T13:10:00+00:00,167.3,167.4,167.3,167.4,7
2024-08-27T13:15:00+00:00,167.4,167.4,167.4,167.4,60
2024-08-27T13:20:00+00:00,167.4,167.4,167.4,167.4,78
2024-08-27T13:25:00+00:00,167.4,167.45,167.4,167.45,6
2024-08-27T13:30:00+00:00,167.45,167.45,167.45,167.45,12
2024-08-27T13:35:00+00:00,167.4,167.45,166.4,167.3,520
2024-08-27T13:40:00+00:00,167.3,167.4,167.3,167.3,51
2024-08-27T13:45:00+00:00,167.4,167.4,167.4,167.4,10
2024-08-27T13:50:00+00:00,167.4,167.4,167.3,167.3,27
2024-08-27T13:55:00+00:00,167.4,167.4,167.0,167.0,193
2024-08-27T14:00:00+00:00,167.2,167.35,167.2,167.2,101
2024-08-27T14:05:00+00:00,167.3,167.35,167.3,167.35,122
2024-08-27T14:10:00+00:00,167.35,167.35,167.35,167.35,1
2024-08-27T14:15:00+00:00,167.4,167.4,166.7,167.0,307
2024-08-27T14:20:00+00:00,167.1,167.2,167.1,167.2,4
2024-08-27T14:25:00+00:00,167.2,167.2,166.6,167.1,78
2024-08-27T14:30:00+00:00,167.1,167.15,167.1,167.15,19
2024-08-27T14:35:00+00:00,167.15,167.15,167.0,167.15,10
2024-08-27T14:40:00+00:00,167.2,167.4,167.2,167.4,8
2024-08-27T14:45:00+00:00,167.3,167.3,167.3,167.3,12
2024-08-27T14:50:00+00:00,167.4,167.4,167.4,167.4,2
2024-08-27T14:55:00+00:00,167.4,167.4,164.95,165.0,2121
2024-08-27T15:00:00+00:00,165.0,165.0,164.9,165.0,231
2024-08-27T15:05:00+00:00,165.0,165.0,164.65,165.0,272
2024-08-27T15:10:00+00:00,165.0,165.0,164.95,165.0,480
2024-08-27T15:15:00+00:00,165.1,166.35,165.1,165.9,185
2024-08-27T15:20:00+00:00,165.85,165.85,165.3,165.65,53
2024-08-27T15:25:00+00:00,165.7,166.55,165.7,166.45,54
2024-08-27T15:30:00+00:00,166.4,166.7,166.3,166.7,73
2024-08-27T15:35:00+00:00,166.7,166.7,166.4,166.4,20
2024-08-27T15:45:00+00:00,166.9,166.9,166.9,166.9,15
2024-08-27T16:00:00+00:00,166.8,166.8,166.8,166.8,2
2024-08-27T16:05:00+00:00,166.7,166.9,166.7,166.9,102
2024-08-27T16:10:00+00:00,166.9,166.95,166.9,166.95,3
2024-08-27T16:15:00+00:00,166.95,166.95,166.95,166.95,1
2024-08-27T16:20:00+00:00,166.8,166.8,166.15,166.3,37
2024-08-27T16:30:00+00:00,166.4,167.15,166.4,167.15,30
2024-08-27T16:35:00+00:00,167.0,167.2,166.7,166.7,31
2024-08-27T16:40:00+00:00,166.7,166.8,166.7,166.8,5
2024-08-27T16:45:00+00:00,166.9,167.05,166.9,167.05,11
2024-08-27T16:50:00+00:00,167.05,167.1,167.05,167.1,4
2024-08-27T17:10:00+00:00,167.1,167.2,167.1,167.2,31
2024-08-27T17:15:00+00:00,167.05,167.05,167.0,167.0,3
2024-08-27T17:25:00+00:00,167.0,167.15,167.0,167.15,7
2024-08-27T17:30:00+00:00,167.15,167.15,167.15,167.15,1
2024-08-27T17:40:00+00:00,167.05,167.05,167.05,167.05,5
2024-08-27T17:45:00+00:00,167.05,167.05,166.9,166.9,15
2024-08-27T17:50:00+00:00,166.9,166.9,166.8,166.8,87
2024-08-27T17:55:00+00:00,166.9,166.9,166.9,166.9,2
2024-08-27T18:05:00+00:00,166.85,166.85,166.85,166.85,1
2024-08-27T18:10:00+00:00,167.0,167.1,167.0,167.1,4
2024-08-27T18:20:00+00:00,167.15,167.15,167.0,167.15,13
2024-08-27T18:30:00+00:00,167.15,167.15,167.15,167.15,1
2024-08-27T18:35:00+00:00,167.15,167.15,167.15,167.15,1
2024-08-27T18:40:00+00:00,167.0,167.2,167.0,167.2,7
2024-08-27T18:45:00+00:00,167.1,167.1,166.85,166.85,19
2024-08-27T18:50:00+00:00,166.85,166.85,166.85,166.85,8
2024-08-27T18:55:00+00:00,166.95,166.95,166.95,166.95,4
2024-08-27T19:05:00+00:00,167.0,167.0,167.0,167.0,1
2024-08-27T19:10:00+00:00,167.0,167.0,167.0,167.0,1
2024-08-27T19:15:00+00:00,166.85,166.95,166.85,166.95,5
2024-08-27T19:20:00+00:00,166.95,166.95,166.95,166.95,5
2024-08-27T19:30:00+00:00,167.0,167.0,167.0,167.0,3
2024-08-27T19:55:00+00:00,167.0,167.0,167.0,167.0,11
2024-08-27T20:00:00+00:00,167.0,167.0,166.85,166.85,3
2024-08-27T20:05:00+00:00,166.85,166.85,166.85,166.85,2
2024-08-27T20:20:00+00:00,167.0,167.0,166.85,166.85,7
2024-08-27T20:35:00+00:00,166.85,167.0,166.8,167.0,23
2024-08-27T20:40:00+00:00,167.0,167.0,167.0,167.0,2
2024-08-28T07:00:00+00:00,167.0,167.0,165.2,165.4,323
2024-08-28T07:05:00+00:00,165.4,166.0,165.4,165.9,224
2024-08-28T07:10:00+00:00,165.9,166.2,165.9,166.2,56
2024-08-28T07:15:00+00:00,166.2,166.25,165.65,166.2,109
2024-08-28T07:20:00+00:00,166.1,166.45,166.0,166.45,22
2024-08-28T07:25:00+00:00,166.4,166.5,166.0,166.0,101
2024-08-28T07:30:00+00:00,166.2,166.2,166.1,166.1,92
2024-08-28T07:35:00+00:00,166.2,166.35,166.2,166.25,24
2024-08-28T07:40:00+00:00,166.25,166.4,166.25,166.4,8
2024-08-28T07:45:00+00:00,166.35,166.5,166.05,166.05,32
2024-08-28T07:50:00+00:00,166.2,166.5,166.2,166.5,40
2024-08-28T07:55:00+00:00,166.3,166.5,166.3,166.5,31
2024-08-28T08:00:00+00:00,166.5,166.9,166.5,166.9,51
2024-08-28T08:05:00+00:00,166.85,167.0,166.8,167.0,34
2024-08-28T08:10:00+00:00,167.0,167.0,166.8,166.8,9
2024-08-28T08:15:00+00:00,166.8,166.8,166.7,166.7,2
2024-08-28T08:20:00+00:00,166.8,166.95,166.8,166.95,12
2024-08-28T08:25:00+00:00,167.0,167.45,166.45,166.45,79
2024-08-28T08:40:00+00:00,166.6,166.6,166.6,166.6,5
2024-08-28T08:45:00+00:00,166.6,166.6,166.6,166.6,1
2024-08-28T08:50:00+00:00,166.5,166.6,166.45,166.5,8
2024-08-28T09:00:00+00:00,166.5,166.5,166.4,166.4,10
2024-08-28T09:05:00+00:00,166.4,166.5,166.4,166.5,6
2024-08-28T09:10:00+00:00,166.4,166.4,166.25,166.35,44
2024-08-28T09:15:00+00:00,166.35,166.5,166.3,166.3,12
2024-08-28T09:25:00+00:00,166.3,166.3,166.1,166.1,237
2024-08-28T09:30:00+00:00,166.1,166.2,166.05,166.2,54
2024-08-28T09:35:00+00:00,166.05,166.05,166.05,166.05,3
2024-08-28T09:40:00+00:00,166.2,166.2,166.05,166.2,5
2024-08-28T09:45:00+00:00,166.2,166.2,166.1,166.1,9
2024-08-28T09:50:00+00:00,166.1,166.2,166.05,166.2,7
2024-08-28T09:55:00+00:00,166.1,166.1,165.6,165.6,72
2024-08-28T10:00:00+00:00,165.6,165.8,165.6,165.8,3
2024-08-28T10:05:00+00:00,165.7,165.9,165.7,165.8,8
2024-08-28T10:10:00+00:00,165.7,165.7,165.6,165.6,49
2024-08-28T10:15:00+00:00,165.6,165.8,165.4,165.4,70
2024-08-28T10:20:00+00:00,165.5,165.9,165.4,165.8,25
2024-08-28T10:25:00+00:00,165.7,165.8,165.2,165.2,29
2024-08-28T10:30:00+00:00,165.4,165.4,165.2,165.3,13
2024-08-28T10:35:00+00:00,165.4,165.6,165.4,165.6,5
2024-08-28T10:40:00+00:00,165.6,165.6,165.4,165.5,5
2024-08-28T10:45:00+00:00,165.4,165.4,165.2,165.2,15
2024-08-28T10:50:00+00:00,165.2,165.4,165.2,165.2,92
2024-08-28T10:55:00+00:00,165.2,165.25,165.2,165.25,4
2024-08-28T11:00:00+00:00,165.25,165.5,165.25,165.5,14
2024-08-28T11:05:00+00:00,165.5,165.5,165.5,165.5,1
2024-08-28T11:10:00+00:00,165.6,165.6,165.5,165.55,6
2024-08-28T11:20:00+00:00,165.5,165.5,165.5,165.5,2
2024-08-28T11:25:00+00:00,165.6,165.7,165.1,165.3,65
2024-08-28T11:30:00+00:00,165.2,165.4,165.05,165.4,222
2024-08-28T11:35:00+00:00,165.3,165.3,165.3,165.3,2
2024-08-28T11:40:00+00:00,165.2,165.2,165.1,165.1,7
2024-08-28T11:45:00+00:00,165.15,165.15,165.1,165.1,5
2024-08-28T11:50:00+00:00,165.2,165.2,165.1,165.1,20
2024-08-28T11:55:00+00:00,165.1,165.4,165.1,165.3,22
2024-08-28T12:00:00+00:00,165.35,165.45,165.35,165.4,10
2024-08-28T12:05:00+00:00,165.5,165.65,165.15,165.65,176
2024-08-28T12:10:00+00:00,165.65,165.65,165.0,165.45,584
2024-08-28T12:15:00+00:00,165.45,165.6,165.45,165.6,34
2024-08-28T12:20:00+00:00,165.6,165.8,165.5,165.5,223
2024-08-28T12:25:00+00:00,165.6,166.4,165.6,166.05,103
2024-08-28T12:30:00+00:00,166.05,166.05,165.0,165.45,5032
2024-08-28T12:35:00+00:00,165.4,165.4,165.35,165.35,14
2024-08-28T12:40:00+00:00,165.4,165.5,165.4,165.5,3
2024-08-28T12:45:00+00:00,165.6,165.75,165.6,165.6,7
2024-08-28T12:50:00+00:00,165.7,165.7,165.7,165.7,1
2024-08-28T12:55:00+00:00,165.8,166.1,165.8,165.8,415
2024-08-28T13:00:00+00:00,165.8,165.8,165.65,165.65,12
2024-08-28T13:05:00+00:00,165.8,165.8,165.7,165.7,2
2024-08-28T13:10:00+00:00,165.8,166.65,165.65,166.65,222
2024-08-28T13:15:00+00:00,166.65,166.65,166.5,166.5,23
2024-08-28T13:20:00+00:00,166.5,166.5,166.4,166.4,5
2024-08-28T13:25:00+00:00,166.3,166.3,166.1,166.2,6
2024-08-28T13:30:00+00:00,166.2,166.2,166.05,166.05,4
2024-08-28T13:35:00+00:00,166.2,166.2,165.65,165.65,24
2024-08-28T13:40:00+00:00,165.65,165.65,165.6,165.65,21
2024-08-28T13:45:00+00:00,165.65,165.7,165.35,165.5,113
2024-08-28T13:50:00+00:00,165.6,165.6,165.6,165.6,1
2024-08-28T13:55:00+00:00,165.6,165.9,165.6,165.9,7
2024-08-28T14:00:00+00:00,166.0,166.15,166.0,166.1,22
2024-08-28T14:05:00+00:00,166.2,166.35,166.2,166.35,134
2024-08-28T14:10:00+00:00,166.4,166.4,166.2,166.4,11
2024-08-28T14:15:00+00:00,166.3,166.4,166.0,166.1,25
2024-08-28T14:20:00+00:00,166.0,166.1,165.7,166.1,60
2024-08-28T14:25:00+00:00,166.2,166.2,165.7,165.7,25
2024-08-28T14:30:00+00:00,165.65,165.7,165.6,165.7,14
2024-08-28T14:35:00+00:00,165.65,166.1,165.6,166.1,125
2024-08-28T14:40:00+00:00,166.2,166.45,166.05,166.3,44
2024-08-28T14:45:00+00:00,166.2,166.2,166.0,166.15,125
2024-08-28T14:50:00+00:00,166.0,166.0,166.0,166.0,14
2024-08-28T15:00:00+00:00,166.0,166.0,165.15,165.7,346
2024-08-28T15:05:00+00:00,165.8,165.8,165.8,165.8,1
2024-08-28T15:10:00+00:00,165.7,165.7,165.0,165.6,1613
2024-08-28T15:15:00+00:00,165.7,166.0,165.7,166.0,8
2024-08-28T15:20:00+00:00,166.05,166.1,166.0,166.1,5
2024-08-28T15:25:00+00:00,166.0,166.85,166.0,166.15,237
2024-08-28T15:30:00+00:00,166.05,166.25,165.85,166.0,158
2024-08-28T15:35:00+00:00,166.1,166.1,165.75,165.75,36
2024-08-28T15:45:00+00:00,165.9,165.9,165.9,165.9,6
2024-08-28T16:05:00+00:00,166.0,166.25,166.0,166.25,7
2024-08-28T16:10:00+00:00,166.3,166.35,166.3,166.35,5
2024-08-28T16:15:00+00:00,166.2,166.2,165.9,165.9,10
2024-08-28T16:20:00+00:00,166.1,166.1,166.1,166.1,50
2024-08-28T16:40:00+00:00,166.2,166.2,166.1,166.1,102
2024-08-28T16:50:00+00:00,166.2,166.7,166.2,166.6,16
2024-08-28T16:55:00+00:00,166.6,166.6,166.05,166.05,15
2024-08-28T17:05:00+00:00,166.2,166.2,166.2,166.2,1
2024-08-28T17:15:00+00:00,166.1,166.1,166.1,166.1,1
2024-08-28T17:20:00+00:00,166.1,166.1,166.1,166.1,4
2024-08-28T17:25:00+00:00,166.2,166.4,166.2,166.3,41
2024-08-28T17:30:00+00:00,166.4,166.45,166.4,166.45,8
2024-08-28T17:35:00+00:00,166.5,167.0,166.5,166.9,23
2024-08-28T17:40:00+00:00,166.9,166.9,166.9,166.9,9
2024-08-28T17:45:00+00:00,166.8,167.0,166.8,167.0,114
2024-08-28T17:55:00+00:00,166.8,166.8,166.5,166.5,8
2024-08-28T18:00:00+00:00,166.4,166.7,166.3,166.3,23
2024-08-28T18:15:00+00:00,166.35,166.35,166.35,166.35,1
2024-08-28T18:20:00+00:00,166.5,166.5,166.15,166.15,15
2024-08-28T18:25:00+00:00,166.3,166.3,166.3,166.3,2
2024-08-28T18:35:00+00:00,166.4,166.5,166.4,166.5,3
2024-08-28T18:40:00+00:00,166.5,166.6,166.5,166.6,3
2024-08-28T18:45:00+00:00,166.7,166.7,166.7,166.7,1
2024-08-28T18:50:00+00:00,166.7,166.95,166.7,166.95,10
2024-08-28T18:55:00+00:00,166.95,167.0,166.95,167.0,57
2024-08-28T19:05:00+00:00,167.0,167.0,166.9,166.9,2
2024-08-28T19:25:00+00:00,167.0,167.0,167.0,167.0,4
2024-08-28T19:35:00+00:00,167.0,167.0,167.0,167.0,59
2024-08-28T19:40:00+00:00,167.0,167.0,166.8,166.85,6
2024-08-28T19:50:00+00:00,166.85,166.9,166.85,166.9,91
2024-08-28T20:00:00+00:00,166.9,166.9,166.9,166.9,25
2024-08-28T20:05:00+00:00,166.9,166.9,166.9,166.9,5
2024-08-28T20:10:00+00:00,166.9,166.9,166.9,166.9,1
2024-08-28T20:15:00+00:00,166.8,166.8,166.8,166.8,1
2024-08-28T20:20:00+00:00,166.8,166.8,166.8,166.8,2
2024-08-28T20:25:00+00:00,166.8,166.8,166.8,166.8,1
2024-08-28T20:30:00+00:00,166.7,166.7,166.7,166.7,5
2024-08-28T20:45:00+00:00,166.6,166.6,166.6,166.6,2
2024-08-29T06:55:00+00:00,166.7,166.7,166.7,166.7,3
2024-08-29T07:00:00+00:00,166.75,166.8,166.05,166.5,276
2024-08-29T07:05:00+00:00,166.6,166.8,166.6,166.8,11
2024-08-29T07:10:00+00:00,166.7,166.7,166.2,166.4,17
2024-08-29T07:15:00+00:00,166.5,166.8,166.5,166.6,22
2024-08-29T07:20:00+00:00,166.7,166.7,166.7,166.7,1
2024-08-29T07:25:00+00:00,166.7,167.0,166.7,167.0,124
2024-08-29T07:30:00+00:00,167.05,167.05,166.5,166.5,55
2024-08-29T07:35:00+00:00,166.4,166.4,166.3,166.3,11
2024-08-29T07:40:00+00:00,166.35,166.4,166.35,166.4,139
2024-08-29T07:45:00+00:00,166.3,166.4,166.2,166.2,58
2024-08-29T07:55:00+00:00,166.3,166.8,166.3,166.7,114
2024-08-29T08:00:00+00:00,166.75,166.75,166.45,166.45,11
2024-08-29T08:05:00+00:00,166.6,166.8,166.6,166.8,7
2024-08-29T08:10:00+00:00,166.8,166.8,166.7,166.7,29
2024-08-29T08:15:00+00:00,166.7,166.8,166.45,166.8,33
2024-08-29T08:20:00+00:00,166.85,166.85,166.55,166.55,21
2024-08-29T08:25:00+00:00,166.6,166.6,166.6,166.6,29
2024-08-29T08:35:00+00:00,166.5,166.6,166.45,166.6,11
2024-08-29T08:40:00+00:00,166.5,166.7,166.45,166.7,16
2024-08-29T08:45:00+00:00,166.8,166.8,166.7,166.7,2
2024-08-29T08:50:00+00:00,166.65,166.65,166.65,166.65,1
2024-08-29T08:55:00+00:00,166.65,166.95,166.65,166.95,36
2024-08-29T09:00:00+00:00,166.9,166.9,166.9,166.9,1
2024-08-29T09:05:00+00:00,166.9,166.9,166.9,166.9,3
2024-08-29T09:10:00+00:00,166.9,167.2,166.9,167.15,72
2024-08-29T09:15:00+00:00,167.1,167.3,167.1,167.25,16
2024-08-29T09:20:00+00:00,167.2,167.2,167.0,167.0,116
2024-08-29T09:25:00+00:00,166.9,166.9,166.6,166.6,152
2024-08-29T09:30:00+00:00,166.8,166.8,166.3,166.4,104
2024-08-29T09:40:00+00:00,166.3,166.3,166.05,166.3,22
2024-08-29T09:45:00+00:00,166.3,166.3,166.3,166.3,1
2024-08-29T10:00:00+00:00,166.3,166.6,166.3,166.6,7
2024-08-29T10:05:00+00:00,166.6,166.6,166.6,166.6,2
2024-08-29T10:10:00+00:00,166.55,166.6,166.55,166.6,9
2024-08-29T10:15:00+00:00,166.5,166.5,166.5,166.5,3
2024-08-29T10:20:00+00:00,166.5,166.5,166.3,166.3,9
2024-08-29T10:25:00+00:00,166.3,166.6,166.3,166.6,66
2024-08-29T10:30:00+00:00,166.4,166.4,166.4,166.4,14
2024-08-29T10:35:00+00:00,166.45,166.45,166.15,166.15,59
2024-08-29T10:40:00+00:00,166.3,166.4,166.3,166.4,8
2024-08-29T10:45:00+00:00,166.3,166.3,166.2,166.2,7
2024-08-29T10:50:00+00:00,166.3,166.3,166.3,166.3,13
2024-08-29T10:55:00+00:00,166.3,166.3,166.3,166.3,82
2024-08-29T11:00:00+00:00,166.4,166.5,166.4,166.5,4
2024-08-29T11:05:00+00:00,166.55,166.55,166.55,166.55,2
2024-08-29T11:15:00+00:00,166.4,166.4,166.4,166.4,3
2024-08-29T11:20:00+00:00,166.5,166.5,166.5,166.5,1
2024-08-29T11:25:00+00:00,166.5,166.5,166.3,166.4,13
2024-08-29T11:30:00+00:00,166.5,166.55,166.5,166.55,3
2024-08-29T11:35:00+00:00,166.4,166.55,166.4,166.55,3
2024-08-29T11:45:00+00:00,166.4,166.6,166.4,166.6,7
2024-08-29T11:50:00+00:00,166.4,166.5,166.35,166.5,61
2024-08-29T11:55:00+00:00,166.4,166.5,166.3,166.5,8
2024-08-29T12:00:00+00:00,166.4,166.5,166.4,166.5,2
2024-08-29T12:10:00+00:00,166.45,166.5,166.45,166.5,18
2024-08-29T12:15:00+00:00,166.5,166.5,166.4,166.45,745
2024-08-29T12:20:00+00:00,166.5,166.5,166.4,166.4,2
2024-08-29T12:25:00+00:00,166.35,166.35,166.35,166.35,1
2024-08-29T12:30:00+00:00,166.45,166.45,166.45,166.45,1
2024-08-29T12:35:00+00:00,166.35,166.4,166.25,166.4,31
2024-08-29T12:40:00+00:00,166.25,166.25,166.15,166.15,38
2024-08-29T12:45:00+00:00,166.2,166.2,166.15,166.15,4
2024-08-29T12:55:00+00:00,166.1,166.1,166.1,166.1,11
2024-08-29T13:05:00+00:00,166.1,166.2,166.1,166.2,3
2024-08-29T13:10:00+00:00,166.15,166.15,166.15,166.15,20
2024-08-29T13:15:00+00:00,166.15,166.15,166.15,166.15,2
2024-08-29T13:25:00+00:00,166.2,166.2,166.2,166.2,2
2024-08-29T13:30:00+00:00,166.3,166.35,166.3,166.35,30
2024-08-29T13:35:00+00:00,166.3,166.3,165.95,166.0,5015
2024-08-29T13:40:00+00:00,165.95,165.95,165.95,165.95,6
2024-08-29T13:45:00+00:00,165.95,165.95,165.85,165.85,185
2024-08-29T13:50:00+00:00,165.8,165.8,165.1,165.6,883
2024-08-29T13:55:00+00:00,165.65,166.0,165.65,166.0,93
2024-08-29T14:00:00+00:00,166.1,166.1,166.1,166.1,1
2024-08-29T14:05:00+00:00,166.1,166.3,166.0,166.0,35
2024-08-29T14:10:00+00:00,165.9,165.9,165.8,165.8,4
2024-08-29T14:20:00+00:00,165.8,165.8,165.7,165.7,2
2024-08-29T14:35:00+00:00,165.9,165.9,165.8,165.8,2
2024-08-29T14:40:00+00:00,165.9,166.25,165.9,166.25,13
2024-08-29T14:45:00+00:00,166.25,166.3,166.25,166.3,11
2024-08-29T14:55:00+00:00,166.3,166.45,166.3,166.45,210
2024-08-29T15:00:00+00:00,166.3,166.3,166.05,166.2,27
2024-08-29T15:10:00+00:00,166.2,166.3,166.2,166.3,3
2024-08-29T15:15:00+00:00,166.4,166.4,166.4,166.4,5
2024-08-29T15:20:00+00:00,166.3,166.3,166.3,166.3,1
2024-08-29T16:00:00+00:00,166.4,166.4,166.4,166.4,1
2024-08-29T16:10:00+00:00,166.4,166.4,166.4,166.4,1
2024-08-29T16:15:00+00:00,166.35,166.45,166.35,166.45,53
2024-08-29T16:20:00+00:00,166.5,166.6,166.4,166.4,34
2024-08-29T16:25:00+00:00,166.35,166.35,165.8,166.0,43
2024-08-29T16:30:00+00:00,165.9,165.9,165.35,165.6,54
2024-08-29T16:35:00+00:00,165.7,165.8,165.7,165.8,4
2024-08-29T16:40:00+00:00,165.9,166.6,165.9,166.6,28
2024-08-29T16:50:00+00:00,166.6,166.6,166.6,166.6,3
2024-08-29T17:00:00+00:00,166.55,166.55,166.55,166.55,1
2024-08-29T17:05:00+00:00,166.4,166.4,166.4,166.4,1
2024-08-29T17:15:00+00:00,166.4,166.4,166.4,166.4,1
2024-08-29T17:25:00+00:00,166.4,166.5,166.4,166.5,6
2024-08-29T17:30:00+00:00,166.5,166.55,166.5,166.55,2
2024-08-29T17:35:00+00:00,166.55,166.55,166.55,166.55,3
2024-08-29T17:45:00+00:00,166.55,166.55,166.55,166.55,1
2024-08-29T17:50:00+00:00,166.55,166.6,166.55,166.6,50
2024-08-29T17:55:00+00:00,166.55,166.55,166.55,166.55,1
2024-08-29T18:05:00+00:00,166.55,166.6,166.55,166.6,13
2024-08-29T18:10:00+00:00,166.6,166.6,166.6,166.6,1
2024-08-29T18:15:00+00:00,166.55,167.7,166.55,167.5,433
2024-08-29T18:20:00+00:00,167.4,167.4,167.35,167.35,5
2024-08-29T18:25:00+00:00,167.3,167.3,167.3,167.3,1
2024-08-29T18:30:00+00:00,167.4,167.45,167.4,167.45,12
2024-08-29T18:35:00+00:00,167.3,167.3,167.3,167.3,2
2024-08-29T18:40:00+00:00,167.2,167.2,166.7,166.7,11
2024-08-29T18:45:00+00:00,166.8,166.9,166.8,166.9,3
2024-08-29T19:00:00+00:00,166.9,166.9,166.9,166.9,3
2024-08-29T19:05:00+00:00,166.8,166.9,166.8,166.9,7
2024-08-29T19:10:00+00:00,166.9,167.0,166.9,167.0,2
2024-08-29T19:15:00+00:00,167.0,167.1,167.0,167.1,3
2024-08-29T19:20:00+00:00,167.1,167.1,167.0,167.0,651
2024-08-29T19:30:00+00:00,167.05,167.1,167.05,167.1,3
2024-08-29T19:35:00+00:00,167.1,167.3,167.1,167.3,9
2024-08-29T19:40:00+00:00,167.2,167.2,167.2,167.2,2
2024-08-29T19:45:00+00:00,167.3,167.45,167.3,167.45,7
2024-08-29T19:55:00+00:00,167.4,167.4,167.4,167.4,30
2024-08-29T20:05:00+00:00,167.4,167.45,167.4,167.45,23
2024-08-29T20:20:00+00:00,167.45,167.5,167.4,167.4,12
2024-08-29T20:25:00+00:00,167.4,167.5,167.3,167.3,9
2024-08-29T20:35:00+00:00,167.3,167.3,167.3,167.3,3
2024-08-29T20:40:00+00:00,167.3,167.3,167.3,167.3,5
2024-08-30T07:00:00+00:00,167.3,167.35,166.45,166.6,104
2024-08-30T07:05:00+00:00,166.6,166.6,166.3,166.45,54
2024-08-30T07:10:00+00:00,166.5,166.5,166.25,166.4,29
2024-08-30T07:15:00+00:00,166.4,166.45,166.0,166.3,124
2024-08-30T07:20:00+00:00,166.3,166.3,166.0,166.1,198
2024-08-30T07:25:00+00:00,166.2,166.2,165.85,165.85,23
2024-08-30T07:30:00+00:00,165.85,165.9,165.65,165.7,94
2024-08-30T07:35:00+00:00,165.8,165.9,165.8,165.8,17
2024-08-30T07:40:00+00:00,165.9,166.2,165.9,166.2,12
2024-08-30T07:45:00+00:00,166.2,166.3,165.9,166.0,26
2024-08-30T07:50:00+00:00,165.95,166.35,165.95,166.35,31
2024-08-30T07:55:00+00:00,166.35,166.35,166.2,166.2,13
2024-08-30T08:00:00+00:00,166.25,166.25,166.2,166.2,60
2024-08-30T08:05:00+00:00,166.1,166.1,165.2,165.5,1593
2024-08-30T08:10:00+00:00,165.55,166.2,165.55,166.2,59
2024-08-30T08:15:00+00:00,166.0,166.0,165.9,166.0,4
2024-08-30T08:20:00+00:00,165.9,165.95,165.6,165.8,114
2024-08-30T08:25:00+00:00,165.8,166.0,165.8,166.0,32
2024-08-30T08:30:00+00:00,165.9,166.0,165.7,166.0,28
2024-08-30T08:35:00+00:00,165.8,165.9,165.8,165.9,4
2024-08-30T08:40:00+00:00,165.9,166.0,165.65,165.9,11
2024-08-30T08:45:00+00:00,165.9,166.0,165.9,166.0,132
2024-08-30T08:55:00+00:00,166.0,166.0,166.0,166.0,18
2024-08-30T09:00:00+00:00,165.9,165.9,165.9,165.9,1
2024-08-30T09:05:00+00:00,166.0,166.0,166.0,166.0,109
2024-08-30T09:10:00+00:00,166.0,166.0,166.0,166.0,1
2024-08-30T09:15:00+00:00,165.95,165.95,165.9,165.9,12
2024-08-30T09:20:00+00:00,165.9,165.9,165.9,165.9,60
2024-08-30T09:25:00+00:00,166.0,166.15,166.0,166.15,79
2024-08-30T09:30:00+00:00,166.2,166.2,166.2,166.2,2
2024-08-30T09:35:00+00:00,166.15,166.15,165.85,165.85,14
2024-08-30T09:45:00+00:00,165.85,165.85,165.1,165.1,1048
2024-08-30T09:50:00+00:00,165.1,165.95,165.1,165.95,164
2024-08-30T09:55:00+00:00,165.8,165.8,165.0,165.0,523
2024-08-30T10:00:00+00:00,165.1,165.35,165.1,165.35,25
2024-08-30T10:05:00+00:00,165.4,165.4,165.4,165.4,3
2024-08-30T10:10:00+00:00,165.5,165.7,165.5,165.7,62
2024-08-30T10:15:00+00:00,165.65,165.65,165.6,165.6,72
2024-08-30T10:20:00+00:00,165.6,165.65,165.05,165.1,183
2024-08-30T10:25:00+00:00,165.2,165.3,165.05,165.1,115
2024-08-30T10:30:00+00:00,165.1,165.65,165.1,165.5,91
2024-08-30T10:35:00+00:00,165.4,165.5,165.3,165.4,6
2024-08-30T10:40:00+00:00,165.4,165.4,165.0,165.05,606
2024-08-30T10:45:00+00:00,165.05,165.05,165.05,165.05,24
2024-08-30T10:50:00+00:00,165.15,165.5,165.15,165.5,180
2024-08-30T10:55:00+00:00,165.4,165.45,165.0,165.0,888
2024-08-30T11:00:00+00:00,165.05,165.05,165.05,165.05,2
2024-08-30T11:05:00+00:00,165.05,165.05,165.05,165.05,6
2024-08-30T11:10:00+00:00,165.1,165.1,165.1,165.1,2
2024-08-30T11:15:00+00:00,165.05,165.15,165.05,165.1,88
2024-08-30T11:20:00+00:00,165.1,165.2,165.1,165.2,44
2024-08-30T11:25:00+00:00,165.25,165.25,165.25,165.25,1
2024-08-30T11:30:00+00:00,165.25,165.25,165.25,165.25,13
2024-08-30T11:35:00+00:00,165.2,165.25,165.15,165.15,29
2024-08-30T11:40:00+00:00,165.15,165.2,165.15,165.2,22
2024-08-30T11:45:00+00:00,165.2,165.25,165.2,165.25,4
2024-08-30T11:50:00+00:00,165.2,165.2,165.1,165.1,18
2024-08-30T11:55:00+00:00,165.1,165.2,165.1,165.2,22
2024-08-30T12:00:00+00:00,165.15,165.15,165.1,165.1,35
2024-08-30T12:10:00+00:00,165.1,165.1,165.0,165.0,2020
2024-08-30T12:15:00+00:00,165.05,165.1,165.0,165.1,176
2024-08-30T12:20:00+00:00,165.2,165.2,165.2,165.2,6
2024-08-30T12:30:00+00:00,165.2,165.5,165.2,165.5,299
2024-08-30T12:35:00+00:00,165.5,165.55,165.5,165.55,2
2024-08-30T12:40:00+00:00,165.55,165.55,165.55,165.55,11
2024-08-30T12:45:00+00:00,165.4,165.4,165.2,165.3,11
2024-08-30T12:50:00+00:00,165.25,165.3,165.1,165.3,62
2024-08-30T12:55:00+00:00,165.2,165.4,165.05,165.4,57
2024-08-30T13:00:00+00:00,165.3,165.3,165.1,165.1,28
2024-08-30T13:05:00+00:00,165.2,165.2,165.0,165.2,5491
2024-08-30T13:10:00+00:00,165.2,165.2,165.1,165.2,20
2024-08-30T13:15:00+00:00,165.3,165.5,164.0,164.5,2111
2024-08-30T13:20:00+00:00,164.5,164.55,163.75,163.75,801
2024-08-30T13:25:00+00:00,163.9,164.0,163.0,163.3,494
2024-08-30T13:30:00+00:00,163.4,163.8,163.15,163.8,55
2024-08-30T13:35:00+00:00,163.9,164.0,163.85,163.9,73
2024-08-30T13:40:00+00:00,163.8,163.8,163.05,163.4,286
2024-08-30T13:45:00+00:00,163.5,164.0,163.5,164.0,188
2024-08-30T13:50:00+00:00,163.95,163.95,163.95,163.95,14
2024-08-30T13:55:00+00:00,163.95,163.95,163.95,163.95,12
2024-08-30T14:00:00+00:00,163.95,163.95,163.9,163.9,2
2024-08-30T14:05:00+00:00,163.95,164.0,163.95,164.0,98
2024-08-30T14:10:00+00:00,164.0,164.0,164.0,164.0,73
2024-08-30T14:15:00+00:00,164.0,164.0,164.0,164.0,62
2024-08-30T14:20:00+00:00,164.0,164.0,163.9,163.9,165
2024-08-30T14:25:00+00:00,164.0,164.0,163.9,164.0,23
2024-08-30T14:30:00+00:00,163.95,164.0,163.95,163.95,25
2024-08-30T14:35:00+00:00,164.0,164.0,164.0,164.0,14
2024-08-30T14:40:00+00:00,163.95,163.95,163.7,163.7,102
2024-08-30T14:45:00+00:00,163.65,163.7,163.65,163.7,2
2024-08-30T14:50:00+00:00,163.6,163.6,163.0,163.2,506
2024-08-30T14:55:00+00:00,163.2,163.45,163.2,163.45,25
2024-08-30T15:00:00+00:00,163.45,163.45,163.45,163.45,15
2024-08-30T15:05:00+00:00,163.45,163.5,163.45,163.5,12
2024-08-30T15:10:00+00:00,163.5,163.5,162.0,162.95,3508
2024-08-30T15:15:00+00:00,163.0,163.2,162.95,163.2,86
2024-08-30T15:25:00+00:00,163.25,163.25,162.9,163.0,30
2024-08-30T15:30:00+00:00,162.95,163.55,162.9,162.95,117
2024-08-30T15:35:00+00:00,163.0,163.6,162.9,163.4,137
2024-08-30T15:45:00+00:00,163.5,163.5,163.5,163.5,3
2024-08-30T16:05:00+00:00,163.5,163.5,163.1,163.2,15
2024-08-30T16:10:00+00:00,163.3,163.7,163.3,163.7,65
2024-08-30T16:15:00+00:00,163.8,163.8,163.7,163.7,11
2024-08-30T16:30:00+00:00,163.7,163.7,162.4,162.4,311
2024-08-30T16:35:00+00:00,162.5,162.6,162.5,162.5,100
2024-08-30T16:45:00+00:00,162.6,162.6,162.6,162.6,3
2024-08-30T16:50:00+00:00,162.7,162.8,162.7,162.8,3
2024-08-30T17:00:00+00:00,162.8,163.3,162.8,163.3,51
2024-08-30T17:05:00+00:00,163.35,164.0,163.35,164.0,14
2024-08-30T17:10:00+00:00,163.8,163.8,163.8,163.8,1
2024-08-30T17:15:00+00:00,163.8,163.8,163.8,163.8,1
2024-08-30T17:20:00+00:00,163.7,163.7,163.6,163.7,4
2024-08-30T17:25:00+00:00,163.8,163.8,163.8,163.8,1
2024-08-30T17:30:00+00:00,163.6,163.6,162.55,162.8,70
2024-08-30T17:35:00+00:00,162.9,162.9,162.6,162.6,12
2024-08-30T17:40:00+00:00,162.7,162.7,162.7,162.7,2
2024-08-30T17:45:00+00:00,162.8,162.9,162.65,162.9,19
2024-08-30T17:50:00+00:00,162.95,163.0,162.95,163.0,3
2024-08-30T17:55:00+00:00,162.9,163.0,162.9,163.0,2
2024-08-30T18:00:00+00:00,162.9,162.9,162.9,162.9,1
2024-08-30T18:05:00+00:00,162.9,162.9,162.8,162.8,5
2024-08-30T18:10:00+00:00,162.8,163.0,162.8,163.0,49
2024-08-30T18:15:00+00:00,163.05,163.1,162.5,162.5,58
2024-08-30T18:20:00+00:00,162.7,162.9,162.7,162.9,6
2024-08-30T18:30:00+00:00,163.0,163.0,163.0,163.0,1
2024-08-30T18:40:00+00:00,163.0,163.5,163.0,163.35,11
2024-08-30T18:50:00+00:00,163.5,163.5,163.5,163.5,2
2024-08-30T19:00:00+00:00,163.6,163.6,163.6,163.6,2
2024-08-30T19:15:00+00:00,163.7,163.7,163.7,163.7,1
2024-08-30T19:20:00+00:00,163.7,163.7,163.7,163.7,1
2024-08-30T19:35:00+00:00,163.7,163.8,163.65,163.65,12
2024-08-30T19:40:00+00:00,163.8,163.8,163.8,163.8,2
2024-08-30T19:50:00+00:00,163.8,163.9,163.7,163.7,12
2024-08-30T19:55:00+00:00,163.8,163.9,163.7,163.7,6
2024-08-30T20:00:00+00:00,163.6,163.8,163.5,163.5,16
2024-08-30T20:05:00+00:00,163.5,163.5,163.5,163.5,1
2024-08-30T20:15:00+00:00,163.5,163.5,163.5,163.5,2
2024-08-30T20:20:00+00:00,163.5,163.5,162.8,163.0,42
2024-08-30T20:25:00+00:00,163.0,163.0,163.0,163.0,2
2024-08-30T20:30:00+00:00,163.0,163.1,162.9,163.0,14
2024-08-30T20:40:00+00:00,162.9,163.0,162.8,163.0,15
2024-08-30T20:45:00+00:00,162.8,163.1,162.8,163.0,27
2024-09-02T06:55:00+00:00,162.55,162.55,162.55,162.55,40
2024-09-02T07:00:00+00:00,162.8,162.8,161.75,161.75,82
2024-09-02T07:05:00+00:00,161.9,162.2,161.8,162.1,297
2024-09-02T07:10:00+00:00,162.1,162.1,161.95,162.1,71
2024-09-02T07:15:00+00:00,162.1,162.1,161.85,161.85,12
2024-09-02T07:20:00+00:00,162.0,162.0,161.75,161.8,66
2024-09-02T07:25:00+00:00,161.8,161.85,161.75,161.8,40
2024-09-02T07:30:00+00:00,161.75,161.8,161.75,161.8,237
2024-09-02T07:35:00+00:00,161.9,162.1,160.35,160.9,1003
2024-09-02T07:40:00+00:00,160.95,162.0,160.0,160.8,619
2024-09-02T07:45:00+00:00,160.8,161.0,160.25,160.5,101
2024-09-02T07:50:00+00:00,160.5,160.8,160.1,160.75,196
2024-09-02T07:55:00+00:00,160.7,160.85,160.7,160.8,14
2024-09-02T08:00:00+00:00,160.8,161.25,160.7,161.0,121
2024-09-02T08:05:00+00:00,161.0,161.05,161.0,161.05,5
2024-09-02T08:10:00+00:00,161.0,161.0,160.9,161.0,10
2024-09-02T08:15:00+00:00,160.9,160.95,160.0,160.0,818
2024-09-02T08:20:00+00:00,160.1,160.5,160.0,160.35,64
2024-09-02T08:25:00+00:00,160.2,160.2,160.0,160.15,50
2024-09-02T08:30:00+00:00,160.2,160.2,158.25,158.25,713
2024-09-02T08:35:00+00:00,158.4,159.2,157.2,158.6,1385
2024-09-02T08:40:00+00:00,158.5,158.65,158.4,158.65,203
2024-09-02T08:45:00+00:00,158.65,158.7,158.45,158.45,580
2024-09-02T08:50:00+00:00,158.6,158.7,157.85,157.85,319
2024-09-02T08:55:00+00:00,158.0,159.1,158.0,159.1,151
2024-09-02T09:00:00+00:00,159.1,159.1,158.15,158.15,85
2024-09-02T09:05:00+00:00,158.1,158.7,157.8,158.2,680
2024-09-02T09:10:00+00:00,158.1,158.6,157.8,158.3,127
2024-09-02T09:15:00+00:00,158.3,158.8,158.25,158.8,63
2024-09-02T09:20:00+00:00,158.8,158.8,158.0,158.7,120
2024-09-02T09:25:00+00:00,158.7,159.1,158.7,159.0,9
2024-09-02T09:30:00+00:00,159.1,159.3,159.0,159.3,18
2024-09-02T09:35:00+00:00,159.25,159.4,158.05,158.05,132
2024-09-02T09:40:00+00:00,158.2,159.95,158.2,159.8,217
2024-09-02T09:45:00+00:00,159.9,159.95,159.9,159.95,11
2024-09-02T09:50:00+00:00,159.8,159.85,159.7,159.85,8
2024-09-02T09:55:00+00:00,159.85,159.85,159.7,159.85,25
2024-09-02T10:00:00+00:00,159.9,160.0,159.85,160.0,107
2024-09-02T10:05:00+00:00,160.0,160.0,159.85,159.85,13
2024-09-02T10:10:00+00:00,160.0,160.0,160.0,160.0,59
2024-09-02T10:15:00+00:00,160.0,160.0,160.0,160.0,67
2024-09-02T10:20:00+00:00,160.0,160.0,159.85,160.0,77
2024-09-02T10:25:00+00:00,159.85,159.9,159.8,159.9,22
2024-09-02T10:30:00+00:00,160.0,160.0,160.0,160.0,35
2024-09-02T10:35:00+00:00,160.0,160.0,160.0,160.0,1
2024-09-02T10:40:00+00:00,160.0,160.0,160.0,160.0,17
2024-09-02T10:45:00+00:00,160.0,160.0,160.0,160.0,1
2024-09-02T10:50:00+00:00,160.0,160.0,160.0,160.0,17
2024-09-02T10:55:00+00:00,160.0,160.0,159.75,159.75,18
2024-09-02T11:00:00+00:00,159.9,160.0,159.9,160.0,40
2024-09-02T11:05:00+00:00,160.0,160.0,159.8,159.95,8
2024-09-02T11:10:00+00:00,159.8,159.8,159.8,159.8,1
2024-09-02T11:15:00+00:00,159.8,159.8,159.8,159.8,8
2024-09-02T11:20:00+00:00,159.75,159.75,159.7,159.7,10
2024-09-02T11:25:00+00:00,159.9,159.95,159.9,159.95,22
2024-09-02T11:30:00+00:00,159.95,159.95,159.95,159.95,2
2024-09-02T11:35:00+00:00,159.9,159.9,159.7,159.7,28
2024-09-02T11:40:00+00:00,159.7,159.8,159.7,159.8,36
2024-09-02T11:45:00+00:00,159.7,159.7,158.9,158.9,67
2024-09-02T11:50:00+00:00,158.9,159.2,158.8,159.1,36
2024-09-02T11:55:00+00:00,159.1,159.1,159.0,159.1,6
2024-09-02T12:00:00+00:00,159.1,159.1,159.1,159.1,1
2024-09-02T12:05:00+00:00,159.0,159.0,159.0,159.0,4
2024-09-02T12:10:00+00:00,159.0,159.0,159.0,159.0,32
2024-09-02T12:15:00+00:00,158.95,158.95,158.95,158.95,3
2024-09-02T12:20:00+00:00,158.95,158.95,158.8,158.8,8
2024-09-02T12:25:00+00:00,158.7,158.7,158.3,158.3,55
2024-09-02T12:30:00+00:00,158.2,158.2,158.15,158.2,22
2024-09-02T12:35:00+00:00,158.2,158.2,158.15,158.15,5
2024-09-02T12:40:00+00:00,158.15,158.3,158.15,158.3,3
2024-09-02T12:45:00+00:00,158.4,158.5,158.15,158.3,65
2024-09-02T12:50:00+00:00,158.3,158.5,158.3,158.3,14
2024-09-02T12:55:00+00:00,158.5,158.5,158.5,158.5,3
2024-09-02T13:00:00+00:00,158.55,158.8,158.55,158.8,15
2024-09-02T13:10:00+00:00,158.8,158.8,158.5,158.5,12
2024-09-02T13:15:00+00:00,158.6,158.6,158.5,158.5,2
2024-09-02T13:20:00+00:00,158.5,158.5,158.5,158.5,16
2024-09-02T13:25:00+00:00,158.4,158.4,158.0,158.1,106
2024-09-02T13:30:00+00:00,158.0,158.0,158.0,158.0,18
2024-09-02T13:35:00+00:00,158.0,158.0,157.9,157.9,89
2024-09-02T13:40:00+00:00,157.9,158.05,157.9,158.05,40
2024-09-02T13:45:00+00:00,158.1,158.5,158.1,158.2,34
2024-09-02T13:50:00+00:00,158.1,158.2,158.1,158.1,4
2024-09-02T13:55:00+00:00,158.1,158.2,158.1,158.2,13
2024-09-02T14:00:00+00:00,158.2,158.4,158.2,158.4,5
2024-09-02T14:05:00+00:00,158.5,158.7,158.05,158.2,74
2024-09-02T14:10:00+00:00,158.2,158.4,158.2,158.4,7
2024-09-02T14:15:00+00:00,158.5,158.5,158.5,158.5,1
2024-09-02T14:20:00+00:00,158.5,158.95,158.5,158.95,18
2024-09-02T14:25:00+00:00,158.95,159.0,158.95,159.0,47
2024-09-02T14:30:00+00:00,159.1,159.1,158.9,158.9,117
2024-09-02T14:35:00+00:00,158.8,158.8,158.05,158.2,72
2024-09-02T14:40:00+00:00,158.3,158.3,158.1,158.2,35
2024-09-02T14:45:00+00:00,158.2,158.45,158.2,158.45,6
2024-09-02T14:50:00+00:00,158.45,158.45,158.45,158.45,2
2024-09-02T14:55:00+00:00,158.3,158.35,158.2,158.35,23
2024-09-02T15:00:00+00:00,158.35,158.4,158.35,158.4,10
2024-09-02T15:05:00+00:00,158.45,158.6,158.45,158.6,10
2024-09-02T15:10:00+00:00,158.5,158.5,158.3,158.4,8
2024-09-02T15:15:00+00:00,158.4,158.45,158.35,158.35,20
2024-09-02T15:20:00+00:00,158.35,158.5,158.35,158.5,4
2024-09-02T15:25:00+00:00,158.55,158.7,158.55,158.7,33
2024-09-02T15:30:00+00:00,158.7,159.1,158.7,158.9,48
2024-09-02T15:35:00+00:00,159.0,159.0,158.9,159.0,74
2024-09-02T15:45:00+00:00,159.0,159.0,159.0,159.0,8
2024-09-02T16:00:00+00:00,159.0,159.0,159.0,159.0,11
2024-09-02T16:10:00+00:00,158.9,158.9,158.9,158.9,1
2024-09-02T16:20:00+00:00,158.9,158.9,158.7,158.8,15
2024-09-02T16:25:00+00:00,158.9,159.0,158.8,158.8,13
2024-09-02T16:30:00+00:00,158.7,159.0,158.7,159.0,45
2024-09-02T16:40:00+00:00,159.0,159.0,159.0,159.0,2
2024-09-02T16:45:00+00:00,159.0,159.0,158.6,158.7,28
2024-09-02T16:50:00+00:00,158.7,158.7,158.7,158.7,6
2024-09-02T16:55:00+00:00,158.6,158.6,158.6,158.6,5
2024-09-02T17:00:00+00:00,158.7,158.7,158.7,158.7,7
2024-09-02T17:05:00+00:00,158.7,158.7,158.5,158.5,19
2024-09-02T17:10:00+00:00,158.5,158.5,158.5,158.5,4
2024-09-02T17:25:00+00:00,158.6,158.6,158.6,158.6,5
2024-09-02T17:30:00+00:00,158.7,159.65,158.7,159.3,169
2024-09-02T17:35:00+00:00,159.35,159.35,159.1,159.1,14
2024-09-02T17:40:00+00:00,159.0,159.0,158.9,159.0,4
2024-09-02T17:45:00+00:00,159.0,159.0,159.0,159.0,20
2024-09-02T17:50:00+00:00,159.0,159.1,159.0,159.1,3
2024-09-02T17:55:00+00:00,159.1,159.1,159.1,159.1,1
2024-09-02T18:05:00+00:00,159.1,159.1,159.1,159.1,16
2024-09-02T18:10:00+00:00,159.1,159.1,159.1,159.1,7
2024-09-02T18:15:00+00:00,159.1,159.1,159.1,159.1,1
2024-09-02T18:30:00+00:00,159.1,159.2,159.1,159.2,7
2024-09-02T18:40:00+00:00,159.3,159.3,159.3,159.3,1
2024-09-02T18:45:00+00:00,159.2,159.3,159.2,159.3,6
2024-09-02T18:50:00+00:00,159.3,159.3,159.3,159.3,1
2024-09-02T19:05:00+00:00,159.25,159.4,159.25,159.4,7
2024-09-02T19:10:00+00:00,159.5,159.8,159.5,159.8,24
2024-09-02T19:15:00+00:00,159.9,159.9,159.9,159.9,5
2024-09-02T19:20:00+00:00,159.8,159.8,159.7,159.8,7
2024-09-02T19:25:00+00:00,159.75,159.75,159.75,159.75,14
2024-09-02T19:30:00+00:00,159.7,159.7,159.7,159.7,1
2024-09-02T19:35:00+00:00,159.6,159.6,159.6,159.6,2
2024-09-02T19:45:00+00:00,159.5,159.6,159.5,159.6,3
2024-09-02T19:55:00+00:00,159.6,159.6,159.6,159.6,2
2024-09-02T20:00:00+00:00,159.6,159.6,159.6,159.6,2
2024-09-02T20:05:00+00:00,159.6,159.7,159.6,159.6,4
2024-09-02T20:15:00+00:00,159.75,159.9,159.75,159.9,21
2024-09-02T20:20:00+00:00,159.9,159.9,159.7,159.7,27
2024-09-02T20:30:00+00:00,159.7,159.7,159.3,159.5,67
2024-09-02T20:45:00+00:00,159.45,159.45,159.2,159.2,27
2024-09-03T06:55:00+00:00,159.95,159.95,159.95,159.95,20
2024-09-03T07:00:00+00:00,160.0,160.6,160.0,160.5,23
2024-09-03T07:05:00+00:00,160.6,160.9,160.3,160.5,66
2024-09-03T07:10:00+00:00,160.4,160.7,160.0,160.1,32
2024-09-03T07:15:00+00:00,160.1,160.15,159.6,159.6,40
2024-09-03T07:20:00+00:00,159.7,159.8,159.7,159.8,3
2024-09-03T07:25:00+00:00,159.7,159.7,158.75,158.75,30
2024-09-03T07:30:00+00:00,158.9,159.0,158.9,159.0,4
2024-09-03T07:35:00+00:00,159.1,159.1,159.1,159.1,2
2024-09-03T07:40:00+00:00,159.1,159.1,158.75,159.0,38
2024-09-03T07:45:00+00:00,158.9,158.9,158.9,158.9,1
2024-09-03T07:50:00+00:00,158.8,158.8,158.5,158.8,35
2024-09-03T07:55:00+00:00,158.8,158.9,158.4,158.9,20
2024-09-03T08:00:00+00:00,159.0,159.3,159.0,159.3,15
2024-09-03T08:05:00+00:00,159.2,159.4,159.2,159.4,5
2024-09-03T08:10:00+00:00,159.5,159.5,157.35,157.5,264
2024-09-03T08:15:00+00:00,157.4,157.9,156.2,157.15,313
2024-09-03T08:20:00+00:00,157.2,158.1,157.2,158.1,183
2024-09-03T08:25:00+00:00,158.0,158.0,157.7,157.7,73
2024-09-03T08:30:00+00:00,157.8,158.2,157.8,158.1,557
2024-09-03T08:35:00+00:00,158.1,158.3,157.0,158.3,1126
2024-09-03T08:40:00+00:00,158.3,158.3,158.3,158.3,566
2024-09-03T08:45:00+00:00,158.25,158.3,157.55,157.9,85
2024-09-03T08:50:00+00:00,158.0,158.05,156.7,157.9,933
2024-09-03T08:55:00+00:00,158.0,159.65,158.0,159.4,301
2024-09-03T09:00:00+00:00,159.4,159.9,159.4,159.4,636
2024-09-03T09:05:00+00:00,159.4,159.4,158.3,158.4,848
2024-09-03T09:10:00+00:00,158.4,158.5,158.4,158.5,54
2024-09-03T09:15:00+00:00,158.4,158.4,157.8,158.1,1317
2024-09-03T09:20:00+00:00,158.2,158.5,158.2,158.5,34
2024-09-03T09:25:00+00:00,158.4,159.15,158.1,158.1,99
2024-09-03T09:30:00+00:00,158.2,159.0,158.2,158.9,27
2024-09-03T09:35:00+00:00,159.0,159.2,158.4,159.0,66
2024-09-03T09:40:00+00:00,159.05,159.05,158.9,159.0,187
2024-09-03T09:45:00+00:00,159.0,159.2,158.8,158.8,203
2024-09-03T09:50:00+00:00,158.8,159.35,158.8,159.1,206
2024-09-03T09:55:00+00:00,159.0,159.0,158.75,158.75,14
2024-09-03T10:00:00+00:00,158.75,159.0,158.75,158.9,14
2024-09-03T10:05:00+00:00,158.8,159.0,158.8,159.0,12
2024-09-03T10:10:00+00:00,158.95,158.95,158.85,158.85,41
2024-09-03T10:15:00+00:00,159.0,159.1,159.0,159.1,65
2024-09-03T10:20:00+00:00,159.1,159.1,159.1,159.1,1
2024-09-03T10:25:00+00:00,159.1,159.1,158.8,159.0,53
2024-09-03T10:30:00+00:00,159.0,162.25,159.0,160.2,3164
2024-09-03T10:35:00+00:00,160.25,160.3,158.8,159.0,637
2024-09-03T10:40:00+00:00,159.1,159.2,158.7,159.0,68
2024-09-03T10:45:00+00:00,159.0,159.5,158.7,159.4,187
2024-09-03T10:50:00+00:00,159.3,159.8,159.15,159.6,196
2024-09-03T10:55:00+00:00,159.6,160.0,158.95,160.0,360
2024-09-03T11:00:00+00:00,160.05,160.05,159.45,159.45,470
2024-09-03T11:05:00+00:00,159.45,159.6,158.35,158.35,255
2024-09-03T11:10:00+00:00,158.35,158.45,158.3,158.3,81
2024-09-03T11:15:00+00:00,158.3,158.3,157.8,158.1,1403
2024-09-03T11:20:00+00:00,158.0,158.2,157.95,158.2,15
2024-09-03T11:25:00+00:00,158.3,158.8,158.3,158.7,14
2024-09-03T11:30:00+00:00,158.7,158.7,158.2,158.2,11
2024-09-03T11:35:00+00:00,158.3,158.3,158.3,158.3,1
2024-09-03T11:40:00+00:00,158.2,158.2,157.9,158.2,48
2024-09-03T11:45:00+00:00,158.2,158.45,158.1,158.2,53
2024-09-03T11:50:00+00:00,158.3,158.3,157.8,157.8,525
2024-09-03T11:55:00+00:00,157.8,158.0,157.8,158.0,51
2024-09-03T12:00:00+00:00,157.9,158.05,157.9,158.05,8
2024-09-03T12:05:00+00:00,158.0,158.0,157.3,157.5,1206
2024-09-03T12:10:00+00:00,157.6,157.6,157.55,157.6,7
2024-09-03T12:15:00+00:00,157.5,157.5,156.8,156.8,482
2024-09-03T12:20:00+00:00,157.0,157.0,156.55,156.8,133
2024-09-03T12:25:00+00:00,156.8,157.1,156.8,157.1,249
2024-09-03T12:30:00+00:00,157.2,157.5,157.2,157.4,10
2024-09-03T12:35:00+00:00,157.5,157.55,157.3,157.4,11
2024-09-03T12:40:00+00:00,157.5,157.55,156.4,156.6,578
2024-09-03T12:45:00+00:00,156.55,156.7,156.5,156.7,169
2024-09-03T12:50:00+00:00,156.6,156.6,155.65,156.2,2035
2024-09-03T12:55:00+00:00,156.1,156.1,155.6,155.8,157
2024-09-03T13:00:00+00:00,155.95,156.2,155.95,156.2,14
2024-09-03T13:05:00+00:00,156.3,156.5,156.15,156.5,24
2024-09-03T13:10:00+00:00,156.4,156.8,156.3,156.8,73
2024-09-03T13:15:00+00:00,156.7,157.05,156.4,156.4,151
2024-09-03T13:20:00+00:00,156.3,156.3,156.2,156.3,6
2024-09-03T13:25:00+00:00,156.4,156.4,156.2,156.2,42
2024-09-03T13:30:00+00:00,156.3,156.4,156.1,156.2,18
2024-09-03T13:35:00+00:00,156.3,156.3,156.0,156.3,153
2024-09-03T13:40:00+00:00,156.2,157.0,155.3,157.0,614
2024-09-03T13:45:00+00:00,157.0,157.0,156.6,156.6,10
2024-09-03T13:50:00+00:00,156.7,156.8,155.4,155.9,2738
2024-09-03T13:55:00+00:00,156.0,156.0,155.8,155.8,13
2024-09-03T14:00:00+00:00,155.9,156.3,155.3,155.5,239
2024-09-03T14:05:00+00:00,155.4,156.0,155.2,155.3,180
2024-09-03T14:10:00+00:00,155.4,155.4,153.95,154.6,1467
2024-09-03T14:15:00+00:00,154.7,155.45,154.6,154.8,233
2024-09-03T14:20:00+00:00,154.8,154.8,153.95,154.1,244
2024-09-03T14:25:00+00:00,154.2,154.4,154.1,154.4,33
2024-09-03T14:30:00+00:00,154.2,154.25,153.95,154.25,269
2024-09-03T14:35:00+00:00,154.3,154.3,154.3,154.3,3
2024-09-03T14:40:00+00:00,154.3,154.3,154.25,154.25,5
2024-09-03T14:45:00+00:00,154.25,154.25,153.9,153.9,81
2024-09-03T14:50:00+00:00,153.9,154.0,151.0,153.0,1232
2024-09-03T14:55:00+00:00,153.0,153.0,152.95,153.0,43
2024-09-03T15:00:00+00:00,153.0,153.0,153.0,153.0,57
2024-09-03T15:05:00+00:00,152.95,153.0,152.2,152.25,135
2024-09-03T15:10:00+00:00,152.2,152.2,151.9,152.1,209
2024-09-03T15:15:00+00:00,152.1,152.7,152.0,152.1,256
2024-09-03T15:20:00+00:00,152.1,152.1,151.95,151.95,37
2024-09-03T15:25:00+00:00,151.9,152.5,151.9,152.35,105
2024-09-03T15:30:00+00:00,152.3,152.3,151.9,151.9,201
2024-09-03T15:35:00+00:00,152.0,152.1,151.9,152.1,7
2024-09-03T15:45:00+00:00,152.1,152.1,152.1,152.1,10
2024-09-03T16:00:00+00:00,152.2,152.2,152.2,152.2,7
2024-09-03T16:05:00+00:00,152.2,152.3,152.1,152.3,6
2024-09-03T16:10:00+00:00,152.4,153.0,152.4,153.0,51
2024-09-03T16:15:00+00:00,153.0,153.0,152.8,152.9,16
2024-09-03T16:20:00+00:00,153.0,153.0,153.0,153.0,101
2024-09-03T16:25:00+00:00,153.0,153.0,153.0,153.0,13
2024-09-03T16:30:00+00:00,152.9,152.9,152.8,152.9,21
2024-09-03T16:35:00+00:00,152.8,152.95,152.8,152.95,47
2024-09-03T16:40:00+00:00,152.95,152.95,152.95,152.95,13
2024-09-03T16:45:00+00:00,152.95,153.0,152.95,153.0,16
2024-09-03T16:50:00+00:00,153.0,153.0,152.95,153.0,10
2024-09-03T16:55:00+00:00,153.0,153.0,152.8,152.8,180
2024-09-03T17:05:00+00:00,153.0,153.0,153.0,153.0,148
2024-09-03T17:10:00+00:00,153.0,153.0,153.0,153.0,7
2024-09-03T17:15:00+00:00,153.0,153.0,153.0,153.0,5
2024-09-03T17:20:00+00:00,153.0,153.0,151.85,152.65,1014
2024-09-03T17:30:00+00:00,152.0,152.5,152.0,152.5,17
2024-09-03T17:35:00+00:00,152.45,152.45,152.45,152.45,8
2024-09-03T17:40:00+00:00,152.45,152.45,152.2,152.2,25
2024-09-03T17:45:00+00:00,152.2,152.4,152.2,152.4,150
2024-09-03T17:50:00+00:00,152.4,152.45,152.4,152.45,88
2024-09-03T17:55:00+00:00,152.45,152.45,152.4,152.45,25
2024-09-03T18:00:00+00:00,152.5,152.55,152.5,152.55,19
2024-09-03T18:05:00+00:00,152.55,153.0,152.55,153.0,137
2024-09-03T18:10:00+00:00,152.95,153.0,152.9,153.0,1400
2024-09-03T18:15:00+00:00,153.0,153.0,152.6,152.7,343
2024-09-03T18:20:00+00:00,152.7,152.7,152.7,152.7,1
2024-09-03T18:25:00+00:00,152.8,153.0,152.65,152.8,454
2024-09-03T18:30:00+00:00,152.9,153.0,152.7,153.0,1147
2024-09-03T18:35:00+00:00,153.0,153.0,152.9,153.0,72
2024-09-03T18:40:00+00:00,153.0,153.0,153.0,153.0,230
2024-09-03T18:45:00+00:00,153.0,153.0,153.0,153.0,145
2024-09-03T18:50:00+00:00,153.0,153.0,153.0,153.0,100
2024-09-03T18:55:00+00:00,153.0,153.0,153.0,153.0,283
2024-09-03T19:00:00+00:00,153.0,153.3,153.0,153.3,50
2024-09-03T19:05:00+00:00,153.4,153.4,153.4,153.4,2
2024-09-03T19:10:00+00:00,153.4,153.8,153.4,153.7,12
2024-09-03T19:15:00+00:00,153.6,153.6,153.6,153.6,3
2024-09-03T19:20:00+00:00,153.6,153.6,153.6,153.6,16
2024-09-03T19:25:00+00:00,153.5,153.5,153.5,153.5,4
2024-09-03T19:30:00+00:00,153.5,153.5,152.4,153.4,1037
2024-09-03T19:40:00+00:00,153.4,153.45,153.4,153.45,2
2024-09-03T19:45:00+00:00,153.0,153.3,152.55,153.3,58
2024-09-03T19:50:00+00:00,153.35,153.6,153.35,153.6,18
2024-09-03T19:55:00+00:00,153.6,153.6,153.0,153.2,37
2024-09-03T20:00:00+00:00,153.3,153.3,153.3,153.3,2
2024-09-03T20:05:00+00:00,153.2,153.4,153.2,153.4,2
2024-09-03T20:10:00+00:00,153.4,153.4,153.4,153.4,1
2024-09-03T20:15:00+00:00,153.45,153.45,153.45,153.45,1
2024-09-03T20:20:00+00:00,153.4,153.4,153.3,153.3,4
2024-09-03T20:25:00+00:00,153.25,153.25,153.25,153.25,1
2024-09-03T20:30:00+00:00,153.4,153.9,153.4,153.9,11
2024-09-03T20:40:00+00:00,153.9,153.9,153.9,153.9,2
2024-09-03T20:45:00+00:00,153.85,153.85,153.85,153.85,10
2024-09-04T06:55:00+00:00,154.0,154.0,154.0,154.0,104
2024-09-04T07:00:00+00:00,154.0,154.2,153.7,153.8,295
2024-09-04T07:05:00+00:00,153.8,153.8,153.2,153.4,113
2024-09-04T07:10:00+00:00,153.4,153.5,153.4,153.5,166
2024-09-04T07:15:00+00:00,153.5,154.0,153.5,154.0,83
2024-09-04T07:20:00+00:00,154.0,154.0,153.45,153.45,658
2024-09-04T07:25:00+00:00,153.4,153.4,153.0,153.0,245
2024-09-04T07:30:00+00:00,153.2,153.25,153.0,153.25,75
2024-09-04T07:35:00+00:00,153.3,153.3,153.3,153.3,14
2024-09-04T07:40:00+00:00,153.3,153.3,153.15,153.3,9
2024-09-04T07:45:00+00:00,153.25,153.3,153.25,153.3,17
2024-09-04T07:50:00+00:00,153.3,153.4,153.0,153.0,265
2024-09-04T07:55:00+00:00,153.2,153.5,153.2,153.3,32
2024-09-04T08:00:00+00:00,153.4,153.5,153.3,153.45,35
2024-09-04T08:05:00+00:00,153.45,153.5,153.0,153.0,391
2024-09-04T08:10:00+00:00,153.1,154.0,153.0,154.0,272
2024-09-04T08:15:00+00:00,154.0,154.1,153.8,154.1,133
2024-09-04T08:20:00+00:00,154.0,154.1,153.55,153.6,110
2024-09-04T08:25:00+00:00,153.6,153.7,153.55,153.7,35
2024-09-04T08:30:00+00:00,153.6,153.75,153.6,153.7,17
2024-09-04T08:35:00+00:00,153.8,154.0,153.8,154.0,81
2024-09-04T08:40:00+00:00,154.0,154.1,154.0,154.0,133
2024-09-04T08:45:00+00:00,154.1,154.1,153.75,153.75,27
2024-09-04T08:50:00+00:00,153.85,153.95,153.7,153.95,19
2024-09-04T08:55:00+00:00,153.95,154.0,153.7,153.7,37
2024-09-04T09:00:00+00:00,153.85,153.85,153.85,153.85,5
2024-09-04T09:05:00+00:00,153.75,153.75,152.65,152.9,915
2024-09-04T09:10:00+00:00,153.0,153.3,153.0,153.2,56
2024-09-04T09:20:00+00:00,153.3,153.5,152.15,152.8,926
2024-09-04T09:25:00+00:00,152.8,152.8,152.5,152.5,24
2024-09-04T09:30:00+00:00,152.6,152.6,152.45,152.6,121
2024-09-04T09:35:00+00:00,152.6,153.2,152.6,153.2,52
2024-09-04T09:40:00+00:00,153.3,153.5,153.3,153.4,23
2024-09-04T09:45:00+00:00,153.45,153.45,153.45,153.45,4
2024-09-04T09:50:00+00:00,153.5,153.5,153.35,153.5,8
2024-09-04T09:55:00+00:00,153.45,153.6,153.45,153.6,29
2024-09-04T10:00:00+00:00,153.5,153.55,153.3,153.3,12
2024-09-04T10:05:00+00:00,153.25,153.3,153.0,153.3,113
2024-09-04T10:10:00+00:00,153.2,153.55,153.2,153.55,97
2024-09-04T10:15:00+00:00,153.55,153.8,153.55,153.6,40
2024-09-04T10:20:00+00:00,153.6,153.6,153.2,153.2,52
2024-09-04T10:25:00+00:00,153.3,153.5,153.3,153.4,41
2024-09-04T10:30:00+00:00,153.5,153.85,153.5,153.85,455
2024-09-04T10:35:00+00:00,153.85,153.85,153.5,153.8,24
2024-09-04T10:40:00+00:00,153.7,153.7,152.75,152.75,312
2024-09-04T10:45:00+00:00,152.7,153.0,152.7,153.0,32
2024-09-04T10:50:00+00:00,153.1,153.1,153.1,153.1,5
2024-09-04T10:55:00+00:00,153.2,153.4,152.95,153.1,31
2024-09-04T11:00:00+00:00,153.0,153.0,153.0,153.0,456
2024-09-04T11:05:00+00:00,153.1,153.85,153.1,153.85,310
2024-09-04T11:10:00+00:00,153.85,153.95,153.0,153.4,1182
2024-09-04T11:15:00+00:00,153.4,153.5,153.4,153.4,19
2024-09-04T11:20:00+00:00,153.4,153.45,153.35,153.45,11
2024-09-04T11:25:00+00:00,153.45,153.65,153.45,153.5,29
2024-09-04T11:30:00+00:00,153.6,153.6,152.3,152.8,3965
2024-09-04T11:35:00+00:00,152.8,153.5,152.8,153.3,53
2024-09-04T11:40:00+00:00,153.2,153.6,153.2,153.3,113
2024-09-04T11:45:00+00:00,153.3,153.5,153.3,153.3,13
2024-09-04T11:50:00+00:00,153.2,153.7,153.2,153.35,47
2024-09-04T11:55:00+00:00,153.3,153.3,153.0,153.25,50
2024-09-04T12:00:00+00:00,153.25,153.25,152.1,152.35,840
2024-09-04T12:05:00+00:00,152.4,153.65,152.4,153.6,306
2024-09-04T12:10:00+00:00,153.5,153.8,153.3,153.8,295
2024-09-04T12:15:00+00:00,153.8,153.95,153.8,153.95,124
2024-09-04T12:20:00+00:00,153.8,153.9,153.8,153.9,74
2024-09-04T12:25:00+00:00,153.8,153.9,153.7,153.7,41
2024-09-04T12:30:00+00:00,153.6,153.6,153.0,153.3,356
2024-09-04T12:35:00+00:00,153.3,153.3,153.0,153.0,175
2024-09-04T12:40:00+00:00,153.2,153.7,153.2,153.6,55
2024-09-04T12:45:00+00:00,153.55,153.75,153.4,153.4,217
2024-09-04T12:50:00+00:00,153.5,153.5,153.25,153.25,49
2024-09-04T12:55:00+00:00,153.4,153.4,153.3,153.4,3
2024-09-04T13:05:00+00:00,153.4,154.0,153.4,154.0,145
2024-09-04T13:10:00+00:00,153.95,153.95,153.7,153.85,113
2024-09-04T13:15:00+00:00,153.85,153.85,153.85,153.85,1
2024-09-04T13:20:00+00:00,153.85,154.0,153.85,153.95,102
2024-09-04T13:25:00+00:00,153.85,153.85,153.7,153.85,39
2024-09-04T13:30:00+00:00,153.7,153.7,153.35,153.35,22
2024-09-04T13:40:00+00:00,153.45,153.5,153.4,153.5,103
2024-09-04T13:45:00+00:00,153.5,153.5,153.5,153.5,17
2024-09-04T13:50:00+00:00,153.5,153.5,153.5,153.5,1
2024-09-04T13:55:00+00:00,153.5,153.5,153.4,153.4,3
2024-09-04T14:00:00+00:00,153.5,153.5,153.5,153.5,2
2024-09-04T14:05:00+00:00,153.6,153.75,153.6,153.75,16
2024-09-04T14:10:00+00:00,153.75,153.75,153.75,153.75,2
2024-09-04T14:15:00+00:00,153.75,153.75,153.65,153.65,4
2024-09-04T14:20:00+00:00,153.75,153.75,153.65,153.65,12
2024-09-04T14:25:00+00:00,153.75,153.75,153.75,153.75,9
2024-09-04T14:30:00+00:00,153.75,153.8,153.75,153.75,110
2024-09-04T14:35:00+00:00,153.8,153.8,153.7,153.7,177
2024-09-04T14:40:00+00:00,153.75,153.75,153.7,153.75,23
2024-09-04T14:45:00+00:00,153.75,153.8,153.75,153.8,152
2024-09-04T14:50:00+00:00,153.8,153.8,153.65,153.8,41
2024-09-04T14:55:00+00:00,153.8,153.8,153.7,153.7,28
2024-09-04T15:00:00+00:00,153.8,153.9,153.8,153.9,38
2024-09-04T15:05:00+00:00,153.9,153.9,153.9,153.9,11
2024-09-04T15:10:00+00:00,153.9,153.9,153.9,153.9,6
2024-09-04T15:15:00+00:00,153.9,153.9,153.85,153.85,6
2024-09-04T15:20:00+00:00,153.8,153.85,153.75,153.8,48
2024-09-04T15:25:00+00:00,153.8,153.8,153.6,153.8,133
2024-09-04T15:30:00+00:00,153.7,153.9,153.7,153.9,180
2024-09-04T15:35:00+00:00,153.95,154.0,153.9,154.0,135
2024-09-04T15:45:00+00:00,152.35,152.35,152.35,152.35,1437
2024-09-04T16:00:00+00:00,152.95,152.95,152.95,152.95,12
2024-09-04T16:05:00+00:00,153.0,154.2,153.0,154.0,787
2024-09-04T16:10:00+00:00,154.0,154.25,153.95,154.2,63
2024-09-04T16:15:00+00:00,154.25,154.55,154.25,154.5,451
2024-09-04T16:20:00+00:00,154.55,154.6,154.5,154.6,87
2024-09-04T16:25:00+00:00,154.6,154.8,154.6,154.8,160
2024-09-04T16:30:00+00:00,154.8,154.8,154.7,154.8,67
2024-09-04T16:35:00+00:00,154.9,155.05,154.9,155.05,195
2024-09-04T16:40:00+00:00,155.1,155.1,155.0,155.1,16
2024-09-04T16:45:00+00:00,155.05,155.1,154.95,155.1,570
2024-09-04T16:50:00+00:00,155.1,155.1,155.05,155.05,111
2024-09-04T16:55:00+00:00,155.05,155.1,154.95,155.0,43
2024-09-04T17:00:00+00:00,155.0,155.0,154.6,154.65,314
2024-09-04T17:05:00+00:00,154.75,154.9,154.75,154.9,16
2024-09-04T17:10:00+00:00,154.95,154.95,154.8,154.95,89
2024-09-04T17:15:00+00:00,155.0,155.0,154.9,154.9,9
2024-09-04T17:20:00+00:00,154.8,154.8,154.5,154.5,85
2024-09-04T17:25:00+00:00,154.5,154.6,154.5,154.6,20
2024-09-04T17:30:00+00:00,154.7,155.0,154.7,155.0,128
2024-09-04T17:35:00+00:00,155.0,155.0,155.0,155.0,2
2024-09-04T17:40:00+00:00,155.0,155.05,155.0,155.05,17
2024-09-04T17:45:00+00:00,155.0,155.05,155.0,155.0,14
2024-09-04T17:50:00+00:00,155.0,155.0,155.0,155.0,2
2024-09-04T17:55:00+00:00,155.0,155.2,155.0,155.2,146
2024-09-04T18:00:00+00:00,155.2,155.2,155.15,155.15,13
2024-09-04T18:05:00+00:00,155.2,155.2,155.2,155.2,2
2024-09-04T18:15:00+00:00,155.1,155.15,155.1,155.15,3
2024-09-04T18:20:00+00:00,155.15,155.15,155.15,155.15,3
2024-09-04T18:25:00+00:00,155.15,155.3,155.15,155.3,41
2024-09-04T18:30:00+00:00,155.25,155.25,155.05,155.05,41
2024-09-04T18:35:00+00:00,155.0,155.0,155.0,155.0,1
2024-09-04T18:40:00+00:00,155.0,155.0,153.8,154.1,2758
2024-09-04T18:45:00+00:00,154.1,154.85,153.6,154.3,2119
2024-09-04T18:50:00+00:00,154.4,154.9,154.4,154.85,123
2024-09-04T18:55:00+00:00,154.9,155.05,154.9,155.05,8
2024-09-04T19:00:00+00:00,155.1,155.25,154.7,155.25,128
2024-09-04T19:05:00+00:00,155.1,155.1,154.8,154.8,99
2024-09-04T19:10:00+00:00,154.9,155.0,154.8,154.8,162
2024-09-04T19:15:00+00:00,154.8,155.0,154.8,154.9,83
2024-09-04T19:20:00+00:00,155.0,155.0,154.9,154.9,19
2024-09-04T19:25:00+00:00,154.9,155.0,154.9,155.0,34
2024-09-04T19:30:00+00:00,155.0,155.0,155.0,155.0,2
2024-09-04T19:35:00+00:00,155.0,155.2,155.0,155.2,180
2024-09-04T19:40:00+00:00,155.2,155.2,155.0,155.0,6
2024-09-04T19:45:00+00:00,155.05,155.3,155.0,155.3,140
2024-09-04T19:50:00+00:00,155.3,155.3,155.3,155.3,10
2024-09-04T19:55:00+00:00,155.3,155.3,154.85,154.85,85
2024-09-04T20:00:00+00:00,155.0,155.3,154.8,154.8,129
2024-09-04T20:05:00+00:00,155.0,155.45,155.0,155.45,98
2024-09-04T20:15:00+00:00,155.45,155.6,155.45,155.6,219
2024-09-04T20:20:00+00:00,155.55,155.55,155.4,155.4,3
2024-09-04T20:25:00+00:00,155.4,155.5,155.4,155.45,9
2024-09-04T20:30:00+00:00,155.4,155.7,155.3,155.65,287
2024-09-04T20:35:00+00:00,155.65,155.65,155.65,155.65,1
2024-09-04T20:40:00+00:00,155.6,155.65,155.6,155.65,58
2024-09-04T20:45:00+00:00,155.65,155.65,154.6,155.5,108
2024-09-05T06:55:00+00:00,155.65,155.65,155.65,155.65,6
2024-09-05T07:00:00+00:00,155.6,155.6,153.4,154.1,156
2024-09-05T07:05:00+00:00,154.0,154.6,153.55,154.0,778
2024-09-05T07:10:00+00:00,154.0,154.75,154.0,154.75,119
2024-09-05T07:15:00+00:00,154.75,154.75,154.0,154.0,255
2024-09-05T07:20:00+00:00,154.1,154.9,154.1,154.8,508
2024-09-05T07:25:00+00:00,154.75,155.3,154.7,155.3,399
2024-09-05T07:30:00+00:00,155.35,155.6,155.0,155.5,956
2024-09-05T07:35:00+00:00,155.5,156.85,155.5,156.85,836
2024-09-05T07:40:00+00:00,156.9,157.0,156.85,156.85,290
2024-09-05T07:45:00+00:00,156.9,157.0,156.8,156.9,43
2024-09-05T07:50:00+00:00,156.9,157.0,155.5,155.6,866
2024-09-05T07:55:00+00:00,155.6,155.7,154.55,155.35,379
2024-09-05T08:00:00+00:00,155.35,156.15,155.35,156.15,145
2024-09-05T08:05:00+00:00,156.15,156.5,156.15,156.3,243
2024-09-05T08:10:00+00:00,156.25,156.5,156.25,156.3,143
2024-09-05T08:15:00+00:00,156.35,156.4,156.2,156.4,18
2024-09-05T08:20:00+00:00,156.4,156.6,156.4,156.6,14
2024-09-05T08:25:00+00:00,156.5,156.8,156.5,156.7,11
2024-09-05T08:30:00+00:00,156.7,157.75,156.7,157.6,494
2024-09-05T08:35:00+00:00,157.7,158.45,157.0,157.0,679
2024-09-05T08:40:00+00:00,157.1,157.55,157.1,157.55,18
2024-09-05T08:50:00+00:00,157.55,157.55,157.0,157.0,24
2024-09-05T08:55:00+00:00,157.2,157.3,157.2,157.2,13
2024-09-05T09:00:00+00:00,157.2,157.2,157.0,157.0,19
2024-09-05T09:05:00+00:00,157.1,157.5,157.05,157.2,569
2024-09-05T09:10:00+00:00,157.1,159.0,157.0,159.0,578
2024-09-05T09:15:00+00:00,159.0,159.1,158.0,158.1,113
2024-09-05T09:20:00+00:00,158.0,158.1,157.5,157.7,254
2024-09-05T09:25:00+00:00,157.6,158.5,157.5,158.3,419
2024-09-05T09:30:00+00:00,158.35,158.35,158.35,158.35,1
2024-09-05T09:35:00+00:00,158.4,158.4,157.7,157.7,47
2024-09-05T09:40:00+00:00,157.8,157.8,157.5,157.6,111
2024-09-05T09:45:00+00:00,157.6,158.05,157.1,157.4,120
2024-09-05T09:50:00+00:00,157.4,157.4,157.4,157.4,1
2024-09-05T09:55:00+00:00,157.4,157.5,157.4,157.5,37
2024-09-05T10:00:00+00:00,157.4,157.4,157.0,157.0,229
2024-09-05T10:05:00+00:00,157.2,157.9,157.2,157.7,162
2024-09-05T10:10:00+00:00,157.5,158.0,157.5,158.0,62
2024-09-05T10:15:00+00:00,158.0,158.1,158.0,158.1,19
2024-09-05T10:20:00+00:00,158.2,158.6,158.2,158.6,215
2024-09-05T10:25:00+00:00,158.5,158.5,158.2,158.2,94
2024-09-05T10:30:00+00:00,158.4,158.4,158.4,158.4,3
2024-09-05T10:35:00+00:00,158.5,158.65,158.4,158.4,75
2024-09-05T10:40:00+00:00,158.5,158.5,158.5,158.5,50
2024-09-05T10:45:00+00:00,158.55,158.55,158.4,158.4,4
2024-09-05T10:50:00+00:00,158.4,158.4,158.4,158.4,21
2024-09-05T10:55:00+00:00,158.4,158.55,158.3,158.4,77
2024-09-05T11:00:00+00:00,158.3,158.3,158.1,158.1,20
2024-09-05T11:05:00+00:00,158.15,158.15,158.1,158.1,5
2024-09-05T11:10:00+00:00,158.1,158.3,158.1,158.3,19
2024-09-05T11:15:00+00:00,158.4,158.55,158.4,158.4,41
2024-09-05T11:20:00+00:00,158.5,158.5,158.1,158.1,63
2024-09-05T11:25:00+00:00,158.0,158.0,157.7,157.7,40
2024-09-05T11:35:00+00:00,157.6,157.6,156.4,156.4,345
2024-09-05T11:40:00+00:00,156.5,157.05,156.5,156.9,72
2024-09-05T11:45:00+00:00,156.8,157.1,156.8,157.1,17
2024-09-05T11:50:00+00:00,157.0,157.2,157.0,157.15,11
2024-09-05T12:00:00+00:00,157.1,157.2,157.1,157.2,3
2024-09-05T12:05:00+00:00,157.2,157.6,157.2,157.2,38
2024-09-05T12:10:00+00:00,157.3,157.6,157.3,157.6,9
2024-09-05T12:15:00+00:00,157.5,157.7,157.4,157.7,11
2024-09-05T12:20:00+00:00,157.7,157.7,157.65,157.65,16
2024-09-05T12:25:00+00:00,157.6,157.6,157.3,157.3,75
2024-09-05T12:30:00+00:00,157.3,157.8,157.3,157.8,117
2024-09-05T12:35:00+00:00,157.8,157.95,157.4,157.95,95
2024-09-05T12:40:00+00:00,157.8,158.8,157.8,158.5,509
2024-09-05T12:45:00+00:00,158.5,158.5,158.5,158.5,13
2024-09-05T12:50:00+00:00,158.6,158.6,158.3,158.3,25
2024-09-05T12:55:00+00:00,158.4,158.8,158.4,158.75,56
2024-09-05T13:00:00+00:00,158.7,158.7,157.8,158.1,134
2024-09-05T13:05:00+00:00,158.1,158.1,157.9,157.9,5
2024-09-05T13:10:00+00:00,157.8,157.8,157.65,157.65,13
2024-09-05T13:15:00+00:00,157.8,157.8,157.8,157.8,2
2024-09-05T13:20:00+00:00,157.8,157.8,157.3,157.3,60
2024-09-05T13:25:00+00:00,157.3,157.3,157.3,157.3,1
2024-09-05T13:30:00+00:00,157.2,157.2,157.0,157.0,102
2024-09-05T13:35:00+00:00,157.2,157.4,157.2,157.4,10
2024-09-05T13:40:00+00:00,157.4,157.5,157.4,157.5,4
2024-09-05T13:45:00+00:00,157.6,157.6,157.6,157.6,2
2024-09-05T13:50:00+00:00,157.5,157.5,155.55,155.55,1254
2024-09-05T13:55:00+00:00,155.55,155.6,155.4,155.6,116
2024-09-05T14:00:00+00:00,155.6,155.95,155.6,155.95,41
2024-09-05T14:05:00+00:00,156.0,156.1,156.0,156.1,8
2024-09-05T14:10:00+00:00,156.1,156.6,156.1,156.6,52
2024-09-05T14:15:00+00:00,156.7,156.9,155.9,155.9,135
2024-09-05T14:20:00+00:00,155.9,156.0,155.5,156.0,134
2024-09-05T14:25:00+00:00,156.1,156.2,156.0,156.2,58
2024-09-05T14:30:00+00:00,156.1,156.1,155.45,155.6,51
2024-09-05T14:40:00+00:00,155.7,155.7,155.7,155.7,1
2024-09-05T14:45:00+00:00,155.7,155.8,155.7,155.8,3
2024-09-05T14:50:00+00:00,155.7,155.8,155.0,155.0,183
2024-09-05T14:55:00+00:00,155.2,155.3,155.0,155.3,228
2024-09-05T15:00:00+00:00,155.3,155.55,155.0,155.0,60
2024-09-05T15:05:00+00:00,155.2,155.5,154.9,155.0,1446
2024-09-05T15:10:00+00:00,154.95,155.0,154.95,155.0,656
2024-09-05T15:15:00+00:00,154.9,154.9,154.6,154.6,21
2024-09-05T15:20:00+00:00,154.7,155.0,154.7,154.95,40
2024-09-05T15:25:00+00:00,154.9,155.0,154.9,155.0,95
2024-09-05T15:30:00+00:00,155.0,155.0,154.65,154.65,63
2024-09-05T15:35:00+00:00,154.8,154.8,154.4,154.7,253
2024-09-05T16:00:00+00:00,154.7,154.7,154.7,154.7,1
2024-09-05T16:15:00+00:00,154.7,154.7,154.65,154.65,2
2024-09-05T16:20:00+00:00,154.6,154.6,154.1,154.3,42
2024-09-05T16:25:00+00:00,154.3,154.5,154.3,154.5,5
2024-09-05T16:35:00+00:00,154.6,154.75,154.6,154.75,7
2024-09-05T16:40:00+00:00,154.8,154.8,154.8,154.8,2
2024-09-05T16:45:00+00:00,154.9,154.9,154.9,154.9,2
2024-09-05T16:50:00+00:00,154.95,155.0,154.95,155.0,5
2024-09-05T17:00:00+00:00,155.0,155.0,155.0,155.0,2
2024-09-05T17:05:00+00:00,155.0,155.5,155.0,155.45,16
2024-09-05T17:10:00+00:00,155.4,155.5,155.4,155.5,3
2024-09-05T17:20:00+00:00,155.6,156.2,155.6,156.2,131
2024-09-05T17:30:00+00:00,156.2,156.2,156.2,156.2,4
2024-09-05T17:40:00+00:00,156.3,156.3,156.3,156.3,1
2024-09-05T17:45:00+00:00,156.2,156.2,156.2,156.2,3
2024-09-05T17:50:00+00:00,156.3,156.4,156.3,156.4,6
2024-09-05T17:55:00+00:00,156.3,156.5,156.3,156.5,16
2024-09-05T18:00:00+00:00,156.3,156.3,156.0,156.0,10
2024-09-05T18:05:00+00:00,156.0,156.0,156.0,156.0,8
2024-09-05T18:10:00+00:00,156.0,156.0,156.0,156.0,1
2024-09-05T18:15:00+00:00,155.9,155.9,155.9,155.9,1
2024-09-05T18:20:00+00:00,156.0,156.0,156.0,156.0,20
2024-09-05T18:25:00+00:00,156.0,156.0,156.0,156.0,7
2024-09-05T18:30:00+00:00,155.9,155.9,155.9,155.9,1
2024-09-05T18:35:00+00:00,155.9,155.9,155.9,155.9,11
2024-09-05T18:55:00+00:00,155.8,155.8,155.6,155.8,13
2024-09-05T19:00:00+00:00,155.8,155.8,155.8,155.8,1
2024-09-05T19:15:00+00:00,155.8,155.8,155.8,155.8,1
2024-09-05T19:25:00+00:00,155.7,155.8,155.7,155.8,5
2024-09-05T19:35:00+00:00,155.8,155.8,155.8,155.8,20
2024-09-05T19:40:00+00:00,155.8,155.8,155.8,155.8,1
2024-09-05T19:50:00+00:00,155.9,155.9,155.9,155.9,25
2024-09-05T19:55:00+00:00,155.95,156.0,155.95,156.0,84
2024-09-05T20:00:00+00:00,156.0,156.0,154.25,155.0,5740
2024-09-05T20:05:00+00:00,155.1,155.4,155.1,155.4,15
2024-09-05T20:10:00+00:00,155.5,156.0,155.5,155.9,14
2024-09-05T20:15:00+00:00,155.8,155.8,155.8,155.8,2
2024-09-05T20:25:00+00:00,155.9,156.35,155.9,156.2,52
2024-09-05T20:30:00+00:00,156.1,156.1,156.1,156.1,2
2024-09-05T20:35:00+00:00,156.0,156.1,156.0,156.1,2
2024-09-05T20:40:00+00:00,156.15,156.15,156.0,156.1,16
2024-09-05T20:45:00+00:00,155.9,156.0,155.9,155.9,4
2024-09-06T06:55:00+00:00,155.8,155.8,155.8,155.8,3
2024-09-06T07:00:00+00:00,155.7,155.7,154.8,154.9,71
2024-09-06T07:05:00+00:00,154.85,155.2,154.85,155.2,34
2024-09-06T07:10:00+00:00,155.3,155.45,155.3,155.45,17
2024-09-06T07:15:00+00:00,155.5,155.7,155.5,155.5,68
2024-09-06T07:20:00+00:00,155.6,156.0,155.6,155.9,50
2024-09-06T07:25:00+00:00,155.8,156.0,155.8,156.0,12
2024-09-06T07:30:00+00:00,156.0,156.1,156.0,156.1,17
2024-09-06T07:35:00+00:00,156.1,156.1,155.8,155.8,65
2024-09-06T07:40:00+00:00,155.9,156.15,155.9,156.0,32
2024-09-06T07:45:00+00:00,156.1,156.1,156.1,156.1,2
2024-09-06T07:50:00+00:00,156.1,156.15,156.1,156.1,19
2024-09-06T07:55:00+00:00,156.2,156.4,156.1,156.3,20
2024-09-06T08:00:00+00:00,156.2,156.5,156.2,156.5,21
2024-09-06T08:05:00+00:00,156.45,156.5,156.45,156.5,13
2024-09-06T08:15:00+00:00,156.3,156.6,156.3,156.6,61
2024-09-06T08:20:00+00:00,156.5,156.5,156.3,156.3,13
2024-09-06T08:25:00+00:00,156.4,157.0,156.4,157.0,280
2024-09-06T08:30:00+00:00,157.1,157.1,156.65,156.65,12
2024-09-06T08:35:00+00:00,156.6,156.75,155.9,155.9,77
2024-09-06T08:40:00+00:00,156.0,156.0,156.0,156.0,1
2024-09-06T08:45:00+00:00,155.9,155.9,155.8,155.8,6
2024-09-06T08:50:00+00:00,155.8,155.8,155.2,155.2,80
2024-09-06T08:55:00+00:00,155.2,155.2,155.2,155.2,10
2024-09-06T09:00:00+00:00,155.2,155.2,155.0,155.0,369
2024-09-06T09:05:00+00:00,155.0,155.0,154.5,154.5,178
2024-09-06T09:10:00+00:00,154.5,154.5,154.4,154.5,80
2024-09-06T09:15:00+00:00,154.5,155.0,154.5,155.0,52
2024-09-06T09:20:00+00:00,155.1,155.6,155.1,155.6,12
2024-09-06T09:25:00+00:00,155.5,155.5,155.0,155.0,35
2024-09-06T09:30:00+00:00,155.1,155.1,153.7,153.7,221
2024-09-06T09:35:00+00:00,153.9,154.0,153.65,154.0,33
2024-09-06T09:40:00+00:00,154.0,154.7,154.0,154.0,247
2024-09-06T09:45:00+00:00,153.95,154.4,153.65,154.4,68
2024-09-06T09:50:00+00:00,154.4,154.8,154.4,154.8,46
2024-09-06T09:55:00+00:00,154.9,155.0,154.9,155.0,4
2024-09-06T10:00:00+00:00,155.1,155.3,155.1,155.3,18
2024-09-06T10:05:00+00:00,155.4,155.4,155.3,155.3,7
2024-09-06T10:10:00+00:00,155.5,155.85,155.5,155.85,168
2024-09-06T10:15:00+00:00,155.9,155.95,155.9,155.95,21
2024-09-06T10:20:00+00:00,155.8,155.8,155.7,155.7,6
2024-09-06T10:25:00+00:00,155.6,155.6,155.4,155.4,6
2024-09-06T10:30:00+00:00,155.3,155.4,155.3,155.4,3
2024-09-06T10:40:00+00:00,155.4,155.4,155.4,155.4,1
2024-09-06T10:45:00+00:00,155.35,155.35,155.0,155.0,40
2024-09-06T10:50:00+00:00,154.9,154.9,154.05,154.5,1008
2024-09-06T10:55:00+00:00,154.6,154.7,154.6,154.7,4
2024-09-06T11:00:00+00:00,154.6,154.6,154.6,154.6,2
2024-09-06T11:05:00+00:00,154.5,154.5,154.5,154.5,11
2024-09-06T11:10:00+00:00,154.6,155.2,154.2,154.3,70
2024-09-06T11:15:00+00:00,154.4,154.8,154.4,154.8,10
2024-09-06T11:20:00+00:00,154.9,155.35,154.9,155.35,40
2024-09-06T11:25:00+00:00,155.35,155.4,155.3,155.4,6
2024-09-06T11:40:00+00:00,155.3,155.3,155.3,155.3,3
2024-09-06T11:45:00+00:00,155.35,155.35,155.35,155.35,1
2024-09-06T11:50:00+00:00,155.4,155.4,155.35,155.4,64
2024-09-06T11:55:00+00:00,155.4,155.4,155.4,155.4,16
2024-09-06T12:05:00+00:00,155.4,155.4,155.4,155.4,5
2024-09-06T12:10:00+00:00,155.4,155.9,155.4,155.9,35
2024-09-06T12:15:00+00:00,155.85,155.85,155.85,155.85,1
2024-09-06T12:20:00+00:00,155.8,155.8,155.6,155.6,6
2024-09-06T12:25:00+00:00,155.5,155.5,155.4,155.4,3
2024-09-06T12:30:00+00:00,155.5,155.7,155.5,155.7,21
2024-09-06T12:35:00+00:00,155.7,155.7,155.5,155.5,6
2024-09-06T12:40:00+00:00,155.6,155.7,155.6,155.7,7
2024-09-06T12:45:00+00:00,155.6,155.75,155.5,155.75,34
2024-09-06T12:50:00+00:00,155.8,156.1,155.8,156.1,105
2024-09-06T12:55:00+00:00,156.0,156.1,155.9,155.9,20
2024-09-06T13:05:00+00:00,156.0,156.1,156.0,156.1,14
2024-09-06T13:10:00+00:00,156.1,157.4,156.1,156.45,867
2024-09-06T13:15:00+00:00,156.6,157.35,156.6,157.0,32
2024-09-06T13:20:00+00:00,157.1,157.5,157.1,157.5,73
2024-09-06T13:25:00+00:00,157.3,157.8,157.1,157.75,637
2024-09-06T13:30:00+00:00,157.75,157.75,157.25,157.25,58
2024-09-06T13:35:00+00:00,157.4,157.4,157.4,157.4,3
2024-09-06T13:40:00+00:00,157.4,157.4,157.4,157.4,1
2024-09-06T13:45:00+00:00,157.4,157.4,156.65,156.7,139
2024-09-06T13:50:00+00:00,156.8,157.2,156.8,157.2,11
2024-09-06T13:55:00+00:00,157.2,157.3,156.8,156.95,15
2024-09-06T14:00:00+00:00,157.0,157.0,156.3,156.3,181
2024-09-06T14:05:00+00:00,156.4,156.65,155.95,156.65,31
2024-09-06T14:15:00+00:00,156.7,157.0,156.4,156.4,56
2024-09-06T14:20:00+00:00,156.3,156.3,155.55,156.3,115
2024-09-06T14:25:00+00:00,156.45,156.45,156.3,156.3,3
2024-09-06T14:30:00+00:00,156.35,156.4,156.1,156.1,8
2024-09-06T14:35:00+00:00,156.0,156.0,155.7,155.7,18
2024-09-06T14:40:00+00:00,155.6,156.3,155.6,156.0,44
2024-09-06T14:45:00+00:00,156.0,156.1,156.0,156.1,7
2024-09-06T14:50:00+00:00,156.1,156.2,156.1,156.2,2
2024-09-06T14:55:00+00:00,156.2,156.3,156.1,156.15,36
2024-09-06T15:00:00+00:00,156.15,156.15,156.0,156.0,138
2024-09-06T15:05:00+00:00,156.0,156.0,156.0,156.0,21
2024-09-06T15:10:00+00:00,156.0,156.05,154.5,154.7,400
2024-09-06T15:15:00+00:00,154.8,155.1,154.7,155.1,11
2024-09-06T15:20:00+00:00,155.2,155.4,155.2,155.4,10
2024-09-06T15:25:00+00:00,155.4,155.4,155.05,155.1,13
2024-09-06T15:30:00+00:00,155.1,155.5,155.0,155.0,41
2024-09-06T15:35:00+00:00,155.0,155.7,155.0,155.7,125
2024-09-06T15:45:00+00:00,155.5,155.5,155.5,155.5,6
2024-09-06T16:10:00+00:00,155.7,155.7,155.7,155.7,2
2024-09-06T16:20:00+00:00,155.8,156.45,155.8,156.45,47
2024-09-06T16:25:00+00:00,156.4,157.5,156.4,157.1,709
2024-09-06T16:30:00+00:00,157.1,157.1,156.6,156.6,10
2024-09-06T16:35:00+00:00,156.7,157.6,156.7,157.6,18
2024-09-06T16:40:00+00:00,157.5,157.6,157.5,157.6,3
2024-09-06T16:45:00+00:00,157.5,157.5,156.9,156.9,12
2024-09-06T16:55:00+00:00,157.0,157.0,157.0,157.0,20
2024-09-06T17:00:00+00:00,157.1,157.1,157.1,157.1,2
2024-09-06T17:05:00+00:00,157.2,157.2,157.2,157.2,1
2024-09-06T17:15:00+00:00,157.2,157.6,157.2,157.6,21
2024-09-06T17:20:00+00:00,157.4,157.4,157.1,157.1,93
2024-09-06T17:25:00+00:00,157.2,157.2,157.2,157.2,2
2024-09-06T17:35:00+00:00,157.3,157.3,157.3,157.3,1
2024-09-06T17:45:00+00:00,157.3,157.8,157.3,157.8,21
2024-09-06T17:50:00+00:00,157.6,157.6,157.3,157.3,7
2024-09-06T18:00:00+00:00,157.3,157.4,157.3,157.4,2
2024-09-06T18:05:00+00:00,157.3,157.3,157.0,157.1,51
2024-09-06T18:15:00+00:00,157.2,157.2,157.2,157.2,1
2024-09-06T18:30:00+00:00,157.15,157.2,157.15,157.2,3
2024-09-06T18:45:00+00:00,157.3,157.3,157.3,157.3,1
2024-09-06T18:50:00+00:00,157.3,157.85,157.3,157.45,107
2024-09-06T18:55:00+00:00,157.8,157.8,157.8,157.8,1
2024-09-06T19:00:00+00:00,157.8,157.9,157.8,157.9,325
2024-09-06T19:05:00+00:00,157.95,158.0,157.95,158.0,61
2024-09-06T19:10:00+00:00,158.1,158.1,158.1,158.1,2
2024-09-06T19:15:00+00:00,158.0,159.1,157.85,157.85,357
2024-09-06T19:20:00+00:00,158.0,158.0,158.0,158.0,3
2024-09-06T19:25:00+00:00,158.1,158.1,157.85,158.0,37
2024-09-06T19:30:00+00:00,158.1,159.05,158.1,158.7,152
2024-09-06T19:35:00+00:00,158.6,158.6,158.5,158.6,5
2024-09-06T19:40:00+00:00,158.6,158.7,158.6,158.7,3
2024-09-06T19:45:00+00:00,158.7,158.7,158.7,158.7,2
2024-09-06T19:50:00+00:00,158.8,158.8,158.8,158.8,2
2024-09-06T19:55:00+00:00,158.8,158.8,158.7,158.7,2
2024-09-06T20:00:00+00:00,158.85,158.85,158.85,158.85,2
2024-09-06T20:05:00+00:00,158.9,158.9,158.9,158.9,1
2024-09-06T20:10:00+00:00,158.9,158.9,158.9,158.9,1
2024-09-06T20:15:00+00:00,158.9,158.9,158.9,158.9,1
2024-09-06T20:25:00+00:00,158.9,158.9,158.8,158.9,3
2024-09-06T20:30:00+00:00,158.9,158.9,158.8,158.8,5
2024-09-06T20:35:00+00:00,158.8,158.85,158.8,158.85,5
2024-09-06T20:40:00+00:00,158.7,158.7,158.7,158.7,54
2024-09-09T07:00:00+00:00,158.7,159.5,158.7,159.1,45
2024-09-09T07:05:00+00:00,159.1,159.1,157.0,157.95,756
2024-09-09T07:10:00+00:00,157.8,157.9,157.0,157.9,354
2024-09-09T07:15:00+00:00,158.0,158.55,157.4,158.2,70
2024-09-09T07:20:00+00:00,158.25,158.9,158.2,158.9,163
2024-09-09T07:25:00+00:00,158.8,159.85,158.8,159.6,223
2024-09-09T07:30:00+00:00,159.6,159.6,159.4,159.55,166
2024-09-09T07:35:00+00:00,159.6,159.6,159.55,159.55,18
2024-09-09T07:40:00+00:00,159.55,159.55,159.4,159.5,26
2024-09-09T07:45:00+00:00,159.5,160.0,159.4,160.0,855
2024-09-09T07:50:00+00:00,160.0,160.0,159.8,159.95,28
2024-09-09T07:55:00+00:00,159.8,160.0,159.7,159.95,59
2024-09-09T08:00:00+00:00,159.95,160.0,159.95,160.0,63
2024-09-09T08:05:00+00:00,159.8,159.8,159.5,159.65,72
2024-09-09T08:10:00+00:00,159.5,159.7,159.5,159.7,97
2024-09-09T08:15:00+00:00,159.7,159.85,159.7,159.85,18
2024-09-09T08:20:00+00:00,159.7,159.7,159.7,159.7,3
2024-09-09T08:25:00+00:00,159.8,159.9,159.45,159.45,69
2024-09-09T08:30:00+00:00,159.4,159.6,158.7,158.75,311
2024-09-09T08:35:00+00:00,158.8,159.4,158.8,159.4,22
2024-09-09T08:40:00+00:00,159.3,159.3,158.8,158.8,387
2024-09-09T08:45:00+00:00,158.9,158.9,158.75,158.75,189
2024-09-09T08:50:00+00:00,158.7,158.7,158.6,158.7,36
2024-09-09T08:55:00+00:00,158.7,158.7,158.6,158.7,22
2024-09-09T09:00:00+00:00,158.7,158.75,158.6,158.75,334
2024-09-09T09:10:00+00:00,158.75,158.75,158.75,158.75,5
2024-09-09T09:20:00+00:00,158.75,158.75,158.75,158.75,118
2024-09-09T09:25:00+00:00,158.8,159.45,158.55,158.65,102
2024-09-09T09:30:00+00:00,158.65,158.75,158.55,158.6,14
2024-09-09T09:35:00+00:00,158.7,158.7,158.6,158.6,13
2024-09-09T09:40:00+00:00,158.55,159.5,158.5,159.5,19
2024-09-09T09:45:00+00:00,159.5,159.9,159.5,159.8,20
2024-09-09T09:50:00+00:00,159.9,160.0,159.9,160.0,73
2024-09-09T09:55:00+00:00,160.0,160.0,160.0,160.0,3
2024-09-09T10:00:00+00:00,159.95,159.95,159.9,159.95,56
2024-09-09T10:05:00+00:00,160.0,160.0,160.0,160.0,2
2024-09-09T10:10:00+00:00,160.0,160.0,159.95,159.95,39
2024-09-09T10:15:00+00:00,160.0,160.0,159.95,160.0,24
2024-09-09T10:20:00+00:00,160.0,160.0,159.95,160.0,12
2024-09-09T10:25:00+00:00,159.95,159.95,159.95,159.95,78
2024-09-09T10:35:00+00:00,159.95,159.95,159.95,159.95,10
2024-09-09T10:45:00+00:00,159.8,159.8,159.3,159.45,43
2024-09-09T10:50:00+00:00,159.5,159.5,159.15,159.15,10
2024-09-09T10:55:00+00:00,159.15,159.15,159.15,159.15,5
2024-09-09T11:00:00+00:00,159.3,159.7,159.3,159.7,10
2024-09-09T11:05:00+00:00,159.8,160.0,159.8,160.0,540
2024-09-09T11:10:00+00:00,159.8,160.0,159.3,159.9,235
2024-09-09T11:15:00+00:00,159.8,159.8,159.8,159.8,2
2024-09-09T11:20:00+00:00,159.8,159.8,159.6,159.7,6
2024-09-09T11:25:00+00:00,159.7,159.9,159.7,159.9,5
2024-09-09T11:30:00+00:00,159.9,159.9,159.7,159.9,22
2024-09-09T11:35:00+00:00,159.9,159.95,159.3,159.5,178
2024-09-09T11:40:00+00:00,159.5,159.8,159.25,159.8,77
2024-09-09T11:45:00+00:00,159.8,159.95,159.8,159.95,200
2024-09-09T11:50:00+00:00,159.8,159.9,159.8,159.9,4
2024-09-09T11:55:00+00:00,159.9,159.95,159.9,159.95,32
2024-09-09T12:00:00+00:00,159.95,159.95,159.95,159.95,2
2024-09-09T12:05:00+00:00,159.9,159.9,159.9,159.9,1
2024-09-09T12:10:00+00:00,159.9,159.9,159.9,159.9,1
2024-09-09T12:15:00+00:00,159.95,159.95,159.95,159.95,2
2024-09-09T12:20:00+00:00,159.95,159.95,159.9,159.9,3
2024-09-09T12:25:00+00:00,159.9,159.95,159.9,159.95,14
2024-09-09T12:30:00+00:00,159.95,159.95,159.95,159.95,2
2024-09-09T12:35:00+00:00,159.95,159.95,159.95,159.95,42
2024-09-09T12:40:00+00:00,159.95,159.95,159.85,159.85,6
2024-09-09T12:50:00+00:00,159.8,159.8,159.7,159.7,5
2024-09-09T13:00:00+00:00,159.8,159.9,159.75,159.9,10
2024-09-09T13:05:00+00:00,159.95,160.0,159.1,159.5,249
2024-09-09T13:10:00+00:00,159.45,159.45,159.45,159.45,1
2024-09-09T13:15:00+00:00,159.5,159.5,159.45,159.45,6
2024-09-09T13:20:00+00:00,159.5,159.5,159.5,159.5,3
2024-09-09T13:25:00+00:00,159.55,159.6,159.55,159.6,7
2024-09-09T13:30:00+00:00,159.6,159.6,159.5,159.55,8
2024-09-09T13:35:00+00:00,159.55,159.55,159.45,159.45,7
2024-09-09T13:40:00+00:00,159.45,159.55,159.45,159.55,38
2024-09-09T13:45:00+00:00,159.55,159.55,159.55,159.55,1
2024-09-09T13:50:00+00:00,159.55,159.55,159.4,159.4,5
2024-09-09T13:55:00+00:00,159.4,159.55,159.4,159.55,7
2024-09-09T14:05:00+00:00,159.55,159.6,159.55,159.55,433
2024-09-09T14:15:00+00:00,159.7,159.8,159.65,159.8,4
2024-09-09T14:20:00+00:00,159.8,159.8,159.8,159.8,1
2024-09-09T14:30:00+00:00,159.9,160.0,159.9,160.0,24
2024-09-09T14:35:00+00:00,160.0,160.0,159.7,160.0,30
2024-09-09T14:40:00+00:00,159.9,159.9,159.8,159.8,3
2024-09-09T14:45:00+00:00,159.8,159.9,159.8,159.9,2
2024-09-09T14:50:00+00:00,159.8,160.0,159.8,160.0,18
2024-09-09T14:55:00+00:00,160.0,160.0,160.0,160.0,195
2024-09-09T15:00:00+00:00,160.1,160.45,160.05,160.45,124
2024-09-09T15:05:00+00:00,160.45,160.5,160.45,160.5,6
2024-09-09T15:15:00+00:00,160.45,160.5,160.45,160.5,11
2024-09-09T15:20:00+00:00,160.5,160.5,160.5,160.5,3
2024-09-09T15:25:00+00:00,160.35,160.95,160.3,160.95,145
2024-09-09T15:30:00+00:00,161.0,161.0,160.95,160.95,188
2024-09-09T15:35:00+00:00,160.95,160.95,160.95,160.95,1
2024-09-09T15:45:00+00:00,160.8,160.8,160.8,160.8,3
2024-09-09T16:00:00+00:00,160.9,160.9,160.9,160.9,1
2024-09-09T16:10:00+00:00,160.9,160.95,160.9,160.95,20
2024-09-09T16:15:00+00:00,160.95,160.95,160.95,160.95,13
2024-09-09T16:20:00+00:00,161.0,161.0,161.0,161.0,1
2024-09-09T16:25:00+00:00,160.8,160.8,160.7,160.8,12
2024-09-09T16:30:00+00:00,160.9,161.0,160.9,161.0,8
2024-09-09T16:35:00+00:00,160.9,161.0,160.9,160.9,13
2024-09-09T16:40:00+00:00,160.85,160.85,160.85,160.85,2
2024-09-09T16:45:00+00:00,161.0,161.0,161.0,161.0,1
2024-09-09T16:50:00+00:00,161.0,161.4,161.0,161.4,70
2024-09-09T16:55:00+00:00,161.45,161.45,161.3,161.3,3
2024-09-09T17:05:00+00:00,161.4,161.45,161.25,161.3,57
2024-09-09T17:10:00+00:00,161.3,161.3,160.9,160.9,32
2024-09-09T17:15:00+00:00,160.9,160.9,160.9,160.9,2
2024-09-09T17:20:00+00:00,160.9,161.3,160.9,161.3,34
2024-09-09T17:30:00+00:00,161.1,161.1,160.9,160.9,16
2024-09-09T17:35:00+00:00,161.0,161.0,161.0,161.0,50
2024-09-09T17:40:00+00:00,161.1,161.3,161.1,161.3,26
2024-09-09T17:45:00+00:00,161.2,161.4,161.2,161.4,7
2024-09-09T17:55:00+00:00,161.5,161.5,161.5,161.5,1
2024-09-09T18:00:00+00:00,161.45,161.5,161.4,161.5,103
2024-09-09T18:05:00+00:00,161.4,161.4,161.4,161.4,1
2024-09-09T18:10:00+00:00,161.45,161.5,161.45,161.5,18
2024-09-09T18:15:00+00:00,161.55,161.6,161.5,161.6,10
2024-09-09T18:20:00+00:00,161.6,161.65,161.5,161.5,27
2024-09-09T18:25:00+00:00,161.6,161.6,161.6,161.6,18
2024-09-09T18:30:00+00:00,161.55,161.55,161.55,161.55,2
2024-09-09T18:35:00+00:00,161.55,161.55,161.55,161.55,1
2024-09-09T18:55:00+00:00,161.65,161.9,161.65,161.9,80
2024-09-09T19:15:00+00:00,161.85,161.9,161.85,161.9,31
2024-09-09T19:20:00+00:00,161.95,161.95,161.6,161.95,8
2024-09-09T19:25:00+00:00,161.95,161.95,161.95,161.95,108
2024-09-09T19:30:00+00:00,161.95,161.95,161.95,161.95,7
2024-09-09T19:35:00+00:00,161.95,162.0,161.95,161.95,6
2024-09-09T19:40:00+00:00,161.95,161.95,161.95,161.95,27
2024-09-09T19:45:00+00:00,162.0,162.0,161.95,162.0,76
2024-09-09T19:55:00+00:00,161.9,162.0,161.6,162.0,23
2024-09-09T20:20:00+00:00,161.6,162.0,161.6,162.0,7
2024-09-09T20:25:00+00:00,161.6,161.6,161.55,161.55,55
2024-09-09T20:40:00+00:00,161.55,161.55,161.55,161.55,1
2024-09-10T06:55:00+00:00,161.55,161.55,161.55,161.55,17
2024-09-10T07:00:00+00:00,161.6,162.1,161.6,161.95,71
2024-09-10T07:05:00+00:00,162.1,162.1,161.6,161.95,138
2024-09-10T07:10:00+00:00,161.95,161.95,161.55,161.7,82
2024-09-10T07:15:00+00:00,161.6,161.6,160.55,160.55,476
2024-09-10T07:20:00+00:00,160.55,161.3,160.55,161.3,71
2024-09-10T07:25:00+00:00,161.4,161.6,161.4,161.6,6
2024-09-10T07:30:00+00:00,161.6,161.7,160.65,161.3,182
2024-09-10T07:35:00+00:00,161.3,161.5,161.1,161.1,40
2024-09-10T07:40:00+00:00,161.2,161.3,161.2,161.2,5
2024-09-10T07:45:00+00:00,161.3,161.7,161.3,161.4,39
2024-09-10T07:50:00+00:00,161.5,161.7,161.5,161.7,16
2024-09-10T07:55:00+00:00,161.7,161.75,161.0,161.0,40
2024-09-10T08:00:00+00:00,161.0,161.0,160.8,160.8,35
2024-09-10T08:05:00+00:00,160.8,160.8,160.6,160.8,59
2024-09-10T08:10:00+00:00,160.8,160.8,160.8,160.8,32
2024-09-10T08:15:00+00:00,160.7,160.7,160.7,160.7,14
2024-09-10T08:20:00+00:00,160.8,160.8,160.8,160.8,4
2024-09-10T08:25:00+00:00,160.9,160.9,160.6,160.6,36
2024-09-10T08:30:00+00:00,160.65,161.3,160.65,161.2,19
2024-09-10T08:35:00+00:00,161.2,161.2,161.2,161.2,1
2024-09-10T08:40:00+00:00,161.3,161.3,161.3,161.3,4
2024-09-10T08:45:00+00:00,161.2,161.3,160.65,161.2,87
2024-09-10T08:50:00+00:00,161.3,161.4,161.2,161.4,12
2024-09-10T08:55:00+00:00,161.4,161.4,161.4,161.4,1
2024-09-10T09:00:00+00:00,161.5,161.9,161.5,161.9,30
2024-09-10T09:05:00+00:00,161.95,161.95,161.7,161.7,20
2024-09-10T09:10:00+00:00,161.7,161.7,161.7,161.7,1
2024-09-10T09:15:00+00:00,161.7,161.7,161.7,161.7,3
2024-09-10T09:20:00+00:00,161.6,161.7,161.55,161.55,5
2024-09-10T09:25:00+00:00,161.65,161.8,161.65,161.8,162
2024-09-10T09:30:00+00:00,161.9,161.9,161.9,161.9,1
2024-09-10T09:35:00+00:00,161.85,161.85,161.5,161.55,350
2024-09-10T09:40:00+00:00,161.55,161.6,161.55,161.6,4
2024-09-10T09:45:00+00:00,161.65,161.65,161.4,161.4,4
2024-09-10T09:50:00+00:00,161.5,161.5,161.5,161.5,2
2024-09-10T09:55:00+00:00,161.55,161.55,161.55,161.55,1
2024-09-10T10:00:00+00:00,161.55,161.55,161.55,161.55,10
2024-09-10T10:05:00+00:00,161.4,161.55,161.2,161.4,32
2024-09-10T10:10:00+00:00,161.45,161.55,161.45,161.55,8
2024-09-10T10:20:00+00:00,161.5,161.5,161.4,161.5,6
2024-09-10T10:25:00+00:00,161.4,161.5,161.4,161.5,3
2024-09-10T10:30:00+00:00,161.55,161.95,161.55,161.9,110
2024-09-10T10:35:00+00:00,161.8,161.8,161.7,161.75,5
2024-09-10T10:40:00+00:00,161.8,161.8,161.8,161.8,7
2024-09-10T10:45:00+00:00,161.7,161.7,161.6,161.6,4
2024-09-10T10:50:00+00:00,161.55,161.55,161.55,161.55,1
2024-09-10T10:55:00+00:00,161.55,161.7,161.5,161.7,22
2024-09-10T11:00:00+00:00,161.7,161.8,161.7,161.8,30
2024-09-10T11:05:00+00:00,161.8,161.85,161.7,161.85,20
2024-09-10T11:10:00+00:00,161.7,161.7,160.9,161.0,510
2024-09-10T11:15:00+00:00,161.1,161.55,161.1,161.4,20
2024-09-10T11:20:00+00:00,161.5,161.85,161.5,161.85,190
2024-09-10T11:25:00+00:00,161.7,161.7,161.7,161.7,1
2024-09-10T11:35:00+00:00,161.8,161.9,161.8,161.9,3
2024-09-10T11:40:00+00:00,161.8,161.8,161.6,161.6,5
2024-09-10T11:50:00+00:00,161.5,161.65,161.5,161.65,7
2024-09-10T11:55:00+00:00,161.7,161.7,161.25,161.6,30
2024-09-10T12:00:00+00:00,161.6,161.6,161.5,161.5,3
2024-09-10T12:05:00+00:00,161.4,161.5,161.3,161.5,6
2024-09-10T12:10:00+00:00,161.3,161.3,161.15,161.15,10
2024-09-10T12:15:00+00:00,161.15,161.15,161.15,161.15,5
2024-09-10T12:20:00+00:00,161.2,161.2,161.0,161.1,33
2024-09-10T12:25:00+00:00,161.05,161.2,161.05,161.2,7
2024-09-10T12:30:00+00:00,161.2,161.2,161.2,161.2,11
2024-09-10T12:35:00+00:00,161.1,161.1,161.0,161.0,22
2024-09-10T12:40:00+00:00,161.1,161.5,161.1,161.5,16
2024-09-10T12:45:00+00:00,161.4,161.4,161.4,161.4,1
2024-09-10T12:50:00+00:00,161.4,161.45,161.4,161.45,7
2024-09-10T12:55:00+00:00,161.4,161.45,161.3,161.45,11
2024-09-10T13:00:00+00:00,161.45,161.5,161.45,161.5,9
2024-09-10T13:05:00+00:00,161.3,161.3,161.1,161.3,11
2024-09-10T13:10:00+00:00,161.3,161.3,160.95,161.3,26
2024-09-10T13:15:00+00:00,161.3,161.3,161.2,161.2,2
2024-09-10T13:20:00+00:00,161.2,161.2,161.0,161.1,8
2024-09-10T13:30:00+00:00,161.0,161.0,160.65,160.65,495
2024-09-10T13:35:00+00:00,160.65,160.9,160.65,160.9,404
2024-09-10T13:40:00+00:00,161.0,161.2,161.0,161.0,11
2024-09-10T13:45:00+00:00,161.0,161.0,161.0,161.0,1
2024-09-10T13:50:00+00:00,160.95,160.95,160.95,160.95,2
2024-09-10T13:55:00+00:00,161.1,161.5,161.1,161.5,29
2024-09-10T14:00:00+00:00,161.6,161.7,161.5,161.5,27
2024-09-10T14:05:00+00:00,161.6,161.65,161.4,161.65,34
2024-09-10T14:10:00+00:00,161.5,161.5,161.05,161.05,20
2024-09-10T14:15:00+00:00,161.0,161.1,161.0,161.1,2
2024-09-10T14:20:00+00:00,161.0,161.1,160.9,161.1,5
2024-09-10T14:30:00+00:00,161.0,161.0,161.0,161.0,12
2024-09-10T14:40:00+00:00,160.9,160.9,160.5,160.5,1584
2024-09-10T14:45:00+00:00,160.5,160.65,160.5,160.5,298
2024-09-10T14:50:00+00:00,160.5,160.9,160.5,160.9,98
2024-09-10T14:55:00+00:00,160.8,160.9,160.8,160.9,2
2024-09-10T15:00:00+00:00,160.9,160.9,160.8,160.8,6
2024-09-10T15:05:00+00:00,160.7,160.7,160.7,160.7,2
2024-09-10T15:10:00+00:00,160.6,160.7,160.6,160.7,2
2024-09-10T15:20:00+00:00,160.6,160.6,160.5,160.5,5
2024-09-10T15:25:00+00:00,160.6,160.75,160.2,160.75,193
2024-09-10T15:30:00+00:00,160.6,160.6,160.25,160.6,93
2024-09-10T15:35:00+00:00,160.5,160.5,160.0,160.0,205
2024-09-10T15:45:00+00:00,160.0,160.0,160.0,160.0,2
2024-09-10T16:05:00+00:00,160.15,160.55,160.15,160.55,69
2024-09-10T16:10:00+00:00,160.6,160.7,160.5,160.7,7
2024-09-10T16:20:00+00:00,160.6,160.6,159.7,159.75,92
2024-09-10T16:25:00+00:00,159.75,160.0,159.75,160.0,17
2024-09-10T16:40:00+00:00,160.0,160.0,160.0,160.0,6
2024-09-10T16:45:00+00:00,160.0,160.0,159.8,159.8,5
2024-09-10T16:50:00+00:00,159.8,159.8,159.8,159.8,9
2024-09-10T16:55:00+00:00,159.8,160.0,159.8,160.0,7
2024-09-10T17:00:00+00:00,160.0,160.2,159.0,159.15,213
2024-09-10T17:05:00+00:00,159.15,159.9,159.15,159.9,2
2024-09-10T17:10:00+00:00,159.3,159.95,159.0,159.9,312
2024-09-10T17:15:00+00:00,159.15,159.45,158.8,159.45,201
2024-09-10T17:20:00+00:00,159.15,159.15,158.8,159.1,103
2024-09-10T17:30:00+00:00,158.9,160.0,158.7,160.0,630
2024-09-10T17:35:00+00:00,159.8,159.8,158.75,158.75,101
2024-09-10T17:40:00+00:00,159.2,160.25,158.8,160.15,18
2024-09-10T17:45:00+00:00,158.95,159.85,158.7,159.35,475
2024-09-10T17:50:00+00:00,158.9,158.9,158.75,158.75,100
2024-09-10T17:55:00+00:00,159.25,159.25,159.25,159.25,1
2024-09-10T18:00:00+00:00,159.0,159.0,159.0,159.0,1
2024-09-10T18:05:00+00:00,159.0,159.05,159.0,159.05,2
2024-09-10T18:10:00+00:00,159.0,159.0,159.0,159.0,5
2024-09-10T18:25:00+00:00,158.9,158.9,158.8,158.8,2
2024-09-10T18:30:00+00:00,158.9,158.9,158.9,158.9,6
2024-09-10T18:35:00+00:00,158.9,158.9,158.9,158.9,19
2024-09-10T18:40:00+00:00,158.9,159.75,158.8,159.75,163
2024-09-10T18:45:00+00:00,159.7,159.75,159.65,159.65,61
2024-09-10T18:50:00+00:00,158.95,158.95,158.95,158.95,1
2024-09-10T18:55:00+00:00,159.2,159.3,158.5,159.3,203
2024-09-10T19:00:00+00:00,159.1,159.1,159.1,159.1,2
2024-09-10T19:05:00+00:00,158.6,158.6,158.2,158.25,202
2024-09-10T19:15:00+00:00,159.25,160.25,159.25,160.25,401
2024-09-10T19:20:00+00:00,160.15,160.45,158.75,158.75,18
2024-09-10T19:30:00+00:00,159.3,159.35,159.3,159.35,126
2024-09-10T19:35:00+00:00,160.3,160.3,160.3,160.3,1
2024-09-10T19:40:00+00:00,160.3,160.3,160.3,160.3,2
2024-09-10T19:50:00+00:00,160.3,160.3,160.3,160.3,1
2024-09-10T20:00:00+00:00,160.3,161.0,160.3,160.9,337
2024-09-10T20:10:00+00:00,160.9,160.9,160.9,160.9,1
2024-09-10T20:20:00+00:00,160.9,160.95,160.9,160.95,10
2024-09-10T20:40:00+00:00,160.05,160.05,160.05,160.05,1
2024-09-10T20:45:00+00:00,160.05,160.05,160.05,160.05,2
2024-09-11T06:55:00+00:00,161.0,161.0,161.0,161.0,65
2024-09-11T07:00:00+00:00,160.85,163.0,160.7,161.0,794
2024-09-11T07:05:00+00:00,161.05,162.0,160.9,161.8,352
2024-09-11T07:10:00+00:00,161.1,161.1,160.9,160.9,15
2024-09-11T07:15:00+00:00,160.9,160.9,160.7,160.8,12
2024-09-11T07:20:00+00:00,160.75,161.15,160.7,160.9,153
2024-09-11T07:25:00+00:00,160.9,161.0,160.8,160.8,34
2024-09-11T07:30:00+00:00,160.8,160.8,160.6,160.6,38
2024-09-11T07:35:00+00:00,160.55,160.55,160.1,160.1,168
2024-09-11T07:40:00+00:00,160.2,160.7,160.2,160.3,95
2024-09-11T07:50:00+00:00,160.2,160.85,160.0,160.4,141
2024-09-11T07:55:00+00:00,160.4,160.4,160.4,160.4,1
2024-09-11T08:00:00+00:00,160.3,160.3,160.0,160.0,56
2024-09-11T08:05:00+00:00,159.9,159.9,159.6,159.9,37
2024-09-11T08:10:00+00:00,159.9,160.4,159.9,160.4,42
2024-09-11T08:15:00+00:00,160.5,160.5,160.0,160.1,59
2024-09-11T08:20:00+00:00,160.0,160.0,159.9,159.9,8
2024-09-11T08:25:00+00:00,159.9,159.9,159.9,159.9,2
2024-09-11T08:35:00+00:00,159.8,159.9,159.6,159.6,190
2024-09-11T08:40:00+00:00,159.7,159.8,159.7,159.8,4
2024-09-11T08:50:00+00:00,159.65,159.65,159.5,159.55,8
2024-09-11T08:55:00+00:00,159.55,159.55,159.5,159.5,7
2024-09-11T09:00:00+00:00,159.6,159.65,159.6,159.65,2
2024-09-11T09:10:00+00:00,159.65,159.7,159.5,159.5,36
2024-09-11T09:15:00+00:00,159.55,159.7,159.55,159.7,3
2024-09-11T09:20:00+00:00,159.65,159.65,159.65,159.65,2
2024-09-11T09:25:00+00:00,159.6,159.7,159.5,159.7,7
2024-09-11T09:30:00+00:00,159.6,159.6,159.5,159.5,10
2024-09-11T09:35:00+00:00,159.5,160.0,159.5,160.0,511
2024-09-11T09:40:00+00:00,159.95,159.95,159.5,159.5,105
2024-09-11T09:45:00+00:00,159.7,159.8,159.7,159.8,13
2024-09-11T09:50:00+00:00,159.8,159.9,159.75,159.75,186
2024-09-11T09:55:00+00:00,159.9,159.95,159.5,159.65,107
2024-09-11T10:00:00+00:00,159.65,159.85,159.65,159.7,12
2024-09-11T10:05:00+00:00,159.6,159.8,159.5,159.8,36
2024-09-11T10:15:00+00:00,159.8,159.8,159.8,159.8,3
2024-09-11T10:25:00+00:00,159.7,159.7,159.6,159.6,4
2024-09-11T10:40:00+00:00,159.7,159.7,159.7,159.7,6
2024-09-11T10:55:00+00:00,159.6,159.6,159.6,159.6,6
2024-09-11T11:10:00+00:00,159.5,159.5,159.45,159.45,8
2024-09-11T11:15:00+00:00,159.45,159.45,159.3,159.3,111
2024-09-11T11:20:00+00:00,159.4,159.4,159.3,159.4,3
2024-09-11T11:25:00+00:00,159.4,159.4,159.4,159.4,2
2024-09-11T11:30:00+00:00,159.5,159.5,159.5,159.5,2
2024-09-11T11:35:00+00:00,159.5,159.5,159.5,159.5,1
2024-09-11T11:45:00+00:00,159.4,159.4,159.4,159.4,10
2024-09-11T11:50:00+00:00,159.5,159.5,159.5,159.5,1
2024-09-11T11:55:00+00:00,159.5,159.85,159.5,159.7,104
2024-09-11T12:00:00+00:00,159.8,159.95,159.8,159.95,71
2024-09-11T12:05:00+00:00,159.9,160.0,159.9,160.0,440
2024-09-11T12:15:00+00:00,160.1,161.0,160.1,160.7,351
2024-09-11T12:20:00+00:00,160.75,161.0,160.75,160.9,362
2024-09-11T12:25:00+00:00,160.85,160.85,160.7,160.7,6
2024-09-11T12:30:00+00:00,160.8,161.0,160.8,160.95,56
2024-09-11T12:40:00+00:00,160.95,161.0,160.9,160.9,504
2024-09-11T12:45:00+00:00,160.95,161.0,160.9,160.9,102
2024-09-11T12:50:00+00:00,160.9,160.9,160.9,160.9,1
2024-09-11T13:00:00+00:00,160.9,160.9,160.9,160.9,2
2024-09-11T13:05:00+00:00,160.9,160.95,160.9,160.95,5
2024-09-11T13:10:00+00:00,160.95,160.95,160.95,160.95,5
2024-09-11T13:15:00+00:00,160.85,160.85,160.85,160.85,1
2024-09-11T13:30:00+00:00,160.85,161.0,160.85,161.0,100
2024-09-11T13:35:00+00:00,161.0,161.0,160.85,161.0,18
2024-09-11T13:40:00+00:00,160.85,160.85,160.85,160.85,2
2024-09-11T13:45:00+00:00,160.95,161.0,160.95,160.95,54
2024-09-11T13:50:00+00:00,161.0,161.0,161.0,161.0,3
2024-09-11T13:55:00+00:00,160.95,160.95,160.8,160.8,11
2024-09-11T14:00:00+00:00,160.75,160.75,159.7,160.2,161
2024-09-11T14:05:00+00:00,160.15,160.15,159.8,159.8,11
2024-09-11T14:10:00+00:00,159.9,160.1,159.9,160.1,5
2024-09-11T14:15:00+00:00,160.2,160.3,160.2,160.2,6
2024-09-11T14:20:00+00:00,160.3,160.3,160.3,160.3,1
2024-09-11T14:30:00+00:00,160.3,160.45,160.3,160.45,14
2024-09-11T14:35:00+00:00,160.45,160.5,160.45,160.5,3
2024-09-11T14:40:00+00:00,160.45,160.45,160.0,160.0,98
2024-09-11T14:55:00+00:00,160.0,160.0,159.95,159.95,6
2024-09-11T15:00:00+00:00,159.95,159.95,159.9,159.9,11
2024-09-11T15:05:00+00:00,159.95,159.95,159.4,159.6,55
2024-09-11T15:10:00+00:00,159.6,159.7,159.6,159.7,3
2024-09-11T15:20:00+00:00,159.8,159.8,159.8,159.8,1
2024-09-11T15:25:00+00:00,159.7,159.7,159.7,159.7,1
2024-09-11T15:30:00+00:00,159.6,159.6,159.6,159.6,1
2024-09-11T15:35:00+00:00,159.6,159.6,159.0,159.0,194
2024-09-11T15:45:00+00:00,160.0,160.0,160.0,160.0,789
2024-09-11T16:10:00+00:00,159.6,159.6,159.0,159.15,105
2024-09-11T16:15:00+00:00,159.3,159.3,159.3,159.3,2
2024-09-11T16:20:00+00:00,159.2,159.2,158.8,159.0,54
2024-09-11T16:25:00+00:00,159.0,159.05,159.0,159.05,2
2024-09-11T16:30:00+00:00,159.05,159.05,159.05,159.05,1
2024-09-11T16:35:00+00:00,159.0,159.05,159.0,159.05,12
2024-09-11T16:40:00+00:00,159.05,159.05,159.0,159.0,20
2024-09-11T16:45:00+00:00,158.9,158.9,158.8,158.8,16
2024-09-11T16:50:00+00:00,158.7,158.8,158.0,158.0,1328
2024-09-11T16:55:00+00:00,158.0,158.0,157.7,157.85,260
2024-09-11T17:00:00+00:00,157.85,157.85,157.1,157.6,377
2024-09-11T17:05:00+00:00,157.6,157.7,157.6,157.7,3
2024-09-11T17:10:00+00:00,157.8,157.8,157.8,157.8,2
2024-09-11T17:15:00+00:00,157.9,157.9,157.9,157.9,2
2024-09-11T17:20:00+00:00,157.8,158.1,157.8,158.1,13
2024-09-11T17:25:00+00:00,158.0,158.0,157.8,157.8,8
2024-09-11T17:30:00+00:00,157.8,157.8,157.7,157.8,53
2024-09-11T17:35:00+00:00,157.7,157.7,157.5,157.5,66
2024-09-11T17:45:00+00:00,157.6,157.7,157.6,157.7,2
2024-09-11T17:50:00+00:00,157.7,157.7,157.7,157.7,1
2024-09-11T17:55:00+00:00,157.75,157.75,157.75,157.75,1
2024-09-11T18:00:00+00:00,157.8,158.45,157.8,158.4,69
2024-09-11T18:05:00+00:00,158.4,158.4,158.4,158.4,26
2024-09-11T18:20:00+00:00,158.45,158.45,158.45,158.45,1
2024-09-11T18:35:00+00:00,158.45,158.5,158.45,158.5,2
2024-09-11T18:40:00+00:00,158.5,158.5,158.5,158.5,4
2024-09-11T18:45:00+00:00,158.4,158.4,158.4,158.4,2
2024-09-11T18:50:00+00:00,158.3,158.3,158.0,158.0,8
2024-09-11T18:55:00+00:00,158.0,158.0,158.0,158.0,10
2024-09-11T19:00:00+00:00,158.05,158.05,158.05,158.05,1
2024-09-11T19:05:00+00:00,157.9,157.9,157.5,157.5,55
2024-09-11T19:15:00+00:00,157.5,157.5,157.5,157.5,97
2024-09-11T19:20:00+00:00,157.4,157.4,157.2,157.2,35
2024-09-11T19:25:00+00:00,157.2,157.2,157.1,157.1,111
2024-09-11T19:30:00+00:00,157.2,157.2,157.2,157.2,58
2024-09-11T19:40:00+00:00,157.3,157.3,157.3,157.3,2
2024-09-11T19:50:00+00:00,157.4,157.5,157.4,157.5,4
2024-09-11T19:55:00+00:00,157.55,157.7,157.55,157.7,18
2024-09-11T20:00:00+00:00,157.75,157.9,157.75,157.9,12
2024-09-11T20:05:00+00:00,157.85,157.85,157.85,157.85,10
2024-09-11T20:20:00+00:00,157.85,157.85,157.85,157.85,1
2024-09-11T20:25:00+00:00,157.75,157.75,157.75,157.75,1
2024-09-11T20:30:00+00:00,157.85,157.85,157.85,157.85,1
2024-09-11T20:35:00+00:00,157.75,157.75,157.4,157.4,10
2024-09-11T20:40:00+00:00,157.5,158.0,157.5,158.0,345
2024-09-11T20:45:00+00:00,157.9,158.1,157.7,158.1,11
2024-09-12T07:00:00+00:00,158.1,158.15,158.1,158.1,43
2024-09-12T07:05:00+00:00,158.1,158.65,157.65,158.6,86
2024-09-12T07:10:00+00:00,158.7,158.7,158.5,158.5,14
2024-09-12T07:15:00+00:00,158.5,158.85,158.5,158.7,49
2024-09-12T07:20:00+00:00,158.75,159.0,158.2,158.4,55
2024-09-12T07:25:00+00:00,158.4,158.5,158.4,158.5,5
2024-09-12T07:30:00+00:00,158.5,158.9,158.5,158.8,94
2024-09-12T07:35:00+00:00,158.7,158.7,158.4,158.4,7
2024-09-12T07:40:00+00:00,158.4,158.4,157.8,157.95,194
2024-09-12T07:45:00+00:00,157.9,157.9,157.35,157.5,222
2024-09-12T07:50:00+00:00,157.4,157.6,157.0,157.0,224
2024-09-12T07:55:00+00:00,156.9,157.0,156.9,157.0,78
2024-09-12T08:00:00+00:00,157.05,157.05,156.95,156.95,26
2024-09-12T08:05:00+00:00,157.1,157.35,157.1,157.35,43
2024-09-12T08:10:00+00:00,157.4,157.5,157.4,157.5,4
2024-09-12T08:15:00+00:00,157.4,157.4,157.4,157.4,3
2024-09-12T08:25:00+00:00,157.5,157.5,157.5,157.5,1
2024-09-12T08:30:00+00:00,157.4,157.4,157.4,157.4,1
2024-09-12T08:35:00+00:00,157.3,157.3,157.2,157.2,11
2024-09-12T08:40:00+00:00,157.2,157.2,157.2,157.2,1
2024-09-12T08:45:00+00:00,157.25,157.3,157.2,157.3,4
2024-09-12T08:50:00+00:00,157.4,157.5,157.4,157.5,3
2024-09-12T08:55:00+00:00,157.5,157.6,157.5,157.6,10
2024-09-12T09:00:00+00:00,157.6,157.6,157.6,157.6,3
2024-09-12T09:10:00+00:00,157.6,157.6,157.6,157.6,3
2024-09-12T09:15:00+00:00,157.7,157.8,157.7,157.8,8
2024-09-12T09:20:00+00:00,157.7,157.7,157.5,157.5,8
2024-09-12T09:25:00+00:00,157.5,157.5,157.5,157.5,60
2024-09-12T09:30:00+00:00,157.4,157.6,157.4,157.6,9
2024-09-12T09:35:00+00:00,157.6,157.6,157.5,157.5,3
2024-09-12T09:40:00+00:00,157.45,157.45,157.4,157.4,3
2024-09-12T09:45:00+00:00,157.3,157.3,157.2,157.2,16
2024-09-12T09:50:00+00:00,157.3,157.3,157.3,157.3,2
2024-09-12T09:55:00+00:00,157.4,157.4,157.4,157.4,1
2024-09-12T10:00:00+00:00,157.4,157.4,157.15,157.15,16
2024-09-12T10:05:00+00:00,157.3,157.3,157.3,157.3,2
2024-09-12T10:15:00+00:00,157.2,157.3,157.2,157.3,13
2024-09-12T10:20:00+00:00,157.3,157.3,157.25,157.3,291
2024-09-12T10:25:00+00:00,157.4,157.4,157.4,157.4,1
2024-09-12T10:30:00+00:00,157.3,157.3,157.3,157.3,4
2024-09-12T10:45:00+00:00,157.4,157.9,157.4,157.9,126
2024-09-12T10:50:00+00:00,157.9,158.0,157.8,158.0,12
2024-09-12T11:00:00+00:00,158.0,158.0,158.0,158.0,1
2024-09-12T11:05:00+00:00,158.0,158.0,158.0,158.0,4
2024-09-12T11:15:00+00:00,158.0,158.0,158.0,158.0,1
2024-09-12T11:20:00+00:00,158.0,158.0,158.0,158.0,2
2024-09-12T11:30:00+00:00,158.0,158.0,158.0,158.0,3
2024-09-12T11:35:00+00:00,158.0,158.0,157.9,157.9,3
2024-09-12T11:40:00+00:00,158.0,158.1,157.8,158.0,29
2024-09-12T11:45:00+00:00,157.9,157.9,157.9,157.9,1
2024-09-12T11:50:00+00:00,158.0,158.0,158.0,158.0,1
2024-09-12T11:55:00+00:00,158.0,158.1,158.0,158.1,2
2024-09-12T12:00:00+00:00,158.1,158.1,158.1,158.1,1
2024-09-12T12:05:00+00:00,158.1,158.1,158.0,158.0,2
2024-09-12T12:15:00+00:00,158.0,158.15,158.0,158.15,14
2024-09-12T12:20:00+00:00,158.2,158.2,158.2,158.2,1
2024-09-12T12:25:00+00:00,158.2,158.2,157.8,158.0,162
2024-09-12T12:30:00+00:00,158.0,158.05,158.0,158.05,2
2024-09-12T12:35:00+00:00,158.05,158.05,157.95,157.95,6
2024-09-12T12:40:00+00:00,158.1,158.1,158.1,158.1,1
2024-09-12T12:45:00+00:00,158.1,158.1,158.0,158.0,3
2024-09-12T12:55:00+00:00,158.0,158.0,157.95,157.95,14
2024-09-12T13:00:00+00:00,157.9,157.9,157.9,157.9,1
2024-09-12T13:05:00+00:00,157.9,157.9,157.9,157.9,2
2024-09-12T13:15:00+00:00,157.85,157.85,157.8,157.8,5
2024-09-12T13:20:00+00:00,157.9,158.1,157.9,158.1,91
2024-09-12T13:25:00+00:00,158.15,158.4,158.15,158.3,46
2024-09-12T13:30:00+00:00,158.35,158.5,158.35,158.5,24
2024-09-12T13:35:00+00:00,158.5,158.5,158.5,158.5,2
2024-09-12T13:40:00+00:00,158.45,158.45,158.45,158.45,1
2024-09-12T13:45:00+00:00,158.3,158.3,158.05,158.15,18
2024-09-12T13:50:00+00:00,158.2,158.3,158.2,158.3,3
2024-09-12T13:55:00+00:00,158.15,158.3,158.1,158.3,9
2024-09-12T14:00:00+00:00,158.3,158.45,158.3,158.45,27
2024-09-12T14:05:00+00:00,158.45,158.5,158.45,158.5,9
2024-09-12T14:10:00+00:00,158.45,158.45,158.3,158.3,5
2024-09-12T14:15:00+00:00,158.4,158.5,158.4,158.5,4
2024-09-12T14:20:00+00:00,158.5,158.5,158.3,158.4,4
2024-09-12T14:25:00+00:00,158.5,158.5,158.5,158.5,5
2024-09-12T14:30:00+00:00,158.5,158.5,158.5,158.5,4
2024-09-12T14:35:00+00:00,158.5,158.5,158.4,158.4,12
2024-09-12T14:40:00+00:00,158.5,158.6,158.4,158.4,13
2024-09-12T14:50:00+00:00,158.3,158.3,158.0,158.0,32
2024-09-12T14:55:00+00:00,158.0,158.0,157.95,158.0,33
2024-09-12T15:00:00+00:00,158.0,158.1,158.0,158.1,60
2024-09-12T15:05:00+00:00,158.1,158.1,158.1,158.1,1
2024-09-12T15:10:00+00:00,158.1,158.3,158.0,158.3,7
2024-09-12T15:15:00+00:00,158.3,158.3,158.3,158.3,1
2024-09-12T15:20:00+00:00,158.3,158.3,158.3,158.3,8
2024-09-12T15:25:00+00:00,158.2,158.2,158.0,158.0,19
2024-09-12T15:30:00+00:00,158.2,158.3,158.1,158.3,10
2024-09-12T15:35:00+00:00,158.3,158.3,158.3,158.3,53
2024-09-12T15:45:00+00:00,158.3,158.3,158.3,158.3,49
2024-09-12T16:05:00+00:00,158.35,158.35,158.35,158.35,2
2024-09-12T16:10:00+00:00,158.4,158.4,158.4,158.4,2
2024-09-12T16:15:00+00:00,158.4,158.4,158.35,158.4,22
2024-09-12T16:20:00+00:00,158.4,158.4,158.4,158.4,4
2024-09-12T16:30:00+00:00,158.4,158.5,158.4,158.5,4
2024-09-12T16:35:00+00:00,158.4,158.4,158.35,158.35,83
2024-09-12T16:45:00+00:00,158.45,158.5,158.45,158.5,10
2024-09-12T17:00:00+00:00,158.5,158.5,158.5,158.5,2
2024-09-12T17:05:00+00:00,158.5,158.5,158.5,158.5,1
2024-09-12T17:10:00+00:00,158.5,158.5,158.1,158.35,24
2024-09-12T17:15:00+00:00,158.2,158.45,158.2,158.45,13
2024-09-12T18:00:00+00:00,158.5,158.5,158.4,158.4,4
2024-09-12T18:10:00+00:00,158.35,158.4,158.3,158.3,10
2024-09-12T18:20:00+00:00,158.3,158.3,158.1,158.1,8
2024-09-12T18:50:00+00:00,158.2,158.2,158.2,158.2,1
2024-09-12T19:00:00+00:00,158.2,158.2,158.2,158.2,1
2024-09-12T19:25:00+00:00,158.3,158.3,158.2,158.2,69
2024-09-12T19:40:00+00:00,158.2,158.2,158.0,158.0,15
2024-09-12T19:45:00+00:00,158.1,158.2,158.1,158.2,4
2024-09-12T19:50:00+00:00,158.1,158.1,158.0,158.0,5
2024-09-12T20:00:00+00:00,157.9,157.9,157.9,157.9,2
2024-09-12T20:10:00+00:00,158.0,158.0,158.0,158.0,1
2024-09-12T20:30:00+00:00,158.0,158.0,158.0,158.0,1
2024-09-12T20:40:00+00:00,158.1,158.1,158.0,158.0,5
2024-09-13T07:00:00+00:00,158.1,158.1,157.9,158.0,9
2024-09-13T07:05:00+00:00,158.1,158.1,157.9,158.05,14
2024-09-13T07:10:00+00:00,157.9,158.0,157.05,158.0,96
2024-09-13T07:15:00+00:00,157.9,158.0,157.7,158.0,12
2024-09-13T07:20:00+00:00,158.1,158.3,158.1,158.2,7
2024-09-13T07:25:00+00:00,158.3,158.3,157.8,157.8,39
2024-09-13T07:30:00+00:00,157.9,158.0,157.9,158.0,3
2024-09-13T07:35:00+00:00,157.9,157.9,157.8,157.8,18
2024-09-13T07:40:00+00:00,157.8,157.9,157.7,157.7,87
2024-09-13T07:45:00+00:00,157.8,157.9,157.7,157.9,5
2024-09-13T07:50:00+00:00,157.9,158.2,157.9,158.2,6
2024-09-13T07:55:00+00:00,158.2,158.3,158.2,158.2,14
2024-09-13T08:00:00+00:00,158.25,158.25,158.1,158.1,4
2024-09-13T08:05:00+00:00,158.0,158.3,157.75,158.1,65
2024-09-13T08:10:00+00:00,158.2,159.45,158.2,159.3,284
2024-09-13T08:15:00+00:00,159.2,159.2,158.9,158.9,7
2024-09-13T08:20:00+00:00,159.0,159.0,158.9,158.9,3
2024-09-13T08:25:00+00:00,159.0,159.0,158.9,158.9,16
2024-09-13T08:30:00+00:00,158.8,158.8,158.6,158.6,9
2024-09-13T08:35:00+00:00,158.6,158.6,158.6,158.6,3
2024-09-13T08:40:00+00:00,158.6,158.6,158.2,158.3,59
2024-09-13T08:45:00+00:00,158.3,158.6,158.3,158.6,7
2024-09-13T08:50:00+00:00,158.6,158.75,158.6,158.75,8
2024-09-13T08:55:00+00:00,158.75,158.8,158.75,158.8,2
2024-09-13T09:00:00+00:00,158.8,158.8,158.8,158.8,1
2024-09-13T09:05:00+00:00,158.85,158.85,158.85,158.85,6
2024-09-13T09:10:00+00:00,158.85,158.85,158.85,158.85,3
2024-09-13T09:25:00+00:00,158.85,158.85,158.85,158.85,3
2024-09-13T09:35:00+00:00,158.85,158.85,158.85,158.85,2
2024-09-13T09:40:00+00:00,158.75,158.75,158.1,158.2,304
2024-09-13T09:45:00+00:00,158.1,158.1,158.1,158.1,1
2024-09-13T09:50:00+00:00,158.3,158.4,158.3,158.4,3
2024-09-13T09:55:00+00:00,158.4,158.7,158.4,158.6,29
2024-09-13T10:00:00+00:00,158.6,158.6,158.6,158.6,3
2024-09-13T10:05:00+00:00,158.6,158.85,158.6,158.85,34
2024-09-13T10:10:00+00:00,158.9,158.9,158.9,158.9,2
2024-09-13T10:15:00+00:00,158.85,158.9,158.85,158.9,11
2024-09-13T10:20:00+00:00,158.9,158.9,158.7,158.85,88
2024-09-13T10:25:00+00:00,158.7,158.8,158.6,158.6,14
2024-09-13T10:30:00+00:00,158.6,158.6,158.0,158.0,61
2024-09-13T10:35:00+00:00,158.0,158.3,158.0,158.2,25
2024-09-13T10:40:00+00:00,158.15,158.15,157.75,157.85,24
2024-09-13T10:45:00+00:00,157.9,158.3,157.9,158.25,72
2024-09-13T10:50:00+00:00,158.3,158.65,158.3,158.5,16
2024-09-13T10:55:00+00:00,158.5,158.8,158.4,158.7,42
2024-09-13T11:00:00+00:00,158.8,158.9,157.8,158.15,161
2024-09-13T11:05:00+00:00,158.0,158.0,157.8,157.9,249
2024-09-13T11:10:00+00:00,157.9,158.15,157.5,158.15,82
2024-09-13T11:15:00+00:00,158.0,158.0,157.85,158.0,13
2024-09-13T11:20:00+00:00,158.1,158.2,158.1,158.1,7
2024-09-13T11:25:00+00:00,158.15,158.4,158.15,158.4,15
2024-09-13T11:30:00+00:00,158.5,158.95,158.5,158.95,24
2024-09-13T11:35:00+00:00,158.95,158.95,157.0,157.5,728
2024-09-13T11:40:00+00:00,157.5,157.6,157.0,157.15,531
2024-09-13T11:45:00+00:00,157.1,157.7,156.95,157.1,282
2024-09-13T11:50:00+00:00,157.0,157.0,156.75,157.0,127
2024-09-13T11:55:00+00:00,157.0,157.1,156.0,156.3,281
2024-09-13T12:00:00+00:00,156.4,157.4,156.4,157.4,193
2024-09-13T12:05:00+00:00,157.3,157.6,157.3,157.6,17
2024-09-13T12:10:00+00:00,157.6,157.8,157.6,157.8,7
2024-09-13T12:15:00+00:00,157.8,158.0,157.5,157.9,150
2024-09-13T12:20:00+00:00,157.9,157.9,157.9,157.9,26
2024-09-13T12:25:00+00:00,157.9,157.9,157.9,157.9,2
2024-09-13T12:30:00+00:00,157.8,157.9,157.8,157.9,11
2024-09-13T12:35:00+00:00,157.9,157.9,157.65,157.7,33
2024-09-13T12:40:00+00:00,157.8,157.8,157.7,157.7,3
2024-09-13T12:45:00+00:00,157.8,157.9,157.8,157.9,2
2024-09-13T12:55:00+00:00,157.9,158.1,157.9,158.1,66
2024-09-13T13:00:00+00:00,158.2,158.2,158.2,158.2,1
2024-09-13T13:10:00+00:00,158.2,158.5,158.2,158.5,24
2024-09-13T13:15:00+00:00,158.5,158.95,158.5,158.9,136
2024-09-13T13:20:00+00:00,158.9,158.95,158.8,158.95,100
2024-09-13T13:25:00+00:00,158.95,158.95,158.0,158.0,82
2024-09-13T13:30:00+00:00,158.1,158.7,158.1,158.7,14
2024-09-13T13:35:00+00:00,158.75,159.5,158.75,159.45,279
2024-09-13T13:40:00+00:00,159.3,159.3,159.2,159.2,3
2024-09-13T13:45:00+00:00,159.2,159.2,159.2,159.2,2
2024-09-13T13:50:00+00:00,159.3,159.4,159.3,159.4,7
2024-09-13T13:55:00+00:00,159.4,159.4,159.1,159.1,9
2024-09-13T14:00:00+00:00,159.2,159.5,159.2,159.5,43
2024-09-13T14:05:00+00:00,159.5,159.5,159.3,159.3,11
2024-09-13T14:10:00+00:00,159.3,159.3,159.3,159.3,1
2024-09-13T14:15:00+00:00,159.2,159.2,159.1,159.1,99
2024-09-13T14:20:00+00:00,159.2,159.4,159.2,159.4,29
2024-09-13T14:25:00+00:00,159.3,159.3,159.3,159.3,7
2024-09-13T14:30:00+00:00,159.4,159.4,159.3,159.3,14
2024-09-13T14:35:00+00:00,159.3,159.4,159.3,159.4,2
2024-09-13T14:40:00+00:00,159.3,159.5,159.2,159.4,181
2024-09-13T14:45:00+00:00,159.3,159.6,159.3,159.6,40
2024-09-13T14:50:00+00:00,159.6,159.6,159.5,159.5,4
2024-09-13T15:00:00+00:00,159.6,160.0,159.5,159.7,38
2024-09-13T15:05:00+00:00,159.8,159.8,159.8,159.8,1
2024-09-13T15:10:00+00:00,159.8,159.8,159.8,159.8,6
2024-09-13T15:15:00+00:00,159.8,159.9,159.8,159.9,16
2024-09-13T15:20:00+00:00,159.8,160.0,159.8,160.0,20
2024-09-13T15:25:00+00:00,159.95,160.0,159.95,159.95,11
2024-09-13T15:30:00+00:00,160.0,160.0,160.0,160.0,2
2024-09-13T15:35:00+00:00,159.95,160.0,159.95,159.95,14
2024-09-13T15:45:00+00:00,160.0,160.0,160.0,160.0,5
2024-09-13T16:00:00+00:00,160.0,160.0,160.0,160.0,7
2024-09-13T16:05:00+00:00,160.0,160.1,160.0,160.0,43
2024-09-13T16:10:00+00:00,160.05,160.05,160.05,160.05,1
2024-09-13T16:20:00+00:00,160.0,160.0,160.0,160.0,4
2024-09-13T16:30:00+00:00,160.05,160.45,160.05,160.1,39
2024-09-13T16:35:00+00:00,160.0,160.0,160.0,160.0,10
2024-09-13T16:45:00+00:00,160.0,160.1,160.0,160.0,10
2024-09-13T16:50:00+00:00,160.1,160.1,160.1,160.1,13
2024-09-13T17:00:00+00:00,160.0,160.1,159.95,160.1,27
2024-09-13T17:05:00+00:00,160.2,160.2,160.2,160.2,1
2024-09-13T17:15:00+00:00,160.2,160.2,160.2,160.2,1
2024-09-13T17:20:00+00:00,160.15,160.2,160.15,160.2,2
2024-09-13T17:25:00+00:00,160.1,160.2,160.1,160.2,30
2024-09-13T17:30:00+00:00,160.2,160.2,160.2,160.2,12
2024-09-13T17:35:00+00:00,160.1,160.2,160.1,160.2,7
2024-09-13T17:40:00+00:00,160.15,160.2,160.15,160.2,116
2024-09-13T17:50:00+00:00,160.2,160.2,160.0,160.1,6
2024-09-13T17:55:00+00:00,160.0,160.0,160.0,160.0,5
2024-09-13T18:00:00+00:00,160.1,160.2,160.1,160.2,54
2024-09-13T18:05:00+00:00,160.3,160.3,160.3,160.3,1
2024-09-13T18:15:00+00:00,160.2,160.5,160.2,160.3,54
2024-09-13T18:20:00+00:00,160.4,160.5,160.3,160.3,19
2024-09-13T18:25:00+00:00,160.2,160.2,159.9,160.0,43
2024-09-13T18:30:00+00:00,160.1,160.5,160.1,160.4,65
2024-09-13T18:35:00+00:00,160.4,160.45,160.4,160.45,30
2024-09-13T18:40:00+00:00,160.5,160.9,160.5,160.9,133
2024-09-13T18:45:00+00:00,160.8,160.9,159.95,159.95,78
2024-09-13T18:50:00+00:00,160.05,160.05,160.05,160.05,1
2024-09-13T18:55:00+00:00,159.9,159.9,159.7,159.7,74
2024-09-13T19:00:00+00:00,159.6,159.6,159.6,159.6,3
2024-09-13T19:05:00+00:00,159.8,159.8,159.8,159.8,1
2024-09-13T19:15:00+00:00,159.8,159.8,159.8,159.8,1
2024-09-13T19:25:00+00:00,159.9,160.3,159.9,160.3,10
2024-09-13T19:35:00+00:00,160.2,160.2,160.2,160.2,1
2024-09-13T19:45:00+00:00,160.3,160.3,160.3,160.3,5
2024-09-13T19:50:00+00:00,160.3,160.3,159.7,159.8,17
2024-09-13T20:00:00+00:00,159.8,159.9,159.8,159.9,3
2024-09-13T20:05:00+00:00,160.0,160.0,160.0,160.0,1
2024-09-13T20:10:00+00:00,160.0,160.0,160.0,160.0,1
2024-09-13T20:15:00+00:00,160.1,160.1,160.1,160.1,1
2024-09-13T20:20:00+00:00,160.1,160.1,159.6,159.6,11
2024-09-13T20:25:00+00:00,159.6,159.6,158.5,158.8,278
2024-09-13T20:30:00+00:00,158.9,159.65,158.9,159.65,37
2024-09-13T20:35:00+00:00,159.7,159.7,159.7,159.7,2
2024-09-13T20:40:00+00:00,159.8,159.9,159.8,159.9,4
2024-09-13T20:45:00+00:00,160.0,160.2,160.0,160.2,6
2024-09-16T06:55:00+00:00,160.3,160.3,160.3,160.3,2
2024-09-16T07:00:00+00:00,160.4,161.1,160.3,161.0,156
2024-09-16T07:05:00+00:00,161.1,161.2,161.0,161.0,21
2024-09-16T07:10:00+00:00,160.95,161.1,160.7,160.95,54
2024-09-16T07:15:00+00:00,160.95,161.1,160.95,161.1,56
2024-09-16T07:20:00+00:00,161.1,161.2,161.0,161.2,8
2024-09-16T07:25:00+00:00,161.2,161.2,161.0,161.0,10
2024-09-16T07:30:00+00:00,161.1,161.15,161.1,161.15,18
2024-09-16T07:35:00+00:00,161.15,161.15,160.95,161.1,36
2024-09-16T07:40:00+00:00,161.1,161.3,161.1,161.3,31
2024-09-16T07:45:00+00:00,161.4,161.5,161.1,161.5,114
2024-09-16T07:50:00+00:00,161.5,161.85,161.45,161.45,168
2024-09-16T07:55:00+00:00,161.6,162.0,161.6,162.0,155
2024-09-16T08:00:00+00:00,162.0,162.35,162.0,162.25,210
2024-09-16T08:05:00+00:00,162.2,162.3,162.2,162.2,7
2024-09-16T08:10:00+00:00,162.3,162.6,162.3,162.6,172
2024-09-16T08:15:00+00:00,162.6,163.2,162.6,163.2,147
2024-09-16T08:20:00+00:00,163.3,164.35,163.3,164.1,195
2024-09-16T08:25:00+00:00,164.0,164.0,163.7,163.9,150
2024-09-16T08:30:00+00:00,163.9,163.9,163.5,163.8,452
2024-09-16T08:35:00+00:00,163.8,163.95,163.7,163.75,63
2024-09-16T08:40:00+00:00,163.9,164.0,163.8,164.0,16
2024-09-16T08:45:00+00:00,163.9,163.9,163.7,163.8,62
2024-09-16T08:50:00+00:00,163.7,163.75,163.5,163.6,67
2024-09-16T08:55:00+00:00,163.6,163.6,163.5,163.6,11
2024-09-16T09:00:00+00:00,163.6,163.6,163.55,163.6,4
2024-09-16T09:05:00+00:00,163.6,163.75,163.6,163.75,17
2024-09-16T09:10:00+00:00,163.75,163.75,163.6,163.6,22
2024-09-16T09:15:00+00:00,163.5,163.55,163.5,163.55,6
2024-09-16T09:20:00+00:00,163.7,163.8,163.7,163.7,36
2024-09-16T09:25:00+00:00,163.7,164.0,163.6,164.0,209
2024-09-16T09:30:00+00:00,164.0,164.0,163.9,164.0,49
2024-09-16T09:35:00+00:00,164.0,164.0,163.9,164.0,129
2024-09-16T09:40:00+00:00,164.0,164.0,164.0,164.0,9
2024-09-16T09:45:00+00:00,164.0,164.0,164.0,164.0,9
2024-09-16T09:50:00+00:00,164.0,164.0,164.0,164.0,1
2024-09-16T09:55:00+00:00,164.0,164.0,164.0,164.0,60
2024-09-16T10:00:00+00:00,164.0,164.0,163.8,163.8,61
2024-09-16T10:05:00+00:00,163.9,163.9,163.9,163.9,13
2024-09-16T10:10:00+00:00,164.0,164.0,163.9,163.9,58
2024-09-16T10:15:00+00:00,163.9,164.0,163.9,164.0,16
2024-09-16T10:20:00+00:00,164.0,164.0,163.9,164.0,184
2024-09-16T10:25:00+00:00,163.9,163.9,163.9,163.9,32
2024-09-16T10:30:00+00:00,163.9,163.9,163.55,163.55,65
2024-09-16T10:35:00+00:00,163.7,163.9,163.7,163.9,24
2024-09-16T10:40:00+00:00,163.9,163.95,163.9,163.9,34
2024-09-16T10:45:00+00:00,164.0,164.0,163.9,164.0,8
2024-09-16T10:50:00+00:00,164.0,164.0,163.9,163.9,306
2024-09-16T10:55:00+00:00,163.85,164.0,163.6,163.6,241
2024-09-16T11:00:00+00:00,163.6,163.7,163.5,163.7,95
2024-09-16T11:05:00+00:00,163.8,163.8,163.5,163.5,130
2024-09-16T11:10:00+00:00,163.6,163.6,163.6,163.6,2
2024-09-16T11:15:00+00:00,163.7,163.75,163.6,163.75,24
2024-09-16T11:20:00+00:00,163.75,163.75,163.75,163.75,2
2024-09-16T11:25:00+00:00,163.75,163.8,163.6,163.6,64
2024-09-16T11:30:00+00:00,163.7,163.7,163.35,163.5,45
2024-09-16T11:35:00+00:00,163.6,163.6,163.6,163.6,2
2024-09-16T11:40:00+00:00,163.7,164.0,163.7,164.0,75
2024-09-16T11:45:00+00:00,163.95,164.0,163.95,164.0,13
2024-09-16T11:50:00+00:00,163.95,164.0,163.8,163.8,14
2024-09-16T11:55:00+00:00,163.9,164.0,163.9,164.0,93
2024-09-16T12:00:00+00:00,164.0,164.4,164.0,164.4,957
2024-09-16T12:05:00+00:00,164.45,164.7,164.4,164.7,109
2024-09-16T12:10:00+00:00,164.8,165.4,164.8,165.4,194
2024-09-16T12:15:00+00:00,165.3,166.2,165.3,166.2,266
2024-09-16T12:20:00+00:00,166.1,166.9,166.0,166.9,295
2024-09-16T12:25:00+00:00,166.8,167.8,166.8,167.8,322
2024-09-16T12:30:00+00:00,167.8,168.5,167.8,168.3,659
2024-09-16T12:35:00+00:00,168.4,169.8,168.35,169.35,1737
2024-09-16T12:40:00+00:00,169.35,169.5,168.75,169.0,373
2024-09-16T12:45:00+00:00,169.1,169.35,169.0,169.35,120
2024-09-16T12:50:00+00:00,169.35,169.45,169.2,169.45,830
2024-09-16T12:55:00+00:00,169.45,170.0,169.45,169.8,599
2024-09-16T13:00:00+00:00,169.8,170.9,169.6,170.4,283
2024-09-16T13:05:00+00:00,170.4,170.4,169.95,169.95,113
2024-09-16T13:10:00+00:00,169.9,169.9,168.05,168.6,386
2024-09-16T13:15:00+00:00,168.7,169.5,168.7,169.4,131
2024-09-16T13:20:00+00:00,169.4,169.4,169.3,169.3,45
2024-09-16T13:25:00+00:00,169.2,169.4,169.0,169.4,106
2024-09-16T13:30:00+00:00,169.4,169.5,169.4,169.4,122
2024-09-16T13:35:00+00:00,169.4,169.5,169.4,169.5,40
2024-09-16T13:40:00+00:00,169.5,169.5,169.4,169.4,9
2024-09-16T13:45:00+00:00,169.5,169.5,169.4,169.4,12
2024-09-16T13:50:00+00:00,169.4,169.45,169.4,169.4,199
2024-09-16T13:55:00+00:00,169.4,169.4,169.3,169.3,104
2024-09-16T14:00:00+00:00,169.3,169.3,168.5,168.5,403
2024-09-16T14:10:00+00:00,168.5,168.5,168.2,168.2,21
2024-09-16T14:15:00+00:00,168.1,168.1,167.5,167.5,168
2024-09-16T14:20:00+00:00,167.5,167.8,167.2,167.8,73
2024-09-16T14:25:00+00:00,167.8,168.5,167.8,168.5,43
2024-09-16T14:30:00+00:00,168.3,168.3,168.05,168.05,37
2024-09-16T14:35:00+00:00,168.0,168.1,167.9,167.9,28
2024-09-16T14:40:00+00:00,167.95,167.95,167.8,167.95,8
2024-09-16T14:45:00+00:00,167.8,167.8,167.15,167.3,36
2024-09-16T14:50:00+00:00,167.3,167.3,167.15,167.15,33
2024-09-16T14:55:00+00:00,167.15,167.3,167.0,167.1,111
2024-09-16T15:00:00+00:00,167.2,167.2,167.1,167.1,3
2024-09-16T15:05:00+00:00,167.0,167.0,166.55,166.55,251
2024-09-16T15:10:00+00:00,166.55,166.55,166.55,166.55,41
2024-09-16T15:15:00+00:00,166.55,166.55,166.5,166.55,59
2024-09-16T15:20:00+00:00,166.5,166.65,165.9,165.95,222
2024-09-16T15:25:00+00:00,165.95,165.95,164.8,164.9,602
2024-09-16T15:30:00+00:00,164.9,165.0,164.9,165.0,1033
2024-09-16T15:35:00+00:00,165.0,165.0,164.9,164.9,28
2024-09-16T15:45:00+00:00,165.0,165.0,165.0,165.0,13
2024-09-16T16:00:00+00:00,164.9,164.9,164.9,164.9,6
2024-09-16T16:05:00+00:00,164.9,165.0,164.9,164.9,17
2024-09-16T16:10:00+00:00,164.9,164.9,164.9,164.9,1
2024-09-16T16:15:00+00:00,165.0,165.0,165.0,165.0,16
2024-09-16T16:20:00+00:00,165.0,165.0,164.9,164.9,52
2024-09-16T16:25:00+00:00,164.9,165.0,164.9,165.0,28
2024-09-16T16:30:00+00:00,165.0,165.0,165.0,165.0,110
2024-09-16T16:35:00+00:00,165.0,165.0,165.0,165.0,23
2024-09-16T16:40:00+00:00,165.0,165.0,165.0,165.0,502
2024-09-16T16:45:00+00:00,164.9,164.9,164.3,164.4,123
2024-09-16T16:50:00+00:00,164.3,164.5,164.3,164.3,21
2024-09-16T16:55:00+00:00,164.3,164.6,164.3,164.3,62
2024-09-16T17:00:00+00:00,164.3,164.6,164.3,164.55,49
2024-09-16T17:05:00+00:00,164.55,164.7,164.55,164.7,4
2024-09-16T17:10:00+00:00,164.8,165.0,164.8,165.0,310
2024-09-16T17:15:00+00:00,164.8,165.0,164.8,165.0,7
2024-09-16T17:20:00+00:00,164.95,165.0,164.95,165.0,3
2024-09-16T17:25:00+00:00,164.95,164.95,164.95,164.95,3
2024-09-16T17:30:00+00:00,165.0,165.0,165.0,165.0,2
2024-09-16T17:35:00+00:00,164.8,164.8,164.6,164.65,7
2024-09-16T17:40:00+00:00,164.6,164.6,164.6,164.6,9
2024-09-16T17:45:00+00:00,164.5,164.6,164.5,164.6,12
2024-09-16T17:50:00+00:00,164.6,164.8,164.6,164.8,14
2024-09-16T17:55:00+00:00,164.9,165.0,164.8,165.0,71
2024-09-16T18:00:00+00:00,164.9,164.9,164.6,164.6,6
2024-09-16T18:05:00+00:00,164.65,164.65,164.6,164.6,2
2024-09-16T18:10:00+00:00,164.7,164.95,164.7,164.95,8
2024-09-16T18:15:00+00:00,164.8,164.95,164.35,164.4,82
2024-09-16T18:20:00+00:00,164.4,164.5,164.3,164.3,43
2024-09-16T18:25:00+00:00,164.4,164.6,164.4,164.5,5
2024-09-16T18:30:00+00:00,164.6,165.0,164.6,165.0,50
2024-09-16T18:35:00+00:00,165.0,165.0,165.0,165.0,4
2024-09-16T18:40:00+00:00,164.95,165.0,164.9,165.0,16
2024-09-16T18:45:00+00:00,165.0,165.0,164.9,165.0,322
2024-09-16T18:50:00+00:00,165.0,165.0,165.0,165.0,1
2024-09-16T18:55:00+00:00,165.0,165.0,165.0,165.0,7
2024-09-16T19:00:00+00:00,165.0,165.0,165.0,165.0,97
2024-09-16T19:05:00+00:00,164.9,165.0,164.9,165.0,73
2024-09-16T19:10:00+00:00,165.0,165.0,165.0,165.0,10
2024-09-16T19:15:00+00:00,165.0,165.0,165.0,165.0,4
2024-09-16T19:20:00+00:00,165.0,165.0,165.0,165.0,102
2024-09-16T19:25:00+00:00,165.0,165.0,164.9,164.9,22
2024-09-16T19:30:00+00:00,164.9,165.0,164.9,165.0,23
2024-09-16T19:35:00+00:00,165.0,165.0,164.9,164.9,65
2024-09-16T19:40:00+00:00,165.0,165.0,165.0,165.0,100
2024-09-16T19:45:00+00:00,165.0,165.0,164.7,164.9,40
2024-09-16T19:50:00+00:00,164.9,164.9,164.6,164.6,30
2024-09-16T19:55:00+00:00,164.5,164.5,164.3,164.4,71
2024-09-16T20:00:00+00:00,164.5,164.5,164.4,164.4,5
2024-09-16T20:10:00+00:00,164.5,164.7,164.5,164.6,8
2024-09-16T20:15:00+00:00,164.65,164.65,164.6,164.6,2
2024-09-16T20:20:00+00:00,164.6,164.7,164.6,164.7,18
2024-09-16T20:25:00+00:00,164.7,164.95,164.7,164.95,8
2024-09-16T20:35:00+00:00,164.85,164.85,164.85,164.85,3
2024-09-16T20:40:00+00:00,164.95,164.95,164.8,164.8,16
2024-09-16T20:45:00+00:00,164.9,164.9,164.9,164.9,34
2024-09-17T06:55:00+00:00,165.3,165.3,165.3,165.3,1
2024-09-17T07:00:00+00:00,166.05,166.05,165.55,165.8,70
2024-09-17T07:05:00+00:00,166.3,167.0,166.3,166.95,361
2024-09-17T07:10:00+00:00,166.7,166.95,165.85,166.45,554
2024-09-17T07:15:00+00:00,166.55,166.6,165.8,165.8,75
2024-09-17T07:20:00+00:00,166.35,166.4,165.8,166.4,28
2024-09-17T07:25:00+00:00,166.4,166.95,166.3,166.95,208
2024-09-17T07:30:00+00:00,166.95,167.95,166.95,167.95,234
2024-09-17T07:35:00+00:00,167.85,167.85,167.0,167.45,436
2024-09-17T07:40:00+00:00,167.45,167.95,167.45,167.95,110
2024-09-17T07:45:00+00:00,167.15,168.85,167.15,168.85,869
2024-09-17T07:50:00+00:00,168.7,168.8,167.1,168.0,97
2024-09-17T07:55:00+00:00,167.3,167.3,167.0,167.0,34
2024-09-17T08:00:00+00:00,167.1,167.1,167.1,167.1,1
2024-09-17T08:05:00+00:00,167.7,167.75,167.15,167.75,17
2024-09-17T08:10:00+00:00,167.7,167.7,167.05,167.7,137
2024-09-17T08:15:00+00:00,167.7,167.7,167.0,167.5,161
2024-09-17T08:20:00+00:00,167.05,167.35,167.0,167.0,59
2024-09-17T08:25:00+00:00,167.0,167.4,166.65,167.4,105
2024-09-17T08:30:00+00:00,167.25,167.4,167.25,167.4,110
2024-09-17T08:35:00+00:00,167.35,167.65,166.8,167.65,105
2024-09-17T08:40:00+00:00,167.65,167.65,167.65,167.65,11
2024-09-17T08:45:00+00:00,167.65,167.7,167.65,167.7,129
2024-09-17T08:50:00+00:00,167.65,167.65,167.0,167.15,61
2024-09-17T08:55:00+00:00,167.65,167.8,167.65,167.8,89
2024-09-17T09:00:00+00:00,167.8,167.9,167.8,167.9,71
2024-09-17T09:05:00+00:00,167.9,167.9,167.85,167.9,34
2024-09-17T09:10:00+00:00,167.9,167.9,167.9,167.9,10
2024-09-17T09:15:00+00:00,167.9,167.9,167.9,167.9,9
2024-09-17T09:20:00+00:00,167.9,167.9,167.9,167.9,3
2024-09-17T09:25:00+00:00,167.85,167.85,167.7,167.7,20
2024-09-17T09:30:00+00:00,167.9,167.9,167.8,167.8,64
2024-09-17T09:35:00+00:00,167.9,167.9,167.0,167.5,383
2024-09-17T09:40:00+00:00,167.6,167.6,167.6,167.6,1
2024-09-17T09:45:00+00:00,167.5,168.0,167.5,168.0,144
2024-09-17T09:50:00+00:00,168.0,168.0,167.85,167.85,2
2024-09-17T09:55:00+00:00,167.95,167.95,167.85,167.85,2
2024-09-17T10:00:00+00:00,167.85,168.0,167.85,168.0,47
2024-09-17T10:05:00+00:00,167.9,168.0,167.9,168.0,22
2024-09-17T10:10:00+00:00,168.0,168.0,168.0,168.0,1
2024-09-17T10:15:00+00:00,168.0,168.0,168.0,168.0,10
2024-09-17T10:20:00+00:00,168.0,168.2,168.0,168.2,14
2024-09-17T10:25:00+00:00,168.2,168.5,168.2,168.5,33
2024-09-17T10:30:00+00:00,168.4,168.4,168.3,168.35,182
2024-09-17T10:35:00+00:00,168.35,168.35,168.05,168.05,8
2024-09-17T10:40:00+00:00,168.2,168.2,167.75,167.9,1006
2024-09-17T10:45:00+00:00,168.0,168.0,167.9,167.9,4
2024-09-17T10:50:00+00:00,167.9,168.1,167.9,168.1,7
2024-09-17T10:55:00+00:00,168.2,168.35,168.2,168.35,300
2024-09-17T11:00:00+00:00,168.4,168.65,168.35,168.35,37
2024-09-17T11:05:00+00:00,168.5,168.7,168.4,168.7,30
2024-09-17T11:10:00+00:00,168.7,168.7,168.6,168.6,12
2024-09-17T11:15:00+00:00,168.5,168.6,168.45,168.6,41
2024-09-17T11:20:00+00:00,168.6,168.6,168.4,168.4,28
2024-09-17T11:25:00+00:00,168.6,168.6,168.4,168.4,41
2024-09-17T11:30:00+00:00,168.4,168.4,168.4,168.4,20
2024-09-17T11:35:00+00:00,168.4,168.4,168.35,168.35,41
2024-09-17T11:40:00+00:00,168.35,168.5,168.35,168.5,5
2024-09-17T11:45:00+00:00,168.5,168.7,168.5,168.7,83
2024-09-17T11:50:00+00:00,168.75,168.8,168.5,168.8,104
2024-09-17T11:55:00+00:00,168.7,168.7,168.45,168.45,14
2024-09-17T12:00:00+00:00,168.6,168.6,168.6,168.6,6
2024-09-17T12:05:00+00:00,168.5,168.5,168.5,168.5,2
2024-09-17T12:10:00+00:00,168.4,168.8,168.35,168.8,98
2024-09-17T12:15:00+00:00,168.8,168.8,168.8,168.8,2
2024-09-17T12:20:00+00:00,168.7,168.7,168.4,168.6,24
2024-09-17T12:25:00+00:00,168.6,168.6,168.6,168.6,1
2024-09-17T12:30:00+00:00,168.7,168.9,168.7,168.8,16
2024-09-17T12:35:00+00:00,168.8,169.0,168.8,169.0,88
2024-09-17T12:40:00+00:00,168.85,168.85,168.85,168.85,12
2024-09-17T12:45:00+00:00,168.95,169.2,168.95,169.0,491
2024-09-17T12:50:00+00:00,169.05,169.3,169.05,169.3,29
2024-09-17T12:55:00+00:00,169.25,169.4,169.25,169.4,73
2024-09-17T13:00:00+00:00,169.35,169.45,169.1,169.1,121
2024-09-17T13:05:00+00:00,169.1,169.1,169.0,169.1,533
2024-09-17T13:10:00+00:00,169.1,169.35,169.0,169.35,50
2024-09-17T13:15:00+00:00,169.35,170.2,169.0,170.2,1927
2024-09-17T13:20:00+00:00,170.25,170.5,170.2,170.25,117
2024-09-17T13:25:00+00:00,170.25,170.25,170.2,170.2,9
2024-09-17T13:30:00+00:00,170.4,170.5,170.4,170.5,3
2024-09-17T13:35:00+00:00,170.5,170.5,170.5,170.5,13
2024-09-17T13:40:00+00:00,170.5,170.6,170.45,170.6,7
2024-09-17T13:45:00+00:00,170.45,170.7,170.25,170.25,24
2024-09-17T13:50:00+00:00,170.4,170.4,170.4,170.4,52
2024-09-17T13:55:00+00:00,170.5,170.6,170.4,170.5,22
2024-09-17T14:00:00+00:00,170.4,170.5,170.4,170.4,37
2024-09-17T14:05:00+00:00,170.5,170.5,170.4,170.5,12
2024-09-17T14:10:00+00:00,170.5,170.5,170.4,170.4,3
2024-09-17T14:15:00+00:00,170.5,170.6,170.4,170.6,87
2024-09-17T14:20:00+00:00,170.7,170.8,170.65,170.7,51
2024-09-17T14:25:00+00:00,170.75,170.8,170.75,170.8,90
2024-09-17T14:30:00+00:00,170.8,170.8,170.75,170.8,61
2024-09-17T14:35:00+00:00,170.8,170.8,170.8,170.8,12
2024-09-17T14:40:00+00:00,170.75,170.8,170.75,170.75,5
2024-09-17T14:45:00+00:00,170.8,170.8,170.75,170.8,21
2024-09-17T14:50:00+00:00,170.8,170.85,170.75,170.85,60
2024-09-17T14:55:00+00:00,170.8,170.8,170.8,170.8,2
2024-09-17T15:00:00+00:00,170.85,170.85,170.8,170.8,14
2024-09-17T15:05:00+00:00,170.85,170.85,170.85,170.85,8
2024-09-17T15:10:00+00:00,170.85,171.8,170.85,171.3,635
2024-09-17T15:15:00+00:00,171.4,172.1,171.4,172.0,64
2024-09-17T15:20:00+00:00,171.9,172.0,171.65,172.0,70
2024-09-17T15:25:00+00:00,171.9,172.0,171.45,172.0,153
2024-09-17T15:30:00+00:00,172.1,172.2,171.8,171.95,61
2024-09-17T15:35:00+00:00,171.8,171.9,171.8,171.9,21
2024-09-17T15:45:00+00:00,172.0,172.0,172.0,172.0,73
2024-09-17T16:00:00+00:00,172.0,172.0,172.0,172.0,15
2024-09-17T16:05:00+00:00,172.0,172.0,172.0,172.0,119
2024-09-17T16:10:00+00:00,171.95,172.0,171.95,172.0,11
2024-09-17T16:15:00+00:00,172.0,172.0,171.95,172.0,27
2024-09-17T16:20:00+00:00,172.0,172.0,171.95,172.0,8
2024-09-17T16:25:00+00:00,172.0,172.0,171.95,171.95,17
2024-09-17T16:30:00+00:00,172.0,172.0,172.0,172.0,280
2024-09-17T16:35:00+00:00,172.0,172.1,171.9,171.9,2024
2024-09-17T16:40:00+00:00,171.85,171.85,171.05,171.7,157
2024-09-17T16:45:00+00:00,171.7,172.0,171.6,171.65,220
2024-09-17T16:50:00+00:00,171.7,171.9,171.7,171.8,5
2024-09-17T16:55:00+00:00,171.9,172.0,171.9,172.0,10
2024-09-17T17:00:00+00:00,172.0,172.0,171.8,172.0,98
2024-09-17T17:10:00+00:00,171.9,171.9,171.8,171.9,31
2024-09-17T17:15:00+00:00,171.95,171.95,171.9,171.9,21
2024-09-17T17:20:00+00:00,171.9,171.9,171.85,171.85,3
2024-09-17T17:25:00+00:00,171.9,172.0,171.9,171.9,24
2024-09-17T17:30:00+00:00,172.0,172.0,172.0,172.0,3
2024-09-17T17:35:00+00:00,172.0,172.0,172.0,172.0,12
2024-09-17T17:40:00+00:00,171.9,172.0,171.85,172.0,44
2024-09-17T17:45:00+00:00,172.0,172.0,172.0,172.0,1
2024-09-17T17:50:00+00:00,171.95,171.95,171.95,171.95,15
2024-09-17T17:55:00+00:00,171.95,172.0,171.85,172.0,128
2024-09-17T18:00:00+00:00,172.0,172.0,171.85,172.0,93
2024-09-17T18:05:00+00:00,172.0,172.0,172.0,172.0,2612
2024-09-17T18:10:00+00:00,172.0,172.0,171.95,172.0,24
2024-09-17T18:15:00+00:00,171.95,172.0,171.85,171.85,9
2024-09-17T18:20:00+00:00,171.85,172.0,171.8,172.0,38
2024-09-17T18:25:00+00:00,172.0,172.0,171.8,172.0,107
2024-09-17T18:30:00+00:00,172.0,172.0,171.9,171.9,15
2024-09-17T18:35:00+00:00,171.9,172.0,171.85,172.0,192
2024-09-17T18:40:00+00:00,172.0,172.45,171.85,171.85,86
2024-09-17T18:45:00+00:00,172.0,172.5,172.0,172.4,52
2024-09-17T18:50:00+00:00,172.4,172.5,172.4,172.5,17
2024-09-17T18:55:00+00:00,172.5,173.5,172.45,172.5,227
2024-09-17T19:00:00+00:00,172.5,172.5,172.0,172.0,156
2024-09-17T19:05:00+00:00,171.9,171.95,171.85,171.95,52
2024-09-17T19:10:00+00:00,171.85,172.0,171.85,172.0,2
2024-09-17T19:15:00+00:00,172.0,172.0,171.85,172.0,2513
2024-09-17T19:20:00+00:00,172.0,172.0,171.95,171.95,42
2024-09-17T19:25:00+00:00,171.95,172.0,171.9,171.9,24
2024-09-17T19:30:00+00:00,171.9,172.0,171.9,172.0,14
2024-09-17T19:35:00+00:00,171.95,172.0,171.95,172.0,15
2024-09-17T19:40:00+00:00,172.0,172.0,171.95,172.0,49
2024-09-17T19:45:00+00:00,172.0,172.0,171.85,171.95,87
2024-09-17T19:50:00+00:00,171.85,171.85,171.8,171.8,263
2024-09-17T19:55:00+00:00,171.95,172.0,171.95,172.0,5
2024-09-17T20:00:00+00:00,172.0,172.0,171.95,172.0,9
2024-09-17T20:05:00+00:00,172.0,172.0,172.0,172.0,20
2024-09-17T20:15:00+00:00,171.95,171.95,171.95,171.95,4
2024-09-17T20:20:00+00:00,171.95,172.0,171.95,172.0,3
2024-09-17T20:35:00+00:00,171.95,171.95,171.95,171.95,1
2024-09-17T20:40:00+00:00,172.0,172.0,172.0,172.0,9
2024-09-17T20:45:00+00:00,171.95,171.95,171.95,171.95,2
2024-09-18T06:55:00+00:00,171.8,171.8,171.8,171.8,3
2024-09-18T07:00:00+00:00,172.0,173.4,172.0,172.7,260
2024-09-18T07:05:00+00:00,172.7,173.2,171.8,173.2,591
2024-09-18T07:10:00+00:00,173.1,174.55,173.0,174.3,232
2024-09-18T07:15:00+00:00,174.3,174.35,173.7,173.7,192
2024-09-18T07:20:00+00:00,173.8,173.9,173.7,173.8,77
2024-09-18T07:25:00+00:00,173.7,173.8,173.2,173.2,78
2024-09-18T07:30:00+00:00,173.3,173.8,173.2,173.25,56
2024-09-18T07:35:00+00:00,173.4,173.75,173.2,173.75,52
2024-09-18T07:40:00+00:00,173.75,173.75,173.0,173.3,42
2024-09-18T07:45:00+00:00,173.25,173.8,173.25,173.55,555
2024-09-18T07:50:00+00:00,173.7,173.8,173.6,173.8,50
2024-09-18T07:55:00+00:00,173.8,173.8,173.75,173.75,8
2024-09-18T08:00:00+00:00,173.6,173.6,173.35,173.35,51
2024-09-18T08:05:00+00:00,173.35,173.35,172.65,172.65,196
2024-09-18T08:10:00+00:00,172.6,173.0,172.6,172.9,158
2024-09-18T08:15:00+00:00,172.9,173.35,172.9,173.2,51
2024-09-18T08:20:00+00:00,173.3,173.4,173.2,173.4,10
2024-09-18T08:25:00+00:00,173.4,173.7,173.4,173.7,65
2024-09-18T08:30:00+00:00,173.65,173.8,173.65,173.8,205
2024-09-18T08:35:00+00:00,173.7,173.7,173.7,173.7,37
2024-09-18T08:40:00+00:00,173.7,173.8,173.7,173.8,85
2024-09-18T08:45:00+00:00,173.8,173.8,173.8,173.8,1
2024-09-18T08:50:00+00:00,173.8,173.8,173.8,173.8,31
2024-09-18T09:00:00+00:00,173.75,173.8,173.7,173.8,60
2024-09-18T09:05:00+00:00,173.8,173.8,173.4,173.4,36
2024-09-18T09:10:00+00:00,173.4,173.4,173.0,173.0,53
2024-09-18T09:15:00+00:00,172.9,173.0,172.85,172.95,98
2024-09-18T09:20:00+00:00,172.9,173.0,172.85,173.0,85
2024-09-18T09:25:00+00:00,172.95,172.95,172.85,172.85,50
2024-09-18T09:30:00+00:00,172.8,172.8,170.7,171.0,1384
2024-09-18T09:35:00+00:00,170.9,172.3,170.6,172.0,1469
2024-09-18T09:40:00+00:00,172.1,172.3,172.0,172.05,19
2024-09-18T09:45:00+00:00,172.05,172.1,172.0,172.05,79
2024-09-18T09:50:00+00:00,172.2,172.3,172.2,172.3,4
2024-09-18T09:55:00+00:00,172.3,172.3,172.3,172.3,3
2024-09-18T10:00:00+00:00,172.3,172.4,172.3,172.3,4
2024-09-18T10:05:00+00:00,172.3,172.3,171.95,172.1,19
2024-09-18T10:10:00+00:00,172.0,172.6,172.0,172.35,16
2024-09-18T10:15:00+00:00,172.5,172.5,172.35,172.35,12
2024-09-18T10:20:00+00:00,172.3,172.3,171.6,171.7,123
2024-09-18T10:25:00+00:00,171.7,171.7,171.5,171.5,162
2024-09-18T10:30:00+00:00,171.6,171.7,171.6,171.7,8
2024-09-18T10:35:00+00:00,171.8,171.8,171.7,171.7,9
2024-09-18T10:40:00+00:00,171.6,171.6,170.85,171.1,166
2024-09-18T10:45:00+00:00,171.0,171.1,170.9,171.1,10
2024-09-18T10:50:00+00:00,171.2,171.2,171.1,171.2,7
2024-09-18T11:00:00+00:00,171.2,171.4,171.2,171.3,24
2024-09-18T11:05:00+00:00,171.2,171.3,171.2,171.3,2
2024-09-18T11:10:00+00:00,171.4,171.5,171.4,171.5,4
2024-09-18T11:15:00+00:00,171.6,171.9,171.6,171.8,38
2024-09-18T11:20:00+00:00,171.9,171.9,171.9,171.9,1
2024-09-18T11:25:00+00:00,171.9,171.9,171.7,171.7,21
2024-09-18T11:35:00+00:00,171.6,171.7,171.1,171.7,50
2024-09-18T11:40:00+00:00,171.6,171.7,171.1,171.5,29
2024-09-18T11:45:00+00:00,171.4,171.4,171.3,171.3,2
2024-09-18T11:50:00+00:00,171.3,171.3,171.0,171.15,21
2024-09-18T11:55:00+00:00,171.2,171.2,171.2,171.2,2
2024-09-18T12:00:00+00:00,171.3,171.3,171.2,171.2,6
2024-09-18T12:05:00+00:00,171.25,171.25,171.0,171.2,161
2024-09-18T12:10:00+00:00,171.3,171.3,171.2,171.2,3
2024-09-18T12:15:00+00:00,171.3,171.6,171.3,171.6,23
2024-09-18T12:20:00+00:00,171.7,171.7,171.7,171.7,2
2024-09-18T12:25:00+00:00,171.8,171.8,171.45,171.5,42
2024-09-18T12:30:00+00:00,171.7,172.0,171.7,171.8,28
2024-09-18T12:35:00+00:00,171.9,171.9,171.8,171.9,6
2024-09-18T12:40:00+00:00,172.0,172.0,171.3,171.5,69
2024-09-18T12:45:00+00:00,171.5,172.05,171.5,172.05,112
2024-09-18T12:50:00+00:00,172.1,173.0,172.1,173.0,250
2024-09-18T12:55:00+00:00,172.9,172.9,171.95,172.1,107
2024-09-18T13:00:00+00:00,172.1,172.1,172.1,172.1,3
2024-09-18T13:10:00+00:00,172.2,172.3,172.2,172.3,4
2024-09-18T13:15:00+00:00,172.3,172.3,172.25,172.3,3
2024-09-18T13:20:00+00:00,172.25,172.4,172.25,172.25,77
2024-09-18T13:25:00+00:00,172.2,172.2,172.2,172.2,1
2024-09-18T13:35:00+00:00,172.2,172.25,172.2,172.25,4
2024-09-18T13:40:00+00:00,172.25,172.25,172.25,172.25,11
2024-09-18T13:45:00+00:00,172.25,172.25,172.2,172.2,23
2024-09-18T13:50:00+00:00,172.2,172.25,172.2,172.2,39
2024-09-18T13:55:00+00:00,172.25,172.25,172.25,172.25,25
2024-09-18T14:00:00+00:00,172.2,172.25,172.2,172.2,9
2024-09-18T14:05:00+00:00,172.25,172.25,172.25,172.25,1
2024-09-18T14:10:00+00:00,172.2,172.3,172.2,172.2,20
2024-09-18T14:15:00+00:00,172.4,172.6,172.4,172.45,10
2024-09-18T14:20:00+00:00,172.45,172.45,172.45,172.45,1
2024-09-18T14:25:00+00:00,172.4,172.4,172.4,172.4,2
2024-09-18T14:30:00+00:00,172.5,172.6,172.5,172.6,5
2024-09-18T14:35:00+00:00,172.7,173.0,172.7,172.95,162
2024-09-18T14:40:00+00:00,172.8,172.8,172.6,172.6,7
2024-09-18T14:50:00+00:00,172.7,172.7,172.5,172.5,4
2024-09-18T14:55:00+00:00,172.5,172.7,172.3,172.3,47
2024-09-18T15:00:00+00:00,172.3,172.7,172.25,172.7,62
2024-09-18T15:05:00+00:00,172.65,172.65,172.65,172.65,1
2024-09-18T15:10:00+00:00,172.65,173.25,172.4,172.85,114
2024-09-18T15:15:00+00:00,172.85,172.85,172.6,172.6,7
2024-09-18T15:20:00+00:00,172.5,172.5,172.5,172.5,1
2024-09-18T15:30:00+00:00,172.5,172.5,172.4,172.4,3
2024-09-18T15:35:00+00:00,172.3,172.4,172.3,172.4,4
2024-09-18T15:45:00+00:00,171.5,171.5,171.5,171.5,330
2024-09-18T16:05:00+00:00,171.5,171.5,171.3,171.3,50
2024-09-18T16:10:00+00:00,171.3,171.5,171.3,171.5,4
2024-09-18T16:15:00+00:00,171.4,171.4,171.4,171.4,1
2024-09-18T16:20:00+00:00,171.3,171.4,171.2,171.4,12
2024-09-18T16:25:00+00:00,171.4,171.4,171.4,171.4,12
2024-09-18T16:30:00+00:00,171.5,172.0,171.5,172.0,12
2024-09-18T16:35:00+00:00,172.0,172.0,172.0,172.0,2
2024-09-18T16:40:00+00:00,172.0,172.0,172.0,172.0,1
2024-09-18T16:45:00+00:00,171.9,171.9,171.9,171.9,2
2024-09-18T16:50:00+00:00,171.9,172.3,171.9,172.0,21
2024-09-18T17:00:00+00:00,172.0,172.0,172.0,172.0,3
2024-09-18T17:10:00+00:00,172.0,172.0,172.0,172.0,5
2024-09-18T17:15:00+00:00,171.9,171.9,171.9,171.9,5
2024-09-18T17:20:00+00:00,172.0,172.0,172.0,172.0,4
2024-09-18T17:25:00+00:00,172.0,173.1,172.0,173.1,201
2024-09-18T17:30:00+00:00,173.1,173.1,173.1,173.1,4
2024-09-18T17:35:00+00:00,173.1,173.1,172.4,172.4,22
2024-09-18T17:55:00+00:00,173.15,173.15,172.55,172.6,62
2024-09-18T18:00:00+00:00,173.1,173.1,173.0,173.0,4
2024-09-18T18:05:00+00:00,172.9,173.0,172.9,173.0,12
2024-09-18T18:10:00+00:00,172.9,173.2,172.9,173.2,18
2024-09-18T18:15:00+00:00,173.2,173.2,173.2,173.2,10
2024-09-18T18:25:00+00:00,173.0,173.0,172.9,172.9,4
2024-09-18T18:30:00+00:00,172.9,173.1,172.9,173.1,41
2024-09-18T18:35:00+00:00,173.2,173.2,173.2,173.2,5
2024-09-18T18:40:00+00:00,173.2,173.3,173.2,173.3,93
2024-09-18T18:45:00+00:00,173.3,173.3,173.3,173.3,89
2024-09-18T18:50:00+00:00,173.3,173.3,173.2,173.2,3
2024-09-18T18:55:00+00:00,173.2,173.2,173.2,173.2,1
2024-09-18T19:05:00+00:00,173.1,173.3,173.1,173.3,153
2024-09-18T19:15:00+00:00,173.1,173.1,173.0,173.0,5
2024-09-18T19:30:00+00:00,173.1,173.1,173.1,173.1,2
2024-09-18T19:45:00+00:00,173.0,173.0,173.0,173.0,1
2024-09-18T20:05:00+00:00,173.0,173.0,173.0,173.0,1
2024-09-18T20:15:00+00:00,173.2,173.2,173.2,173.2,1
2024-09-18T20:20:00+00:00,173.0,173.0,173.0,173.0,4
2024-09-18T20:25:00+00:00,173.0,173.0,172.9,172.9,60
2024-09-18T20:35:00+00:00,173.0,173.0,173.0,173.0,1
2024-09-18T20:40:00+00:00,172.9,172.9,172.9,172.9,1
2024-09-19T06:55:00+00:00,173.25,173.25,173.25,173.25,6
2024-09-19T07:00:00+00:00,173.25,173.3,173.1,173.1,21
2024-09-19T07:05:00+00:00,173.0,173.0,172.8,172.8,106
2024-09-19T07:10:00+00:00,172.7,172.7,172.15,172.4,85
2024-09-19T07:15:00+00:00,172.3,172.3,171.8,171.8,19
2024-09-19T07:20:00+00:00,171.9,172.0,171.6,172.0,32
2024-09-19T07:25:00+00:00,171.9,171.9,171.9,171.9,3
2024-09-19T07:30:00+00:00,171.8,171.8,171.6,171.7,9
2024-09-19T07:35:00+00:00,171.8,171.9,171.7,171.9,14
2024-09-19T07:40:00+00:00,171.8,171.8,171.75,171.75,34
2024-09-19T07:45:00+00:00,171.75,171.9,171.75,171.9,8
2024-09-19T07:50:00+00:00,171.8,172.3,171.8,172.2,17
2024-09-19T08:00:00+00:00,172.2,172.2,171.7,171.8,96
2024-09-19T08:05:00+00:00,171.8,171.8,171.8,171.8,1
2024-09-19T08:10:00+00:00,171.8,171.8,171.75,171.8,14
2024-09-19T08:15:00+00:00,171.8,171.8,171.8,171.8,61
2024-09-19T08:20:00+00:00,171.8,171.8,171.75,171.75,27
2024-09-19T08:25:00+00:00,171.8,171.8,171.75,171.8,39
2024-09-19T08:35:00+00:00,171.8,171.8,171.8,171.8,44
2024-09-19T08:40:00+00:00,171.8,171.8,171.8,171.8,4
2024-09-19T08:45:00+00:00,171.8,171.8,171.65,171.65,3
2024-09-19T08:50:00+00:00,171.75,171.75,171.65,171.65,13
2024-09-19T08:55:00+00:00,171.6,171.75,171.4,171.75,34
2024-09-19T09:00:00+00:00,171.75,171.8,171.75,171.8,40
2024-09-19T09:05:00+00:00,171.8,171.8,171.45,171.45,109
2024-09-19T09:10:00+00:00,171.6,171.65,171.6,171.65,31
2024-09-19T09:15:00+00:00,171.65,171.7,171.65,171.7,44
2024-09-19T09:20:00+00:00,171.7,171.7,171.7,171.7,2
2024-09-19T09:25:00+00:00,171.7,171.8,171.7,171.8,49
2024-09-19T09:30:00+00:00,171.8,171.8,171.8,171.8,66
2024-09-19T09:35:00+00:00,171.8,172.5,171.7,172.1,275
2024-09-19T09:40:00+00:00,172.0,172.0,171.0,171.4,946
2024-09-19T09:50:00+00:00,171.35,171.4,171.35,171.4,11
2024-09-19T09:55:00+00:00,171.4,171.6,171.4,171.5,14
2024-09-19T10:00:00+00:00,171.5,171.5,171.5,171.5,19
2024-09-19T10:05:00+00:00,171.5,171.9,171.25,171.25,59
2024-09-19T10:10:00+00:00,171.25,171.5,171.25,171.5,4
2024-09-19T10:15:00+00:00,171.5,172.05,171.5,171.8,47
2024-09-19T10:25:00+00:00,171.8,172.0,171.8,172.0,5
2024-09-19T10:35:00+00:00,172.05,172.05,172.05,172.05,2
2024-09-19T10:45:00+00:00,172.05,172.05,172.05,172.05,1
2024-09-19T10:50:00+00:00,172.1,172.1,172.1,172.1,1
2024-09-19T10:55:00+00:00,172.05,172.05,172.0,172.0,4
2024-09-19T11:00:00+00:00,172.05,172.45,172.05,172.2,53
2024-09-19T11:05:00+00:00,172.2,172.2,171.8,172.0,48
2024-09-19T11:10:00+00:00,171.9,171.9,171.9,171.9,22
2024-09-19T11:20:00+00:00,172.1,172.1,172.0,172.0,4
2024-09-19T11:25:00+00:00,171.95,171.95,171.95,171.95,2
2024-09-19T11:30:00+00:00,171.95,172.0,171.95,172.0,17
2024-09-19T11:35:00+00:00,171.95,171.95,171.8,171.8,7
2024-09-19T11:40:00+00:00,171.9,171.9,171.65,171.65,12
2024-09-19T11:50:00+00:00,171.8,171.8,171.65,171.65,28
2024-09-19T11:55:00+00:00,171.8,171.8,171.8,171.8,2
2024-09-19T12:05:00+00:00,171.8,171.8,171.7,171.7,12
2024-09-19T12:10:00+00:00,171.7,171.7,171.7,171.7,1
2024-09-19T12:20:00+00:00,171.8,171.9,171.65,171.8,17
2024-09-19T12:30:00+00:00,171.7,171.7,171.5,171.5,10
2024-09-19T12:35:00+00:00,171.4,171.95,171.4,171.6,152
2024-09-19T12:40:00+00:00,171.5,171.5,171.4,171.4,14
2024-09-19T12:45:00+00:00,171.35,171.5,171.35,171.35,4
2024-09-19T12:50:00+00:00,171.5,171.5,171.5,171.5,2
2024-09-19T12:55:00+00:00,171.5,171.7,171.0,171.0,162
2024-09-19T13:00:00+00:00,170.9,170.9,170.8,170.8,4
2024-09-19T13:05:00+00:00,170.9,170.95,170.8,170.95,34
2024-09-19T13:10:00+00:00,170.95,170.95,170.0,170.2,320
2024-09-19T13:15:00+00:00,170.3,170.3,170.0,170.0,18
2024-09-19T13:20:00+00:00,170.0,170.0,169.9,170.0,64
2024-09-19T13:25:00+00:00,170.0,170.0,170.0,170.0,41
2024-09-19T13:30:00+00:00,170.0,170.0,170.0,170.0,6
2024-09-19T13:35:00+00:00,170.0,170.3,169.95,170.1,80
2024-09-19T13:40:00+00:00,170.2,170.3,170.2,170.3,6
2024-09-19T13:45:00+00:00,170.3,170.35,170.3,170.35,3
2024-09-19T13:50:00+00:00,170.25,170.3,170.1,170.1,42
2024-09-19T13:55:00+00:00,170.15,170.5,170.15,170.5,413
2024-09-19T14:00:00+00:00,170.55,170.8,170.55,170.8,8
2024-09-19T14:10:00+00:00,170.75,170.9,170.75,170.9,27
2024-09-19T14:15:00+00:00,170.9,170.9,170.55,170.55,21
2024-09-19T14:20:00+00:00,170.55,170.55,170.55,170.55,2
2024-09-19T14:25:00+00:00,170.7,170.7,170.7,170.7,1
2024-09-19T14:30:00+00:00,170.6,170.7,170.5,170.7,34
2024-09-19T14:35:00+00:00,170.6,170.8,170.5,170.8,17
2024-09-19T14:40:00+00:00,170.7,170.7,170.6,170.6,3
2024-09-19T14:45:00+00:00,170.6,170.9,170.6,170.9,21
2024-09-19T14:50:00+00:00,170.9,170.95,170.7,170.95,112
2024-09-19T14:55:00+00:00,170.8,170.9,170.5,170.9,56
2024-09-19T15:00:00+00:00,170.8,170.8,170.5,170.5,26
2024-09-19T15:05:00+00:00,170.5,170.7,170.5,170.7,47
2024-09-19T15:10:00+00:00,170.7,170.7,170.5,170.5,52
2024-09-19T15:15:00+00:00,170.5,170.55,170.5,170.55,43
2024-09-19T15:20:00+00:00,170.55,170.6,170.55,170.6,36
2024-09-19T15:25:00+00:00,170.55,170.7,170.55,170.55,43
2024-09-19T15:30:00+00:00,170.55,170.55,170.5,170.5,80
2024-09-19T15:35:00+00:00,170.5,170.5,170.5,170.5,14
2024-09-19T15:45:00+00:00,170.6,170.6,170.6,170.6,1
2024-09-19T16:00:00+00:00,170.7,170.7,170.7,170.7,2
2024-09-19T16:05:00+00:00,170.7,170.75,170.55,170.75,18
2024-09-19T16:10:00+00:00,170.8,170.8,170.8,170.8,1
2024-09-19T16:15:00+00:00,170.8,170.8,170.8,170.8,3
2024-09-19T16:25:00+00:00,170.85,170.95,170.85,170.95,10
2024-09-19T16:30:00+00:00,170.95,170.95,170.8,170.8,9
2024-09-19T16:35:00+00:00,170.95,170.95,170.95,170.95,11
2024-09-19T16:40:00+00:00,170.85,170.95,170.8,170.95,3
2024-09-19T16:45:00+00:00,170.8,170.95,170.8,170.95,15
2024-09-19T16:50:00+00:00,170.95,170.95,170.95,170.95,30
2024-09-19T16:55:00+00:00,170.9,170.95,170.9,170.95,30
2024-09-19T17:05:00+00:00,170.95,170.95,170.95,170.95,2
2024-09-19T17:10:00+00:00,170.95,170.95,170.95,170.95,5
2024-09-19T17:15:00+00:00,170.9,170.95,170.9,170.95,6
2024-09-19T17:25:00+00:00,170.95,170.95,170.95,170.95,5
2024-09-19T17:30:00+00:00,170.8,170.8,170.75,170.75,58
2024-09-19T17:35:00+00:00,170.75,170.75,170.75,170.75,4
2024-09-19T17:40:00+00:00,170.7,170.7,170.7,170.7,3
2024-09-19T17:50:00+00:00,170.75,170.75,170.75,170.75,3
2024-09-19T17:55:00+00:00,170.75,170.75,170.6,170.6,2
2024-09-19T18:00:00+00:00,170.7,170.95,170.7,170.95,7
2024-09-19T18:05:00+00:00,170.95,170.95,170.95,170.95,6
2024-09-19T18:10:00+00:00,170.95,170.95,170.95,170.95,1
2024-09-19T18:15:00+00:00,170.95,170.95,170.7,170.9,110
2024-09-19T18:45:00+00:00,170.95,170.95,170.95,170.95,2
2024-09-19T19:00:00+00:00,170.9,170.9,170.6,170.6,10
2024-09-19T19:05:00+00:00,170.8,171.0,170.8,171.0,881
2024-09-19T19:10:00+00:00,171.1,171.1,171.0,171.0,2
2024-09-19T19:25:00+00:00,171.0,171.0,171.0,171.0,56
2024-09-19T19:30:00+00:00,171.05,171.5,171.05,171.5,12
2024-09-19T19:35:00+00:00,171.5,171.55,171.5,171.55,3
2024-09-19T19:40:00+00:00,171.5,171.5,171.5,171.5,8
2024-09-19T20:00:00+00:00,171.55,171.55,171.55,171.55,32
2024-09-19T20:05:00+00:00,171.55,171.55,171.55,171.55,1
2024-09-19T20:10:00+00:00,171.6,171.7,171.6,171.7,44
2024-09-19T20:15:00+00:00,171.7,171.7,171.7,171.7,14
2024-09-19T20:20:00+00:00,171.7,171.7,171.7,171.7,33
2024-09-19T20:35:00+00:00,171.6,171.6,171.6,171.6,1
2024-09-19T20:45:00+00:00,171.6,171.6,171.5,171.5,20
2024-09-20T07:00:00+00:00,171.5,171.5,171.3,171.4,21
2024-09-20T07:05:00+00:00,171.45,171.45,170.9,170.9,114
2024-09-20T07:10:00+00:00,171.0,171.6,171.0,171.6,88
2024-09-20T07:15:00+00:00,171.7,172.1,171.65,172.1,111
2024-09-20T07:20:00+00:00,172.0,172.4,171.9,172.2,68
2024-09-20T07:25:00+00:00,172.1,172.5,172.1,172.5,10
2024-09-20T07:30:00+00:00,172.5,172.5,172.5,172.5,2
2024-09-20T07:35:00+00:00,172.5,172.6,172.5,172.6,55
2024-09-20T07:40:00+00:00,172.7,173.1,172.7,173.1,45
2024-09-20T07:45:00+00:00,173.1,173.1,173.0,173.1,39
2024-09-20T07:50:00+00:00,173.1,173.2,173.1,173.15,64
2024-09-20T07:55:00+00:00,173.1,173.2,173.1,173.2,25
2024-09-20T08:00:00+00:00,173.1,173.15,173.1,173.15,13
2024-09-20T08:05:00+00:00,173.1,173.1,173.0,173.0,77
2024-09-20T08:10:00+00:00,172.9,172.9,172.7,172.7,23
2024-09-20T08:15:00+00:00,172.8,172.8,172.55,172.7,23
2024-09-20T08:20:00+00:00,172.7,173.5,172.6,173.4,537
2024-09-20T08:25:00+00:00,173.4,173.4,173.3,173.4,37
2024-09-20T08:30:00+00:00,173.35,173.35,173.25,173.25,2
2024-09-20T08:35:00+00:00,173.2,173.2,172.8,172.95,32
2024-09-20T08:40:00+00:00,172.95,173.2,172.7,173.05,122
2024-09-20T08:45:00+00:00,173.15,173.2,173.1,173.1,33
2024-09-20T08:50:00+00:00,173.2,173.2,173.2,173.2,20
2024-09-20T08:55:00+00:00,173.1,173.1,173.1,173.1,8
2024-09-20T09:00:00+00:00,173.15,173.15,173.15,173.15,1
2024-09-20T09:05:00+00:00,173.15,173.15,173.0,173.1,891
2024-09-20T09:10:00+00:00,173.1,173.4,173.1,173.4,24
2024-09-20T09:15:00+00:00,173.3,173.4,173.2,173.2,11
2024-09-20T09:20:00+00:00,173.2,173.2,173.1,173.1,4
2024-09-20T09:25:00+00:00,173.1,173.45,173.0,173.3,54
2024-09-20T09:30:00+00:00,173.4,173.5,173.1,173.1,42
2024-09-20T09:35:00+00:00,173.0,173.0,172.8,172.9,10
2024-09-20T09:40:00+00:00,172.9,172.9,172.9,172.9,1
2024-09-20T09:45:00+00:00,173.0,173.1,172.7,173.1,28
2024-09-20T09:50:00+00:00,173.1,173.1,173.0,173.0,66
2024-09-20T09:55:00+00:00,173.0,173.1,172.7,172.7,68
2024-09-20T10:00:00+00:00,172.9,173.0,172.9,173.0,3
2024-09-20T10:05:00+00:00,172.9,173.05,172.9,173.05,6
2024-09-20T10:10:00+00:00,172.9,172.9,172.9,172.9,1
2024-09-20T10:15:00+00:00,173.0,173.0,173.0,173.0,3
2024-09-20T10:20:00+00:00,173.0,173.0,173.0,173.0,7
2024-09-20T10:25:00+00:00,173.1,173.1,173.0,173.1,50
2024-09-20T10:30:00+00:00,173.0,173.1,173.0,173.1,51
2024-09-20T10:35:00+00:00,173.1,173.1,173.1,173.1,2
2024-09-20T10:40:00+00:00,173.0,173.0,172.65,172.65,102
2024-09-20T10:45:00+00:00,172.65,173.05,172.6,172.9,27
2024-09-20T10:50:00+00:00,173.0,173.05,172.9,173.05,63
2024-09-20T10:55:00+00:00,173.0,173.1,172.9,172.9,7
2024-09-20T11:00:00+00:00,173.0,173.0,173.0,173.0,2
2024-09-20T11:05:00+00:00,172.9,172.9,172.55,172.9,240
2024-09-20T11:10:00+00:00,172.9,172.95,172.9,172.95,26
2024-09-20T11:15:00+00:00,172.95,173.0,172.9,172.9,26
2024-09-20T11:25:00+00:00,172.9,172.95,172.7,172.8,47
2024-09-20T11:30:00+00:00,172.8,172.8,172.8,172.8,1
2024-09-20T11:35:00+00:00,172.8,172.8,172.65,172.8,39
2024-09-20T11:40:00+00:00,172.8,172.8,172.7,172.7,9
2024-09-20T11:50:00+00:00,172.7,172.8,172.7,172.8,12
2024-09-20T12:00:00+00:00,172.8,173.2,172.8,173.1,1311
2024-09-20T12:05:00+00:00,173.1,173.1,172.95,172.95,123
2024-09-20T12:10:00+00:00,173.1,173.2,172.65,172.65,33
2024-09-20T12:15:00+00:00,172.65,172.8,172.6,172.8,40
2024-09-20T12:20:00+00:00,172.8,173.0,172.7,172.8,16
2024-09-20T12:25:00+00:00,172.9,173.3,172.9,173.3,257
2024-09-20T12:30:00+00:00,173.3,173.3,173.0,173.0,200
2024-09-20T12:35:00+00:00,173.05,173.05,172.5,172.5,124
2024-09-20T12:40:00+00:00,172.5,172.6,172.5,172.6,19
2024-09-20T12:45:00+00:00,172.6,172.7,172.6,172.7,9
2024-09-20T12:50:00+00:00,172.7,172.95,172.7,172.95,31
2024-09-20T12:55:00+00:00,172.95,172.95,172.95,172.95,3
2024-09-20T13:00:00+00:00,172.8,172.95,172.8,172.95,3
2024-09-20T13:05:00+00:00,172.9,172.95,172.9,172.95,13
2024-09-20T13:10:00+00:00,173.0,173.0,172.95,173.0,29
2024-09-20T13:15:00+00:00,173.0,173.0,172.55,172.55,45
2024-09-20T13:20:00+00:00,172.55,172.7,172.55,172.7,27
2024-09-20T13:25:00+00:00,172.7,172.7,172.55,172.55,5
2024-09-20T13:30:00+00:00,172.7,172.7,172.7,172.7,1
2024-09-20T13:35:00+00:00,172.6,172.7,172.0,172.7,383
2024-09-20T13:40:00+00:00,172.6,172.6,172.35,172.4,21
2024-09-20T13:45:00+00:00,172.5,172.5,172.3,172.3,3
2024-09-20T13:50:00+00:00,172.3,172.3,172.3,172.3,1
2024-09-20T13:55:00+00:00,172.4,172.4,172.2,172.2,8
2024-09-20T14:00:00+00:00,172.15,172.35,172.0,172.0,100
2024-09-20T14:05:00+00:00,172.1,172.65,172.1,172.5,21
2024-09-20T14:10:00+00:00,172.6,172.6,172.6,172.6,1
2024-09-20T14:15:00+00:00,172.5,172.5,172.3,172.3,4
2024-09-20T14:20:00+00:00,172.4,172.6,172.4,172.5,7
2024-09-20T14:25:00+00:00,172.6,172.85,172.6,172.6,23
2024-09-20T14:30:00+00:00,172.7,172.9,172.6,172.65,11
2024-09-20T14:35:00+00:00,172.65,172.65,172.65,172.65,3
2024-09-20T14:40:00+00:00,172.65,172.65,172.65,172.65,1
2024-09-20T14:45:00+00:00,172.5,172.7,172.5,172.7,4
2024-09-20T14:50:00+00:00,172.6,172.6,172.6,172.6,1
2024-09-20T14:55:00+00:00,172.65,172.7,172.55,172.7,5
2024-09-20T15:00:00+00:00,172.7,172.7,172.5,172.5,4
2024-09-20T15:05:00+00:00,172.5,172.6,172.5,172.6,7
2024-09-20T15:15:00+00:00,172.5,172.7,172.2,172.7,206
2024-09-20T15:20:00+00:00,172.7,172.85,172.7,172.85,21
2024-09-20T15:25:00+00:00,172.7,172.8,172.7,172.8,2
2024-09-20T15:30:00+00:00,172.85,172.85,172.85,172.85,4
2024-09-20T15:35:00+00:00,172.85,172.85,172.3,172.7,25
2024-09-20T15:45:00+00:00,172.7,172.7,172.7,172.7,1
2024-09-20T16:00:00+00:00,172.9,172.9,172.9,172.9,7
2024-09-20T16:05:00+00:00,172.9,172.95,172.9,172.95,5
2024-09-20T16:10:00+00:00,172.95,172.95,172.95,172.95,3
2024-09-20T16:15:00+00:00,172.9,172.9,172.9,172.9,1
2024-09-20T16:20:00+00:00,172.8,172.8,172.8,172.8,2
2024-09-20T16:25:00+00:00,172.8,172.8,172.8,172.8,98
2024-09-20T16:30:00+00:00,172.7,172.7,172.1,172.2,23
2024-09-20T16:35:00+00:00,172.3,172.3,172.3,172.3,2
2024-09-20T16:40:00+00:00,172.3,172.4,172.3,172.4,2
2024-09-20T16:45:00+00:00,172.4,172.5,172.2,172.2,14
2024-09-20T16:50:00+00:00,172.2,172.4,172.2,172.4,5
2024-09-20T16:55:00+00:00,172.5,172.5,172.2,172.3,42
2024-09-20T17:00:00+00:00,172.3,172.5,172.3,172.5,6
2024-09-20T17:15:00+00:00,172.5,172.5,172.4,172.4,11
2024-09-20T17:20:00+00:00,172.5,172.5,172.5,172.5,10
2024-09-20T17:25:00+00:00,172.5,172.95,172.5,172.95,12
2024-09-20T17:35:00+00:00,172.8,172.8,172.7,172.7,3
2024-09-20T17:40:00+00:00,172.8,172.8,172.8,172.8,1
2024-09-20T17:45:00+00:00,172.8,172.8,172.8,172.8,1
2024-09-20T17:50:00+00:00,172.8,172.8,172.8,172.8,1
2024-09-20T17:55:00+00:00,172.8,172.8,172.6,172.6,8
2024-09-20T18:00:00+00:00,172.55,172.55,172.55,172.55,1
2024-09-20T18:10:00+00:00,172.7,172.75,172.7,172.75,26
2024-09-20T18:20:00+00:00,172.75,172.75,172.6,172.6,7
2024-09-20T18:25:00+00:00,172.7,172.7,172.7,172.7,1
2024-09-20T18:30:00+00:00,172.7,172.7,172.6,172.6,2
2024-09-20T18:35:00+00:00,172.6,172.6,172.15,172.15,13
2024-09-20T18:45:00+00:00,172.2,172.3,172.2,172.3,5
2024-09-20T18:50:00+00:00,172.25,172.25,172.25,172.25,3
2024-09-20T18:55:00+00:00,172.25,172.25,172.25,172.25,5
2024-09-20T19:05:00+00:00,172.25,172.25,172.25,172.25,1
2024-09-20T19:15:00+00:00,172.25,172.25,172.25,172.25,1
2024-09-20T19:20:00+00:00,172.2,172.2,172.2,172.2,9
2024-09-20T19:25:00+00:00,172.25,172.25,172.25,172.25,6
2024-09-20T19:30:00+00:00,172.25,172.25,172.25,172.25,10
2024-09-20T19:35:00+00:00,172.25,172.25,172.25,172.25,2
2024-09-20T19:45:00+00:00,172.3,172.3,172.3,172.3,5
2024-09-20T19:50:00+00:00,172.4,172.4,172.35,172.4,5
2024-09-20T19:55:00+00:00,172.5,173.3,172.5,173.25,733
2024-09-20T20:00:00+00:00,173.25,173.25,173.25,173.25,12
2024-09-20T20:05:00+00:00,173.25,173.3,173.25,173.3,186
2024-09-20T20:15:00+00:00,173.4,174.95,173.4,174.95,1083
2024-09-20T20:20:00+00:00,174.8,174.8,174.55,174.55,76
2024-09-20T20:25:00+00:00,174.55,174.7,174.55,174.7,2
2024-09-20T20:30:00+00:00,174.6,174.6,174.55,174.55,54
2024-09-20T20:40:00+00:00,174.6,174.6,174.55,174.6,7
2024-09-20T20:45:00+00:00,174.55,174.55,174.55,174.55,4
2024-09-23T06:55:00+00:00,174.7,174.7,174.7,174.7,7
2024-09-23T07:00:00+00:00,174.6,176.75,174.6,176.7,446
2024-09-23T07:05:00+00:00,176.7,176.75,175.95,175.95,77
2024-09-23T07:10:00+00:00,176.0,176.2,175.9,176.0,421
2024-09-23T07:15:00+00:00,176.1,176.2,176.0,176.2,94
2024-09-23T07:20:00+00:00,176.15,176.7,176.15,176.55,407
2024-09-23T07:25:00+00:00,176.65,176.7,176.55,176.55,1382
2024-09-23T07:30:00+00:00,176.6,176.6,176.0,176.2,141
2024-09-23T07:35:00+00:00,176.3,176.4,176.3,176.4,5
2024-09-23T07:40:00+00:00,176.35,177.4,176.35,177.15,471
2024-09-23T07:45:00+00:00,177.4,177.5,177.4,177.5,169
2024-09-23T07:50:00+00:00,177.55,177.9,177.5,177.9,251
2024-09-23T07:55:00+00:00,178.0,178.0,177.55,178.0,366
2024-09-23T08:00:00+00:00,178.1,178.3,178.0,178.3,48
2024-09-23T08:05:00+00:00,178.3,179.05,178.3,179.05,526
2024-09-23T08:10:00+00:00,179.0,179.05,178.3,178.5,232
2024-09-23T08:15:00+00:00,178.6,179.25,178.6,179.1,52
2024-09-23T08:20:00+00:00,179.1,179.1,178.6,178.8,28
2024-09-23T08:25:00+00:00,178.7,178.7,178.2,178.3,50
2024-09-23T08:30:00+00:00,178.2,178.2,177.15,177.65,330
2024-09-23T08:35:00+00:00,177.6,177.6,177.4,177.4,51
2024-09-23T08:40:00+00:00,177.3,177.6,177.3,177.6,25
2024-09-23T08:45:00+00:00,177.6,178.0,177.6,178.0,55
2024-09-23T08:50:00+00:00,178.0,178.0,177.8,177.8,62
2024-09-23T08:55:00+00:00,177.8,177.8,177.35,177.35,47
2024-09-23T09:00:00+00:00,177.35,177.7,177.35,177.7,90
2024-09-23T09:05:00+00:00,177.5,177.85,177.4,177.85,58
2024-09-23T09:10:00+00:00,177.8,177.9,177.8,177.9,12
2024-09-23T09:15:00+00:00,177.9,177.9,177.4,177.4,134
2024-09-23T09:20:00+00:00,177.6,177.8,177.45,177.8,13
2024-09-23T09:25:00+00:00,177.7,177.7,177.4,177.4,92
2024-09-23T09:30:00+00:00,177.4,177.4,177.2,177.2,14
2024-09-23T09:35:00+00:00,177.2,177.2,177.0,177.1,98
2024-09-23T09:40:00+00:00,177.1,177.2,177.0,177.1,12
2024-09-23T09:45:00+00:00,177.0,177.5,176.35,177.5,234
2024-09-23T09:50:00+00:00,177.6,177.95,177.6,177.7,240
2024-09-23T09:55:00+00:00,177.8,177.8,177.8,177.8,6
2024-09-23T10:00:00+00:00,177.7,177.7,177.4,177.4,75
2024-09-23T10:05:00+00:00,177.5,177.6,177.4,177.4,190
2024-09-23T10:10:00+00:00,177.4,177.85,177.4,177.7,62
2024-09-23T10:15:00+00:00,177.7,177.8,177.5,177.6,77
2024-09-23T10:20:00+00:00,177.5,177.9,177.4,177.8,73
2024-09-23T10:25:00+00:00,177.8,177.8,177.7,177.7,21
2024-09-23T10:30:00+00:00,177.7,178.0,177.7,178.0,60
2024-09-23T10:35:00+00:00,178.0,178.0,178.0,178.0,1
2024-09-23T10:40:00+00:00,178.0,178.0,178.0,178.0,1
2024-09-23T10:45:00+00:00,178.0,178.0,177.9,177.9,7
2024-09-23T10:50:00+00:00,177.9,177.9,177.8,177.8,8
2024-09-23T10:55:00+00:00,177.8,178.0,177.8,178.0,13
2024-09-23T11:00:00+00:00,177.9,178.0,177.9,178.0,2
2024-09-23T11:05:00+00:00,178.05,178.05,177.8,177.9,29
2024-09-23T11:10:00+00:00,178.0,178.0,176.4,177.3,813
2024-09-23T11:15:00+00:00,177.3,178.0,177.3,177.9,218
2024-09-23T11:20:00+00:00,178.0,178.0,177.9,177.9,4
2024-09-23T11:30:00+00:00,178.0,178.25,178.0,178.1,59
2024-09-23T11:35:00+00:00,178.0,178.3,178.0,178.3,30
2024-09-23T11:40:00+00:00,178.1,178.3,177.9,178.3,23
2024-09-23T11:45:00+00:00,178.1,178.1,178.1,178.1,1
2024-09-23T11:50:00+00:00,178.1,178.1,178.0,178.0,11
2024-09-23T11:55:00+00:00,178.0,178.1,178.0,178.05,5
2024-09-23T12:00:00+00:00,178.2,178.35,178.2,178.35,51
2024-09-23T12:05:00+00:00,178.35,178.35,178.2,178.2,87
2024-09-23T12:10:00+00:00,178.2,178.2,178.2,178.2,2
2024-09-23T12:15:00+00:00,178.2,178.2,178.2,178.2,10
2024-09-23T12:20:00+00:00,178.2,178.2,178.2,178.2,1
2024-09-23T12:25:00+00:00,178.25,178.3,178.25,178.3,2
2024-09-23T12:30:00+00:00,178.3,178.3,178.25,178.25,2
2024-09-23T12:35:00+00:00,178.3,178.35,178.3,178.35,78
2024-09-23T12:40:00+00:00,178.3,178.7,178.3,178.7,121
2024-09-23T12:45:00+00:00,178.65,178.7,178.5,178.5,41
2024-09-23T12:50:00+00:00,178.5,178.6,178.5,178.6,3
2024-09-23T12:55:00+00:00,178.7,178.7,178.5,178.5,17
2024-09-23T13:00:00+00:00,178.4,178.6,178.4,178.6,10
2024-09-23T13:05:00+00:00,178.6,178.7,178.6,178.6,12
2024-09-23T13:10:00+00:00,178.5,178.5,178.3,178.4,8
2024-09-23T13:15:00+00:00,178.3,178.3,178.25,178.25,4
2024-09-23T13:25:00+00:00,178.4,178.4,178.4,178.4,1
2024-09-23T13:30:00+00:00,178.4,178.75,178.2,178.6,162
2024-09-23T13:35:00+00:00,178.6,179.1,178.6,179.1,277
2024-09-23T13:40:00+00:00,179.1,179.15,179.1,179.15,83
2024-09-23T13:45:00+00:00,179.2,179.2,179.15,179.2,21
2024-09-23T13:55:00+00:00,179.2,179.35,179.1,179.35,118
2024-09-23T14:00:00+00:00,179.35,179.4,179.2,179.4,29
2024-09-23T14:05:00+00:00,179.4,179.4,179.4,179.4,1
2024-09-23T14:10:00+00:00,179.35,179.4,179.35,179.4,28
2024-09-23T14:15:00+00:00,179.4,179.45,179.35,179.45,31
2024-09-23T14:20:00+00:00,179.45,179.45,179.4,179.45,26
2024-09-23T14:25:00+00:00,179.45,179.45,179.2,179.45,72
2024-09-23T14:30:00+00:00,179.45,179.45,179.2,179.2,21
2024-09-23T14:35:00+00:00,179.3,179.6,179.05,179.5,88
2024-09-23T14:40:00+00:00,179.55,179.7,179.0,179.65,265
2024-09-23T14:45:00+00:00,179.65,179.7,179.65,179.7,30
2024-09-23T14:50:00+00:00,179.5,179.7,179.2,179.3,37
2024-09-23T14:55:00+00:00,179.3,179.65,179.3,179.6,29
2024-09-23T15:00:00+00:00,179.65,179.65,179.65,179.65,2
2024-09-23T15:05:00+00:00,179.5,179.5,179.5,179.5,2
2024-09-23T15:10:00+00:00,179.5,179.5,179.4,179.4,2
2024-09-23T15:15:00+00:00,179.4,179.65,179.3,179.35,103
2024-09-23T15:20:00+00:00,179.5,179.5,179.5,179.5,1
2024-09-23T15:25:00+00:00,179.5,179.5,179.35,179.35,7
2024-09-23T15:30:00+00:00,179.35,179.55,179.05,179.55,109
2024-09-23T15:35:00+00:00,179.55,179.55,179.4,179.45,28
2024-09-23T15:45:00+00:00,179.3,179.3,179.3,179.3,26
2024-09-23T16:05:00+00:00,179.5,179.5,179.5,179.5,6
2024-09-23T16:10:00+00:00,179.5,179.6,179.5,179.6,18
2024-09-23T16:15:00+00:00,179.6,179.6,179.55,179.55,9
2024-09-23T16:20:00+00:00,179.5,179.65,179.3,179.3,24
2024-09-23T16:25:00+00:00,179.3,179.3,179.3,179.3,3
2024-09-23T16:30:00+00:00,179.3,179.3,179.3,179.3,1
2024-09-23T16:35:00+00:00,179.3,179.3,179.3,179.3,5
2024-09-23T16:40:00+00:00,179.25,179.3,179.05,179.3,23
2024-09-23T16:45:00+00:00,179.1,179.2,179.05,179.2,138
2024-09-23T16:50:00+00:00,179.2,179.2,179.1,179.1,6
2024-09-23T16:55:00+00:00,179.05,179.1,179.05,179.1,41
2024-09-23T17:00:00+00:00,179.1,179.1,179.1,179.1,36
2024-09-23T17:10:00+00:00,179.1,179.1,179.1,179.1,1
2024-09-23T17:15:00+00:00,179.1,179.1,179.05,179.05,48
2024-09-23T17:20:00+00:00,179.1,179.1,179.1,179.1,1
2024-09-23T17:25:00+00:00,179.05,179.05,179.05,179.05,1
2024-09-23T17:30:00+00:00,179.1,179.1,179.1,179.1,1
2024-09-23T17:35:00+00:00,179.05,179.1,179.05,179.1,31
2024-09-23T17:40:00+00:00,179.1,179.3,179.1,179.1,28
2024-09-23T17:45:00+00:00,179.1,179.1,179.0,179.0,852
2024-09-23T17:50:00+00:00,179.1,179.3,179.1,179.3,6
2024-09-23T17:55:00+00:00,179.3,179.4,179.3,179.4,5
2024-09-23T18:05:00+00:00,179.5,179.7,179.5,179.7,99
2024-09-23T18:10:00+00:00,179.65,179.7,179.65,179.7,5
2024-09-23T18:20:00+00:00,179.5,179.5,179.5,179.5,2
2024-09-23T18:25:00+00:00,179.5,179.7,179.5,179.5,18
2024-09-23T18:30:00+00:00,179.7,179.7,179.7,179.7,1
2024-09-23T18:35:00+00:00,179.7,179.7,179.7,179.7,5
2024-09-23T18:45:00+00:00,179.65,179.65,179.65,179.65,1
2024-09-23T18:55:00+00:00,179.7,179.7,179.7,179.7,31
2024-09-23T19:00:00+00:00,179.7,179.7,179.6,179.6,3
2024-09-23T19:05:00+00:00,179.7,179.7,179.7,179.7,12
2024-09-23T19:10:00+00:00,179.6,179.6,179.1,179.45,38
2024-09-23T19:15:00+00:00,179.3,179.5,179.3,179.5,4
2024-09-23T19:25:00+00:00,179.5,179.5,179.5,179.5,1
2024-09-23T19:35:00+00:00,179.5,179.5,179.5,179.5,1
2024-09-23T19:40:00+00:00,179.6,179.6,179.6,179.6,1
2024-09-23T19:50:00+00:00,179.5,179.5,179.5,179.5,2
2024-09-23T19:55:00+00:00,179.5,179.5,179.5,179.5,1
2024-09-23T20:00:00+00:00,179.6,179.6,179.6,179.6,3
2024-09-23T20:05:00+00:00,179.6,179.6,179.6,179.6,4
2024-09-23T20:10:00+00:00,179.5,179.5,179.5,179.5,1
2024-09-23T20:15:00+00:00,179.6,179.7,179.6,179.7,7
2024-09-23T20:20:00+00:00,179.7,179.7,179.7,179.7,30
2024-09-23T20:25:00+00:00,179.7,179.7,179.7,179.7,2
2024-09-23T20:35:00+00:00,179.5,179.5,179.5,179.5,7
2024-09-23T20:40:00+00:00,179.4,179.4,179.0,179.0,152
2024-09-23T20:45:00+00:00,179.0,179.0,179.0,179.0,1
2024-09-24T06:55:00+00:00,179.1,179.1,179.1,179.1,20
2024-09-24T07:00:00+00:00,179.0,179.0,178.8,179.0,106
2024-09-24T07:05:00+00:00,179.0,179.0,178.7,179.0,69
2024-09-24T07:10:00+00:00,178.9,178.95,178.6,178.9,87
2024-09-24T07:15:00+00:00,178.8,178.95,177.5,177.7,353
2024-09-24T07:20:00+00:00,177.5,177.7,176.8,176.8,173
2024-09-24T07:25:00+00:00,176.8,176.8,175.6,175.95,276
2024-09-24T07:30:00+00:00,176.1,176.9,176.1,176.9,256
2024-09-24T07:35:00+00:00,176.8,176.9,176.7,176.9,65
2024-09-24T07:40:00+00:00,176.9,177.0,176.9,176.95,39
2024-09-24T07:45:00+00:00,176.95,177.95,176.95,177.55,104
2024-09-24T07:50:00+00:00,177.7,178.45,177.7,178.0,93
2024-09-24T07:55:00+00:00,178.1,178.1,178.0,178.1,4
2024-09-24T08:00:00+00:00,177.9,178.0,177.4,177.4,21
2024-09-24T08:05:00+00:00,177.4,178.0,177.15,178.0,68
2024-09-24T08:10:00+00:00,178.0,178.0,177.8,177.8,16
2024-09-24T08:15:00+00:00,177.8,178.0,177.8,178.0,71
2024-09-24T08:25:00+00:00,177.85,177.85,177.8,177.8,185
2024-09-24T08:30:00+00:00,177.95,177.95,177.85,177.85,3
2024-09-24T08:35:00+00:00,177.95,177.95,177.95,177.95,1
2024-09-24T08:40:00+00:00,177.85,177.95,177.8,177.95,35
2024-09-24T08:45:00+00:00,177.85,177.85,177.8,177.85,91
2024-09-24T08:50:00+00:00,177.85,177.85,176.9,176.9,249
2024-09-24T08:55:00+00:00,176.85,176.9,176.8,176.9,88
2024-09-24T09:00:00+00:00,176.8,177.4,176.8,177.4,16
2024-09-24T09:05:00+00:00,177.5,178.45,177.5,178.0,1124
2024-09-24T09:10:00+00:00,178.0,178.0,178.0,178.0,1
2024-09-24T09:15:00+00:00,178.1,178.2,178.05,178.05,31
2024-09-24T09:20:00+00:00,178.2,178.8,178.2,178.8,61
2024-09-24T09:25:00+00:00,178.8,178.8,178.6,178.6,12
2024-09-24T09:30:00+00:00,178.6,178.8,178.6,178.6,103
2024-09-24T09:35:00+00:00,178.7,178.8,178.7,178.8,44
2024-09-24T09:40:00+00:00,178.6,178.6,178.2,178.2,11
2024-09-24T09:45:00+00:00,178.2,178.2,178.1,178.1,5
2024-09-24T09:50:00+00:00,178.1,178.45,178.0,178.45,38
2024-09-24T09:55:00+00:00,178.5,179.0,178.5,179.0,233
2024-09-24T10:00:00+00:00,179.0,179.0,178.9,178.95,8
2024-09-24T10:05:00+00:00,178.9,179.0,178.8,178.8,158
2024-09-24T10:10:00+00:00,178.7,178.9,178.7,178.9,3
2024-09-24T10:15:00+00:00,178.9,179.05,178.9,179.05,14
2024-09-24T10:20:00+00:00,179.05,179.05,178.9,179.0,9
2024-09-24T10:30:00+00:00,179.0,179.0,179.0,179.0,1
2024-09-24T10:35:00+00:00,179.0,179.0,178.9,178.9,9
2024-09-24T10:40:00+00:00,178.9,179.0,178.9,179.0,72
2024-09-24T10:45:00+00:00,178.9,178.9,178.7,178.7,16
2024-09-24T10:50:00+00:00,178.6,178.6,178.2,178.3,53
2024-09-24T10:55:00+00:00,178.4,178.6,178.4,178.6,6
2024-09-24T11:00:00+00:00,178.5,178.5,178.4,178.4,3
2024-09-24T11:05:00+00:00,178.4,178.65,178.4,178.4,22
2024-09-24T11:10:00+00:00,178.4,178.75,178.4,178.5,31
2024-09-24T11:15:00+00:00,178.5,178.5,178.4,178.4,3
2024-09-24T11:25:00+00:00,178.3,178.3,178.1,178.1,6
2024-09-24T11:30:00+00:00,178.1,178.15,178.0,178.0,12
2024-09-24T11:35:00+00:00,178.0,178.0,178.0,178.0,1
2024-09-24T11:45:00+00:00,178.1,178.1,177.8,178.0,25
2024-09-24T11:50:00+00:00,178.1,178.5,178.1,178.5,30
2024-09-24T11:55:00+00:00,178.6,178.65,178.6,178.65,28
2024-09-24T12:05:00+00:00,178.65,178.65,178.25,178.65,33
2024-09-24T12:10:00+00:00,178.65,178.65,178.5,178.65,7
2024-09-24T12:15:00+00:00,178.65,178.65,178.6,178.65,25
2024-09-24T12:20:00+00:00,178.65,178.65,178.65,178.65,1
2024-09-24T12:25:00+00:00,178.5,178.5,178.05,178.05,15
2024-09-24T12:30:00+00:00,178.05,178.05,178.05,178.05,2
2024-09-24T12:35:00+00:00,178.0,178.0,178.0,178.0,2
2024-09-24T12:40:00+00:00,178.0,178.0,178.0,178.0,5
2024-09-24T12:45:00+00:00,178.0,178.2,178.0,178.2,223
2024-09-24T12:55:00+00:00,178.25,178.4,178.2,178.4,7
2024-09-24T13:00:00+00:00,178.4,178.4,178.4,178.4,1
2024-09-24T13:05:00+00:00,178.35,178.65,178.35,178.65,22
2024-09-24T13:10:00+00:00,178.65,178.65,178.65,178.65,9
2024-09-24T13:15:00+00:00,178.65,178.65,178.6,178.65,55
2024-09-24T13:20:00+00:00,178.65,178.65,178.6,178.6,5
2024-09-24T13:25:00+00:00,178.6,178.65,178.6,178.65,84
2024-09-24T13:30:00+00:00,178.65,178.65,178.65,178.65,2
2024-09-24T13:35:00+00:00,178.6,178.6,178.6,178.6,47
2024-09-24T13:40:00+00:00,178.6,178.6,178.4,178.5,17
2024-09-24T13:45:00+00:00,178.5,178.5,178.5,178.5,2
2024-09-24T13:50:00+00:00,178.5,178.5,178.4,178.4,4
2024-09-24T13:55:00+00:00,178.5,178.6,178.5,178.6,3
2024-09-24T14:00:00+00:00,178.4,178.4,178.4,178.4,1
2024-09-24T14:10:00+00:00,178.4,178.4,178.35,178.35,2
2024-09-24T14:15:00+00:00,178.4,178.4,178.4,178.4,5
2024-09-24T14:20:00+00:00,178.35,178.6,178.3,178.6,33
2024-09-24T14:25:00+00:00,178.6,178.6,178.3,178.6,39
2024-09-24T14:30:00+00:00,178.6,178.65,178.6,178.65,56
2024-09-24T14:35:00+00:00,178.65,179.0,178.65,179.0,48
2024-09-24T14:40:00+00:00,178.8,179.1,178.8,179.1,26
2024-09-24T14:45:00+00:00,179.1,179.2,179.1,179.2,41
2024-09-24T14:50:00+00:00,179.2,179.2,179.2,179.2,25
2024-09-24T14:55:00+00:00,179.2,179.2,179.2,179.2,36
2024-09-24T15:00:00+00:00,179.2,179.45,178.65,178.65,106
2024-09-24T15:05:00+00:00,178.8,179.15,178.8,179.1,42
2024-09-24T15:10:00+00:00,179.2,179.25,179.0,179.0,42
2024-09-24T15:15:00+00:00,179.0,179.25,179.0,179.25,27
2024-09-24T15:20:00+00:00,179.25,179.3,178.9,178.9,47
2024-09-24T15:25:00+00:00,178.85,179.3,178.8,179.3,46
2024-09-24T15:30:00+00:00,179.1,179.25,179.1,179.1,26
2024-09-24T15:35:00+00:00,179.1,179.1,179.0,179.0,5
2024-09-24T15:45:00+00:00,178.9,178.9,178.9,178.9,3
2024-09-24T16:05:00+00:00,178.9,179.0,178.9,179.0,19
2024-09-24T16:10:00+00:00,178.95,178.95,178.9,178.9,45
2024-09-24T16:15:00+00:00,178.85,178.85,178.7,178.7,5
2024-09-24T16:20:00+00:00,178.7,178.7,178.65,178.65,8
2024-09-24T16:30:00+00:00,178.65,178.65,178.65,178.65,2
2024-09-24T16:35:00+00:00,178.65,178.65,178.65,178.65,9
2024-09-24T16:45:00+00:00,178.7,178.7,178.65,178.65,2
2024-09-24T16:50:00+00:00,178.6,178.6,178.6,178.6,1
2024-09-24T16:55:00+00:00,178.7,178.8,178.7,178.8,10
2024-09-24T17:15:00+00:00,178.9,178.9,178.9,178.9,12
2024-09-24T17:20:00+00:00,179.0,179.25,178.8,178.8,34
2024-09-24T17:25:00+00:00,178.8,178.8,178.8,178.8,1
2024-09-24T17:30:00+00:00,178.9,179.0,178.9,179.0,3
2024-09-24T17:35:00+00:00,179.1,179.25,179.1,179.25,8
2024-09-24T17:40:00+00:00,179.25,179.25,178.9,178.9,7
2024-09-24T17:45:00+00:00,179.0,179.0,179.0,179.0,1
2024-09-24T17:50:00+00:00,178.9,178.9,178.9,178.9,2
2024-09-24T17:55:00+00:00,178.8,178.8,178.8,178.8,6
2024-09-24T18:00:00+00:00,178.7,178.7,178.7,178.7,1
2024-09-24T18:05:00+00:00,178.7,178.7,178.25,178.65,31
2024-09-24T18:10:00+00:00,178.3,178.3,178.2,178.2,9
2024-09-24T18:15:00+00:00,178.3,178.7,178.3,178.7,10
2024-09-24T18:20:00+00:00,178.75,178.75,178.75,178.75,1
2024-09-24T18:35:00+00:00,178.75,178.75,178.75,178.75,15
2024-09-24T18:40:00+00:00,178.6,178.6,178.1,178.1,60
2024-09-24T18:45:00+00:00,178.2,178.4,178.2,178.3,6
2024-09-24T18:50:00+00:00,178.4,178.4,178.4,178.4,1
2024-09-24T18:55:00+00:00,178.4,178.5,178.4,178.5,5
2024-09-24T19:00:00+00:00,178.4,178.6,178.4,178.6,3
2024-09-24T19:10:00+00:00,178.6,178.8,178.6,178.8,25
2024-09-24T19:15:00+00:00,178.8,178.8,178.8,178.8,200
2024-09-24T19:20:00+00:00,178.9,178.9,178.9,178.9,1
2024-09-24T19:30:00+00:00,178.9,178.95,178.9,178.95,11
2024-09-24T19:35:00+00:00,178.95,179.0,178.95,179.0,30
2024-09-24T19:40:00+00:00,179.0,179.0,179.0,179.0,1
2024-09-24T20:00:00+00:00,178.95,178.95,178.95,178.95,3
2024-09-24T20:05:00+00:00,179.0,179.45,179.0,179.45,393
2024-09-24T20:10:00+00:00,179.45,181.1,179.1,180.45,1394
2024-09-24T20:15:00+00:00,180.1,180.95,179.8,180.95,80
2024-09-24T20:20:00+00:00,180.95,180.95,180.7,180.7,10
2024-09-24T20:25:00+00:00,180.7,180.7,180.7,180.7,15
2024-09-24T20:30:00+00:00,180.6,180.6,180.6,180.6,3
2024-09-24T20:35:00+00:00,180.6,180.7,180.6,180.7,23
2024-09-24T20:40:00+00:00,180.7,180.7,180.4,180.4,80
2024-09-24T20:45:00+00:00,180.4,180.6,180.4,180.6,4
2024-09-25T06:55:00+00:00,180.9,180.9,180.9,180.9,20
2024-09-25T07:00:00+00:00,181.0,181.55,180.6,181.3,497
2024-09-25T07:05:00+00:00,181.35,181.55,180.6,181.1,200
2024-09-25T07:10:00+00:00,181.1,181.5,181.1,181.3,119
2024-09-25T07:15:00+00:00,181.3,181.5,181.3,181.5,98
2024-09-25T07:20:00+00:00,181.5,182.0,181.1,181.6,274
2024-09-25T07:25:00+00:00,181.7,182.9,181.7,182.9,235
2024-09-25T07:30:00+00:00,182.9,183.5,180.4,181.6,2100
2024-09-25T07:35:00+00:00,181.5,181.7,180.8,181.5,112
2024-09-25T07:40:00+00:00,181.4,181.75,181.3,181.5,29
2024-09-25T07:45:00+00:00,181.6,181.8,181.4,181.5,203
2024-09-25T07:50:00+00:00,181.5,181.6,181.4,181.6,114
2024-09-25T07:55:00+00:00,181.5,181.6,181.1,181.1,58
2024-09-25T08:00:00+00:00,181.0,181.2,181.0,181.05,17
2024-09-25T08:05:00+00:00,181.0,181.05,180.9,180.9,236
2024-09-25T08:10:00+00:00,181.0,181.0,181.0,181.0,20
2024-09-25T08:15:00+00:00,180.85,181.0,180.85,181.0,36
2024-09-25T08:20:00+00:00,180.95,181.0,180.95,181.0,33
2024-09-25T08:25:00+00:00,181.0,181.0,180.55,180.95,104
2024-09-25T08:30:00+00:00,180.8,180.8,180.7,180.7,6
2024-09-25T08:35:00+00:00,180.7,180.95,180.6,180.95,70
2024-09-25T08:40:00+00:00,180.95,181.0,180.9,181.0,41
2024-09-25T08:50:00+00:00,181.0,181.0,180.55,180.55,30
2024-09-25T08:55:00+00:00,180.7,180.7,180.55,180.7,4
2024-09-25T09:00:00+00:00,180.6,180.6,180.5,180.6,8
2024-09-25T09:05:00+00:00,180.6,180.95,180.55,180.95,50
2024-09-25T09:10:00+00:00,181.0,181.0,181.0,181.0,10
2024-09-25T09:15:00+00:00,180.95,180.95,180.8,180.8,18
2024-09-25T09:20:00+00:00,180.7,180.95,180.6,180.7,36
2024-09-25T09:25:00+00:00,180.7,181.0,180.7,181.0,28
2024-09-25T09:30:00+00:00,180.8,180.8,180.8,180.8,6
2024-09-25T09:35:00+00:00,180.8,180.8,180.55,180.75,38
2024-09-25T09:40:00+00:00,180.75,180.75,180.55,180.55,28
2024-09-25T09:45:00+00:00,180.7,180.7,180.3,180.4,302
2024-09-25T09:50:00+00:00,180.4,180.6,180.35,180.35,211
2024-09-25T09:55:00+00:00,180.35,180.4,180.35,180.35,27
2024-09-25T10:00:00+00:00,180.4,180.4,180.35,180.35,26
2024-09-25T10:05:00+00:00,180.4,180.4,180.35,180.35,7
2024-09-25T10:10:00+00:00,180.3,180.4,180.3,180.3,137
2024-09-25T10:15:00+00:00,180.4,180.4,180.3,180.4,7
2024-09-25T10:20:00+00:00,180.4,180.4,180.4,180.4,107
2024-09-25T10:25:00+00:00,180.4,180.75,180.4,180.75,92
2024-09-25T10:30:00+00:00,180.75,180.8,180.6,180.6,26
2024-09-25T10:35:00+00:00,180.7,180.7,180.5,180.5,10
2024-09-25T10:40:00+00:00,180.55,180.55,180.55,180.55,138
2024-09-25T10:45:00+00:00,180.6,180.95,180.6,180.75,38
2024-09-25T10:50:00+00:00,180.85,180.95,180.85,180.9,34
2024-09-25T10:55:00+00:00,180.9,180.9,180.9,180.9,9
2024-09-25T11:00:00+00:00,180.95,181.5,180.95,181.5,579
2024-09-25T11:05:00+00:00,181.5,181.6,180.75,180.8,107
2024-09-25T11:15:00+00:00,180.85,180.85,180.75,180.75,65
2024-09-25T11:20:00+00:00,180.9,180.9,180.9,180.9,1
2024-09-25T11:25:00+00:00,180.8,180.8,180.75,180.75,61
2024-09-25T11:30:00+00:00,180.75,180.8,180.7,180.8,17
2024-09-25T11:35:00+00:00,180.7,180.7,180.7,180.7,1
2024-09-25T11:45:00+00:00,180.8,180.8,180.8,180.8,1
2024-09-25T11:50:00+00:00,180.9,180.9,180.9,180.9,1
2024-09-25T11:55:00+00:00,180.8,180.8,180.7,180.7,15
2024-09-25T12:00:00+00:00,180.9,180.9,180.9,180.9,2
2024-09-25T12:05:00+00:00,180.8,180.8,180.8,180.8,1
2024-09-25T12:10:00+00:00,180.8,180.8,180.8,180.8,2
2024-09-25T12:15:00+00:00,180.9,181.05,180.9,181.05,12
2024-09-25T12:20:00+00:00,181.05,181.05,180.9,180.9,8
2024-09-25T12:25:00+00:00,180.9,180.9,180.9,180.9,3
2024-09-25T12:30:00+00:00,181.0,181.05,181.0,181.05,4
2024-09-25T12:35:00+00:00,181.05,181.1,181.05,181.1,44
2024-09-25T12:40:00+00:00,181.0,181.2,181.0,181.1,4
2024-09-25T12:45:00+00:00,181.0,181.1,180.9,181.1,20
2024-09-25T12:50:00+00:00,181.2,181.2,181.2,181.2,2
2024-09-25T12:55:00+00:00,181.2,181.2,181.2,181.2,2
2024-09-25T13:00:00+00:00,181.2,181.2,180.9,180.9,23
2024-09-25T13:05:00+00:00,181.0,181.0,181.0,181.0,102
2024-09-25T13:10:00+00:00,181.0,181.25,180.8,180.8,39
2024-09-25T13:15:00+00:00,180.8,180.8,180.8,180.8,1
2024-09-25T13:20:00+00:00,180.75,180.8,180.7,180.8,11
2024-09-25T13:25:00+00:00,180.7,180.7,179.7,179.8,748
2024-09-25T13:30:00+00:00,179.8,179.8,178.5,178.85,312
2024-09-25T13:35:00+00:00,178.85,178.9,178.55,178.55,56
2024-09-25T13:40:00+00:00,178.7,178.7,178.5,178.6,121
2024-09-25T13:45:00+00:00,178.7,178.7,177.5,177.5,158
2024-09-25T13:50:00+00:00,177.5,178.0,177.5,178.0,38
2024-09-25T13:55:00+00:00,178.0,178.6,177.8,178.3,55
2024-09-25T14:00:00+00:00,178.4,178.4,178.4,178.4,4
2024-09-25T14:05:00+00:00,178.4,178.4,177.9,177.95,45
2024-09-25T14:10:00+00:00,177.95,178.0,177.8,178.0,682
2024-09-25T14:15:00+00:00,177.8,178.0,177.8,177.8,134
2024-09-25T14:20:00+00:00,178.0,178.0,177.8,177.8,33
2024-09-25T14:25:00+00:00,177.8,177.8,177.65,177.65,21
2024-09-25T14:30:00+00:00,177.6,177.9,177.1,177.9,353
2024-09-25T14:35:00+00:00,177.8,177.8,177.4,177.5,15
2024-09-25T14:40:00+00:00,177.5,177.6,177.5,177.5,19
2024-09-25T14:45:00+00:00,177.5,177.9,177.5,177.7,26
2024-09-25T14:50:00+00:00,177.7,177.8,177.7,177.75,38
2024-09-25T14:55:00+00:00,177.75,177.75,177.75,177.75,4
2024-09-25T15:00:00+00:00,177.75,177.75,177.45,177.45,71
2024-09-25T15:05:00+00:00,177.45,177.6,177.25,177.25,90
2024-09-25T15:10:00+00:00,177.4,177.85,177.4,177.85,24
2024-09-25T15:15:00+00:00,177.8,177.85,177.8,177.85,54
2024-09-25T15:20:00+00:00,177.85,177.85,177.6,177.6,10
2024-09-25T15:25:00+00:00,177.7,177.85,177.7,177.85,101
2024-09-25T15:30:00+00:00,177.75,177.75,177.75,177.75,1
2024-09-25T15:35:00+00:00,177.8,177.9,177.75,177.9,68
2024-09-25T16:00:00+00:00,177.9,177.9,177.9,177.9,1
2024-09-25T16:10:00+00:00,177.85,177.9,177.85,177.9,16
2024-09-25T16:15:00+00:00,177.85,177.85,177.85,177.85,20
2024-09-25T16:20:00+00:00,177.85,177.9,177.6,177.9,26
2024-09-25T16:30:00+00:00,177.75,177.75,177.75,177.75,2
2024-09-25T16:35:00+00:00,177.75,177.75,177.4,177.5,11
2024-09-25T16:40:00+00:00,177.4,177.4,177.4,177.4,1
2024-09-25T16:45:00+00:00,177.4,177.4,177.2,177.2,6
2024-09-25T16:50:00+00:00,177.2,177.2,177.15,177.15,38
2024-09-25T16:55:00+00:00,177.1,177.1,177.1,177.1,88
2024-09-25T17:00:00+00:00,177.1,177.15,177.1,177.1,3
2024-09-25T17:05:00+00:00,177.1,177.4,177.1,177.2,26
2024-09-25T17:10:00+00:00,177.35,177.35,177.1,177.1,126
2024-09-25T17:15:00+00:00,177.3,177.3,177.1,177.1,25
2024-09-25T17:20:00+00:00,177.1,177.1,176.1,176.4,121
2024-09-25T17:25:00+00:00,176.5,176.6,176.5,176.5,6
2024-09-25T17:30:00+00:00,176.6,176.6,176.6,176.6,1
2024-09-25T17:35:00+00:00,176.7,176.7,176.2,176.2,22
2024-09-25T17:40:00+00:00,176.2,176.2,175.6,175.8,33
2024-09-25T17:45:00+00:00,175.7,176.0,175.7,176.0,8
2024-09-25T17:50:00+00:00,176.0,176.0,176.0,176.0,20
2024-09-25T17:55:00+00:00,176.0,176.0,176.0,176.0,16
2024-09-25T18:00:00+00:00,176.0,176.5,176.0,176.5,26
2024-09-25T18:10:00+00:00,176.5,177.2,176.5,177.2,25
2024-09-25T18:15:00+00:00,177.3,177.3,177.3,177.3,2
2024-09-25T18:25:00+00:00,177.4,177.4,177.3,177.3,47
2024-09-25T18:30:00+00:00,177.3,177.7,177.0,177.3,93
2024-09-25T18:35:00+00:00,177.4,177.7,177.4,177.7,11
2024-09-25T18:40:00+00:00,177.6,177.6,177.6,177.6,2
2024-09-25T18:45:00+00:00,177.5,177.7,177.5,177.7,46
2024-09-25T18:50:00+00:00,177.7,177.75,177.7,177.75,112
2024-09-25T18:55:00+00:00,177.8,177.8,177.8,177.8,2
2024-09-25T19:00:00+00:00,177.8,177.9,177.8,177.9,2
2024-09-25T19:05:00+00:00,177.8,177.8,177.8,177.8,1
2024-09-25T19:15:00+00:00,177.9,177.9,177.9,177.9,12
2024-09-25T19:20:00+00:00,178.0,178.0,178.0,178.0,150
2024-09-25T19:25:00+00:00,178.0,178.0,177.9,177.9,7
2024-09-25T19:30:00+00:00,178.0,178.0,177.9,177.9,17
2024-09-25T19:35:00+00:00,177.9,177.9,177.9,177.9,4
2024-09-25T19:40:00+00:00,177.8,177.8,177.2,177.25,22
2024-09-25T19:45:00+00:00,177.3,177.4,177.2,177.2,6
2024-09-25T19:55:00+00:00,177.2,177.2,176.7,176.85,53
2024-09-25T20:00:00+00:00,176.7,176.8,176.6,176.6,5
2024-09-25T20:10:00+00:00,176.7,177.8,176.7,177.8,38
2024-09-25T20:15:00+00:00,177.7,177.8,177.0,177.0,21
2024-09-25T20:20:00+00:00,176.9,176.9,176.9,176.9,1
2024-09-25T20:25:00+00:00,176.9,177.0,176.9,176.9,3
2024-09-25T20:30:00+00:00,176.8,176.8,176.8,176.8,2
2024-09-25T20:35:00+00:00,176.9,177.3,176.9,177.3,14
2024-09-25T20:40:00+00:00,177.3,177.3,177.3,177.3,1
2024-09-25T20:45:00+00:00,177.2,177.2,175.9,176.2,114
2024-09-26T06:55:00+00:00,176.2,176.2,176.2,176.2,2
2024-09-26T07:00:00+00:00,176.2,176.6,176.2,176.3,17
2024-09-26T07:05:00+00:00,176.2,176.2,176.2,176.2,12
2024-09-26T07:10:00+00:00,176.3,176.4,176.1,176.3,91
2024-09-26T07:15:00+00:00,176.25,176.25,176.2,176.2,11
2024-09-26T07:20:00+00:00,176.3,176.3,176.2,176.3,115
2024-09-26T07:25:00+00:00,176.2,176.3,176.2,176.3,650
2024-09-26T07:30:00+00:00,176.2,176.3,176.2,176.3,252
2024-09-26T07:35:00+00:00,176.3,177.0,176.3,177.0,79
2024-09-26T07:40:00+00:00,176.9,177.0,176.9,177.0,3
2024-09-26T07:45:00+00:00,177.0,177.3,177.0,177.3,27
2024-09-26T07:50:00+00:00,177.3,177.4,177.1,177.1,28
2024-09-26T07:55:00+00:00,177.3,177.3,177.1,177.1,21
2024-09-26T08:00:00+00:00,177.0,177.1,177.0,177.1,645
2024-09-26T08:05:00+00:00,177.1,177.1,177.0,177.0,733
2024-09-26T08:10:00+00:00,177.2,177.6,177.2,177.6,121
2024-09-26T08:15:00+00:00,177.7,178.1,177.7,178.1,126
2024-09-26T08:20:00+00:00,178.0,178.5,178.0,178.5,90
2024-09-26T08:25:00+00:00,178.5,178.6,178.2,178.3,16
2024-09-26T08:30:00+00:00,178.4,179.5,178.4,179.2,188
2024-09-26T08:35:00+00:00,179.2,179.3,179.2,179.3,3
2024-09-26T08:40:00+00:00,179.4,179.45,179.3,179.3,10
2024-09-26T08:45:00+00:00,179.3,179.3,178.75,178.75,102
2024-09-26T08:50:00+00:00,178.9,178.9,178.5,178.7,62
2024-09-26T08:55:00+00:00,178.7,178.8,178.7,178.7,23
2024-09-26T09:00:00+00:00,178.6,178.7,178.55,178.7,5
2024-09-26T09:05:00+00:00,178.6,178.6,178.6,178.6,1
2024-09-26T09:10:00+00:00,178.7,179.1,178.7,179.1,42
2024-09-26T09:15:00+00:00,179.0,179.15,179.0,179.15,3
2024-09-26T09:20:00+00:00,179.2,179.2,179.2,179.2,4
2024-09-26T09:25:00+00:00,179.2,179.2,178.3,178.4,107
2024-09-26T09:30:00+00:00,178.45,178.45,177.9,178.2,150
2024-09-26T09:40:00+00:00,178.1,178.1,177.75,177.95,43
2024-09-26T09:45:00+00:00,178.0,181.9,178.0,181.35,3924
2024-09-26T09:50:00+00:00,181.35,181.35,179.45,180.85,717
2024-09-26T09:55:00+00:00,180.85,180.95,180.5,180.95,334
2024-09-26T10:00:00+00:00,180.95,180.95,180.8,180.85,30
2024-09-26T10:05:00+00:00,180.7,180.85,178.2,178.3,453
2024-09-26T10:10:00+00:00,178.4,179.1,178.4,178.7,393
2024-09-26T10:15:00+00:00,178.8,178.9,178.4,178.8,99
2024-09-26T10:20:00+00:00,178.7,178.7,178.4,178.4,119
2024-09-26T10:25:00+00:00,178.45,178.45,178.45,178.45,13
2024-09-26T10:30:00+00:00,178.45,178.45,178.0,178.1,57
2024-09-26T10:35:00+00:00,178.0,178.0,177.35,178.0,231
2024-09-26T10:40:00+00:00,177.9,177.9,177.9,177.9,12
2024-09-26T10:45:00+00:00,177.8,177.8,177.7,177.8,6
2024-09-26T10:50:00+00:00,177.9,177.9,177.7,177.9,73
2024-09-26T10:55:00+00:00,177.9,177.9,177.3,177.5,109
2024-09-26T11:00:00+00:00,177.4,177.4,177.3,177.3,83
2024-09-26T11:05:00+00:00,177.3,177.3,177.15,177.15,50
2024-09-26T11:10:00+00:00,177.3,177.3,177.15,177.3,6
2024-09-26T11:15:00+00:00,177.3,177.4,177.0,177.1,67
2024-09-26T11:20:00+00:00,177.2,177.7,177.2,177.7,23
2024-09-26T11:25:00+00:00,177.8,177.85,177.7,177.8,27
2024-09-26T11:30:00+00:00,177.85,177.9,177.8,177.9,15
2024-09-26T11:35:00+00:00,177.9,178.0,177.9,178.0,50
2024-09-26T11:40:00+00:00,178.0,178.0,178.0,178.0,2
2024-09-26T11:45:00+00:00,178.0,178.0,178.0,178.0,5
2024-09-26T11:50:00+00:00,178.0,178.3,178.0,178.3,50
2024-09-26T11:55:00+00:00,178.35,178.45,178.35,178.35,119
2024-09-26T12:00:00+00:00,178.5,178.5,178.45,178.5,25
2024-09-26T12:05:00+00:00,178.5,178.5,178.35,178.45,11
2024-09-26T12:10:00+00:00,178.5,178.5,178.3,178.3,49
2024-09-26T12:15:00+00:00,178.25,178.3,178.25,178.25,11
2024-09-26T12:20:00+00:00,178.25,178.3,178.25,178.25,8
2024-09-26T12:25:00+00:00,178.25,178.25,177.9,177.9,43
2024-09-26T12:35:00+00:00,177.9,177.95,177.9,177.95,3
2024-09-26T12:40:00+00:00,177.95,178.0,177.7,177.8,13
2024-09-26T12:50:00+00:00,177.7,177.7,177.65,177.65,12
2024-09-26T13:00:00+00:00,177.8,178.0,177.8,178.0,25
2024-09-26T13:05:00+00:00,178.0,178.0,178.0,178.0,1
2024-09-26T13:10:00+00:00,177.9,178.0,177.75,177.8,31
2024-09-26T13:15:00+00:00,177.8,177.8,177.2,177.2,126
2024-09-26T13:20:00+00:00,177.2,177.3,177.1,177.3,45
2024-09-26T13:25:00+00:00,177.4,177.6,177.3,177.5,30
2024-09-26T13:30:00+00:00,177.4,177.5,177.4,177.5,3
2024-09-26T13:40:00+00:00,177.5,177.5,177.5,177.5,1
2024-09-26T13:45:00+00:00,177.5,177.5,177.0,177.25,646
2024-09-26T13:50:00+00:00,177.3,177.3,177.3,177.3,6
2024-09-26T13:55:00+00:00,177.25,177.25,177.2,177.2,4
2024-09-26T14:00:00+00:00,177.2,177.2,177.2,177.2,31
2024-09-26T14:05:00+00:00,177.2,177.2,177.2,177.2,36
2024-09-26T14:15:00+00:00,177.2,177.2,177.0,177.1,1614
2024-09-26T14:20:00+00:00,177.0,177.1,177.0,177.1,1274
2024-09-26T14:25:00+00:00,177.1,177.2,177.1,177.2,61
2024-09-26T14:30:00+00:00,177.2,177.4,177.2,177.3,78
2024-09-26T14:35:00+00:00,177.4,177.7,177.4,177.7,8
2024-09-26T14:40:00+00:00,177.8,177.8,177.8,177.8,2
2024-09-26T14:45:00+00:00,177.9,178.2,177.9,178.2,13
2024-09-26T14:50:00+00:00,178.2,178.2,178.1,178.1,10
2024-09-26T14:55:00+00:00,178.0,178.0,178.0,178.0,3
2024-09-26T15:00:00+00:00,178.05,178.05,178.05,178.05,1
2024-09-26T15:05:00+00:00,178.1,178.25,178.0,178.0,50
2024-09-26T15:10:00+00:00,178.0,178.0,177.95,177.95,5
2024-09-26T15:15:00+00:00,177.9,178.0,177.9,178.0,21
2024-09-26T15:20:00+00:00,178.0,178.0,177.9,177.9,111
2024-09-26T15:25:00+00:00,177.9,178.0,177.9,178.0,19
2024-09-26T15:30:00+00:00,178.0,178.0,177.9,177.9,7
2024-09-26T15:45:00+00:00,178.0,178.0,178.0,178.0,2
2024-09-26T16:10:00+00:00,178.1,178.2,178.1,178.1,4
2024-09-26T16:15:00+00:00,178.2,178.2,178.05,178.05,12
2024-09-26T16:20:00+00:00,178.2,178.25,178.2,178.25,6
2024-09-26T16:25:00+00:00,178.1,178.1,178.05,178.05,7
2024-09-26T16:30:00+00:00,178.05,178.2,178.05,178.2,3
2024-09-26T16:35:00+00:00,178.2,178.2,178.2,178.2,2
2024-09-26T16:45:00+00:00,178.1,178.25,178.1,178.25,8
2024-09-26T16:50:00+00:00,178.2,178.2,178.2,178.2,1
2024-09-26T16:55:00+00:00,178.25,178.25,178.25,178.25,6
2024-09-26T17:00:00+00:00,178.25,178.4,178.2,178.2,42
2024-09-26T17:10:00+00:00,178.3,178.4,178.3,178.4,50
2024-09-26T17:20:00+00:00,178.4,178.4,178.4,178.4,8
2024-09-26T17:25:00+00:00,178.4,178.4,178.4,178.4,1
2024-09-26T17:30:00+00:00,178.4,178.4,178.4,178.4,10
2024-09-26T17:35:00+00:00,178.3,178.3,178.3,178.3,9
2024-09-26T17:40:00+00:00,178.4,178.4,178.4,178.4,3
2024-09-26T17:45:00+00:00,178.4,178.4,178.4,178.4,1
2024-09-26T17:50:00+00:00,178.4,178.4,178.4,178.4,2
2024-09-26T17:55:00+00:00,178.4,178.4,178.4,178.4,105
2024-09-26T18:00:00+00:00,178.4,178.4,178.2,178.2,7
2024-09-26T18:05:00+00:00,178.3,178.3,178.3,178.3,1
2024-09-26T18:10:00+00:00,178.3,178.4,178.3,178.4,5
2024-09-26T18:15:00+00:00,178.2,178.2,178.0,178.0,30
2024-09-26T18:20:00+00:00,178.0,178.0,177.9,177.9,49
2024-09-26T18:25:00+00:00,177.9,177.9,177.9,177.9,5
2024-09-26T18:30:00+00:00,178.1,178.1,178.1,178.1,1
2024-09-26T18:40:00+00:00,178.1,178.4,178.1,178.4,12
2024-09-26T18:45:00+00:00,178.4,178.4,178.4,178.4,8
2024-09-26T18:50:00+00:00,178.4,178.4,178.3,178.3,10
2024-09-26T18:55:00+00:00,178.4,178.4,178.4,178.4,2
2024-09-26T19:00:00+00:00,178.45,178.45,178.45,178.45,4
2024-09-26T19:05:00+00:00,178.45,178.5,178.45,178.5,517
2024-09-26T19:15:00+00:00,178.45,178.45,178.45,178.45,8
2024-09-26T19:20:00+00:00,178.45,178.45,178.45,178.45,2
2024-09-26T19:25:00+00:00,178.4,178.5,178.4,178.5,37
2024-09-26T19:35:00+00:00,178.5,178.5,178.5,178.5,4
2024-09-26T19:45:00+00:00,178.5,178.5,178.4,178.5,18
2024-09-26T19:50:00+00:00,178.5,178.5,178.5,178.5,1
2024-09-26T19:55:00+00:00,178.4,178.4,178.05,178.3,44
2024-09-26T20:00:00+00:00,178.4,178.4,178.4,178.4,2
2024-09-26T20:05:00+00:00,178.5,178.5,178.5,178.5,12
2024-09-26T20:10:00+00:00,178.5,178.5,178.5,178.5,6
2024-09-26T20:15:00+00:00,178.5,178.5,178.5,178.5,2
2024-09-26T20:20:00+00:00,178.5,178.5,178.4,178.5,5
2024-09-26T20:30:00+00:00,178.5,178.5,178.5,178.5,2
2024-09-26T20:35:00+00:00,178.5,178.5,178.5,178.5,260
2024-09-26T20:40:00+00:00,178.5,178.5,178.5,178.5,2
2024-09-26T20:45:00+00:00,178.5,178.5,178.5,178.5,4
2024-09-27T06:55:00+00:00,178.5,178.5,178.5,178.5,3
2024-09-27T07:00:00+00:00,178.5,178.8,178.15,178.7,61
2024-09-27T07:05:00+00:00,178.8,179.3,178.8,179.3,173
2024-09-27T07:10:00+00:00,179.4,179.4,179.3,179.3,43
2024-09-27T07:15:00+00:00,179.3,179.3,179.2,179.2,40
2024-09-27T07:20:00+00:00,179.1,179.1,178.3,178.5,87
2024-09-27T07:25:00+00:00,178.5,178.5,178.2,178.35,86
2024-09-27T07:30:00+00:00,178.25,178.35,178.2,178.2,114
2024-09-27T07:35:00+00:00,178.2,178.35,178.2,178.35,12
2024-09-27T07:40:00+00:00,178.35,179.8,178.25,179.55,206
2024-09-27T07:45:00+00:00,179.7,179.7,179.6,179.7,17
2024-09-27T07:55:00+00:00,179.65,179.7,179.5,179.7,121
2024-09-27T08:00:00+00:00,179.7,179.7,179.5,179.5,19
2024-09-27T08:05:00+00:00,179.5,179.7,179.5,179.55,32
2024-09-27T08:10:00+00:00,179.5,179.5,179.35,179.35,4
2024-09-27T08:15:00+00:00,179.4,179.6,179.4,179.6,60
2024-09-27T08:20:00+00:00,179.6,179.6,179.6,179.6,22
2024-09-27T08:25:00+00:00,179.6,179.6,179.5,179.6,26
2024-09-27T08:30:00+00:00,179.6,179.6,179.4,179.5,44
2024-09-27T08:35:00+00:00,179.4,179.4,179.4,179.4,1
2024-09-27T08:40:00+00:00,179.5,179.6,179.5,179.6,10
2024-09-27T08:45:00+00:00,179.4,179.5,179.4,179.5,3
2024-09-27T08:50:00+00:00,179.5,179.5,179.5,179.5,12
2024-09-27T08:55:00+00:00,179.5,179.5,179.5,179.5,3
2024-09-27T09:00:00+00:00,179.5,179.6,179.4,179.6,14
2024-09-27T09:05:00+00:00,179.6,179.6,179.6,179.6,2
2024-09-27T09:10:00+00:00,179.5,179.5,178.8,178.8,49
2024-09-27T09:15:00+00:00,178.9,178.9,178.9,178.9,2
2024-09-27T09:20:00+00:00,179.0,179.0,178.8,178.8,37
2024-09-27T09:25:00+00:00,179.0,179.0,178.8,179.0,33
2024-09-27T09:30:00+00:00,178.8,178.8,178.8,178.8,1
2024-09-27T09:35:00+00:00,179.0,179.0,178.8,178.8,175
2024-09-27T09:40:00+00:00,178.9,179.0,178.3,178.3,89
2024-09-27T09:45:00+00:00,178.4,178.9,178.4,178.9,21
2024-09-27T09:50:00+00:00,178.8,178.8,178.8,178.8,2
2024-09-27T09:55:00+00:00,178.8,178.8,178.8,178.8,1
2024-09-27T10:00:00+00:00,178.8,178.9,178.8,178.9,3
2024-09-27T10:05:00+00:00,178.9,179.0,178.8,178.8,291
2024-09-27T10:10:00+00:00,178.9,178.9,178.9,178.9,2
2024-09-27T10:15:00+00:00,179.0,179.0,179.0,179.0,7
2024-09-27T10:20:00+00:00,179.0,179.0,178.9,178.9,6
2024-09-27T10:25:00+00:00,178.8,179.0,178.8,179.0,12
2024-09-27T10:30:00+00:00,178.8,178.8,178.25,178.25,231
2024-09-27T10:35:00+00:00,178.4,178.4,178.3,178.3,2
2024-09-27T10:40:00+00:00,178.4,178.4,178.4,178.4,2
2024-09-27T10:45:00+00:00,178.5,178.6,178.4,178.6,5
2024-09-27T10:50:00+00:00,178.7,178.8,178.7,178.8,3
2024-09-27T10:55:00+00:00,178.8,178.8,178.7,178.7,3
2024-09-27T11:00:00+00:00,178.7,178.8,178.7,178.7,4
2024-09-27T11:05:00+00:00,178.9,178.9,178.9,178.9,3
2024-09-27T11:10:00+00:00,178.9,178.9,178.9,178.9,1
2024-09-27T11:15:00+00:00,178.95,178.95,178.3,178.4,44
2024-09-27T11:20:00+00:00,178.4,178.5,178.4,178.5,7
2024-09-27T11:30:00+00:00,178.6,178.6,178.6,178.6,1
2024-09-27T11:35:00+00:00,178.6,178.6,178.6,178.6,1
2024-09-27T11:40:00+00:00,178.6,178.7,178.5,178.6,17
2024-09-27T11:45:00+00:00,178.5,178.5,178.5,178.5,2
2024-09-27T11:50:00+00:00,178.6,178.6,178.6,178.6,1
2024-09-27T11:55:00+00:00,178.55,178.55,178.55,178.55,3
2024-09-27T12:00:00+00:00,178.55,178.55,178.5,178.5,18
2024-09-27T12:05:00+00:00,178.6,178.6,178.6,178.6,2
2024-09-27T12:10:00+00:00,178.5,178.55,178.4,178.5,12
2024-09-27T12:15:00+00:00,178.4,178.55,178.4,178.55,25
2024-09-27T12:20:00+00:00,178.4,178.4,178.15,178.15,234
2024-09-27T12:25:00+00:00,178.15,178.3,178.15,178.3,30
2024-09-27T12:35:00+00:00,178.3,178.55,178.3,178.55,15
2024-09-27T12:40:00+00:00,178.4,178.55,178.4,178.55,3
2024-09-27T12:45:00+00:00,178.55,178.55,178.55,178.55,10
2024-09-27T12:50:00+00:00,178.4,178.4,178.4,178.4,1
2024-09-27T12:55:00+00:00,178.5,178.55,178.4,178.4,17
2024-09-27T13:00:00+00:00,178.3,178.5,178.3,178.3,17
2024-09-27T13:05:00+00:00,178.25,178.4,178.2,178.2,43
2024-09-27T13:10:00+00:00,178.2,178.2,178.1,178.2,21
2024-09-27T13:15:00+00:00,178.2,178.2,178.1,178.1,62
2024-09-27T13:20:00+00:00,178.1,178.2,178.1,178.2,75
2024-09-27T13:25:00+00:00,178.1,178.1,178.1,178.1,21
2024-09-27T13:30:00+00:00,178.3,178.6,178.3,178.6,204
2024-09-27T13:35:00+00:00,178.6,178.6,178.4,178.4,12
2024-09-27T13:40:00+00:00,178.5,178.6,178.0,178.5,379
2024-09-27T13:50:00+00:00,178.5,178.55,178.2,178.4,18
2024-09-27T13:55:00+00:00,178.5,178.5,178.5,178.5,1
2024-09-27T14:00:00+00:00,178.5,178.55,178.5,178.55,2
2024-09-27T14:05:00+00:00,178.6,178.8,178.3,178.8,66
2024-09-27T14:10:00+00:00,178.8,178.8,178.8,178.8,2
2024-09-27T14:15:00+00:00,178.8,178.8,178.8,178.8,5
2024-09-27T14:20:00+00:00,178.8,178.9,178.8,178.9,38
2024-09-27T14:25:00+00:00,178.9,178.95,178.9,178.95,81
2024-09-27T14:30:00+00:00,178.95,179.0,178.95,179.0,371
2024-09-27T14:35:00+00:00,179.0,179.0,178.95,179.0,306
2024-09-27T14:40:00+00:00,179.0,179.0,178.95,179.0,14
2024-09-27T14:45:00+00:00,179.0,179.0,178.95,178.95,428
2024-09-27T14:50:00+00:00,178.9,178.9,178.9,178.9,2
2024-09-27T14:55:00+00:00,178.9,178.9,178.3,178.55,40
2024-09-27T15:05:00+00:00,178.6,178.6,178.6,178.6,1
2024-09-27T15:10:00+00:00,178.6,178.95,178.6,178.9,29
2024-09-27T15:15:00+00:00,178.95,178.95,178.95,178.95,1
2024-09-27T15:20:00+00:00,178.95,178.95,178.8,178.9,174
2024-09-27T15:25:00+00:00,178.8,178.8,178.65,178.65,66
2024-09-27T15:30:00+00:00,178.8,178.8,178.8,178.8,1
2024-09-27T15:35:00+00:00,178.8,178.8,178.8,178.8,31
2024-09-27T15:45:00+00:00,178.8,178.8,178.8,178.8,42
2024-09-27T16:10:00+00:00,178.85,178.85,178.85,178.85,8
2024-09-27T16:15:00+00:00,178.85,178.85,178.8,178.8,22
2024-09-27T16:20:00+00:00,178.7,178.8,178.7,178.8,6
2024-09-27T16:25:00+00:00,178.7,178.7,178.7,178.7,2
2024-09-27T16:30:00+00:00,178.8,178.8,178.8,178.8,1
2024-09-27T16:35:00+00:00,178.85,178.85,178.7,178.7,4
2024-09-27T16:40:00+00:00,178.85,178.85,178.85,178.85,5
2024-09-27T16:45:00+00:00,178.85,178.85,178.85,178.85,5
2024-09-27T16:50:00+00:00,178.85,178.85,178.85,178.85,200
2024-09-27T16:55:00+00:00,178.75,178.75,178.75,178.75,1
2024-09-27T17:00:00+00:00,178.75,178.75,178.75,178.75,1
2024-09-27T17:05:00+00:00,178.85,178.85,178.85,178.85,15
2024-09-27T17:10:00+00:00,178.85,178.85,178.85,178.85,1
2024-09-27T17:15:00+00:00,178.8,178.8,178.75,178.75,6
2024-09-27T17:20:00+00:00,178.75,178.75,178.75,178.75,10
2024-09-27T17:25:00+00:00,178.8,178.8,178.8,178.8,15
2024-09-27T17:30:00+00:00,178.8,178.85,178.75,178.85,5
2024-09-27T17:35:00+00:00,178.75,178.75,178.75,178.75,10
2024-09-27T17:40:00+00:00,178.75,178.85,178.75,178.85,7
2024-09-27T17:45:00+00:00,178.85,178.95,178.8,178.95,916
2024-09-27T17:55:00+00:00,178.95,178.95,178.95,178.95,9
2024-09-27T18:00:00+00:00,178.95,178.95,178.95,178.95,1
2024-09-27T18:05:00+00:00,178.8,178.9,178.8,178.9,10
2024-09-27T18:10:00+00:00,178.9,178.9,178.7,178.7,4
2024-09-27T18:20:00+00:00,178.8,178.8,178.8,178.8,1
2024-09-27T18:25:00+00:00,178.7,178.7,178.7,178.7,3
2024-09-27T18:30:00+00:00,178.7,178.7,178.6,178.6,187
2024-09-27T18:35:00+00:00,178.7,178.7,178.7,178.7,7
2024-09-27T18:40:00+00:00,178.6,178.7,178.6,178.7,2
2024-09-27T18:45:00+00:00,178.7,178.7,178.15,178.35,44
2024-09-27T18:50:00+00:00,178.3,178.4,178.3,178.4,2
2024-09-27T18:55:00+00:00,178.4,178.4,178.2,178.2,6
2024-09-27T19:00:00+00:00,178.3,178.4,178.3,178.3,3
2024-09-27T19:05:00+00:00,178.3,178.3,178.3,178.3,1
2024-09-27T19:10:00+00:00,178.4,178.4,178.4,178.4,1
2024-09-27T19:20:00+00:00,178.4,178.8,178.4,178.8,16
2024-09-27T19:30:00+00:00,178.85,178.85,178.85,178.85,2
2024-09-27T19:35:00+00:00,178.7,178.7,178.15,178.15,18
2024-09-27T19:45:00+00:00,178.3,178.3,178.3,178.3,2
2024-09-27T19:50:00+00:00,178.4,178.4,178.4,178.4,2
2024-09-27T19:55:00+00:00,178.5,178.6,178.4,178.6,6
2024-09-27T20:00:00+00:00,178.7,179.0,178.7,179.0,369
2024-09-27T20:05:00+00:00,179.0,179.0,179.0,179.0,1
2024-09-27T20:15:00+00:00,179.0,179.0,179.0,179.0,5
2024-09-27T20:25:00+00:00,178.8,178.8,178.7,178.7,4
2024-09-27T20:30:00+00:00,178.6,178.6,178.6,178.6,1
2024-09-27T20:35:00+00:00,178.6,178.6,178.15,178.15,14
2024-09-27T20:40:00+00:00,178.3,178.3,178.2,178.2,14
2024-09-27T20:45:00+00:00,178.3,179.3,178.25,179.3,110
2024-09-30T06:55:00+00:00,179.5,179.5,179.5,179.5,7
2024-09-30T07:00:00+00:00,179.4,179.5,178.85,179.1,224
2024-09-30T07:05:00+00:00,179.0,180.1,178.85,179.8,853
2024-09-30T07:10:00+00:00,179.9,180.1,179.8,180.1,157
2024-09-30T07:15:00+00:00,180.1,180.1,179.9,180.05,70
2024-09-30T07:20:00+00:00,180.1,180.2,180.05,180.2,55
2024-09-30T07:25:00+00:00,180.2,180.5,179.95,180.5,167
2024-09-30T07:30:00+00:00,180.5,180.8,180.4,180.4,72
2024-09-30T07:35:00+00:00,180.3,181.0,180.3,180.55,77
2024-09-30T07:40:00+00:00,180.7,181.35,180.5,180.8,308
2024-09-30T07:45:00+00:00,180.9,181.4,180.9,181.4,12
2024-09-30T07:50:00+00:00,181.45,181.65,181.45,181.55,124
2024-09-30T07:55:00+00:00,181.6,181.6,181.05,181.3,383
2024-09-30T08:00:00+00:00,181.4,181.6,181.3,181.4,59
2024-09-30T08:05:00+00:00,181.4,181.9,181.4,181.7,237
2024-09-30T08:10:00+00:00,181.75,182.2,181.75,182.1,135
2024-09-30T08:15:00+00:00,182.2,182.2,182.0,182.2,22
2024-09-30T08:20:00+00:00,182.2,182.2,181.25,181.4,205
2024-09-30T08:25:00+00:00,181.4,181.8,181.4,181.8,101
2024-09-30T08:30:00+00:00,181.8,181.85,181.8,181.85,25
2024-09-30T08:35:00+00:00,181.9,181.95,181.2,181.7,323
2024-09-30T08:40:00+00:00,181.7,181.8,181.7,181.7,58
2024-09-30T08:45:00+00:00,181.6,181.6,180.0,180.1,1168
2024-09-30T08:50:00+00:00,180.0,180.4,180.0,180.3,35
2024-09-30T08:55:00+00:00,180.4,180.55,180.3,180.55,107
2024-09-30T09:00:00+00:00,180.55,180.55,180.5,180.5,24
2024-09-30T09:05:00+00:00,180.55,180.55,180.55,180.55,21
2024-09-30T09:10:00+00:00,180.55,180.55,180.5,180.55,16
2024-09-30T09:15:00+00:00,180.5,180.55,180.25,180.25,146
2024-09-30T09:20:00+00:00,180.4,180.4,179.8,179.8,191
2024-09-30T09:25:00+00:00,179.8,179.8,179.3,179.3,349
2024-09-30T09:30:00+00:00,179.5,180.1,179.5,180.0,110
2024-09-30T09:35:00+00:00,180.1,180.35,180.1,180.2,185
2024-09-30T09:40:00+00:00,180.1,180.5,180.0,180.45,535
2024-09-30T09:45:00+00:00,180.45,180.5,180.1,180.3,172
2024-09-30T09:50:00+00:00,180.3,180.45,180.2,180.2,42
2024-09-30T09:55:00+00:00,180.3,180.45,180.2,180.3,70
2024-09-30T10:00:00+00:00,180.2,180.3,180.05,180.3,94
2024-09-30T10:05:00+00:00,180.3,180.3,180.1,180.1,8
2024-09-30T10:10:00+00:00,180.2,180.45,180.0,180.45,319
2024-09-30T10:15:00+00:00,180.45,180.5,180.4,180.4,163
2024-09-30T10:20:00+00:00,180.5,180.5,180.5,180.5,480
2024-09-30T10:25:00+00:00,180.4,180.5,180.2,180.2,120
2024-09-30T10:30:00+00:00,180.2,180.5,180.2,180.5,19
2024-09-30T10:35:00+00:00,180.5,180.5,180.2,180.2,125
2024-09-30T10:40:00+00:00,180.3,180.3,180.3,180.3,54
2024-09-30T10:45:00+00:00,180.2,180.3,180.2,180.3,41
2024-09-30T10:50:00+00:00,180.3,180.3,180.2,180.3,121
2024-09-30T10:55:00+00:00,180.35,180.4,180.3,180.4,76
2024-09-30T11:00:00+00:00,180.4,180.4,180.4,180.4,5
2024-09-30T11:05:00+00:00,180.4,180.4,179.3,180.1,656
2024-09-30T11:10:00+00:00,180.2,180.35,180.2,180.35,19
2024-09-30T11:15:00+00:00,180.35,180.35,179.3,179.3,173
2024-09-30T11:20:00+00:00,179.5,179.6,179.5,179.6,4
2024-09-30T11:25:00+00:00,179.6,179.7,179.3,179.3,178
2024-09-30T11:30:00+00:00,179.25,179.3,179.0,179.3,79
2024-09-30T11:35:00+00:00,179.4,180.2,179.4,180.1,105
2024-09-30T11:40:00+00:00,180.2,180.25,180.1,180.25,62
2024-09-30T11:45:00+00:00,180.25,180.3,179.75,179.75,28
2024-09-30T11:50:00+00:00,179.9,180.1,179.9,180.0,15
2024-09-30T11:55:00+00:00,180.1,180.1,180.0,180.0,6
2024-09-30T12:00:00+00:00,180.1,180.2,180.1,180.1,12
2024-09-30T12:05:00+00:00,180.2,180.25,179.6,179.6,605
2024-09-30T12:10:00+00:00,179.75,180.2,179.75,180.2,71
2024-09-30T12:15:00+00:00,180.2,180.2,180.2,180.2,11
2024-09-30T12:20:00+00:00,180.2,180.3,180.2,180.3,77
2024-09-30T12:25:00+00:00,180.3,180.3,180.2,180.25,45
2024-09-30T12:30:00+00:00,180.1,180.1,179.8,180.0,65
2024-09-30T12:35:00+00:00,180.0,180.25,180.0,180.25,32
2024-09-30T12:40:00+00:00,180.25,180.25,180.25,180.25,1
2024-09-30T12:45:00+00:00,180.25,180.25,180.1,180.1,2
2024-09-30T12:50:00+00:00,180.2,180.25,180.2,180.25,10
2024-09-30T12:55:00+00:00,180.1,180.2,179.8,179.8,108
2024-09-30T13:00:00+00:00,180.0,180.0,180.0,180.0,3
2024-09-30T13:05:00+00:00,180.0,180.0,179.9,179.9,78
2024-09-30T13:15:00+00:00,180.0,180.1,179.9,180.05,47
2024-09-30T13:20:00+00:00,180.05,180.1,180.05,180.1,65
2024-09-30T13:25:00+00:00,180.2,180.25,180.2,180.25,53
2024-09-30T13:30:00+00:00,180.2,180.2,180.2,180.2,7
2024-09-30T13:35:00+00:00,180.2,180.4,180.2,180.3,188
2024-09-30T13:40:00+00:00,180.35,180.35,180.05,180.2,320
2024-09-30T13:45:00+00:00,180.2,180.2,180.2,180.2,7
2024-09-30T13:50:00+00:00,180.3,180.3,180.2,180.2,25
2024-09-30T13:55:00+00:00,180.2,180.2,180.0,180.0,51
2024-09-30T14:00:00+00:00,180.0,180.3,179.9,180.3,121
2024-09-30T14:05:00+00:00,180.3,180.3,179.95,179.95,54
2024-09-30T14:10:00+00:00,179.95,179.95,179.95,179.95,2
2024-09-30T14:15:00+00:00,180.1,180.25,179.95,179.95,20
2024-09-30T14:20:00+00:00,180.1,180.2,179.9,180.1,63
2024-09-30T14:25:00+00:00,180.1,180.1,179.95,179.95,34
2024-09-30T14:30:00+00:00,179.95,180.1,179.9,180.1,36
2024-09-30T14:35:00+00:00,180.0,180.0,179.8,180.0,172
2024-09-30T14:40:00+00:00,180.0,180.0,180.0,180.0,16
2024-09-30T14:45:00+00:00,180.1,180.1,180.1,180.1,3
2024-09-30T14:50:00+00:00,180.2,180.3,180.1,180.1,98
2024-09-30T14:55:00+00:00,180.1,180.1,180.0,180.05,34
2024-09-30T15:00:00+00:00,180.05,180.2,180.05,180.2,12
2024-09-30T15:05:00+00:00,180.2,180.2,180.2,180.2,10
2024-09-30T15:10:00+00:00,180.2,180.25,180.1,180.25,37
2024-09-30T15:15:00+00:00,180.1,180.1,180.05,180.05,34
2024-09-30T15:20:00+00:00,180.05,180.05,179.8,180.0,148
2024-09-30T15:25:00+00:00,180.0,180.0,180.0,180.0,8
2024-09-30T15:30:00+00:00,180.0,180.0,180.0,180.0,5
2024-09-30T15:35:00+00:00,179.8,180.0,179.8,179.95,60
2024-09-30T15:45:00+00:00,180.0,180.0,180.0,180.0,55
2024-09-30T16:00:00+00:00,180.0,180.0,180.0,180.0,1
2024-09-30T16:05:00+00:00,180.0,180.0,179.95,179.95,16
2024-09-30T16:10:00+00:00,180.0,180.0,180.0,180.0,1
2024-09-30T16:15:00+00:00,180.0,180.0,179.9,179.9,14
2024-09-30T16:20:00+00:00,180.0,180.0,180.0,180.0,2
2024-09-30T16:30:00+00:00,180.0,180.0,179.8,179.8,11
2024-09-30T16:35:00+00:00,180.0,180.0,180.0,180.0,15
2024-09-30T16:40:00+00:00,179.8,180.0,179.8,179.8,27
2024-09-30T16:45:00+00:00,179.9,180.0,179.9,180.0,34
2024-09-30T16:50:00+00:00,179.9,180.0,179.65,180.0,56
2024-09-30T16:55:00+00:00,180.0,180.0,180.0,180.0,22
2024-09-30T17:00:00+00:00,179.8,180.0,179.8,180.0,3
2024-09-30T17:05:00+00:00,180.0,180.0,180.0,180.0,35
2024-09-30T17:10:00+00:00,180.0,180.0,180.0,180.0,12
2024-09-30T17:15:00+00:00,180.0,180.0,180.0,180.0,1
2024-09-30T17:20:00+00:00,180.0,180.0,179.8,179.9,13
2024-09-30T17:25:00+00:00,179.8,179.8,179.6,179.6,115
2024-09-30T17:30:00+00:00,179.6,179.8,179.6,179.8,59
2024-09-30T17:35:00+00:00,179.8,179.8,179.7,179.7,3
2024-09-30T17:40:00+00:00,179.7,179.7,179.7,179.7,10
2024-09-30T17:45:00+00:00,179.7,180.0,179.7,179.7,61
2024-09-30T17:50:00+00:00,179.6,180.0,179.6,180.0,24
2024-09-30T17:55:00+00:00,180.0,180.0,179.8,180.0,27
2024-09-30T18:00:00+00:00,180.0,180.0,180.0,180.0,11
2024-09-30T18:10:00+00:00,180.0,180.0,180.0,180.0,3
2024-09-30T18:15:00+00:00,180.0,180.0,180.0,180.0,35
2024-09-30T18:20:00+00:00,180.0,180.0,180.0,180.0,4
2024-09-30T18:25:00+00:00,180.0,180.0,179.8,180.0,99
2024-09-30T18:30:00+00:00,179.9,179.9,179.6,179.6,27
2024-09-30T18:35:00+00:00,179.6,179.6,179.6,179.6,4
2024-09-30T18:40:00+00:00,179.6,180.0,179.6,180.0,74
2024-09-30T18:45:00+00:00,179.8,179.8,179.6,179.6,45
2024-09-30T18:50:00+00:00,179.65,179.8,179.65,179.8,9
2024-09-30T18:55:00+00:00,179.8,180.0,179.8,180.0,24
2024-09-30T19:00:00+00:00,180.0,180.0,180.0,180.0,13
2024-09-30T19:05:00+00:00,179.9,179.9,179.65,179.65,16
2024-09-30T19:10:00+00:00,179.65,179.8,179.65,179.8,2
2024-09-30T19:15:00+00:00,179.8,179.8,179.8,179.8,1
2024-09-30T19:25:00+00:00,179.9,180.0,179.85,179.85,26
2024-09-30T19:30:00+00:00,179.8,179.8,179.7,179.7,26
2024-09-30T19:40:00+00:00,179.8,179.9,179.8,179.9,2
2024-09-30T19:45:00+00:00,179.8,179.8,179.8,179.8,1
2024-09-30T19:50:00+00:00,179.9,179.9,179.9,179.9,2
2024-09-30T19:55:00+00:00,180.0,180.0,179.9,179.9,5
2024-09-30T20:00:00+00:00,180.0,180.0,180.0,180.0,2
2024-09-30T20:05:00+00:00,179.9,179.9,179.9,179.9,1
2024-09-30T20:10:00+00:00,180.0,180.0,179.7,180.0,24
2024-09-30T20:15:00+00:00,179.8,179.8,179.8,179.8,2
2024-09-30T20:20:00+00:00,179.9,179.9,179.9,179.9,1
2024-09-30T20:25:00+00:00,179.9,179.9,179.9,179.9,1
2024-09-30T20:30:00+00:00,180.0,180.0,179.9,179.9,2
2024-09-30T20:40:00+00:00,179.9,179.9,179.9,179.9,1
2024-10-01T06:55:00+00:00,180.05,180.05,180.05,180.05,30
2024-10-01T07:00:00+00:00,180.0,180.0,179.35,179.35,240
2024-10-01T07:05:00+00:00,179.3,179.8,179.3,179.75,92
2024-10-01T07:10:00+00:00,179.8,179.8,179.3,179.5,54
2024-10-01T07:15:00+00:00,179.4,179.6,179.2,179.2,209
2024-10-01T07:20:00+00:00,179.3,179.8,179.2,179.7,86
2024-10-01T07:25:00+00:00,179.7,180.0,179.65,180.0,357
2024-10-01T07:30:00+00:00,180.05,180.6,180.05,180.5,147
2024-10-01T07:35:00+00:00,180.6,180.6,179.7,179.7,744
2024-10-01T07:40:00+00:00,179.7,179.7,179.4,179.4,166
2024-10-01T07:45:00+00:00,179.4,179.65,179.2,179.2,1192
2024-10-01T07:50:00+00:00,179.2,179.3,179.2,179.2,23
2024-10-01T07:55:00+00:00,179.3,179.3,178.35,178.55,585
2024-10-01T08:00:00+00:00,178.55,178.55,178.3,178.3,76
2024-10-01T08:05:00+00:00,178.3,179.1,178.3,179.1,338
2024-10-01T08:10:00+00:00,179.15,179.15,178.6,178.9,399
2024-10-01T08:15:00+00:00,179.0,179.0,178.6,178.6,69
2024-10-01T08:20:00+00:00,178.55,178.95,178.35,178.95,142
2024-10-01T08:25:00+00:00,178.95,178.95,178.7,178.8,37
2024-10-01T08:30:00+00:00,178.8,178.9,178.8,178.9,15
2024-10-01T08:35:00+00:00,178.8,178.8,178.8,178.8,2
2024-10-01T08:40:00+00:00,178.7,178.7,178.55,178.55,20
2024-10-01T08:45:00+00:00,178.55,178.55,178.4,178.4,29
2024-10-01T08:50:00+00:00,178.4,178.5,178.4,178.5,65
2024-10-01T08:55:00+00:00,178.5,178.5,178.35,178.4,155
2024-10-01T09:00:00+00:00,178.5,178.5,177.7,177.8,515
2024-10-01T09:05:00+00:00,177.8,177.8,177.0,177.1,318
2024-10-01T09:10:00+00:00,177.0,177.1,176.7,176.9,103
2024-10-01T09:15:00+00:00,177.0,177.0,177.0,177.0,6
2024-10-01T09:20:00+00:00,177.0,177.1,176.6,176.7,189
2024-10-01T09:25:00+00:00,176.7,176.75,176.4,176.7,252
2024-10-01T09:30:00+00:00,176.6,176.75,176.45,176.7,83
2024-10-01T09:35:00+00:00,176.55,176.75,176.5,176.75,437
2024-10-01T09:40:00+00:00,176.75,176.75,176.7,176.75,30
2024-10-01T09:45:00+00:00,176.8,177.0,176.75,177.0,40
2024-10-01T09:50:00+00:00,177.0,177.1,177.0,177.1,12
2024-10-01T09:55:00+00:00,177.1,177.5,177.1,177.15,251
2024-10-01T10:00:00+00:00,177.2,177.3,175.95,176.05,1320
2024-10-01T10:05:00+00:00,176.0,176.2,175.95,176.2,388
2024-10-01T10:10:00+00:00,176.2,176.25,175.75,175.9,275
2024-10-01T10:15:00+00:00,176.0,176.25,175.9,176.25,142
2024-10-01T10:20:00+00:00,176.25,176.6,176.25,176.6,167
2024-10-01T10:25:00+00:00,176.6,177.0,176.6,176.9,219
2024-10-01T10:30:00+00:00,176.8,176.95,175.7,176.7,461
2024-10-01T10:35:00+00:00,176.6,176.7,176.15,176.7,185
2024-10-01T10:40:00+00:00,176.8,176.95,176.6,176.85,102
2024-10-01T10:45:00+00:00,176.9,176.9,176.7,176.75,68
2024-10-01T10:50:00+00:00,176.7,176.95,176.5,176.95,313
2024-10-01T10:55:00+00:00,176.95,176.95,176.6,176.9,204
2024-10-01T11:00:00+00:00,176.9,176.9,176.6,176.9,113
2024-10-01T11:05:00+00:00,176.9,177.0,176.7,177.0,241
2024-10-01T11:10:00+00:00,176.9,177.0,176.75,176.95,150
2024-10-01T11:15:00+00:00,176.95,177.0,176.8,176.8,72
2024-10-01T11:20:00+00:00,176.8,177.0,176.8,176.9,49
2024-10-01T11:25:00+00:00,176.9,177.0,176.9,176.95,63
2024-10-01T11:30:00+00:00,176.8,177.1,176.6,176.9,174
2024-10-01T11:35:00+00:00,176.9,177.1,176.65,176.7,95
2024-10-01T11:40:00+00:00,176.8,177.1,176.7,177.1,67
2024-10-01T11:45:00+00:00,177.1,177.1,177.1,177.1,1
2024-10-01T11:50:00+00:00,177.1,177.1,177.0,177.0,19
2024-10-01T11:55:00+00:00,177.0,177.0,176.95,177.0,93
2024-10-01T12:00:00+00:00,176.95,177.0,176.9,177.0,152
2024-10-01T12:05:00+00:00,177.0,177.1,177.0,177.1,134
2024-10-01T12:10:00+00:00,177.1,177.5,177.1,177.4,116
2024-10-01T12:15:00+00:00,177.4,177.5,177.4,177.5,245
2024-10-01T12:20:00+00:00,177.35,177.9,177.35,177.9,119
2024-10-01T12:25:00+00:00,177.9,178.3,177.9,178.3,225
2024-10-01T12:30:00+00:00,178.1,178.3,177.5,178.25,188
2024-10-01T12:35:00+00:00,178.3,178.3,177.7,177.9,256
2024-10-01T12:40:00+00:00,177.9,178.3,177.9,178.3,115
2024-10-01T12:45:00+00:00,178.1,178.3,178.1,178.15,86
2024-10-01T12:50:00+00:00,178.25,178.3,178.15,178.3,169
2024-10-01T12:55:00+00:00,178.15,178.3,178.15,178.3,113
2024-10-01T13:00:00+00:00,178.3,179.0,178.3,179.0,200
2024-10-01T13:05:00+00:00,179.0,179.0,178.8,179.0,105
2024-10-01T13:10:00+00:00,178.95,179.1,178.15,179.1,304
2024-10-01T13:15:00+00:00,179.0,179.2,179.0,179.0,139
2024-10-01T13:20:00+00:00,179.0,179.2,178.95,179.15,149
2024-10-01T13:25:00+00:00,179.15,179.15,178.85,178.95,139
2024-10-01T13:30:00+00:00,178.95,179.15,178.9,179.15,147
2024-10-01T13:35:00+00:00,179.0,179.2,178.9,178.9,141
2024-10-01T13:40:00+00:00,178.9,179.0,178.8,179.0,151
2024-10-01T13:45:00+00:00,178.8,179.1,178.8,179.0,140
2024-10-01T13:50:00+00:00,179.15,179.2,179.15,179.2,130
2024-10-01T13:55:00+00:00,179.2,179.2,179.2,179.2,126
2024-10-01T14:00:00+00:00,179.2,179.5,179.2,179.5,141
2024-10-01T14:05:00+00:00,179.5,179.5,179.1,179.1,57
2024-10-01T14:10:00+00:00,179.05,179.3,179.05,179.3,12
2024-10-01T14:15:00+00:00,179.2,179.2,178.6,178.6,272
2024-10-01T14:20:00+00:00,178.7,178.7,178.6,178.6,4
2024-10-01T14:25:00+00:00,178.7,179.0,178.6,178.6,32
2024-10-01T14:30:00+00:00,178.6,178.8,178.6,178.7,5
2024-10-01T14:35:00+00:00,178.7,178.7,178.7,178.7,10
2024-10-01T14:40:00+00:00,178.65,178.7,178.1,178.1,154
2024-10-01T14:45:00+00:00,178.2,178.3,177.25,177.7,107
2024-10-01T14:50:00+00:00,177.8,178.0,177.8,178.0,4
2024-10-01T14:55:00+00:00,178.0,178.0,177.9,177.9,13
2024-10-01T15:00:00+00:00,177.8,177.9,177.8,177.9,33
2024-10-01T15:05:00+00:00,177.9,177.9,177.75,177.9,8
2024-10-01T15:10:00+00:00,177.9,177.9,177.55,177.6,158
2024-10-01T15:15:00+00:00,177.55,177.55,176.3,176.5,1967
2024-10-01T15:20:00+00:00,176.5,177.75,176.5,177.75,202
2024-10-01T15:25:00+00:00,177.6,177.75,177.55,177.7,26
2024-10-01T15:30:00+00:00,177.65,177.65,176.6,176.9,220
2024-10-01T15:35:00+00:00,176.9,177.4,176.9,177.1,32
2024-10-01T15:45:00+00:00,177.0,177.0,177.0,177.0,10
2024-10-01T16:00:00+00:00,177.1,177.1,177.1,177.1,2
2024-10-01T16:05:00+00:00,177.1,177.45,177.1,177.45,20
2024-10-01T16:10:00+00:00,177.3,177.4,177.3,177.4,16
2024-10-01T16:15:00+00:00,177.4,177.4,177.4,177.4,62
2024-10-01T16:20:00+00:00,177.4,177.4,176.8,176.9,37
2024-10-01T16:25:00+00:00,176.9,176.9,176.9,176.9,10
2024-10-01T16:30:00+00:00,176.9,177.4,176.8,177.4,185
2024-10-01T16:35:00+00:00,177.4,177.4,177.2,177.3,3
2024-10-01T16:40:00+00:00,177.4,177.4,177.4,177.4,5
2024-10-01T16:45:00+00:00,177.3,177.35,177.3,177.35,7
2024-10-01T16:50:00+00:00,177.35,177.35,177.35,177.35,1
2024-10-01T16:55:00+00:00,177.35,177.4,177.35,177.4,18
2024-10-01T17:00:00+00:00,177.4,177.4,177.4,177.4,13
2024-10-01T17:05:00+00:00,177.4,177.4,177.4,177.4,3
2024-10-01T17:10:00+00:00,177.4,177.4,177.4,177.4,10
2024-10-01T17:15:00+00:00,177.4,177.4,177.4,177.4,1
2024-10-01T17:20:00+00:00,177.3,177.3,177.05,177.2,23
2024-10-01T17:25:00+00:00,177.3,177.4,177.1,177.4,32
2024-10-01T17:35:00+00:00,177.4,177.4,177.3,177.3,8
2024-10-01T17:40:00+00:00,177.4,177.5,177.4,177.5,7
2024-10-01T17:45:00+00:00,177.5,177.5,177.4,177.4,7
2024-10-01T17:50:00+00:00,177.6,178.25,177.6,178.25,48
2024-10-01T18:00:00+00:00,178.25,178.25,178.25,178.25,21
2024-10-01T18:10:00+00:00,178.2,178.25,178.2,178.25,10
2024-10-01T18:15:00+00:00,178.1,178.1,178.1,178.1,2
2024-10-01T18:20:00+00:00,178.2,178.2,177.9,177.9,9
2024-10-01T18:25:00+00:00,178.0,178.1,178.0,178.1,3
2024-10-01T18:35:00+00:00,178.1,178.1,177.4,177.4,33
2024-10-01T18:40:00+00:00,177.4,177.4,177.4,177.4,3
2024-10-01T18:45:00+00:00,177.4,177.4,177.15,177.15,18
2024-10-01T18:50:00+00:00,177.15,177.3,177.15,177.3,14
2024-10-01T18:55:00+00:00,177.4,178.05,177.4,178.05,15
2024-10-01T19:00:00+00:00,178.0,178.0,177.9,177.9,4
2024-10-01T19:05:00+00:00,177.8,177.8,177.15,177.5,23
2024-10-01T19:10:00+00:00,177.5,178.1,177.5,178.1,33
2024-10-01T19:15:00+00:00,178.1,178.25,178.1,178.25,15
2024-10-01T19:20:00+00:00,178.25,178.3,178.1,178.1,5
2024-10-01T19:25:00+00:00,178.2,178.3,178.2,178.3,47
2024-10-01T19:30:00+00:00,178.3,178.3,178.3,178.3,106
2024-10-01T19:35:00+00:00,178.3,178.3,178.3,178.3,5
2024-10-01T19:40:00+00:00,178.3,178.3,178.3,178.3,10
2024-10-01T19:45:00+00:00,178.2,178.2,178.2,178.2,13
2024-10-01T19:50:00+00:00,178.1,178.1,178.0,178.0,7
2024-10-01T19:55:00+00:00,178.0,178.3,178.0,178.3,130
2024-10-01T20:00:00+00:00,178.3,178.3,178.3,178.3,1
2024-10-01T20:05:00+00:00,178.2,178.2,178.0,178.0,6
2024-10-01T20:15:00+00:00,177.9,177.9,177.9,177.9,15
2024-10-01T20:20:00+00:00,178.0,178.3,178.0,178.1,16
2024-10-01T20:25:00+00:00,178.0,178.3,177.8,178.1,22
2024-10-01T20:30:00+00:00,178.0,178.1,178.0,178.0,122
2024-10-01T20:35:00+00:00,178.1,178.1,178.0,178.05,11
2024-10-01T20:45:00+00:00,177.9,177.9,177.8,177.8,6
2024-10-02T06:55:00+00:00,177.8,177.8,177.8,177.8,33
2024-10-02T07:00:00+00:00,177.7,177.75,177.1,177.2,715
2024-10-02T07:05:00+00:00,177.2,177.2,177.0,177.2,68
2024-10-02T07:10:00+00:00,177.1,178.2,177.0,177.9,334
2024-10-02T07:15:00+00:00,177.95,178.3,177.95,178.2,510
2024-10-02T07:20:00+00:00,178.2,178.2,178.1,178.2,154
2024-10-02T07:25:00+00:00,178.1,178.1,177.4,178.0,289
2024-10-02T07:30:00+00:00,178.0,178.0,177.7,177.7,60
2024-10-02T07:35:00+00:00,177.8,177.8,177.7,177.8,7
2024-10-02T07:40:00+00:00,177.75,177.75,177.45,177.5,80
2024-10-02T07:45:00+00:00,177.5,177.7,177.5,177.6,32
2024-10-02T07:50:00+00:00,177.6,177.6,177.45,177.5,24
2024-10-02T07:55:00+00:00,177.5,177.6,177.5,177.6,45
2024-10-02T08:00:00+00:00,177.6,177.6,177.5,177.6,46
2024-10-02T08:05:00+00:00,177.5,177.7,177.45,177.6,185
2024-10-02T08:10:00+00:00,177.65,177.7,177.45,177.6,165
2024-10-02T08:15:00+00:00,177.5,177.5,177.5,177.5,34
2024-10-02T08:20:00+00:00,177.5,177.5,177.4,177.4,73
2024-10-02T08:25:00+00:00,177.5,177.5,177.4,177.4,24
2024-10-02T08:30:00+00:00,177.4,177.5,177.4,177.5,15
2024-10-02T08:35:00+00:00,177.4,177.5,177.3,177.3,91
2024-10-02T08:40:00+00:00,177.4,177.4,177.3,177.3,12
2024-10-02T08:45:00+00:00,177.35,177.35,177.3,177.3,5
2024-10-02T08:50:00+00:00,177.35,177.5,177.3,177.5,281
2024-10-02T08:55:00+00:00,177.5,177.5,177.35,177.5,10
2024-10-02T09:00:00+00:00,177.5,177.65,177.5,177.6,76
2024-10-02T09:05:00+00:00,177.6,177.6,177.6,177.6,5
2024-10-02T09:10:00+00:00,177.6,177.65,177.5,177.65,33
2024-10-02T09:15:00+00:00,177.6,177.65,177.6,177.6,49
2024-10-02T09:20:00+00:00,177.65,177.7,177.65,177.7,117
2024-10-02T09:25:00+00:00,177.6,177.7,177.5,177.7,140
2024-10-02T09:30:00+00:00,177.7,177.7,177.7,177.7,22
2024-10-02T09:35:00+00:00,177.65,177.65,177.35,177.35,100
2024-10-02T09:40:00+00:00,177.35,177.6,177.35,177.6,59
2024-10-02T09:45:00+00:00,177.5,177.5,177.0,177.0,847
2024-10-02T09:50:00+00:00,177.1,177.6,177.1,177.6,102
2024-10-02T09:55:00+00:00,177.5,177.65,177.4,177.5,86
2024-10-02T10:00:00+00:00,177.6,177.65,177.5,177.65,33
2024-10-02T10:05:00+00:00,177.65,177.7,177.5,177.7,36
2024-10-02T10:10:00+00:00,177.7,177.7,177.5,177.5,61
2024-10-02T10:15:00+00:00,177.5,177.7,177.3,177.6,90
2024-10-02T10:20:00+00:00,177.6,177.7,177.5,177.5,373
2024-10-02T10:25:00+00:00,177.5,177.7,177.5,177.6,59
2024-10-02T10:30:00+00:00,177.7,177.7,177.5,177.7,47
2024-10-02T10:35:00+00:00,177.7,177.7,177.5,177.7,88
2024-10-02T10:40:00+00:00,177.7,178.0,177.5,177.5,242
2024-10-02T10:45:00+00:00,177.6,178.0,177.6,177.7,109
2024-10-02T10:50:00+00:00,177.7,177.7,177.55,177.7,80
2024-10-02T10:55:00+00:00,177.6,177.7,177.5,177.7,50
2024-10-02T11:00:00+00:00,177.5,177.7,177.5,177.6,72
2024-10-02T11:05:00+00:00,177.65,177.7,177.5,177.7,177
2024-10-02T11:10:00+00:00,177.5,177.7,177.5,177.7,119
2024-10-02T11:15:00+00:00,177.5,177.7,177.5,177.7,85
2024-10-02T11:20:00+00:00,177.7,177.7,177.5,177.6,120
2024-10-02T11:25:00+00:00,177.6,177.7,177.5,177.7,55
2024-10-02T11:30:00+00:00,177.7,177.7,177.7,177.7,34
2024-10-02T11:35:00+00:00,177.65,177.7,177.15,177.4,310
2024-10-02T11:40:00+00:00,177.4,177.5,177.4,177.5,54
2024-10-02T11:45:00+00:00,177.5,177.5,177.1,177.3,81
2024-10-02T11:50:00+00:00,177.4,177.5,177.3,177.5,88
2024-10-02T11:55:00+00:00,177.45,177.5,177.45,177.5,63
2024-10-02T12:00:00+00:00,177.5,177.5,177.35,177.35,91
2024-10-02T12:05:00+00:00,177.4,177.5,177.15,177.5,77
2024-10-02T12:10:00+00:00,177.3,177.5,177.15,177.3,49
2024-10-02T12:15:00+00:00,177.4,177.5,177.4,177.4,87
2024-10-02T12:20:00+00:00,177.5,177.5,177.4,177.5,32
2024-10-02T12:25:00+00:00,177.5,177.5,177.45,177.5,38
2024-10-02T12:30:00+00:00,177.5,177.5,177.2,177.5,87
2024-10-02T12:35:00+00:00,177.5,177.5,177.1,177.4,195
2024-10-02T12:40:00+00:00,177.3,177.45,177.05,177.2,171
2024-10-02T12:45:00+00:00,177.3,177.4,177.3,177.4,82
2024-10-02T12:50:00+00:00,177.3,177.35,177.25,177.35,210
2024-10-02T12:55:00+00:00,177.35,177.35,177.2,177.35,44
2024-10-02T13:00:00+00:00,177.35,177.35,177.15,177.2,69
2024-10-02T13:05:00+00:00,177.3,177.35,177.3,177.35,77
2024-10-02T13:10:00+00:00,177.35,177.35,177.15,177.35,406
2024-10-02T13:15:00+00:00,177.3,177.5,177.2,177.5,200
2024-10-02T13:20:00+00:00,177.3,177.5,177.3,177.5,41
2024-10-02T13:25:00+00:00,177.5,177.5,177.5,177.5,28
2024-10-02T13:30:00+00:00,177.5,177.5,177.3,177.5,42
2024-10-02T13:35:00+00:00,177.35,177.5,177.35,177.5,73
2024-10-02T13:40:00+00:00,177.35,177.5,177.3,177.3,378
2024-10-02T13:45:00+00:00,177.4,177.45,177.2,177.3,100
2024-10-02T13:50:00+00:00,177.4,177.5,177.4,177.5,39
2024-10-02T13:55:00+00:00,177.5,177.7,177.5,177.7,190
2024-10-02T14:00:00+00:00,177.7,177.7,177.7,177.7,25
2024-10-02T14:05:00+00:00,177.7,177.7,177.7,177.7,29
2024-10-02T14:10:00+00:00,177.7,177.7,177.6,177.7,63
2024-10-02T14:15:00+00:00,177.65,177.7,177.0,177.1,766
2024-10-02T14:20:00+00:00,177.0,177.4,177.0,177.4,36
2024-10-02T14:25:00+00:00,177.5,177.65,177.1,177.65,40
2024-10-02T14:30:00+00:00,177.65,177.65,177.4,177.5,31
2024-10-02T14:35:00+00:00,177.6,177.65,176.8,176.85,780
2024-10-02T14:40:00+00:00,177.0,177.35,176.85,177.0,54
2024-10-02T14:45:00+00:00,177.0,177.3,176.85,177.3,215
2024-10-02T14:50:00+00:00,177.2,177.4,177.1,177.3,38
2024-10-02T14:55:00+00:00,177.35,177.35,177.3,177.3,32
2024-10-02T15:00:00+00:00,177.3,177.4,177.05,177.2,45
2024-10-02T15:05:00+00:00,177.2,177.2,176.85,176.85,190
2024-10-02T15:10:00+00:00,177.0,177.25,176.85,177.25,47
2024-10-02T15:15:00+00:00,177.2,177.25,177.2,177.25,18
2024-10-02T15:20:00+00:00,177.25,177.25,176.85,176.85,96
2024-10-02T15:25:00+00:00,176.85,177.0,176.8,177.0,85
2024-10-02T15:30:00+00:00,177.0,177.45,177.0,177.45,103
2024-10-02T15:35:00+00:00,177.4,177.65,177.4,177.6,435
2024-10-02T15:45:00+00:00,177.65,177.65,177.65,177.65,134
2024-10-02T16:00:00+00:00,177.6,177.6,177.6,177.6,30
2024-10-02T16:05:00+00:00,177.6,177.6,177.4,177.5,117
2024-10-02T16:10:00+00:00,177.4,177.7,177.4,177.7,318
2024-10-02T16:15:00+00:00,177.6,177.6,177.4,177.4,5
2024-10-02T16:20:00+00:00,177.4,177.7,177.05,177.4,1041
2024-10-02T16:25:00+00:00,177.3,177.3,177.0,177.0,88
2024-10-02T16:30:00+00:00,177.05,177.05,177.05,177.05,2
2024-10-02T16:35:00+00:00,177.05,177.05,176.8,176.9,106
2024-10-02T16:40:00+00:00,177.0,177.05,177.0,177.05,24
2024-10-02T16:45:00+00:00,177.05,177.05,176.95,176.95,6
2024-10-02T16:50:00+00:00,177.05,177.05,176.95,177.05,26
2024-10-02T17:00:00+00:00,177.05,177.1,177.05,177.1,3
2024-10-02T17:10:00+00:00,177.05,177.05,177.05,177.05,1
2024-10-02T17:15:00+00:00,177.05,177.05,177.05,177.05,3
2024-10-02T17:20:00+00:00,177.1,177.1,177.1,177.1,8
2024-10-02T17:25:00+00:00,177.1,177.1,177.05,177.05,9
2024-10-02T17:30:00+00:00,177.1,177.1,177.1,177.1,2
2024-10-02T17:35:00+00:00,177.05,177.4,177.05,177.4,35
2024-10-02T17:40:00+00:00,177.3,177.4,177.3,177.4,4
2024-10-02T17:45:00+00:00,177.45,177.45,177.45,177.45,29
2024-10-02T17:50:00+00:00,177.45,177.45,177.4,177.4,2
2024-10-02T17:55:00+00:00,177.4,177.5,177.4,177.5,64
2024-10-02T18:00:00+00:00,177.45,177.45,177.4,177.4,7
2024-10-02T18:05:00+00:00,177.4,177.5,177.4,177.5,6
2024-10-02T18:10:00+00:00,177.5,177.5,177.5,177.5,6
2024-10-02T18:20:00+00:00,177.5,177.5,177.3,177.3,6
2024-10-02T18:25:00+00:00,177.2,177.2,177.05,177.05,9
2024-10-02T18:30:00+00:00,177.2,177.3,177.2,177.3,3
2024-10-02T18:35:00+00:00,177.3,177.3,177.3,177.3,8
2024-10-02T18:40:00+00:00,177.3,177.3,177.1,177.1,2
2024-10-02T18:50:00+00:00,177.2,177.2,177.2,177.2,1
2024-10-02T18:55:00+00:00,177.2,177.2,177.1,177.1,24
2024-10-02T19:00:00+00:00,177.2,177.2,177.1,177.1,37
2024-10-02T19:05:00+00:00,177.05,177.2,177.05,177.2,57
2024-10-02T19:10:00+00:00,177.2,177.3,177.2,177.3,14
2024-10-02T19:15:00+00:00,177.3,177.5,177.3,177.5,363
2024-10-02T19:20:00+00:00,177.5,177.5,177.4,177.4,6
2024-10-02T19:25:00+00:00,177.5,177.5,177.4,177.5,11
2024-10-02T19:30:00+00:00,177.4,177.5,177.4,177.5,104
2024-10-02T19:35:00+00:00,177.5,177.5,177.5,177.5,342
2024-10-02T19:40:00+00:00,177.4,177.5,177.4,177.5,20
2024-10-02T19:45:00+00:00,177.5,177.5,177.5,177.5,1
2024-10-02T19:50:00+00:00,177.5,177.5,177.5,177.5,3
2024-10-02T19:55:00+00:00,177.5,177.5,177.5,177.5,31
2024-10-02T20:00:00+00:00,177.5,177.5,177.5,177.5,70
2024-10-02T20:05:00+00:00,177.5,177.5,177.4,177.4,52
2024-10-02T20:10:00+00:00,177.4,177.4,177.4,177.4,5
2024-10-02T20:15:00+00:00,177.4,177.4,177.4,177.4,8
2024-10-02T20:20:00+00:00,177.5,177.5,177.4,177.4,7
2024-10-02T20:25:00+00:00,177.5,177.5,177.5,177.5,1
2024-10-02T20:30:00+00:00,177.45,177.45,177.45,177.45,47
2024-10-02T20:35:00+00:00,177.45,177.45,177.1,177.15,165
2024-10-02T20:40:00+00:00,177.15,177.15,177.15,177.15,29
2024-10-02T20:45:00+00:00,177.15,177.5,177.1,177.1,174
2024-10-03T06:55:00+00:00,176.9,176.9,176.9,176.9,283
2024-10-03T07:00:00+00:00,176.8,177.0,176.7,176.8,441
2024-10-03T07:05:00+00:00,176.9,176.9,176.0,176.0,469
2024-10-03T07:10:00+00:00,175.95,177.9,175.9,177.0,603
2024-10-03T07:15:00+00:00,177.0,177.0,175.0,175.45,1534
2024-10-03T07:20:00+00:00,175.6,176.05,175.0,175.95,650
2024-10-03T07:25:00+00:00,176.05,176.05,175.45,175.7,93
2024-10-03T07:30:00+00:00,175.7,176.0,175.7,175.9,75
2024-10-03T07:35:00+00:00,175.9,176.05,175.0,175.2,500
2024-10-03T07:40:00+00:00,175.2,175.7,175.15,175.7,127
2024-10-03T07:45:00+00:00,175.75,175.75,175.15,175.5,127
2024-10-03T07:50:00+00:00,175.5,175.7,175.5,175.7,143
2024-10-03T07:55:00+00:00,175.65,175.7,175.65,175.7,193
2024-10-03T08:00:00+00:00,175.7,175.7,175.6,175.7,289
2024-10-03T08:05:00+00:00,175.7,175.75,175.6,175.6,418
2024-10-03T08:10:00+00:00,175.7,175.7,175.5,175.65,92
2024-10-03T08:15:00+00:00,175.65,175.7,175.4,175.4,174
2024-10-03T08:20:00+00:00,175.4,175.5,175.15,175.15,244
2024-10-03T08:25:00+00:00,175.3,175.6,175.3,175.5,492
2024-10-03T08:30:00+00:00,175.35,175.5,175.2,175.2,54
2024-10-03T08:35:00+00:00,175.3,175.55,175.2,175.55,62
2024-10-03T08:40:00+00:00,175.55,175.65,175.55,175.65,95
2024-10-03T08:45:00+00:00,175.6,175.7,175.6,175.7,70
2024-10-03T08:50:00+00:00,175.7,175.7,175.55,175.7,26
2024-10-03T08:55:00+00:00,175.7,175.7,175.5,175.6,151
2024-10-03T09:00:00+00:00,175.6,175.65,175.5,175.65,1253
2024-10-03T09:05:00+00:00,175.65,175.65,175.55,175.55,33
2024-10-03T09:10:00+00:00,175.6,175.6,175.5,175.5,157
2024-10-03T09:15:00+00:00,175.5,175.65,175.5,175.65,978
2024-10-03T09:20:00+00:00,175.65,175.7,175.25,175.25,170
2024-10-03T09:25:00+00:00,175.4,175.6,175.2,175.45,72
2024-10-03T09:30:00+00:00,175.45,175.5,175.45,175.45,21
2024-10-03T09:35:00+00:00,175.45,175.7,175.3,175.7,88
2024-10-03T09:40:00+00:00,175.65,175.65,175.55,175.65,6
2024-10-03T09:45:00+00:00,175.65,175.65,175.65,175.65,86
2024-10-03T09:50:00+00:00,175.7,175.7,175.65,175.65,153
2024-10-03T09:55:00+00:00,175.7,175.7,175.5,175.5,202
2024-10-03T10:00:00+00:00,175.7,175.7,175.55,175.7,22
2024-10-03T10:05:00+00:00,175.7,175.7,175.7,175.7,5
2024-10-03T10:10:00+00:00,175.7,175.8,175.7,175.8,73
2024-10-03T10:15:00+00:00,175.8,175.95,175.8,175.95,80
2024-10-03T10:20:00+00:00,175.95,175.95,175.75,175.8,177
2024-10-03T10:25:00+00:00,175.9,175.95,175.8,175.8,70
2024-10-03T10:30:00+00:00,175.8,175.9,175.7,175.8,250
2024-10-03T10:35:00+00:00,175.8,175.8,175.8,175.8,26
2024-10-03T10:40:00+00:00,175.8,175.8,175.5,175.5,400
2024-10-03T10:45:00+00:00,175.55,175.8,175.5,175.8,183
2024-10-03T10:50:00+00:00,175.6,175.8,175.6,175.8,204
2024-10-03T10:55:00+00:00,175.8,175.8,175.45,175.45,52
2024-10-03T11:00:00+00:00,175.4,175.95,175.4,175.8,156
2024-10-03T11:05:00+00:00,175.9,175.9,175.8,175.9,14
2024-10-03T11:10:00+00:00,175.9,175.9,175.65,175.8,20
2024-10-03T11:15:00+00:00,175.7,175.8,175.4,175.7,333
2024-10-03T11:20:00+00:00,175.7,175.95,175.5,175.95,249
2024-10-03T11:25:00+00:00,175.95,175.95,175.9,175.9,16
2024-10-03T11:30:00+00:00,175.9,175.95,175.9,175.95,101
2024-10-03T11:35:00+00:00,175.9,176.0,175.9,176.0,664
2024-10-03T11:40:00+00:00,176.0,176.0,175.95,176.0,223
2024-10-03T11:45:00+00:00,176.0,176.0,175.8,175.95,112
2024-10-03T11:50:00+00:00,176.0,176.2,175.95,176.2,268
2024-10-03T11:55:00+00:00,176.1,176.4,176.1,176.15,165
2024-10-03T12:00:00+00:00,176.15,176.15,176.15,176.15,1
2024-10-03T12:05:00+00:00,176.15,176.15,176.15,176.15,71
2024-10-03T12:10:00+00:00,176.3,176.4,176.3,176.35,7
2024-10-03T12:15:00+00:00,176.35,176.4,176.2,176.2,132
2024-10-03T12:20:00+00:00,176.3,176.35,176.2,176.35,47
2024-10-03T12:25:00+00:00,176.25,176.35,176.25,176.35,5
2024-10-03T12:30:00+00:00,176.3,176.4,176.25,176.4,84
2024-10-03T12:35:00+00:00,176.4,176.4,176.35,176.35,43
2024-10-03T12:40:00+00:00,176.35,176.4,176.3,176.4,35
2024-10-03T12:45:00+00:00,176.4,176.4,176.25,176.35,87
2024-10-03T12:50:00+00:00,176.35,176.35,176.35,176.35,61
2024-10-03T12:55:00+00:00,176.35,176.8,176.35,176.8,516
2024-10-03T13:00:00+00:00,176.8,176.85,176.55,176.7,106
2024-10-03T13:05:00+00:00,176.7,176.7,176.4,176.5,99
2024-10-03T13:10:00+00:00,176.6,176.8,176.6,176.8,14
2024-10-03T13:15:00+00:00,176.8,176.8,176.6,176.7,876
2024-10-03T13:20:00+00:00,176.7,176.7,176.05,176.3,185
2024-10-03T13:25:00+00:00,176.3,176.65,176.1,176.2,48
2024-10-03T13:30:00+00:00,176.2,176.4,176.1,176.4,58
2024-10-03T13:35:00+00:00,176.4,176.45,176.4,176.4,82
2024-10-03T13:40:00+00:00,176.4,176.4,176.0,176.0,676
2024-10-03T13:45:00+00:00,176.0,176.0,176.0,176.0,43
2024-10-03T13:50:00+00:00,176.0,176.0,175.95,176.0,137
2024-10-03T13:55:00+00:00,176.0,176.0,175.95,176.0,100
2024-10-03T14:00:00+00:00,175.95,176.0,175.95,176.0,46
2024-10-03T14:05:00+00:00,175.95,176.0,175.9,175.9,314
2024-10-03T14:10:00+00:00,175.85,175.9,175.85,175.9,185
2024-10-03T14:15:00+00:00,175.9,175.9,175.75,175.75,233
2024-10-03T14:20:00+00:00,175.75,175.8,175.7,175.7,37
2024-10-03T14:25:00+00:00,175.8,176.0,175.8,176.0,257
2024-10-03T14:30:00+00:00,176.0,176.0,175.8,175.9,39
2024-10-03T14:35:00+00:00,175.8,176.0,175.8,176.0,215
2024-10-03T14:40:00+00:00,176.0,176.0,175.85,175.95,448
2024-10-03T14:45:00+00:00,175.95,175.95,175.9,175.9,37
2024-10-03T14:50:00+00:00,175.95,175.95,175.8,175.9,170
2024-10-03T14:55:00+00:00,175.95,176.0,175.95,176.0,349
2024-10-03T15:00:00+00:00,175.95,176.0,175.85,175.85,336
2024-10-03T15:05:00+00:00,175.95,176.0,175.95,176.0,32
2024-10-03T15:10:00+00:00,176.0,176.0,175.85,175.9,143
2024-10-03T15:15:00+00:00,175.95,176.2,175.95,176.2,602
2024-10-03T15:20:00+00:00,176.25,176.4,176.25,176.25,15
2024-10-03T15:25:00+00:00,176.4,176.75,176.25,176.25,232
2024-10-03T15:30:00+00:00,176.4,176.8,176.25,176.7,418
2024-10-03T15:35:00+00:00,176.75,176.8,176.5,176.8,429
2024-10-03T15:45:00+00:00,176.5,176.5,176.5,176.5,211
2024-10-03T16:00:00+00:00,176.1,176.1,176.1,176.1,30
2024-10-03T16:05:00+00:00,176.1,176.8,176.05,176.1,199
2024-10-03T16:10:00+00:00,176.1,176.6,176.1,176.4,32
2024-10-03T16:15:00+00:00,176.3,176.3,176.0,176.1,464
2024-10-03T16:20:00+00:00,176.2,176.55,176.2,176.5,32
2024-10-03T16:25:00+00:00,176.4,176.5,176.4,176.5,9
2024-10-03T16:30:00+00:00,176.4,176.4,176.3,176.3,8
2024-10-03T16:35:00+00:00,176.4,176.5,176.3,176.3,29
2024-10-03T16:40:00+00:00,176.4,176.4,176.0,176.05,481
2024-10-03T16:45:00+00:00,176.05,176.05,175.4,175.6,3090
2024-10-03T16:50:00+00:00,175.7,175.7,175.6,175.6,2
2024-10-03T16:55:00+00:00,175.7,175.7,175.6,175.6,31
2024-10-03T17:00:00+00:00,175.7,175.7,175.4,175.6,187
2024-10-03T17:05:00+00:00,175.7,176.35,175.6,176.35,1418
2024-10-03T17:10:00+00:00,176.3,176.3,175.9,175.9,20
2024-10-03T17:15:00+00:00,175.9,175.9,175.8,175.9,15
2024-10-03T17:20:00+00:00,175.9,176.3,175.55,176.3,96
2024-10-03T17:25:00+00:00,176.2,176.35,176.0,176.35,71
2024-10-03T17:30:00+00:00,176.2,176.2,176.0,176.1,70
2024-10-03T17:35:00+00:00,176.0,176.0,176.0,176.0,41
2024-10-03T17:40:00+00:00,176.1,176.1,176.0,176.0,25
2024-10-03T17:45:00+00:00,176.1,176.1,176.1,176.1,21
2024-10-03T17:50:00+00:00,176.1,176.1,175.9,175.9,9
2024-10-03T18:00:00+00:00,175.85,175.85,174.9,175.0,1360
2024-10-03T18:05:00+00:00,175.1,175.55,175.1,175.4,53
2024-10-03T18:10:00+00:00,175.4,175.4,175.3,175.4,35
2024-10-03T18:15:00+00:00,175.4,175.4,174.9,175.0,73
2024-10-03T18:20:00+00:00,175.1,175.45,174.9,175.2,56
2024-10-03T18:25:00+00:00,175.2,175.4,175.2,175.4,12
2024-10-03T18:30:00+00:00,175.4,175.4,175.2,175.3,16
2024-10-03T18:35:00+00:00,175.4,175.4,175.2,175.2,127
2024-10-03T18:40:00+00:00,175.3,175.45,175.3,175.45,10
2024-10-03T18:45:00+00:00,175.45,175.45,175.45,175.45,2
2024-10-03T18:50:00+00:00,175.45,175.45,174.95,174.95,274
2024-10-03T18:55:00+00:00,174.95,175.3,174.95,175.3,127
2024-10-03T19:00:00+00:00,175.3,175.4,175.1,175.4,42
2024-10-03T19:05:00+00:00,175.3,175.3,175.2,175.2,12
2024-10-03T19:10:00+00:00,175.1,175.25,175.1,175.25,66
2024-10-03T19:15:00+00:00,175.1,175.1,174.8,174.9,284
2024-10-03T19:20:00+00:00,174.9,174.9,174.8,174.8,114
2024-10-03T19:25:00+00:00,175.0,175.2,175.0,175.2,1124
2024-10-03T19:30:00+00:00,175.2,175.2,175.2,175.2,1
2024-10-03T19:35:00+00:00,175.1,175.1,175.0,175.1,17
2024-10-03T19:40:00+00:00,175.1,175.1,175.0,175.0,15
2024-10-03T19:45:00+00:00,175.05,175.1,174.9,175.1,32
2024-10-03T19:50:00+00:00,175.15,175.3,175.15,175.3,67
2024-10-03T19:55:00+00:00,175.3,175.4,175.1,175.1,19
2024-10-03T20:00:00+00:00,175.2,175.95,175.2,175.5,1213
2024-10-03T20:05:00+00:00,175.5,175.5,175.4,175.5,13
2024-10-03T20:10:00+00:00,175.5,175.8,175.1,175.1,193
2024-10-03T20:15:00+00:00,175.2,175.45,175.1,175.1,118
2024-10-03T20:20:00+00:00,175.1,175.4,175.1,175.4,408
2024-10-03T20:25:00+00:00,175.3,175.3,174.95,174.95,33
2024-10-03T20:30:00+00:00,174.95,175.45,174.9,175.4,353
2024-10-03T20:35:00+00:00,175.4,175.45,175.3,175.45,183
2024-10-03T20:40:00+00:00,175.45,175.45,175.0,175.4,137
2024-10-03T20:45:00+00:00,175.3,175.3,174.35,174.5,1815
2024-10-04T06:55:00+00:00,165.5,165.5,165.5,165.5,1189
2024-10-04T07:00:00+00:00,165.5,167.0,162.5,163.55,8185
2024-10-04T07:05:00+00:00,163.5,164.95,163.5,164.3,2286
2024-10-04T07:10:00+00:00,164.3,164.85,164.0,164.3,902
2024-10-04T07:15:00+00:00,164.35,164.6,164.0,164.55,1046
2024-10-04T07:20:00+00:00,164.5,164.65,164.45,164.6,222
2024-10-04T07:25:00+00:00,164.65,164.95,163.8,163.85,1709
2024-10-04T07:30:00+00:00,163.85,164.65,163.7,164.6,627
2024-10-04T07:35:00+00:00,164.6,164.6,163.75,164.25,460
2024-10-04T07:40:00+00:00,164.25,164.4,164.0,164.2,114
2024-10-04T07:45:00+00:00,164.2,164.4,164.15,164.2,219
2024-10-04T07:50:00+00:00,164.2,164.35,163.75,164.3,782
2024-10-04T07:55:00+00:00,164.3,164.35,164.15,164.2,239
2024-10-04T08:00:00+00:00,164.3,164.55,164.2,164.55,617
2024-10-04T08:05:00+00:00,164.55,164.6,164.35,164.5,197
2024-10-04T08:10:00+00:00,164.5,164.5,164.35,164.45,68
2024-10-04T08:15:00+00:00,164.4,164.45,164.35,164.45,159
2024-10-04T08:20:00+00:00,164.45,164.5,164.35,164.45,78
2024-10-04T08:25:00+00:00,164.4,164.4,163.6,163.95,810
2024-10-04T08:30:00+00:00,163.95,164.15,163.5,164.15,517
2024-10-04T08:35:00+00:00,164.1,164.4,163.85,164.25,514
2024-10-04T08:40:00+00:00,164.15,164.4,164.15,164.4,197
2024-10-04T08:45:00+00:00,164.4,164.4,164.05,164.05,65
2024-10-04T08:50:00+00:00,164.15,164.35,163.85,164.35,120
2024-10-04T08:55:00+00:00,164.25,164.25,163.85,163.85,47
2024-10-04T09:00:00+00:00,163.95,164.5,163.95,164.25,530
2024-10-04T09:05:00+00:00,164.35,164.65,164.15,164.65,678
2024-10-04T09:10:00+00:00,164.75,165.0,164.65,165.0,1168
2024-10-04T09:15:00+00:00,164.95,165.0,164.75,164.75,92
2024-10-04T09:20:00+00:00,164.85,164.85,164.7,164.85,33
2024-10-04T09:25:00+00:00,164.85,164.95,164.55,164.55,186
2024-10-04T09:30:00+00:00,164.65,165.15,164.65,165.05,426
2024-10-04T09:35:00+00:00,165.05,165.2,165.05,165.2,38
2024-10-04T09:40:00+00:00,165.15,165.2,165.1,165.2,40
2024-10-04T09:45:00+00:00,165.2,165.2,164.6,164.6,368
2024-10-04T09:50:00+00:00,164.75,165.1,164.75,165.1,64
2024-10-04T09:55:00+00:00,165.15,165.15,165.05,165.15,159
2024-10-04T10:00:00+00:00,165.05,165.05,164.6,164.75,23
2024-10-04T10:05:00+00:00,164.75,165.1,164.75,165.1,35
2024-10-04T10:10:00+00:00,165.1,165.1,165.1,165.1,11
2024-10-04T10:15:00+00:00,165.1,165.1,164.7,164.7,37
2024-10-04T10:20:00+00:00,164.65,165.1,164.6,164.6,70
2024-10-04T10:25:00+00:00,164.55,164.75,164.4,164.4,124
2024-10-04T10:30:00+00:00,164.55,165.0,164.55,164.85,32
2024-10-04T10:35:00+00:00,164.75,164.75,164.45,164.75,124
2024-10-04T10:40:00+00:00,164.65,164.65,164.45,164.65,51
2024-10-04T10:45:00+00:00,164.7,164.85,164.1,164.15,300
2024-10-04T10:50:00+00:00,164.15,164.15,164.1,164.15,21
2024-10-04T10:55:00+00:00,164.15,164.5,164.05,164.15,147
2024-10-04T11:00:00+00:00,164.15,164.25,164.05,164.25,19
2024-10-04T11:05:00+00:00,164.3,164.3,164.0,164.3,127
2024-10-04T11:10:00+00:00,164.25,164.3,164.0,164.25,143
2024-10-04T11:15:00+00:00,164.25,164.35,163.95,163.95,117
2024-10-04T11:20:00+00:00,164.05,164.1,163.95,163.95,14
2024-10-04T11:25:00+00:00,163.95,164.15,163.9,164.15,37
2024-10-04T11:30:00+00:00,164.15,164.15,164.05,164.05,34
2024-10-04T11:35:00+00:00,164.0,164.25,164.0,164.25,29
2024-10-04T11:40:00+00:00,164.3,164.55,164.2,164.5,112
2024-10-04T11:45:00+00:00,164.5,164.65,164.45,164.5,258
2024-10-04T11:50:00+00:00,164.55,164.55,164.35,164.35,23
2024-10-04T11:55:00+00:00,164.3,164.4,164.1,164.25,74
2024-10-04T12:00:00+00:00,164.2,164.35,164.0,164.15,178
2024-10-04T12:05:00+00:00,164.15,164.15,163.85,163.85,157
2024-10-04T12:10:00+00:00,163.9,164.25,163.85,164.25,46
2024-10-04T12:15:00+00:00,164.3,164.35,164.25,164.25,19
2024-10-04T12:20:00+00:00,164.25,164.3,163.95,163.95,244
2024-10-04T12:25:00+00:00,163.95,164.35,163.9,164.35,89
2024-10-04T12:30:00+00:00,164.35,164.8,164.0,164.35,851
2024-10-04T12:35:00+00:00,164.4,164.45,164.15,164.15,113
2024-10-04T12:40:00+00:00,164.15,164.25,163.9,164.15,31
2024-10-04T12:45:00+00:00,164.05,164.2,164.05,164.2,7
2024-10-04T12:50:00+00:00,164.15,164.25,164.15,164.25,11
2024-10-04T12:55:00+00:00,164.15,164.25,164.15,164.25,7
2024-10-04T13:00:00+00:00,164.2,164.2,164.15,164.15,5
2024-10-04T13:05:00+00:00,164.25,164.25,164.25,164.25,5
2024-10-04T13:10:00+00:00,164.15,164.25,163.85,163.85,129
2024-10-04T13:15:00+00:00,164.05,164.05,164.05,164.05,2
2024-10-04T13:20:00+00:00,164.15,164.15,163.85,164.05,62
2024-10-04T13:25:00+00:00,164.0,164.0,163.85,163.9,57
2024-10-04T13:30:00+00:00,163.9,164.25,163.9,164.25,35
2024-10-04T13:35:00+00:00,164.15,164.15,164.05,164.05,7
2024-10-04T13:40:00+00:00,164.25,164.25,164.25,164.25,5
2024-10-04T13:45:00+00:00,164.25,164.3,164.25,164.3,8
2024-10-04T13:50:00+00:00,164.35,164.45,164.25,164.3,51
2024-10-04T13:55:00+00:00,164.3,164.3,164.05,164.2,36
2024-10-04T14:00:00+00:00,164.2,164.2,164.05,164.2,146
2024-10-04T14:05:00+00:00,164.1,164.3,164.1,164.3,346
2024-10-04T14:10:00+00:00,164.3,164.3,164.25,164.3,67
2024-10-04T14:15:00+00:00,164.2,164.25,164.0,164.15,304
2024-10-04T14:25:00+00:00,164.2,164.2,164.15,164.15,8
2024-10-04T14:30:00+00:00,164.15,164.15,164.1,164.15,11
2024-10-04T14:35:00+00:00,164.2,164.2,164.1,164.15,74
2024-10-04T14:40:00+00:00,164.15,164.2,164.15,164.2,67
2024-10-04T14:45:00+00:00,164.2,164.2,164.0,164.1,96
2024-10-04T14:50:00+00:00,164.1,164.1,164.1,164.1,22
2024-10-04T14:55:00+00:00,164.1,164.15,164.0,164.0,75
2024-10-04T15:00:00+00:00,164.15,164.15,164.0,164.1,33
2024-10-04T15:05:00+00:00,164.1,164.1,164.0,164.1,38
2024-10-04T15:10:00+00:00,164.0,164.1,164.0,164.1,37
2024-10-04T15:15:00+00:00,164.0,164.1,163.95,163.95,42
2024-10-04T15:20:00+00:00,164.0,164.05,163.95,164.05,27
2024-10-04T15:25:00+00:00,164.05,164.1,163.95,164.1,214
2024-10-04T15:30:00+00:00,164.0,164.1,163.95,164.0,60
2024-10-04T15:35:00+00:00,163.95,164.1,163.95,164.0,414
2024-10-04T15:45:00+00:00,163.9,163.9,163.9,163.9,600
2024-10-04T16:00:00+00:00,164.0,164.0,164.0,164.0,1
2024-10-04T16:05:00+00:00,163.9,164.15,163.9,164.15,69
2024-10-04T16:10:00+00:00,164.2,164.2,164.15,164.15,4
2024-10-04T16:15:00+00:00,164.2,164.2,164.0,164.15,63
2024-10-04T16:20:00+00:00,164.15,164.2,164.15,164.2,201
2024-10-04T16:25:00+00:00,164.15,164.15,164.15,164.15,39
2024-10-04T16:30:00+00:00,164.15,164.2,164.0,164.15,94
2024-10-04T16:35:00+00:00,164.15,164.2,164.1,164.2,78
2024-10-04T16:40:00+00:00,164.15,164.15,164.05,164.05,105
2024-10-04T16:45:00+00:00,164.05,164.05,164.0,164.0,151
2024-10-04T16:50:00+00:00,164.15,164.15,164.0,164.0,323
2024-10-04T16:55:00+00:00,164.15,164.2,164.0,164.0,189
2024-10-04T17:00:00+00:00,164.1,164.15,164.1,164.15,23
2024-10-04T17:05:00+00:00,164.15,164.15,164.15,164.15,9
2024-10-04T17:10:00+00:00,164.15,164.15,164.15,164.15,12
2024-10-04T17:15:00+00:00,164.1,164.1,164.0,164.0,4
2024-10-04T17:25:00+00:00,164.0,164.05,164.0,164.0,8
2024-10-04T17:30:00+00:00,164.0,164.05,164.0,164.05,24
2024-10-04T17:35:00+00:00,164.05,164.05,164.05,164.05,10
2024-10-04T17:45:00+00:00,164.0,164.05,164.0,164.05,3
2024-10-04T17:50:00+00:00,164.05,164.15,164.05,164.15,12
2024-10-04T17:55:00+00:00,164.15,164.2,164.15,164.2,26
2024-10-04T18:00:00+00:00,164.2,164.2,164.2,164.2,16
2024-10-04T18:05:00+00:00,164.1,164.1,164.1,164.1,2
2024-10-04T18:10:00+00:00,164.15,164.15,164.15,164.15,14
2024-10-04T18:15:00+00:00,164.15,164.2,163.9,163.9,129
2024-10-04T18:20:00+00:00,163.95,164.05,163.95,164.05,4
2024-10-04T18:25:00+00:00,164.05,164.05,164.0,164.0,106
2024-10-04T18:30:00+00:00,164.0,164.0,163.95,163.95,20
2024-10-04T18:35:00+00:00,163.95,164.0,163.85,164.0,127
2024-10-04T18:40:00+00:00,164.05,164.05,164.05,164.05,1
2024-10-04T18:45:00+00:00,164.05,164.05,164.05,164.05,5
2024-10-04T18:55:00+00:00,164.05,164.05,164.0,164.05,6
2024-10-04T19:00:00+00:00,164.0,164.0,164.0,164.0,1
2024-10-04T19:05:00+00:00,164.0,164.0,163.95,163.95,79
2024-10-04T19:10:00+00:00,164.0,164.0,164.0,164.0,47
2024-10-04T19:20:00+00:00,163.95,163.95,163.9,163.9,32
2024-10-04T19:25:00+00:00,163.9,163.9,163.7,163.85,165
2024-10-04T19:30:00+00:00,163.95,163.95,163.95,163.95,1
2024-10-04T19:35:00+00:00,163.85,163.95,163.85,163.9,7
2024-10-04T19:40:00+00:00,163.95,164.0,163.95,163.95,35
2024-10-04T19:45:00+00:00,163.9,163.95,163.85,163.9,18
2024-10-04T19:50:00+00:00,163.85,163.9,163.85,163.85,23
2024-10-04T19:55:00+00:00,163.9,163.9,163.85,163.85,42
2024-10-04T20:00:00+00:00,163.8,163.8,163.8,163.8,22
2024-10-04T20:05:00+00:00,163.8,163.8,163.6,163.6,423
2024-10-04T20:10:00+00:00,163.55,163.6,163.5,163.5,1684
2024-10-04T20:15:00+00:00,163.5,163.65,163.5,163.65,268
2024-10-04T20:20:00+00:00,163.75,163.85,163.75,163.85,3
2024-10-04T20:25:00+00:00,163.85,164.1,163.85,164.1,800
2024-10-04T20:30:00+00:00,164.05,164.05,162.85,163.05,1067
2024-10-04T20:35:00+00:00,163.15,163.25,163.15,163.25,3
2024-10-04T20:40:00+00:00,163.25,163.35,163.25,163.35,5
2024-10-04T20:45:00+00:00,163.3,163.3,163.0,163.0,429
2024-10-07T06:55:00+00:00,163.0,163.0,163.0,163.0,63
2024-10-07T07:00:00+00:00,162.95,163.0,162.3,163.0,271
2024-10-07T07:05:00+00:00,163.45,163.45,162.5,162.65,1017
2024-10-07T07:10:00+00:00,162.65,163.65,162.65,163.45,462
2024-10-07T07:15:00+00:00,163.45,163.8,163.45,163.55,63
2024-10-07T07:20:00+00:00,163.7,163.75,163.65,163.65,29
2024-10-07T07:25:00+00:00,163.65,163.7,163.6,163.6,161
2024-10-07T07:30:00+00:00,163.6,163.6,163.45,163.45,110
2024-10-07T07:35:00+00:00,163.35,163.4,162.8,162.8,339
2024-10-07T07:40:00+00:00,162.8,162.9,162.7,162.9,112
2024-10-07T07:45:00+00:00,162.9,162.9,162.7,162.7,147
2024-10-07T07:50:00+00:00,162.7,162.7,162.5,162.5,194
2024-10-07T07:55:00+00:00,162.55,162.65,162.5,162.5,930
2024-10-07T08:00:00+00:00,162.5,162.85,162.5,162.85,68
2024-10-07T08:05:00+00:00,162.9,162.95,162.7,162.7,154
2024-10-07T08:10:00+00:00,162.7,162.9,162.5,162.9,92
2024-10-07T08:15:00+00:00,162.8,163.0,162.6,162.6,103
2024-10-07T08:20:00+00:00,162.55,162.65,162.5,162.55,36
2024-10-07T08:25:00+00:00,162.65,162.75,162.5,162.75,71
2024-10-07T08:30:00+00:00,162.85,163.0,162.7,162.95,115
2024-10-07T08:35:00+00:00,163.0,163.5,162.6,163.5,808
2024-10-07T08:40:00+00:00,163.45,163.45,163.15,163.15,35
2024-10-07T08:45:00+00:00,163.1,163.3,163.1,163.3,52
2024-10-07T08:50:00+00:00,163.35,163.35,157.0,158.85,12169
2024-10-07T08:55:00+00:00,158.55,160.5,158.55,160.2,1758
2024-10-07T09:00:00+00:00,160.25,160.7,159.95,160.7,155
2024-10-07T09:05:00+00:00,160.7,160.7,159.75,160.25,360
2024-10-07T09:10:00+00:00,160.25,160.55,159.5,159.5,172
2024-10-07T09:15:00+00:00,159.7,160.5,159.65,160.4,490
2024-10-07T09:20:00+00:00,160.3,160.5,159.7,159.7,76
2024-10-07T09:25:00+00:00,159.7,159.7,159.1,159.1,456
2024-10-07T09:30:00+00:00,159.3,159.7,159.0,159.3,543
2024-10-07T09:35:00+00:00,159.3,160.8,159.3,160.8,330
2024-10-07T09:40:00+00:00,160.9,160.95,160.5,160.65,131
2024-10-07T09:45:00+00:00,160.5,160.9,160.35,160.9,194
2024-10-07T09:50:00+00:00,160.8,161.15,160.5,160.5,46
2024-10-07T09:55:00+00:00,160.6,161.0,160.5,160.6,377
2024-10-07T10:00:00+00:00,160.55,160.7,160.5,160.6,58
2024-10-07T10:05:00+00:00,160.65,160.8,160.55,160.6,51
2024-10-07T10:10:00+00:00,160.6,160.8,160.35,160.35,191
2024-10-07T10:15:00+00:00,160.45,160.5,160.35,160.35,10
2024-10-07T10:20:00+00:00,160.35,160.35,160.35,160.35,11
2024-10-07T10:25:00+00:00,160.35,160.4,160.3,160.4,54
2024-10-07T10:30:00+00:00,160.4,160.45,160.4,160.45,4
2024-10-07T10:35:00+00:00,160.45,161.45,160.45,160.8,407
2024-10-07T10:40:00+00:00,160.7,160.8,160.7,160.8,11
2024-10-07T10:45:00+00:00,160.8,160.8,160.8,160.8,1
2024-10-07T10:50:00+00:00,160.8,161.0,160.8,161.0,7
2024-10-07T10:55:00+00:00,161.1,161.25,161.0,161.0,71
2024-10-07T11:00:00+00:00,161.05,161.25,161.05,161.1,7
2024-10-07T11:05:00+00:00,161.2,161.2,161.0,161.0,9
2024-10-07T11:10:00+00:00,161.1,161.1,160.9,161.0,118
2024-10-07T11:15:00+00:00,161.1,161.25,161.1,161.2,55
2024-10-07T11:20:00+00:00,161.2,161.2,161.2,161.2,29
2024-10-07T11:25:00+00:00,161.1,161.3,161.05,161.3,213
2024-10-07T11:30:00+00:00,161.25,161.3,161.05,161.05,18
2024-10-07T11:35:00+00:00,161.1,161.1,159.8,159.9,569
2024-10-07T11:40:00+00:00,159.95,159.95,159.7,159.7,76
2024-10-07T11:45:00+00:00,159.7,160.6,159.7,160.4,594
2024-10-07T11:55:00+00:00,160.5,160.6,160.0,160.3,107
2024-10-07T12:00:00+00:00,160.3,160.4,160.1,160.1,16
2024-10-07T12:05:00+00:00,160.0,160.0,159.7,159.7,85
2024-10-07T12:10:00+00:00,159.7,159.9,159.7,159.9,8
2024-10-07T12:15:00+00:00,160.0,160.0,160.0,160.0,2
2024-10-07T12:25:00+00:00,160.1,160.1,160.0,160.0,18
2024-10-07T12:30:00+00:00,160.05,160.1,160.05,160.1,7
2024-10-07T12:35:00+00:00,160.2,160.4,160.2,160.4,57
2024-10-07T12:40:00+00:00,160.35,160.4,160.3,160.4,93
2024-10-07T12:45:00+00:00,160.4,160.7,160.4,160.65,29
2024-10-07T12:50:00+00:00,160.65,160.9,160.65,160.75,39
2024-10-07T12:55:00+00:00,160.75,160.85,160.5,160.5,76
2024-10-07T13:00:00+00:00,160.65,160.7,160.45,160.45,110
2024-10-07T13:05:00+00:00,160.6,160.7,160.55,160.7,26
2024-10-07T13:10:00+00:00,160.55,160.55,160.0,160.0,400
2024-10-07T13:20:00+00:00,160.2,160.2,160.2,160.2,2
2024-10-07T13:25:00+00:00,160.3,160.6,160.3,160.6,41
2024-10-07T13:30:00+00:00,160.6,160.6,160.1,160.3,35
2024-10-07T13:35:00+00:00,160.3,160.3,160.15,160.15,56
2024-10-07T13:40:00+00:00,160.15,160.15,160.15,160.15,20
2024-10-07T13:45:00+00:00,160.15,160.6,160.15,160.55,71
2024-10-07T13:50:00+00:00,160.6,160.7,160.6,160.7,11
2024-10-07T13:55:00+00:00,160.7,160.7,160.6,160.6,11
2024-10-07T14:00:00+00:00,160.6,160.65,160.55,160.55,3
2024-10-07T14:05:00+00:00,160.55,160.55,160.2,160.3,50
2024-10-07T14:10:00+00:00,160.4,160.4,160.3,160.3,15
2024-10-07T14:15:00+00:00,160.3,160.3,160.1,160.1,80
2024-10-07T14:20:00+00:00,160.1,160.1,160.05,160.05,31
2024-10-07T14:25:00+00:00,160.05,160.1,160.05,160.1,144
2024-10-07T14:30:00+00:00,160.05,160.1,160.05,160.05,24
2024-10-07T14:35:00+00:00,160.1,160.1,160.1,160.1,8
2024-10-07T14:40:00+00:00,160.1,160.4,160.05,160.4,138
2024-10-07T14:45:00+00:00,160.3,160.45,160.25,160.4,24
2024-10-07T14:50:00+00:00,160.4,160.6,160.4,160.6,103
2024-10-07T14:55:00+00:00,160.5,160.8,160.45,160.75,178
2024-10-07T15:00:00+00:00,160.75,160.8,160.75,160.8,21
2024-10-07T15:05:00+00:00,160.8,160.8,160.7,160.8,26
2024-10-07T15:10:00+00:00,160.85,161.3,160.8,161.0,195
2024-10-07T15:15:00+00:00,160.9,160.9,160.8,160.9,8
2024-10-07T15:20:00+00:00,160.9,161.0,160.8,161.0,3
2024-10-07T15:25:00+00:00,161.0,161.0,160.9,160.9,5
2024-10-07T15:30:00+00:00,160.9,160.9,160.9,160.9,13
2024-10-07T15:35:00+00:00,160.95,160.95,160.9,160.95,59
2024-10-07T15:45:00+00:00,161.0,161.0,161.0,161.0,170
2024-10-07T16:00:00+00:00,161.1,161.1,161.1,161.1,2
2024-10-07T16:05:00+00:00,161.1,161.4,161.1,161.4,50
2024-10-07T16:10:00+00:00,161.25,161.3,161.2,161.2,3
2024-10-07T16:15:00+00:00,161.3,161.3,161.3,161.3,4
2024-10-07T16:20:00+00:00,161.25,161.25,161.0,161.1,72
2024-10-07T16:25:00+00:00,161.1,161.25,161.1,161.2,7
2024-10-07T16:30:00+00:00,161.1,161.2,161.1,161.2,2
2024-10-07T16:35:00+00:00,161.3,161.3,161.3,161.3,7
2024-10-07T16:40:00+00:00,161.3,161.3,161.2,161.3,6
2024-10-07T16:45:00+00:00,161.2,161.2,161.2,161.2,1
2024-10-07T16:50:00+00:00,161.2,161.3,161.2,161.3,3
2024-10-07T16:55:00+00:00,161.35,161.35,161.35,161.35,1
2024-10-07T17:05:00+00:00,161.35,161.35,161.35,161.35,15
2024-10-07T17:10:00+00:00,161.35,161.35,161.35,161.35,6
2024-10-07T17:15:00+00:00,161.2,161.2,161.1,161.1,4
2024-10-07T17:20:00+00:00,161.1,161.1,161.0,161.0,5
2024-10-07T17:25:00+00:00,161.05,161.3,161.05,161.3,18
2024-10-07T17:30:00+00:00,161.35,161.35,161.35,161.35,4
2024-10-07T17:35:00+00:00,161.35,161.45,161.35,161.45,39
2024-10-07T17:40:00+00:00,161.4,161.4,161.4,161.4,1
2024-10-07T17:45:00+00:00,161.4,161.4,161.4,161.4,10
2024-10-07T17:50:00+00:00,161.4,161.4,161.3,161.3,20
2024-10-07T18:00:00+00:00,161.4,161.4,161.4,161.4,3
2024-10-07T18:05:00+00:00,161.2,161.2,161.2,161.2,1
2024-10-07T18:15:00+00:00,161.2,161.25,161.15,161.2,15
2024-10-07T18:20:00+00:00,161.25,161.25,161.1,161.1,28
2024-10-07T18:25:00+00:00,161.1,161.1,161.05,161.05,118
2024-10-07T18:45:00+00:00,161.2,161.2,161.1,161.1,3
2024-10-07T18:55:00+00:00,161.1,161.1,161.05,161.05,32
2024-10-07T19:00:00+00:00,161.1,161.1,161.1,161.1,6
2024-10-07T19:05:00+00:00,161.0,161.0,161.0,161.0,28
2024-10-07T19:10:00+00:00,161.0,161.2,161.0,161.2,3
2024-10-07T19:15:00+00:00,161.25,161.25,161.25,161.25,7
2024-10-07T19:25:00+00:00,161.2,161.2,161.2,161.2,1
2024-10-07T19:35:00+00:00,161.2,161.2,161.2,161.2,8
2024-10-07T19:40:00+00:00,161.3,161.3,161.3,161.3,1
2024-10-07T19:45:00+00:00,161.3,161.3,161.2,161.2,3
2024-10-07T19:55:00+00:00,161.2,161.2,161.2,161.2,2
2024-10-07T20:00:00+00:00,161.3,161.3,161.3,161.3,2
2024-10-07T20:10:00+00:00,161.3,161.3,161.3,161.3,1
2024-10-07T20:15:00+00:00,161.1,161.1,161.1,161.1,3
2024-10-07T20:20:00+00:00,161.1,161.25,161.1,161.1,36
2024-10-07T20:25:00+00:00,161.1,161.25,161.1,161.25,71
2024-10-07T20:35:00+00:00,161.1,161.2,161.1,161.2,12
2024-10-07T20:45:00+00:00,161.25,161.25,161.25,161.25,2
2024-10-08T07:00:00+00:00,160.95,160.95,160.05,160.85,87
2024-10-08T07:05:00+00:00,160.95,161.05,160.95,160.95,122
2024-10-08T07:10:00+00:00,160.95,160.95,160.9,160.95,15
2024-10-08T07:15:00+00:00,160.95,160.95,160.8,160.8,109
2024-10-08T07:20:00+00:00,160.8,160.8,160.0,160.2,123
2024-10-08T07:25:00+00:00,160.1,160.1,159.25,160.05,341
2024-10-08T07:30:00+00:00,159.95,160.45,159.95,160.3,414
2024-10-08T07:35:00+00:00,160.4,160.6,160.2,160.4,17
2024-10-08T07:40:00+00:00,160.4,160.6,160.05,160.3,23
2024-10-08T07:45:00+00:00,160.3,160.4,160.25,160.25,129
2024-10-08T07:50:00+00:00,160.4,160.4,160.4,160.4,20
2024-10-08T07:55:00+00:00,160.4,160.6,160.4,160.5,20
2024-10-08T08:00:00+00:00,160.6,160.6,160.6,160.6,6
2024-10-08T08:05:00+00:00,160.55,160.55,160.4,160.4,4
2024-10-08T08:10:00+00:00,160.4,160.4,160.4,160.4,2
2024-10-08T08:15:00+00:00,160.3,160.3,160.2,160.2,17
2024-10-08T08:20:00+00:00,160.4,160.6,160.3,160.3,214
2024-10-08T08:25:00+00:00,160.25,160.25,159.25,160.0,547
2024-10-08T08:30:00+00:00,160.0,160.0,160.0,160.0,22
2024-10-08T08:35:00+00:00,160.05,160.1,160.05,160.1,7
2024-10-08T08:40:00+00:00,160.05,160.2,160.05,160.05,61
2024-10-08T08:45:00+00:00,160.2,160.2,160.2,160.2,1
2024-10-08T08:50:00+00:00,160.2,160.4,160.2,160.4,7
2024-10-08T08:55:00+00:00,160.4,160.4,160.4,160.4,2
2024-10-08T09:00:00+00:00,160.3,160.3,160.1,160.1,13
2024-10-08T09:05:00+00:00,160.3,160.3,160.2,160.2,9
2024-10-08T09:10:00+00:00,160.1,160.2,160.05,160.2,108
2024-10-08T09:15:00+00:00,160.2,160.3,160.05,160.05,64
2024-10-08T09:20:00+00:00,160.05,160.05,160.05,160.05,7
2024-10-08T09:25:00+00:00,160.0,160.4,160.0,160.35,188
2024-10-08T09:30:00+00:00,160.4,160.4,160.2,160.2,6
2024-10-08T09:40:00+00:00,160.2,160.2,160.1,160.1,11
2024-10-08T09:45:00+00:00,160.2,160.2,160.2,160.2,3
2024-10-08T09:55:00+00:00,160.2,160.2,160.05,160.15,33
2024-10-08T10:00:00+00:00,160.05,160.05,159.9,159.9,426
2024-10-08T10:05:00+00:00,160.0,160.0,160.0,160.0,2
2024-10-08T10:10:00+00:00,160.1,160.2,160.1,160.2,50
2024-10-08T10:15:00+00:00,160.3,160.4,160.3,160.4,218
2024-10-08T10:20:00+00:00,160.4,160.4,160.4,160.4,6
2024-10-08T10:25:00+00:00,160.45,160.45,160.45,160.45,81
2024-10-08T10:30:00+00:00,160.4,160.4,160.3,160.3,5
2024-10-08T10:35:00+00:00,160.2,160.2,160.2,160.2,7
2024-10-08T10:40:00+00:00,160.3,160.3,160.15,160.15,27
2024-10-08T10:45:00+00:00,160.2,160.4,160.2,160.3,30
2024-10-08T10:50:00+00:00,160.3,160.4,160.25,160.4,11
2024-10-08T10:55:00+00:00,160.4,160.4,160.25,160.25,6
2024-10-08T11:00:00+00:00,160.4,160.4,160.25,160.4,9
2024-10-08T11:05:00+00:00,160.4,160.4,160.2,160.4,23
2024-10-08T11:10:00+00:00,160.2,160.4,160.2,160.4,16
2024-10-08T11:15:00+00:00,160.2,160.3,160.2,160.3,3
2024-10-08T11:20:00+00:00,160.35,160.4,160.15,160.15,151
2024-10-08T11:25:00+00:00,160.1,160.1,160.1,160.1,22
2024-10-08T11:30:00+00:00,160.1,160.1,160.1,160.1,20
2024-10-08T11:35:00+00:00,160.05,160.05,160.0,160.05,61
2024-10-08T11:40:00+00:00,160.05,160.05,160.0,160.05,25
2024-10-08T11:45:00+00:00,160.05,160.1,160.05,160.05,52
2024-10-08T12:00:00+00:00,160.05,160.1,160.05,160.1,10
2024-10-08T12:05:00+00:00,160.1,160.1,160.1,160.1,47
2024-10-08T12:10:00+00:00,160.1,160.15,160.1,160.15,2
2024-10-08T12:15:00+00:00,160.2,160.4,160.2,160.4,134
2024-10-08T12:20:00+00:00,160.4,160.4,160.35,160.4,14
2024-10-08T12:25:00+00:00,160.4,160.45,160.4,160.4,8
2024-10-08T12:30:00+00:00,160.4,160.45,160.4,160.45,6
2024-10-08T12:35:00+00:00,160.45,160.5,160.45,160.5,313
2024-10-08T12:40:00+00:00,160.55,160.55,160.55,160.55,25
2024-10-08T12:45:00+00:00,160.55,160.55,160.55,160.55,6
2024-10-08T12:50:00+00:00,160.5,160.5,160.5,160.5,16
2024-10-08T12:55:00+00:00,160.55,160.55,160.5,160.55,62
2024-10-08T13:00:00+00:00,160.5,160.5,160.5,160.5,12
2024-10-08T13:05:00+00:00,160.55,160.55,160.55,160.55,1
2024-10-08T13:15:00+00:00,160.55,160.65,160.55,160.65,318
2024-10-08T13:20:00+00:00,160.65,160.65,160.6,160.6,12
2024-10-08T13:25:00+00:00,160.6,160.6,160.6,160.6,68
2024-10-08T13:30:00+00:00,160.7,160.8,160.7,160.8,30
2024-10-08T13:35:00+00:00,160.8,160.8,160.8,160.8,1
2024-10-08T13:40:00+00:00,160.65,161.0,160.65,161.0,84
2024-10-08T13:50:00+00:00,160.95,161.0,160.95,161.0,5
2024-10-08T13:55:00+00:00,160.9,161.05,160.9,161.05,12
2024-10-08T14:10:00+00:00,161.0,161.0,161.0,161.0,21
2024-10-08T14:15:00+00:00,161.05,161.05,160.6,160.7,95
2024-10-08T14:20:00+00:00,160.8,160.8,160.5,160.5,48
2024-10-08T14:25:00+00:00,160.4,160.4,160.3,160.3,30
2024-10-08T14:30:00+00:00,160.5,160.6,160.3,160.3,13
2024-10-08T14:35:00+00:00,160.4,160.4,160.4,160.4,2
2024-10-08T14:40:00+00:00,160.4,160.4,160.4,160.4,15
2024-10-08T14:45:00+00:00,160.4,160.4,160.35,160.35,15
2024-10-08T14:50:00+00:00,160.3,160.6,160.2,160.6,80
2024-10-08T14:55:00+00:00,160.6,160.85,160.6,160.85,24
2024-10-08T15:00:00+00:00,160.8,160.8,160.7,160.7,3
2024-10-08T15:05:00+00:00,160.7,160.8,160.6,160.6,3
2024-10-08T15:15:00+00:00,160.6,160.6,160.55,160.55,2
2024-10-08T15:20:00+00:00,160.7,160.8,160.7,160.8,3
2024-10-08T15:25:00+00:00,160.7,160.7,160.7,160.7,2
2024-10-08T15:30:00+00:00,160.6,160.8,160.6,160.8,7
2024-10-08T15:35:00+00:00,160.85,160.85,160.85,160.85,2
2024-10-08T16:00:00+00:00,160.8,160.8,160.8,160.8,5
2024-10-08T16:10:00+00:00,160.7,160.75,160.2,160.45,310
2024-10-08T16:15:00+00:00,160.3,160.3,160.3,160.3,4
2024-10-08T16:20:00+00:00,160.3,160.3,160.3,160.3,10
2024-10-08T16:25:00+00:00,160.3,160.3,160.2,160.2,78
2024-10-08T16:40:00+00:00,160.25,160.3,160.2,160.2,8
2024-10-08T16:45:00+00:00,160.2,160.2,160.2,160.2,1
2024-10-08T16:50:00+00:00,160.3,160.45,160.3,160.3,6
2024-10-08T17:00:00+00:00,160.3,161.0,160.2,160.7,405
2024-10-08T17:05:00+00:00,160.6,160.6,160.6,160.6,2
2024-10-08T17:20:00+00:00,160.55,160.55,160.55,160.55,1
2024-10-08T17:25:00+00:00,160.7,160.75,160.6,160.6,64
2024-10-08T17:30:00+00:00,160.7,160.7,160.7,160.7,1
2024-10-08T17:35:00+00:00,160.7,160.9,160.7,160.9,13
2024-10-08T17:50:00+00:00,160.9,161.0,160.9,161.0,9
2024-10-08T18:00:00+00:00,160.8,160.8,160.8,160.8,1
2024-10-08T18:10:00+00:00,160.8,160.8,160.8,160.8,1
2024-10-08T18:15:00+00:00,160.8,160.8,160.5,160.5,7
2024-10-08T18:20:00+00:00,160.5,160.5,160.25,160.25,52
2024-10-08T18:25:00+00:00,160.4,160.4,160.4,160.4,2
2024-10-08T18:35:00+00:00,160.3,160.3,160.3,160.3,5
2024-10-08T19:00:00+00:00,160.5,160.6,160.5,160.6,3
2024-10-08T19:05:00+00:00,160.6,160.6,160.6,160.6,2
2024-10-08T19:10:00+00:00,160.65,160.7,160.65,160.7,2
2024-10-08T19:15:00+00:00,160.65,160.65,160.65,160.65,2
2024-10-08T19:20:00+00:00,160.7,160.7,160.7,160.7,1
2024-10-08T19:35:00+00:00,160.65,160.65,160.65,160.65,4
2024-10-08T19:40:00+00:00,160.65,160.65,160.65,160.65,2
2024-10-08T19:55:00+00:00,160.8,160.8,160.8,160.8,5
2024-10-08T20:00:00+00:00,160.8,160.8,160.8,160.8,5
2024-10-08T20:05:00+00:00,160.7,160.7,160.1,160.2,334
2024-10-08T20:25:00+00:00,160.25,160.25,160.2,160.2,4
2024-10-09T07:00:00+00:00,160.0,160.05,159.55,160.05,118
2024-10-09T07:05:00+00:00,160.7,160.7,160.3,160.45,40
2024-10-09T07:10:00+00:00,160.45,160.45,160.4,160.4,7
2024-10-09T07:15:00+00:00,160.4,160.45,160.4,160.4,14
2024-10-09T07:20:00+00:00,160.45,160.45,160.45,160.45,16
2024-10-09T07:25:00+00:00,160.45,160.45,160.45,160.45,16
2024-10-09T07:30:00+00:00,160.5,160.6,160.5,160.6,9
2024-10-09T07:35:00+00:00,160.6,160.6,160.5,160.6,11
2024-10-09T07:40:00+00:00,160.6,160.6,160.0,160.0,117
2024-10-09T07:45:00+00:00,160.0,160.0,159.8,159.95,51
2024-10-09T07:50:00+00:00,159.95,160.4,159.95,160.4,90
2024-10-09T07:55:00+00:00,160.3,160.3,160.3,160.3,1
2024-10-09T08:00:00+00:00,160.3,160.3,160.3,160.3,25
2024-10-09T08:05:00+00:00,160.3,160.35,160.3,160.35,18
2024-10-09T08:10:00+00:00,160.35,160.35,160.35,160.35,13
2024-10-09T08:15:00+00:00,160.35,160.35,160.35,160.35,15
2024-10-09T08:20:00+00:00,160.4,160.4,160.4,160.4,9
2024-10-09T08:25:00+00:00,160.4,160.4,160.4,160.4,2
2024-10-09T08:30:00+00:00,160.4,160.5,160.4,160.5,11
2024-10-09T08:35:00+00:00,160.55,160.55,160.55,160.55,3
2024-10-09T08:40:00+00:00,160.5,160.5,160.5,160.5,3
2024-10-09T08:50:00+00:00,160.5,160.5,160.4,160.4,5
2024-10-09T08:55:00+00:00,160.5,160.5,160.45,160.45,4
2024-10-09T09:00:00+00:00,160.45,160.5,160.45,160.5,9
2024-10-09T09:10:00+00:00,160.5,160.5,160.45,160.45,26
2024-10-09T09:15:00+00:00,160.5,160.5,160.4,160.4,38
2024-10-09T09:20:00+00:00,160.35,160.35,160.3,160.3,6
2024-10-09T09:25:00+00:00,160.2,160.2,160.05,160.05,11
2024-10-09T09:30:00+00:00,160.2,160.3,160.1,160.3,20
2024-10-09T09:35:00+00:00,160.3,160.3,160.1,160.2,18
2024-10-09T09:40:00+00:00,160.1,160.45,160.1,160.3,29
2024-10-09T09:45:00+00:00,160.4,160.4,160.3,160.3,3
2024-10-09T09:55:00+00:00,160.3,160.3,160.2,160.2,2
2024-10-09T10:05:00+00:00,160.3,160.3,160.2,160.2,4
2024-10-09T10:10:00+00:00,160.2,160.2,160.2,160.2,9
2024-10-09T10:15:00+00:00,160.2,160.2,160.2,160.2,26
2024-10-09T10:20:00+00:00,160.2,160.2,160.2,160.2,5
2024-10-09T10:25:00+00:00,160.2,160.2,160.2,160.2,10
2024-10-09T10:30:00+00:00,160.2,160.45,160.1,160.45,127
2024-10-09T10:40:00+00:00,160.45,160.45,160.45,160.45,1
2024-10-09T10:45:00+00:00,160.3,160.4,160.3,160.4,27
2024-10-09T11:00:00+00:00,160.3,160.3,160.25,160.25,34
2024-10-09T11:10:00+00:00,160.25,160.25,160.25,160.25,1
2024-10-09T11:15:00+00:00,160.25,160.25,160.25,160.25,1
2024-10-09T11:20:00+00:00,160.4,160.4,160.3,160.3,8
2024-10-09T11:25:00+00:00,160.4,160.4,160.4,160.4,4
2024-10-09T11:30:00+00:00,160.4,160.4,160.4,160.4,13
2024-10-09T11:35:00+00:00,160.4,160.4,160.4,160.4,1
2024-10-09T11:40:00+00:00,160.45,160.45,160.45,160.45,10
2024-10-09T11:45:00+00:00,160.45,160.5,160.4,160.4,17
2024-10-09T11:50:00+00:00,160.4,160.4,160.25,160.25,82
2024-10-09T11:55:00+00:00,160.4,160.4,160.25,160.4,6
2024-10-09T12:00:00+00:00,160.25,160.25,160.1,160.1,119
2024-10-09T12:05:00+00:00,160.1,160.1,160.0,160.0,70
2024-10-09T12:10:00+00:00,160.0,160.0,160.0,160.0,45
2024-10-09T12:15:00+00:00,160.1,160.1,160.1,160.1,1
2024-10-09T12:25:00+00:00,160.0,160.4,160.0,160.4,56
2024-10-09T12:35:00+00:00,160.4,160.5,160.4,160.5,16
2024-10-09T12:40:00+00:00,160.4,160.4,160.1,160.1,15
2024-10-09T12:45:00+00:00,160.1,160.2,160.1,160.2,3
2024-10-09T12:50:00+00:00,160.3,160.3,160.1,160.1,6
2024-10-09T12:55:00+00:00,160.1,160.1,160.1,160.1,5
2024-10-09T13:00:00+00:00,160.05,160.05,160.05,160.05,1
2024-10-09T13:05:00+00:00,160.1,160.4,160.1,160.4,307
2024-10-09T13:20:00+00:00,160.5,160.55,160.5,160.5,51
2024-10-09T13:25:00+00:00,160.4,160.6,160.3,160.6,104
2024-10-09T13:35:00+00:00,160.4,160.5,160.4,160.5,7
2024-10-09T13:40:00+00:00,160.4,160.4,159.7,160.3,392
2024-10-09T13:45:00+00:00,160.25,160.25,160.25,160.25,4
2024-10-09T13:50:00+00:00,160.2,160.2,160.2,160.2,2
2024-10-09T13:55:00+00:00,160.1,160.1,159.95,159.95,5
2024-10-09T14:00:00+00:00,159.95,160.0,159.85,159.85,18
2024-10-09T14:05:00+00:00,160.0,160.0,159.9,160.0,11
2024-10-09T14:10:00+00:00,159.9,159.9,159.85,159.85,7
2024-10-09T14:15:00+00:00,160.0,160.0,160.0,160.0,4
2024-10-09T14:20:00+00:00,159.95,160.0,159.95,159.95,11
2024-10-09T14:25:00+00:00,159.95,160.0,159.95,160.0,5
2024-10-09T14:30:00+00:00,159.9,159.9,159.9,159.9,8
2024-10-09T14:35:00+00:00,160.0,160.0,159.85,159.85,6
2024-10-09T14:45:00+00:00,159.9,159.9,159.9,159.9,1
2024-10-09T14:50:00+00:00,159.95,159.95,159.95,159.95,36
2024-10-09T14:55:00+00:00,159.95,159.95,159.9,159.9,32
2024-10-09T15:00:00+00:00,160.0,160.0,159.9,159.9,4
2024-10-09T15:05:00+00:00,159.9,160.0,159.9,160.0,3
2024-10-09T15:15:00+00:00,160.1,160.1,160.1,160.1,2
2024-10-09T15:20:00+00:00,160.1,160.1,160.1,160.1,2
2024-10-09T15:25:00+00:00,160.1,160.1,160.1,160.1,8
2024-10-09T15:30:00+00:00,160.2,160.25,160.2,160.25,5
2024-10-09T15:35:00+00:00,160.25,160.35,160.25,160.35,40
2024-10-09T15:45:00+00:00,159.85,159.85,159.85,159.85,585
2024-10-09T16:05:00+00:00,159.85,159.9,159.8,159.9,33
2024-10-09T16:10:00+00:00,159.9,159.9,159.9,159.9,2
2024-10-09T16:20:00+00:00,159.9,160.0,159.9,160.0,4
2024-10-09T16:25:00+00:00,160.1,160.1,159.85,159.85,12
2024-10-09T16:30:00+00:00,159.9,159.9,159.9,159.9,5
2024-10-09T16:35:00+00:00,159.9,160.0,159.9,160.0,31
2024-10-09T16:40:00+00:00,159.9,159.9,159.8,159.8,140
2024-10-09T16:45:00+00:00,159.8,159.9,159.8,159.9,3
2024-10-09T17:00:00+00:00,159.95,159.95,159.95,159.95,1
2024-10-09T17:05:00+00:00,160.0,160.0,160.0,160.0,1
2024-10-09T17:10:00+00:00,159.85,159.85,159.85,159.85,2
2024-10-09T17:15:00+00:00,160.0,160.3,160.0,160.3,19
2024-10-09T17:25:00+00:00,160.15,160.25,160.15,160.25,77
2024-10-09T17:35:00+00:00,160.3,160.4,160.05,160.05,18
2024-10-09T17:40:00+00:00,160.35,160.35,160.35,160.35,1
2024-10-09T17:45:00+00:00,160.4,160.4,160.4,160.4,3
2024-10-09T18:00:00+00:00,160.4,160.4,160.4,160.4,3
2024-10-09T18:10:00+00:00,160.05,160.05,160.05,160.05,7
2024-10-09T18:25:00+00:00,160.1,160.1,160.1,160.1,1
2024-10-09T18:40:00+00:00,160.3,160.3,160.3,160.3,2
2024-10-09T18:45:00+00:00,160.3,160.3,160.3,160.3,11
2024-10-09T18:50:00+00:00,160.3,160.3,160.1,160.1,8
2024-10-09T19:05:00+00:00,160.2,160.3,160.2,160.3,120
2024-10-09T19:10:00+00:00,160.25,160.25,160.1,160.1,6
2024-10-09T19:15:00+00:00,160.1,160.1,160.1,160.1,2
2024-10-09T19:20:00+00:00,160.1,160.25,160.1,160.25,17
2024-10-09T19:30:00+00:00,160.1,160.1,160.1,160.1,3
2024-10-09T19:40:00+00:00,160.1,160.2,160.1,160.1,46
2024-10-09T20:00:00+00:00,160.2,160.2,160.2,160.2,1
2024-10-09T20:30:00+00:00,160.1,160.1,160.1,160.1,1
2024-10-09T20:40:00+00:00,160.1,160.1,160.05,160.05,28
2024-10-09T20:45:00+00:00,160.2,160.2,160.2,160.2,4
2024-10-10T07:00:00+00:00,159.85,160.1,159.85,160.1,6
2024-10-10T07:05:00+00:00,160.0,160.2,159.75,159.85,46
2024-10-10T07:10:00+00:00,159.8,159.9,159.8,159.8,12
2024-10-10T07:15:00+00:00,159.8,159.85,159.8,159.8,17
2024-10-10T07:20:00+00:00,159.8,159.8,159.35,159.65,95
2024-10-10T07:25:00+00:00,159.6,159.65,159.6,159.65,10
2024-10-10T07:30:00+00:00,159.65,159.7,159.65,159.7,13
2024-10-10T07:35:00+00:00,159.7,159.7,159.6,159.6,35
2024-10-10T07:40:00+00:00,159.6,159.6,159.35,159.35,150
2024-10-10T07:45:00+00:00,159.35,159.35,159.3,159.35,14
2024-10-10T07:50:00+00:00,159.3,159.3,159.2,159.2,71
2024-10-10T07:55:00+00:00,159.2,159.5,159.2,159.5,153
2024-10-10T08:00:00+00:00,159.6,159.8,159.6,159.75,86
2024-10-10T08:10:00+00:00,159.6,159.6,159.5,159.5,74
2024-10-10T08:15:00+00:00,159.55,159.65,159.5,159.5,46
2024-10-10T08:20:00+00:00,159.55,159.55,159.55,159.55,26
2024-10-10T08:25:00+00:00,159.7,159.7,159.55,159.7,51
2024-10-10T08:30:00+00:00,159.75,159.8,159.75,159.75,66
2024-10-10T08:35:00+00:00,159.75,160.2,159.75,160.2,299
2024-10-10T08:40:00+00:00,160.2,160.35,160.2,160.35,33
2024-10-10T08:45:00+00:00,160.2,160.2,160.15,160.15,5
2024-10-10T08:50:00+00:00,160.3,160.3,160.3,160.3,1
2024-10-10T08:55:00+00:00,160.3,160.3,160.3,160.3,22
2024-10-10T09:00:00+00:00,160.35,160.35,160.35,160.35,4
2024-10-10T09:05:00+00:00,160.2,160.2,160.15,160.15,37
2024-10-10T09:10:00+00:00,160.15,160.3,160.15,160.3,19
2024-10-10T09:15:00+00:00,160.2,160.3,160.15,160.15,55
2024-10-10T09:20:00+00:00,160.3,160.3,160.1,160.1,30
2024-10-10T09:25:00+00:00,160.1,160.1,160.1,160.1,6
2024-10-10T09:40:00+00:00,160.2,160.2,160.2,160.2,1
2024-10-10T09:45:00+00:00,160.1,160.1,160.1,160.1,1
2024-10-10T09:50:00+00:00,160.1,160.1,160.1,160.1,1
2024-10-10T09:55:00+00:00,160.1,160.1,160.1,160.1,1
2024-10-10T10:05:00+00:00,160.1,160.1,160.1,160.1,4
2024-10-10T10:10:00+00:00,160.1,160.1,160.1,160.1,37
2024-10-10T10:15:00+00:00,160.05,160.1,160.05,160.1,29
2024-10-10T10:20:00+00:00,160.1,160.1,160.1,160.1,5
2024-10-10T10:25:00+00:00,160.15,160.15,160.15,160.15,17
2024-10-10T10:30:00+00:00,160.2,160.2,160.2,160.2,18
2024-10-10T10:40:00+00:00,160.1,160.2,160.1,160.2,4
2024-10-10T10:55:00+00:00,160.1,160.2,160.1,160.2,17
2024-10-10T11:00:00+00:00,160.1,160.1,160.1,160.1,1
2024-10-10T11:10:00+00:00,160.2,160.2,160.1,160.1,13
2024-10-10T11:15:00+00:00,160.1,160.1,160.1,160.1,2
2024-10-10T11:20:00+00:00,160.1,160.1,160.1,160.1,1
2024-10-10T11:25:00+00:00,160.1,160.1,160.1,160.1,10
2024-10-10T11:30:00+00:00,160.05,160.2,160.05,160.2,465
2024-10-10T11:35:00+00:00,160.2,160.2,160.2,160.2,14
2024-10-10T11:40:00+00:00,160.1,160.2,160.1,160.2,7
2024-10-10T11:45:00+00:00,160.1,160.1,160.0,160.0,1103
2024-10-10T11:50:00+00:00,160.1,160.2,160.1,160.1,6
2024-10-10T12:00:00+00:00,160.05,160.1,160.05,160.1,21
2024-10-10T12:05:00+00:00,160.05,160.05,160.05,160.05,1
2024-10-10T12:10:00+00:00,160.2,160.2,160.05,160.05,15
2024-10-10T12:15:00+00:00,160.2,160.45,160.1,160.1,323
2024-10-10T12:20:00+00:00,160.1,160.1,160.0,160.1,133
2024-10-10T12:35:00+00:00,160.15,160.2,160.0,160.1,170
2024-10-10T12:40:00+00:00,160.2,160.2,160.1,160.1,3
2024-10-10T12:45:00+00:00,160.1,160.1,160.0,160.0,2
2024-10-10T12:55:00+00:00,160.0,160.0,160.0,160.0,4
2024-10-10T13:00:00+00:00,160.2,160.5,160.2,160.2,27
2024-10-10T13:05:00+00:00,160.2,160.2,160.2,160.2,1
2024-10-10T13:15:00+00:00,160.2,160.2,160.05,160.05,9
2024-10-10T13:20:00+00:00,160.2,160.2,160.2,160.2,1
2024-10-10T13:25:00+00:00,160.1,160.1,160.05,160.05,5
2024-10-10T13:40:00+00:00,160.05,160.1,160.0,160.1,5
2024-10-10T13:50:00+00:00,160.05,160.3,160.0,160.0,51
2024-10-10T13:55:00+00:00,160.0,160.0,160.0,160.0,38
2024-10-10T14:05:00+00:00,160.2,160.2,160.2,160.2,1
2024-10-10T14:10:00+00:00,160.2,160.3,160.1,160.3,7
2024-10-10T14:20:00+00:00,160.3,160.3,160.3,160.3,1
2024-10-10T14:30:00+00:00,160.3,160.45,160.3,160.45,10
2024-10-10T14:35:00+00:00,160.5,160.5,160.2,160.2,12
2024-10-10T14:45:00+00:00,160.15,160.15,160.15,160.15,4
2024-10-10T14:50:00+00:00,160.3,160.45,160.1,160.1,18
2024-10-10T14:55:00+00:00,160.3,160.3,160.3,160.3,2
2024-10-10T15:00:00+00:00,160.4,160.4,160.2,160.2,28
2024-10-10T15:15:00+00:00,160.3,160.3,160.3,160.3,1
2024-10-10T15:20:00+00:00,160.2,160.2,160.15,160.15,2
2024-10-10T15:25:00+00:00,160.15,160.15,160.15,160.15,5
2024-10-10T15:30:00+00:00,160.3,160.3,160.15,160.15,15
2024-10-10T15:45:00+00:00,160.15,160.15,160.15,160.15,6
2024-10-10T16:10:00+00:00,160.3,160.3,160.3,160.3,3
2024-10-10T16:15:00+00:00,160.3,160.3,160.3,160.3,1
2024-10-10T16:20:00+00:00,160.3,160.4,160.3,160.4,300
2024-10-10T16:30:00+00:00,160.35,160.35,160.35,160.35,3
2024-10-10T16:35:00+00:00,160.2,160.2,160.2,160.2,1
2024-10-10T16:50:00+00:00,160.3,160.3,160.3,160.3,1
2024-10-10T16:55:00+00:00,160.3,160.3,160.2,160.2,4
2024-10-10T17:00:00+00:00,160.2,160.2,160.2,160.2,1
2024-10-10T17:20:00+00:00,160.25,160.4,160.25,160.4,992
2024-10-10T17:25:00+00:00,160.4,160.45,160.4,160.45,2
2024-10-10T17:30:00+00:00,160.45,160.45,160.45,160.45,3
2024-10-10T17:35:00+00:00,160.45,160.45,160.45,160.45,1
2024-10-10T17:45:00+00:00,160.4,160.4,160.4,160.4,11
2024-10-10T17:55:00+00:00,160.4,160.4,160.2,160.2,5
2024-10-10T18:00:00+00:00,160.2,160.2,160.2,160.2,4
2024-10-10T18:05:00+00:00,160.15,160.4,160.15,160.2,5
2024-10-10T18:30:00+00:00,160.3,160.3,160.3,160.3,1
2024-10-10T18:35:00+00:00,160.3,160.3,160.15,160.15,8
2024-10-10T18:45:00+00:00,160.2,160.2,160.1,160.1,67
2024-10-10T19:05:00+00:00,160.2,160.2,160.2,160.2,2
2024-10-10T19:10:00+00:00,160.3,160.3,160.3,160.3,1
2024-10-10T19:25:00+00:00,160.2,160.2,160.2,160.2,4
2024-10-10T19:30:00+00:00,160.25,160.25,160.25,160.25,3
2024-10-10T19:35:00+00:00,160.25,160.25,160.25,160.25,3
2024-10-10T19:55:00+00:00,160.15,160.3,160.15,160.3,2
2024-10-10T20:00:00+00:00,160.3,160.4,160.3,160.4,3
2024-10-10T20:35:00+00:00,160.25,160.25,160.25,160.25,3
2024-10-10T20:40:00+00:00,160.2,160.2,160.2,160.2,2
2024-10-11T06:55:00+00:00,160.05,160.05,160.05,160.05,2
2024-10-11T07:00:00+00:00,160.3,160.3,160.3,160.3,1
2024-10-11T07:05:00+00:00,160.5,160.7,160.4,160.4,56
2024-10-11T07:10:00+00:00,160.5,160.95,160.5,160.8,92
2024-10-11T07:15:00+00:00,160.8,160.8,160.55,160.55,10
2024-10-11T07:20:00+00:00,160.5,160.6,160.4,160.6,329
2024-10-11T07:25:00+00:00,160.55,160.55,160.55,160.55,300
2024-10-11T07:30:00+00:00,160.5,160.5,160.5,160.5,1
2024-10-11T07:35:00+00:00,160.5,160.6,160.5,160.6,5
2024-10-11T07:40:00+00:00,160.5,160.5,160.15,160.2,159
2024-10-11T07:45:00+00:00,160.2,160.2,160.1,160.1,9
2024-10-11T07:50:00+00:00,160.05,160.05,160.0,160.0,222
2024-10-11T07:55:00+00:00,160.05,160.1,160.05,160.1,4
2024-10-11T08:00:00+00:00,160.2,160.2,160.2,160.2,2
2024-10-11T08:05:00+00:00,160.2,160.2,160.0,160.0,70
2024-10-11T08:10:00+00:00,160.2,160.2,160.2,160.2,1
2024-10-11T08:15:00+00:00,160.05,160.05,160.05,160.05,1
2024-10-11T08:20:00+00:00,160.05,160.15,160.05,160.05,7
2024-10-11T08:25:00+00:00,160.05,160.05,160.05,160.05,5
2024-10-11T08:30:00+00:00,160.15,160.15,160.15,160.15,5
2024-10-11T08:45:00+00:00,160.15,160.15,160.15,160.15,5
2024-10-11T08:50:00+00:00,160.1,160.1,160.05,160.05,10
2024-10-11T08:55:00+00:00,160.15,160.15,160.15,160.15,27
2024-10-11T09:05:00+00:00,160.1,160.1,160.1,160.1,1
2024-10-11T09:10:00+00:00,160.1,160.1,160.05,160.05,2
2024-10-11T09:20:00+00:00,160.1,160.1,160.0,160.0,103
2024-10-11T09:25:00+00:00,160.1,160.1,160.1,160.1,1
2024-10-11T09:30:00+00:00,160.1,160.1,160.0,160.0,84
2024-10-11T09:35:00+00:00,160.0,160.0,160.0,160.0,1
2024-10-11T09:40:00+00:00,160.0,160.0,159.75,159.75,139
2024-10-11T09:50:00+00:00,159.75,159.9,159.75,159.85,8
2024-10-11T09:55:00+00:00,159.85,159.85,159.75,159.75,26
2024-10-11T10:00:00+00:00,159.75,159.75,159.1,159.3,228
2024-10-11T10:05:00+00:00,159.3,159.3,159.3,159.3,18
2024-10-11T10:10:00+00:00,159.4,159.4,159.4,159.4,4
2024-10-11T10:15:00+00:00,159.5,159.5,159.4,159.4,6
2024-10-11T10:20:00+00:00,159.4,159.4,159.4,159.4,20
2024-10-11T10:25:00+00:00,159.3,159.4,159.3,159.35,15
2024-10-11T10:30:00+00:00,159.35,159.6,159.35,159.6,18
2024-10-11T10:35:00+00:00,159.6,159.75,159.55,159.75,19
2024-10-11T10:40:00+00:00,159.6,159.6,159.5,159.5,34
2024-10-11T10:45:00+00:00,159.6,159.6,159.0,159.4,653
2024-10-11T10:50:00+00:00,159.5,159.5,159.5,159.5,2
2024-10-11T11:10:00+00:00,159.4,159.5,159.4,159.5,7
2024-10-11T11:15:00+00:00,159.5,159.5,159.5,159.5,1
2024-10-11T11:25:00+00:00,159.5,159.5,159.5,159.5,3
2024-10-11T11:30:00+00:00,159.5,159.6,159.5,159.6,4
2024-10-11T11:35:00+00:00,159.6,159.6,159.6,159.6,1
2024-10-11T11:45:00+00:00,159.7,159.7,159.7,159.7,1
2024-10-11T11:50:00+00:00,159.7,159.75,159.7,159.75,6
2024-10-11T11:55:00+00:00,159.75,159.75,159.75,159.75,1
2024-10-11T12:00:00+00:00,159.75,159.75,159.75,159.75,1
2024-10-11T12:05:00+00:00,159.75,159.75,159.75,159.75,2
2024-10-11T12:10:00+00:00,159.8,159.8,159.8,159.8,1
2024-10-11T12:15:00+00:00,159.75,159.75,159.75,159.75,2
2024-10-11T12:20:00+00:00,159.8,160.1,159.8,160.1,257
2024-10-11T12:25:00+00:00,160.1,160.3,160.1,160.3,42
2024-10-11T12:35:00+00:00,160.2,160.2,160.2,160.2,2
2024-10-11T12:40:00+00:00,160.1,160.15,160.05,160.15,4
2024-10-11T12:45:00+00:00,160.2,160.5,160.2,160.35,22
2024-10-11T12:50:00+00:00,160.4,160.45,160.4,160.45,4
2024-10-11T12:55:00+00:00,160.3,160.3,160.0,160.0,56
2024-10-11T13:00:00+00:00,160.1,160.1,160.1,160.1,2
2024-10-11T13:05:00+00:00,160.2,160.2,160.2,160.2,2
2024-10-11T13:10:00+00:00,160.1,160.1,160.1,160.1,1
2024-10-11T13:15:00+00:00,160.1,160.1,160.1,160.1,1
2024-10-11T13:20:00+00:00,160.1,160.1,159.85,159.85,7
2024-10-11T13:25:00+00:00,159.85,159.85,159.85,159.85,8
2024-10-11T13:35:00+00:00,160.0,160.1,160.0,160.1,4
2024-10-11T13:40:00+00:00,160.1,160.15,160.1,160.15,7
2024-10-11T13:50:00+00:00,160.15,160.15,159.9,160.0,25
2024-10-11T14:00:00+00:00,160.0,160.1,159.95,160.1,17
2024-10-11T14:05:00+00:00,160.2,160.25,160.2,160.25,7
2024-10-11T14:15:00+00:00,160.2,160.25,160.2,160.25,2
2024-10-11T14:20:00+00:00,160.1,160.1,160.1,160.1,1
2024-10-11T14:35:00+00:00,160.1,160.2,160.1,160.2,3
2024-10-11T14:45:00+00:00,160.1,160.1,160.1,160.1,2
2024-10-11T14:50:00+00:00,160.25,160.3,160.2,160.3,10
2024-10-11T14:55:00+00:00,160.3,160.3,160.3,160.3,1
2024-10-11T15:00:00+00:00,160.3,160.35,160.3,160.3,20
2024-10-11T15:05:00+00:00,160.35,160.35,160.35,160.35,2
2024-10-11T15:10:00+00:00,160.35,160.35,160.35,160.35,2
2024-10-11T15:15:00+00:00,160.3,160.3,160.3,160.3,4
2024-10-11T15:20:00+00:00,160.3,160.4,160.3,160.4,24
2024-10-11T15:25:00+00:00,160.4,160.4,160.35,160.4,63
2024-10-11T15:30:00+00:00,160.4,160.4,159.9,160.0,63
2024-10-11T15:35:00+00:00,159.9,159.9,159.8,159.8,6
2024-10-11T15:45:00+00:00,159.9,159.9,159.9,159.9,2
2024-10-11T16:00:00+00:00,160.0,160.0,160.0,160.0,2
2024-10-11T16:05:00+00:00,160.1,160.1,160.1,160.1,2
2024-10-11T16:10:00+00:00,160.1,160.1,160.0,160.1,10
2024-10-11T16:15:00+00:00,160.1,160.2,160.1,160.2,6
2024-10-11T16:20:00+00:00,160.1,160.1,160.1,160.1,1
2024-10-11T16:25:00+00:00,160.2,160.4,160.2,160.4,5
2024-10-11T16:30:00+00:00,160.35,160.35,160.35,160.35,1
2024-10-11T16:40:00+00:00,160.5,160.5,160.5,160.5,3
2024-10-11T16:45:00+00:00,160.5,160.5,160.5,160.5,1
2024-10-11T16:50:00+00:00,160.4,160.5,160.4,160.5,4
2024-10-11T16:55:00+00:00,160.4,160.5,160.4,160.5,8
2024-10-11T17:00:00+00:00,160.5,160.55,160.5,160.55,6
2024-10-11T17:05:00+00:00,160.55,160.6,160.45,160.6,13
2024-10-11T17:15:00+00:00,160.6,160.6,160.5,160.5,2
2024-10-11T17:25:00+00:00,160.65,160.7,160.65,160.7,3
2024-10-11T17:30:00+00:00,160.7,160.7,160.7,160.7,1
2024-10-11T17:35:00+00:00,160.7,160.7,160.7,160.7,1
2024-10-11T17:40:00+00:00,160.7,160.7,160.7,160.7,5
2024-10-11T17:50:00+00:00,160.7,160.7,160.7,160.7,1
2024-10-11T18:00:00+00:00,160.7,160.7,160.7,160.7,2
2024-10-11T18:05:00+00:00,160.6,160.6,160.6,160.6,1
2024-10-11T18:15:00+00:00,160.6,160.6,160.6,160.6,1
2024-10-11T18:20:00+00:00,160.6,160.6,160.6,160.6,9
2024-10-11T18:30:00+00:00,160.7,160.7,160.7,160.7,1
2024-10-11T18:35:00+00:00,160.6,160.6,160.6,160.6,2
2024-10-11T18:45:00+00:00,160.5,160.5,160.45,160.45,12
2024-10-11T18:55:00+00:00,160.6,160.9,160.6,160.8,12
2024-10-11T19:00:00+00:00,160.7,160.7,160.7,160.7,2
2024-10-11T19:05:00+00:00,160.6,160.6,160.6,160.6,2
2024-10-11T19:15:00+00:00,160.6,160.8,160.6,160.8,15
2024-10-11T19:25:00+00:00,160.8,160.8,160.6,160.6,16
2024-10-11T19:35:00+00:00,160.7,160.7,160.7,160.7,1
2024-10-11T19:45:00+00:00,160.6,160.6,160.6,160.6,12
2024-10-11T19:50:00+00:00,160.7,160.7,160.05,160.05,37
2024-10-11T19:55:00+00:00,160.1,160.1,160.1,160.1,1
2024-10-11T20:25:00+00:00,160.1,160.2,160.1,160.2,2
2024-10-11T20:30:00+00:00,160.2,160.2,160.2,160.2,1
2024-10-11T20:35:00+00:00,160.1,160.1,160.1,160.1,1
2024-10-11T20:40:00+00:00,160.1,160.1,160.1,160.1,1
2024-10-11T20:45:00+00:00,160.3,160.8,160.3,160.6,93
2024-10-14T06:55:00+00:00,160.05,160.05,160.05,160.05,2
2024-10-14T07:00:00+00:00,160.4,160.4,159.75,160.2,219
2024-10-14T07:05:00+00:00,160.2,160.5,160.2,160.45,17
2024-10-14T07:10:00+00:00,160.55,160.55,159.8,159.8,61
2024-10-14T07:15:00+00:00,159.8,160.0,159.8,160.0,47
2024-10-14T07:20:00+00:00,160.0,160.0,159.75,159.75,42
2024-10-14T07:25:00+00:00,159.75,159.75,159.75,159.75,2
2024-10-14T07:30:00+00:00,159.75,159.95,159.75,159.9,10
2024-10-14T07:35:00+00:00,159.95,160.55,159.95,160.35,233
2024-10-14T07:40:00+00:00,160.3,160.3,160.1,160.2,7
2024-10-14T07:45:00+00:00,160.2,160.55,160.2,160.3,24
2024-10-14T07:50:00+00:00,160.3,160.3,160.05,160.05,13
2024-10-14T07:55:00+00:00,160.2,160.2,160.1,160.2,4
2024-10-14T08:00:00+00:00,160.1,160.1,160.0,160.1,14
2024-10-14T08:05:00+00:00,160.2,160.3,159.95,159.95,46
2024-10-14T08:10:00+00:00,159.95,160.0,159.75,159.75,134
2024-10-14T08:15:00+00:00,159.9,160.2,159.75,159.75,38
2024-10-14T08:20:00+00:00,159.8,159.8,159.8,159.8,1
2024-10-14T08:25:00+00:00,159.8,160.65,159.8,160.5,156
2024-10-14T08:30:00+00:00,160.4,160.4,159.95,159.95,90
2024-10-14T08:35:00+00:00,160.1,160.1,159.8,159.8,12
2024-10-14T08:40:00+00:00,159.9,160.0,159.9,160.0,10
2024-10-14T08:45:00+00:00,159.95,160.1,159.95,160.0,7
2024-10-14T08:50:00+00:00,160.1,160.1,160.0,160.0,2
2024-10-14T08:55:00+00:00,160.1,160.2,159.8,159.9,35
2024-10-14T09:00:00+00:00,159.8,159.9,159.75,159.9,54
2024-10-14T09:05:00+00:00,159.8,159.9,159.8,159.9,3
2024-10-14T09:10:00+00:00,160.0,160.0,160.0,160.0,2
2024-10-14T09:15:00+00:00,160.0,160.0,159.8,159.8,23
2024-10-14T09:20:00+00:00,159.9,160.0,159.9,159.95,14
2024-10-14T09:25:00+00:00,160.05,160.2,159.95,160.2,113
2024-10-14T09:30:00+00:00,160.25,160.25,160.25,160.25,1
2024-10-14T09:35:00+00:00,160.25,160.25,160.25,160.25,2
2024-10-14T09:40:00+00:00,160.1,160.1,160.0,160.0,4
2024-10-14T09:45:00+00:00,160.1,160.1,160.1,160.1,2
2024-10-14T09:50:00+00:00,160.1,160.1,160.1,160.1,5
2024-10-14T09:55:00+00:00,160.1,160.3,160.1,160.2,14
2024-10-14T10:00:00+00:00,160.2,160.2,160.2,160.2,5
2024-10-14T10:05:00+00:00,160.2,160.2,160.0,160.0,30
2024-10-14T10:10:00+00:00,160.0,160.1,160.0,160.1,10
2024-10-14T10:15:00+00:00,160.1,160.2,160.1,160.2,3
2024-10-14T10:20:00+00:00,160.1,160.2,160.05,160.2,5
2024-10-14T10:25:00+00:00,160.2,160.3,160.2,160.3,2
2024-10-14T10:30:00+00:00,160.3,160.6,160.3,160.6,223
2024-10-14T10:35:00+00:00,160.65,160.65,160.4,160.4,9
2024-10-14T10:40:00+00:00,160.5,160.5,160.3,160.4,6
2024-10-14T10:50:00+00:00,160.3,160.3,160.2,160.2,3
2024-10-14T10:55:00+00:00,160.1,160.1,160.1,160.1,7
2024-10-14T11:00:00+00:00,160.1,160.6,160.1,160.6,22
2024-10-14T11:10:00+00:00,160.5,160.5,160.4,160.4,4
2024-10-14T11:15:00+00:00,160.5,160.75,160.5,160.5,51
2024-10-14T11:20:00+00:00,160.5,160.5,160.4,160.4,10
2024-10-14T11:25:00+00:00,160.35,160.5,160.35,160.5,13
2024-10-14T11:30:00+00:00,160.6,160.6,160.5,160.5,6
2024-10-14T11:35:00+00:00,160.4,160.4,160.35,160.35,3
2024-10-14T11:40:00+00:00,160.5,160.6,160.5,160.5,12
2024-10-14T11:45:00+00:00,160.6,160.8,160.5,160.6,17
2024-10-14T11:50:00+00:00,160.5,160.6,160.5,160.5,8
2024-10-14T11:55:00+00:00,160.4,160.4,160.4,160.4,1
2024-10-14T12:00:00+00:00,160.5,160.5,160.5,160.5,1
2024-10-14T12:05:00+00:00,160.4,160.5,160.35,160.5,4
2024-10-14T12:10:00+00:00,160.5,160.5,160.5,160.5,1
2024-10-14T12:15:00+00:00,160.55,160.6,160.5,160.6,5
2024-10-14T12:20:00+00:00,160.5,160.5,160.4,160.4,8
2024-10-14T12:25:00+00:00,160.35,160.35,160.35,160.35,1
2024-10-14T12:30:00+00:00,160.5,160.5,160.5,160.5,2
2024-10-14T12:40:00+00:00,160.5,160.6,160.5,160.6,7
2024-10-14T12:45:00+00:00,160.5,160.5,160.4,160.4,6
2024-10-14T12:50:00+00:00,160.45,160.45,160.4,160.4,11
2024-10-14T13:00:00+00:00,160.4,160.5,160.3,160.3,223
2024-10-14T13:05:00+00:00,160.3,160.3,160.3,160.3,48
2024-10-14T13:10:00+00:00,160.4,160.6,160.4,160.6,7
2024-10-14T13:15:00+00:00,160.5,160.75,160.4,160.4,19
2024-10-14T13:20:00+00:00,160.4,160.4,160.1,160.1,40
2024-10-14T13:25:00+00:00,160.1,160.1,159.8,159.85,451
2024-10-14T13:30:00+00:00,159.85,160.0,159.75,159.75,164
2024-10-14T13:35:00+00:00,159.9,160.0,159.9,160.0,3
2024-10-14T13:40:00+00:00,160.0,160.0,159.7,159.7,193
2024-10-14T13:45:00+00:00,159.7,159.9,159.3,159.8,385
2024-10-14T13:50:00+00:00,159.8,159.8,159.55,159.55,95
2024-10-14T13:55:00+00:00,159.55,160.3,159.55,160.1,120
2024-10-14T14:00:00+00:00,160.0,160.2,159.7,160.2,57
2024-10-14T14:05:00+00:00,160.2,160.2,160.0,160.0,83
2024-10-14T14:10:00+00:00,160.1,160.2,160.0,160.0,5
2024-10-14T14:15:00+00:00,160.05,160.15,159.9,160.0,38
2024-10-14T14:20:00+00:00,159.95,159.95,159.9,159.95,21
2024-10-14T14:35:00+00:00,160.0,160.0,160.0,160.0,26
2024-10-14T14:40:00+00:00,160.0,160.1,160.0,160.1,3
2024-10-14T14:45:00+00:00,160.1,160.1,160.1,160.1,1
2024-10-14T14:50:00+00:00,160.1,160.1,160.1,160.1,3
2024-10-14T14:55:00+00:00,160.1,160.1,160.0,160.0,29
2024-10-14T15:00:00+00:00,160.0,160.0,159.85,160.0,24
2024-10-14T15:05:00+00:00,160.0,160.0,160.0,160.0,1
2024-10-14T15:10:00+00:00,160.0,160.2,160.0,160.1,162
2024-10-14T15:15:00+00:00,160.0,160.1,160.0,160.1,9
2024-10-14T15:20:00+00:00,160.0,160.5,160.0,160.5,402
2024-10-14T15:25:00+00:00,160.5,160.55,160.5,160.55,6
2024-10-14T15:30:00+00:00,160.6,160.6,160.6,160.6,3
2024-10-14T15:35:00+00:00,160.7,161.05,160.55,160.55,210
2024-10-14T15:45:00+00:00,160.4,160.4,160.4,160.4,20
2024-10-14T16:05:00+00:00,160.5,160.75,160.4,160.45,27
2024-10-14T16:10:00+00:00,160.5,160.5,160.4,160.4,2
2024-10-14T16:15:00+00:00,160.5,160.5,160.5,160.5,2
2024-10-14T16:20:00+00:00,160.4,160.7,160.2,160.65,18
2024-10-14T16:25:00+00:00,160.5,160.6,160.1,160.6,19
2024-10-14T16:30:00+00:00,160.55,160.55,160.55,160.55,1
2024-10-14T16:35:00+00:00,160.6,160.9,160.6,160.9,10
2024-10-14T16:40:00+00:00,160.8,160.8,160.8,160.8,1
2024-10-14T16:45:00+00:00,160.8,160.8,160.8,160.8,2
2024-10-14T16:50:00+00:00,160.7,160.7,160.7,160.7,2
2024-10-14T16:55:00+00:00,160.6,160.6,160.6,160.6,2
2024-10-14T17:05:00+00:00,160.55,160.55,160.55,160.55,21
2024-10-14T17:10:00+00:00,160.6,160.6,160.6,160.6,2
2024-10-14T17:15:00+00:00,160.6,160.6,160.6,160.6,2
2024-10-14T17:20:00+00:00,160.55,160.65,160.55,160.65,2
2024-10-14T17:25:00+00:00,160.7,160.75,160.7,160.75,13
2024-10-14T17:30:00+00:00,160.8,161.1,160.7,161.0,371
2024-10-14T17:35:00+00:00,160.9,161.0,160.9,161.0,13
2024-10-14T17:40:00+00:00,160.9,161.1,160.9,160.9,12
2024-10-14T17:45:00+00:00,160.9,161.1,160.9,161.1,18
2024-10-14T18:00:00+00:00,161.0,161.1,161.0,161.1,2
2024-10-14T18:05:00+00:00,161.1,161.1,160.9,160.9,103
2024-10-14T18:10:00+00:00,161.05,161.05,161.05,161.05,1
2024-10-14T18:20:00+00:00,161.0,161.0,161.0,161.0,1
2024-10-14T18:30:00+00:00,161.0,161.0,161.0,161.0,3
2024-10-14T18:40:00+00:00,161.05,161.1,161.05,161.1,11
2024-10-14T18:45:00+00:00,161.1,161.1,161.1,161.1,2
2024-10-14T18:50:00+00:00,161.0,161.0,161.0,161.0,2
2024-10-14T18:55:00+00:00,161.1,161.1,160.05,160.2,176
2024-10-14T19:00:00+00:00,160.3,160.3,160.3,160.3,2
2024-10-14T19:05:00+00:00,160.4,160.4,160.4,160.4,2
2024-10-14T19:10:00+00:00,160.5,160.5,160.5,160.5,1
2024-10-14T19:15:00+00:00,160.5,160.5,160.5,160.5,1
2024-10-14T19:25:00+00:00,160.5,160.5,160.5,160.5,1
2024-10-14T19:30:00+00:00,160.6,160.6,160.6,160.6,1
2024-10-14T19:35:00+00:00,160.55,160.55,160.55,160.55,1
2024-10-14T19:45:00+00:00,160.6,160.95,160.6,160.8,12
2024-10-14T19:50:00+00:00,160.8,160.8,160.8,160.8,1
2024-10-14T19:55:00+00:00,160.8,160.8,160.8,160.8,3
2024-10-14T20:00:00+00:00,160.85,161.0,160.85,160.9,9
2024-10-14T20:10:00+00:00,160.9,160.9,160.9,160.9,4
2024-10-14T20:20:00+00:00,160.8,160.8,160.8,160.8,3
2024-10-14T20:25:00+00:00,160.8,160.8,160.8,160.8,6
2024-10-14T20:30:00+00:00,160.8,160.8,160.8,160.8,8
2024-10-14T20:35:00+00:00,160.8,160.8,160.8,160.8,2
2024-10-14T20:40:00+00:00,160.7,160.7,160.5,160.55,62
2024-10-14T20:45:00+00:00,160.55,160.55,160.5,160.55,43
2024-10-15T06:55:00+00:00,160.6,160.6,160.6,160.6,1
2024-10-15T07:00:00+00:00,160.65,160.8,160.65,160.8,37
2024-10-15T07:05:00+00:00,160.85,160.9,160.85,160.85,13
2024-10-15T07:10:00+00:00,160.7,160.95,160.6,160.7,69
2024-10-15T07:15:00+00:00,160.7,160.85,160.7,160.7,9
2024-10-15T07:20:00+00:00,160.8,161.05,160.8,161.0,146
2024-10-15T07:25:00+00:00,161.05,161.1,161.0,161.1,54
2024-10-15T07:30:00+00:00,161.1,161.4,161.1,161.35,82
2024-10-15T07:35:00+00:00,161.4,161.9,161.4,161.7,20
2024-10-15T07:40:00+00:00,161.7,162.0,161.7,162.0,70
2024-10-15T07:45:00+00:00,162.0,162.0,161.9,162.0,27
2024-10-15T07:50:00+00:00,162.0,162.0,161.95,161.95,6
2024-10-15T07:55:00+00:00,161.95,161.95,161.95,161.95,17
2024-10-15T08:00:00+00:00,162.0,162.0,161.85,161.85,14
2024-10-15T08:05:00+00:00,161.8,161.85,161.2,161.4,121
2024-10-15T08:10:00+00:00,161.3,161.4,161.0,161.4,141
2024-10-15T08:15:00+00:00,161.5,161.6,161.5,161.55,13
2024-10-15T08:20:00+00:00,161.45,161.95,161.45,161.85,134
2024-10-15T08:25:00+00:00,161.9,161.9,161.85,161.9,18
2024-10-15T08:30:00+00:00,161.9,161.9,161.9,161.9,10
2024-10-15T08:35:00+00:00,161.9,161.9,161.55,161.75,54
2024-10-15T08:40:00+00:00,161.75,161.95,161.75,161.95,46
2024-10-15T08:45:00+00:00,161.95,162.35,161.95,162.0,203
2024-10-15T08:50:00+00:00,162.0,162.0,161.7,161.9,20
2024-10-15T08:55:00+00:00,161.9,161.9,161.9,161.9,2
2024-10-15T09:00:00+00:00,161.9,161.9,161.9,161.9,7
2024-10-15T09:05:00+00:00,161.9,161.9,161.8,161.8,26
2024-10-15T09:10:00+00:00,161.8,161.8,161.8,161.8,11
2024-10-15T09:15:00+00:00,161.8,161.95,161.8,161.95,19
2024-10-15T09:20:00+00:00,161.95,162.0,161.9,161.9,15
2024-10-15T09:25:00+00:00,161.9,161.9,161.8,161.9,17
2024-10-15T09:30:00+00:00,161.9,161.9,161.9,161.9,1
2024-10-15T09:35:00+00:00,161.9,161.9,161.9,161.9,1
2024-10-15T09:45:00+00:00,161.9,161.9,161.7,161.7,24
2024-10-15T09:50:00+00:00,161.7,161.7,161.7,161.7,1
2024-10-15T10:00:00+00:00,161.7,161.7,161.7,161.7,10
2024-10-15T10:10:00+00:00,161.8,161.8,161.8,161.8,1
2024-10-15T10:15:00+00:00,161.7,161.9,161.7,161.9,11
2024-10-15T10:20:00+00:00,161.85,162.0,161.85,162.0,20
2024-10-15T10:25:00+00:00,161.8,161.9,161.8,161.8,3
2024-10-15T10:30:00+00:00,161.9,161.9,161.9,161.9,1
2024-10-15T10:35:00+00:00,161.9,162.0,161.9,162.0,9
2024-10-15T10:40:00+00:00,162.0,162.0,162.0,162.0,5
2024-10-15T10:45:00+00:00,162.0,162.1,162.0,162.1,24
2024-10-15T10:50:00+00:00,162.15,162.15,161.85,162.15,17
2024-10-15T10:55:00+00:00,162.15,162.15,162.0,162.1,1287
2024-10-15T11:00:00+00:00,162.0,162.1,162.0,162.05,1318
2024-10-15T11:05:00+00:00,162.1,162.1,161.55,161.7,162
2024-10-15T11:10:00+00:00,161.8,161.8,161.8,161.8,20
2024-10-15T11:15:00+00:00,161.9,162.0,161.9,162.0,4
2024-10-15T11:20:00+00:00,162.0,162.1,161.9,162.1,75
2024-10-15T11:30:00+00:00,162.05,162.05,162.05,162.05,1
2024-10-15T11:35:00+00:00,162.05,162.1,162.05,162.1,16
2024-10-15T11:40:00+00:00,162.05,162.4,162.05,162.4,262
2024-10-15T11:45:00+00:00,162.45,162.95,162.4,162.8,271
2024-10-15T11:50:00+00:00,162.75,162.8,162.5,162.5,21
2024-10-15T11:55:00+00:00,162.5,162.5,162.4,162.4,11
2024-10-15T12:00:00+00:00,162.5,162.5,162.2,162.2,28
2024-10-15T12:10:00+00:00,162.3,162.3,161.95,161.95,33
2024-10-15T12:15:00+00:00,162.1,162.1,162.0,162.0,2
2024-10-15T12:20:00+00:00,162.1,162.2,162.0,162.1,14
2024-10-15T12:25:00+00:00,162.1,162.1,161.85,161.85,69
2024-10-15T12:30:00+00:00,162.0,162.0,162.0,162.0,2
2024-10-15T12:35:00+00:00,161.9,161.9,160.7,161.5,440
2024-10-15T12:40:00+00:00,161.45,161.55,161.45,161.55,37
2024-10-15T12:45:00+00:00,161.55,161.55,160.9,161.0,48
2024-10-15T12:50:00+00:00,161.0,161.45,161.0,161.3,14
2024-10-15T12:55:00+00:00,161.4,161.55,161.4,161.4,8
2024-10-15T13:00:00+00:00,161.3,161.3,161.3,161.3,1
2024-10-15T13:05:00+00:00,161.4,161.4,161.4,161.4,3
2024-10-15T13:10:00+00:00,161.5,161.5,161.5,161.5,2
2024-10-15T13:15:00+00:00,161.55,161.6,161.55,161.55,42
2024-10-15T13:20:00+00:00,161.6,161.6,161.4,161.6,43
2024-10-15T13:25:00+00:00,161.6,162.3,161.6,162.3,43
2024-10-15T13:30:00+00:00,162.25,162.3,161.0,161.4,385
2024-10-15T13:35:00+00:00,161.5,161.75,161.0,161.0,101
2024-10-15T13:40:00+00:00,160.95,160.95,160.6,160.6,103
2024-10-15T13:45:00+00:00,160.8,161.0,160.7,161.0,52
2024-10-15T13:50:00+00:00,161.0,161.0,160.7,160.75,231
2024-10-15T13:55:00+00:00,160.75,160.8,160.65,160.65,34
2024-10-15T14:00:00+00:00,160.8,160.8,160.8,160.8,43
2024-10-15T14:05:00+00:00,160.8,160.95,160.8,160.95,569
2024-10-15T14:10:00+00:00,160.85,160.9,160.8,160.9,35
2024-10-15T14:15:00+00:00,160.85,160.9,160.8,160.9,44
2024-10-15T14:20:00+00:00,160.8,160.8,160.75,160.75,102
2024-10-15T14:25:00+00:00,160.75,160.75,160.5,160.7,78
2024-10-15T14:30:00+00:00,160.7,160.75,160.7,160.75,205
2024-10-15T14:35:00+00:00,160.6,161.0,160.6,161.0,95
2024-10-15T14:40:00+00:00,160.95,160.95,160.8,160.8,38
2024-10-15T14:45:00+00:00,160.9,161.6,160.9,161.4,1096
2024-10-15T14:50:00+00:00,161.5,161.6,161.5,161.6,29
2024-10-15T14:55:00+00:00,161.6,161.6,161.3,161.3,53
2024-10-15T15:00:00+00:00,161.4,161.6,161.3,161.4,30
2024-10-15T15:05:00+00:00,161.5,161.6,161.3,161.4,104
2024-10-15T15:10:00+00:00,161.4,161.4,161.35,161.35,26
2024-10-15T15:15:00+00:00,161.4,161.4,161.3,161.4,54
2024-10-15T15:20:00+00:00,161.4,161.4,161.4,161.4,27
2024-10-15T15:25:00+00:00,161.4,161.4,161.4,161.4,53
2024-10-15T15:30:00+00:00,161.4,161.6,161.4,161.6,171
2024-10-15T15:35:00+00:00,161.5,161.6,161.5,161.6,44
2024-10-15T15:45:00+00:00,161.5,161.5,161.5,161.5,20
2024-10-15T16:05:00+00:00,161.55,162.25,161.55,162.25,403
2024-10-15T16:10:00+00:00,162.2,162.2,162.2,162.2,1
2024-10-15T16:15:00+00:00,162.1,162.1,161.55,161.75,26
2024-10-15T16:20:00+00:00,161.7,161.7,161.6,161.6,6
2024-10-15T16:25:00+00:00,161.6,161.7,161.6,161.7,16
2024-10-15T16:30:00+00:00,161.6,161.7,161.5,161.7,4
2024-10-15T16:40:00+00:00,161.5,161.5,160.9,161.4,66
2024-10-15T16:45:00+00:00,161.4,161.4,161.4,161.4,1
2024-10-15T16:50:00+00:00,161.5,161.5,161.5,161.5,1
2024-10-15T16:55:00+00:00,161.5,161.95,161.5,161.75,42
2024-10-15T17:05:00+00:00,161.85,161.85,161.85,161.85,1
2024-10-15T17:10:00+00:00,161.9,162.1,161.9,162.1,39
2024-10-15T17:15:00+00:00,162.05,162.05,162.0,162.0,2
2024-10-15T17:20:00+00:00,162.05,162.1,162.05,162.05,6
2024-10-15T17:25:00+00:00,162.05,162.1,162.05,162.1,3
2024-10-15T17:30:00+00:00,162.1,162.1,162.1,162.1,8
2024-10-15T17:35:00+00:00,162.1,162.1,162.1,162.1,1
2024-10-15T17:40:00+00:00,162.1,162.1,162.1,162.1,1
2024-10-15T17:50:00+00:00,162.0,162.1,162.0,162.1,5
2024-10-15T17:55:00+00:00,162.1,162.2,162.1,162.2,30
2024-10-15T18:00:00+00:00,162.0,162.0,162.0,162.0,1
2024-10-15T18:05:00+00:00,162.0,162.0,162.0,162.0,1
2024-10-15T18:15:00+00:00,162.0,162.0,162.0,162.0,2
2024-10-15T18:20:00+00:00,161.95,161.95,161.9,161.9,65
2024-10-15T18:25:00+00:00,161.9,161.9,161.9,161.9,62
2024-10-15T18:30:00+00:00,162.0,162.0,161.95,162.0,14
2024-10-15T18:35:00+00:00,162.0,162.0,162.0,162.0,1
2024-10-15T18:40:00+00:00,162.0,162.0,162.0,162.0,10
2024-10-15T19:05:00+00:00,161.95,162.0,161.95,162.0,18
2024-10-15T19:10:00+00:00,161.8,161.8,161.75,161.75,8
2024-10-15T19:15:00+00:00,161.75,161.75,161.5,161.6,23
2024-10-15T19:25:00+00:00,161.65,161.65,161.65,161.65,1
2024-10-15T19:30:00+00:00,161.65,161.65,161.65,161.65,1
2024-10-15T19:40:00+00:00,161.65,161.7,161.65,161.7,10
2024-10-15T19:45:00+00:00,161.8,161.8,161.8,161.8,22
2024-10-15T19:50:00+00:00,161.8,161.8,161.8,161.8,1
2024-10-15T19:55:00+00:00,161.9,161.9,161.9,161.9,2
2024-10-15T20:05:00+00:00,162.0,162.1,161.9,161.9,12
2024-10-15T20:10:00+00:00,162.0,162.1,162.0,162.1,5
2024-10-15T20:20:00+00:00,162.05,162.1,162.05,162.1,10
2024-10-15T20:35:00+00:00,162.1,162.2,162.1,162.2,343
2024-10-15T20:40:00+00:00,162.2,162.2,162.2,162.2,13
2024-10-16T06:55:00+00:00,162.2,162.2,162.2,162.2,4
2024-10-16T07:00:00+00:00,161.75,162.15,161.6,162.05,189
2024-10-16T07:05:00+00:00,161.95,162.5,161.5,162.5,64
2024-10-16T07:10:00+00:00,162.55,162.55,162.0,162.0,47
2024-10-16T07:15:00+00:00,162.1,162.2,162.1,162.2,7
2024-10-16T07:20:00+00:00,162.15,162.2,162.05,162.05,17
2024-10-16T07:25:00+00:00,162.2,162.2,162.2,162.2,9
2024-10-16T07:30:00+00:00,162.3,162.4,162.25,162.25,6
2024-10-16T07:35:00+00:00,162.4,162.55,162.4,162.55,15
2024-10-16T07:40:00+00:00,162.4,162.5,162.4,162.5,4
2024-10-16T07:45:00+00:00,162.4,162.4,162.4,162.4,3
2024-10-16T07:50:00+00:00,162.4,162.4,162.35,162.35,77
2024-10-16T07:55:00+00:00,162.5,162.5,162.5,162.5,13
2024-10-16T08:00:00+00:00,162.5,162.6,162.5,162.5,28
2024-10-16T08:10:00+00:00,162.6,162.6,162.5,162.6,8
2024-10-16T08:15:00+00:00,162.6,162.85,162.5,162.7,336
2024-10-16T08:20:00+00:00,162.7,162.7,162.25,162.25,387
2024-10-16T08:25:00+00:00,162.25,162.25,162.25,162.25,2
2024-10-16T08:30:00+00:00,162.4,162.4,162.05,162.3,148
2024-10-16T08:35:00+00:00,162.35,162.4,162.0,162.0,81
2024-10-16T08:40:00+00:00,162.0,162.0,162.0,162.0,10
2024-10-16T08:45:00+00:00,162.1,162.3,162.1,162.3,11
2024-10-16T08:50:00+00:00,162.4,162.4,162.4,162.4,6
2024-10-16T08:55:00+00:00,162.45,162.45,162.3,162.3,3
2024-10-16T09:00:00+00:00,162.4,162.4,162.0,162.0,47
2024-10-16T09:05:00+00:00,162.2,162.2,162.2,162.2,2
2024-10-16T09:15:00+00:00,162.25,162.3,162.25,162.3,3
2024-10-16T09:20:00+00:00,162.3,162.3,162.3,162.3,1
2024-10-16T09:25:00+00:00,162.25,162.25,162.2,162.25,160
2024-10-16T09:30:00+00:00,162.1,162.1,162.0,162.0,99
2024-10-16T09:40:00+00:00,162.1,162.1,162.0,162.0,3
2024-10-16T09:45:00+00:00,162.0,162.0,161.0,161.05,677
2024-10-16T09:50:00+00:00,161.2,161.2,161.2,161.2,2
2024-10-16T09:55:00+00:00,161.3,161.35,161.1,161.3,25
2024-10-16T10:00:00+00:00,161.3,161.3,161.3,161.3,1
2024-10-16T10:05:00+00:00,161.2,161.2,160.9,160.9,266
2024-10-16T10:15:00+00:00,161.0,161.4,161.0,161.3,14
2024-10-16T10:20:00+00:00,161.2,161.2,160.8,160.9,512
2024-10-16T10:25:00+00:00,160.9,161.0,160.9,161.0,3
2024-10-16T10:30:00+00:00,161.0,161.2,161.0,161.1,5
2024-10-16T10:35:00+00:00,161.2,161.2,161.1,161.1,2
2024-10-16T10:40:00+00:00,161.15,161.15,161.15,161.15,1
2024-10-16T10:45:00+00:00,161.2,161.4,161.2,161.35,9
2024-10-16T10:50:00+00:00,161.4,161.4,161.3,161.3,2
2024-10-16T10:55:00+00:00,161.3,161.4,161.3,161.3,3
2024-10-16T11:00:00+00:00,161.3,161.5,161.3,161.5,18
2024-10-16T11:05:00+00:00,161.5,161.65,161.5,161.65,4
2024-10-16T11:10:00+00:00,161.5,161.5,161.5,161.5,4
2024-10-16T11:15:00+00:00,161.4,161.4,161.4,161.4,62
2024-10-16T11:20:00+00:00,161.3,161.3,161.3,161.3,1
2024-10-16T11:25:00+00:00,161.5,161.5,161.4,161.4,2
2024-10-16T11:30:00+00:00,161.3,161.3,161.0,161.2,70
2024-10-16T11:35:00+00:00,161.1,161.1,160.5,160.7,57
2024-10-16T11:40:00+00:00,160.8,160.8,160.8,160.8,7
2024-10-16T11:45:00+00:00,160.8,160.9,160.8,160.9,5
2024-10-16T11:50:00+00:00,160.8,160.9,160.5,160.5,56
2024-10-16T11:55:00+00:00,160.7,160.7,160.55,160.7,6
2024-10-16T12:00:00+00:00,160.7,160.7,160.7,160.7,1
2024-10-16T12:05:00+00:00,160.8,160.8,160.8,160.8,2
2024-10-16T12:10:00+00:00,160.9,161.35,160.9,161.15,25
2024-10-16T12:15:00+00:00,161.3,161.7,161.3,161.5,44
2024-10-16T12:20:00+00:00,161.4,161.5,161.2,161.5,11
2024-10-16T12:35:00+00:00,161.5,161.6,161.4,161.4,13
2024-10-16T12:40:00+00:00,161.3,161.3,160.55,160.55,52
2024-10-16T12:45:00+00:00,160.7,161.1,160.7,161.0,94
2024-10-16T12:55:00+00:00,161.05,161.05,161.05,161.05,12
2024-10-16T13:00:00+00:00,161.05,161.05,161.05,161.05,2
2024-10-16T13:05:00+00:00,161.0,161.0,161.0,161.0,3
2024-10-16T13:30:00+00:00,161.05,161.05,161.05,161.05,1
2024-10-16T13:35:00+00:00,161.0,161.0,161.0,161.0,3
2024-10-16T13:40:00+00:00,160.9,160.9,160.55,160.55,21
2024-10-16T13:45:00+00:00,160.7,160.95,160.7,160.95,50
2024-10-16T13:50:00+00:00,160.8,160.8,160.8,160.8,2
2024-10-16T14:00:00+00:00,160.8,160.8,160.8,160.8,2
2024-10-16T14:05:00+00:00,160.8,160.8,160.7,160.7,5
2024-10-16T14:15:00+00:00,160.8,160.9,160.7,160.9,8
2024-10-16T14:20:00+00:00,160.9,160.9,160.8,160.8,6
2024-10-16T14:25:00+00:00,160.75,160.8,160.7,160.8,6
2024-10-16T14:30:00+00:00,160.8,160.85,160.8,160.85,4
2024-10-16T14:45:00+00:00,160.8,160.8,160.55,160.55,41
2024-10-16T14:50:00+00:00,160.55,160.55,160.3,160.3,105
2024-10-16T14:55:00+00:00,160.25,160.3,160.25,160.3,5
2024-10-16T15:00:00+00:00,160.3,160.3,160.3,160.3,3
2024-10-16T15:05:00+00:00,160.25,160.25,160.25,160.25,30
2024-10-16T15:10:00+00:00,160.25,160.25,160.25,160.25,6
2024-10-16T15:15:00+00:00,160.2,160.2,160.2,160.2,4
2024-10-16T15:20:00+00:00,160.25,160.3,160.25,160.3,20
2024-10-16T15:25:00+00:00,160.25,160.25,160.2,160.25,29
2024-10-16T15:30:00+00:00,160.25,160.25,160.2,160.2,23
2024-10-16T15:35:00+00:00,160.3,160.3,159.8,160.25,460
2024-10-16T15:45:00+00:00,159.9,159.9,159.9,159.9,9
2024-10-16T16:00:00+00:00,160.0,160.0,160.0,160.0,2
2024-10-16T16:05:00+00:00,159.9,159.9,159.8,159.8,18
2024-10-16T16:10:00+00:00,159.95,159.95,159.9,159.9,6
2024-10-16T16:15:00+00:00,159.9,159.9,159.9,159.9,3
2024-10-16T16:20:00+00:00,159.9,160.1,159.9,160.1,6
2024-10-16T16:25:00+00:00,160.0,160.0,160.0,160.0,1
2024-10-16T16:30:00+00:00,160.1,160.1,160.0,160.0,4
2024-10-16T16:40:00+00:00,160.2,160.2,160.0,160.0,3
2024-10-16T16:45:00+00:00,160.2,160.25,160.2,160.25,4
2024-10-16T16:50:00+00:00,160.25,160.25,160.25,160.25,1
2024-10-16T16:55:00+00:00,160.25,160.25,160.25,160.25,3
2024-10-16T17:00:00+00:00,160.25,160.3,160.1,160.3,21
2024-10-16T17:10:00+00:00,160.3,160.3,160.3,160.3,31
2024-10-16T17:15:00+00:00,160.2,160.2,160.2,160.2,1
2024-10-16T17:25:00+00:00,160.3,160.3,160.3,160.3,10
2024-10-16T17:30:00+00:00,160.3,160.3,160.3,160.3,2
2024-10-16T17:35:00+00:00,160.3,160.3,160.3,160.3,10
2024-10-16T17:50:00+00:00,160.2,160.2,160.05,160.2,40
2024-10-16T17:55:00+00:00,160.3,160.3,160.2,160.2,17
2024-10-16T18:05:00+00:00,160.3,160.3,160.3,160.3,1
2024-10-16T18:10:00+00:00,160.3,160.3,160.3,160.3,4
2024-10-16T18:15:00+00:00,160.3,160.3,160.3,160.3,1
2024-10-16T18:30:00+00:00,160.3,160.3,160.3,160.3,1
2024-10-16T18:50:00+00:00,160.25,160.25,160.25,160.25,1
2024-10-16T19:00:00+00:00,160.3,160.3,160.3,160.3,7
2024-10-16T19:05:00+00:00,160.4,160.4,160.4,160.4,1
2024-10-16T19:15:00+00:00,160.3,160.3,160.3,160.3,2
2024-10-16T19:20:00+00:00,160.4,160.5,160.4,160.5,3
2024-10-16T19:40:00+00:00,160.4,160.5,160.3,160.5,3
2024-10-16T19:45:00+00:00,160.5,160.5,160.5,160.5,1
2024-10-16T19:50:00+00:00,160.6,160.7,160.6,160.7,7
2024-10-16T20:00:00+00:00,160.7,160.7,160.7,160.7,1
2024-10-16T20:10:00+00:00,160.8,160.85,160.8,160.85,3
2024-10-16T20:20:00+00:00,160.9,160.9,160.9,160.9,2
2024-10-16T20:30:00+00:00,160.9,160.9,160.7,160.7,14
2024-10-16T20:45:00+00:00,160.7,160.7,160.0,160.25,119
2024-10-17T06:55:00+00:00,160.25,160.25,160.25,160.25,10
2024-10-17T07:00:00+00:00,160.7,161.9,160.55,161.45,533
2024-10-17T07:05:00+00:00,161.45,161.45,161.3,161.35,4
2024-10-17T07:10:00+00:00,161.35,161.5,161.1,161.5,141
2024-10-17T07:15:00+00:00,161.5,161.75,161.25,161.25,626
2024-10-17T07:20:00+00:00,161.25,161.3,161.25,161.25,100
2024-10-17T07:25:00+00:00,161.25,161.25,160.55,160.8,103
2024-10-17T07:30:00+00:00,160.8,160.9,160.8,160.85,99
2024-10-17T07:35:00+00:00,160.85,161.0,160.85,161.0,3
2024-10-17T07:40:00+00:00,161.1,161.5,160.85,161.5,324
2024-10-17T07:45:00+00:00,161.35,161.35,161.2,161.2,23
2024-10-17T07:50:00+00:00,161.3,161.3,161.2,161.3,25
2024-10-17T07:55:00+00:00,161.25,161.25,161.0,161.05,108
2024-10-17T08:00:00+00:00,161.0,161.2,160.75,161.2,87
2024-10-17T08:05:00+00:00,161.2,162.2,161.2,161.7,345
2024-10-17T08:10:00+00:00,161.6,161.6,161.25,161.25,40
2024-10-17T08:15:00+00:00,161.25,161.7,161.25,161.7,63
2024-10-17T08:20:00+00:00,161.55,162.0,161.55,162.0,93
2024-10-17T08:25:00+00:00,161.95,162.0,161.8,161.8,51
2024-10-17T08:30:00+00:00,161.9,161.9,161.5,161.9,103
2024-10-17T08:35:00+00:00,161.9,161.9,161.55,161.85,43
2024-10-17T08:40:00+00:00,161.75,161.85,161.55,161.55,108
2024-10-17T08:45:00+00:00,161.6,161.6,161.5,161.6,89
2024-10-17T08:50:00+00:00,161.6,161.6,161.6,161.6,10
2024-10-17T08:55:00+00:00,161.6,161.95,161.6,161.95,140
2024-10-17T09:00:00+00:00,161.95,161.95,161.9,161.95,184
2024-10-17T09:05:00+00:00,161.95,161.95,161.9,161.9,50
2024-10-17T09:10:00+00:00,161.95,161.95,161.9,161.9,23
2024-10-17T09:15:00+00:00,161.95,161.95,161.55,161.65,155
2024-10-17T09:20:00+00:00,161.75,161.75,161.5,161.5,16
2024-10-17T09:25:00+00:00,161.7,161.95,161.2,161.35,399
2024-10-17T09:30:00+00:00,161.35,161.35,161.35,161.35,12
2024-10-17T09:35:00+00:00,161.35,161.35,161.3,161.3,13
2024-10-17T09:40:00+00:00,161.35,161.35,161.35,161.35,8
2024-10-17T09:45:00+00:00,161.35,161.35,161.35,161.35,11
2024-10-17T09:50:00+00:00,161.35,161.4,161.3,161.3,16
2024-10-17T10:00:00+00:00,161.4,161.9,161.4,161.9,86
2024-10-17T10:05:00+00:00,161.9,161.9,161.8,161.8,25
2024-10-17T10:10:00+00:00,161.7,161.7,161.4,161.4,103
2024-10-17T10:15:00+00:00,161.5,161.95,161.45,161.45,207
2024-10-17T10:20:00+00:00,161.4,161.8,161.35,161.7,59
2024-10-17T10:25:00+00:00,161.75,161.85,161.6,161.6,27
2024-10-17T10:30:00+00:00,161.7,161.7,161.5,161.5,12
2024-10-17T10:35:00+00:00,161.6,162.15,161.6,162.0,307
2024-10-17T10:40:00+00:00,162.1,162.7,162.1,162.1,162
2024-10-17T10:50:00+00:00,162.15,162.2,162.15,162.2,11
2024-10-17T10:55:00+00:00,162.15,162.2,162.15,162.2,19
2024-10-17T11:00:00+00:00,162.2,162.2,162.15,162.15,6
2024-10-17T11:05:00+00:00,162.15,162.15,162.05,162.15,18
2024-10-17T11:10:00+00:00,162.15,162.15,161.0,161.05,437
2024-10-17T11:15:00+00:00,161.05,161.05,161.05,161.05,12
2024-10-17T11:20:00+00:00,161.2,161.35,161.2,161.35,30
2024-10-17T11:25:00+00:00,161.35,161.35,161.35,161.35,1
2024-10-17T11:30:00+00:00,161.35,161.35,161.35,161.35,1
2024-10-17T11:35:00+00:00,161.35,161.4,161.35,161.4,8
2024-10-17T11:40:00+00:00,161.4,161.4,161.4,161.4,13
2024-10-17T11:45:00+00:00,161.3,161.35,161.1,161.2,40
2024-10-17T11:50:00+00:00,161.2,161.2,161.0,161.2,274
2024-10-17T11:55:00+00:00,161.2,161.2,161.1,161.1,11
2024-10-17T12:00:00+00:00,161.15,161.15,161.05,161.05,7
2024-10-17T12:05:00+00:00,161.1,161.15,161.05,161.15,10
2024-10-17T12:10:00+00:00,161.1,161.1,161.1,161.1,1
2024-10-17T12:20:00+00:00,161.15,161.15,161.15,161.15,17
2024-10-17T12:25:00+00:00,161.1,161.1,161.05,161.05,28
2024-10-17T12:30:00+00:00,161.05,161.05,161.05,161.05,2
2024-10-17T12:35:00+00:00,161.0,161.15,161.0,161.15,18
2024-10-17T12:40:00+00:00,161.0,161.0,161.0,161.0,1
2024-10-17T12:45:00+00:00,161.1,161.1,161.1,161.1,6
2024-10-17T12:50:00+00:00,161.1,161.1,161.0,161.0,13
2024-10-17T12:55:00+00:00,161.1,161.1,161.0,161.0,10
2024-10-17T13:00:00+00:00,161.0,161.15,160.8,160.8,69
2024-10-17T13:05:00+00:00,160.9,161.0,160.9,161.0,3
2024-10-17T13:10:00+00:00,160.9,160.9,160.8,160.9,5
2024-10-17T13:15:00+00:00,161.0,161.0,160.9,161.0,3
2024-10-17T13:20:00+00:00,161.0,161.15,161.0,161.15,4
2024-10-17T13:25:00+00:00,161.1,161.1,161.1,161.1,1
2024-10-17T13:30:00+00:00,161.1,161.15,161.1,161.15,20
2024-10-17T13:35:00+00:00,161.15,161.15,161.0,161.0,7
2024-10-17T13:40:00+00:00,161.1,161.15,160.7,160.7,60
2024-10-17T13:45:00+00:00,160.65,161.0,160.65,160.75,25
2024-10-17T13:55:00+00:00,160.75,160.75,160.75,160.75,2
2024-10-17T14:00:00+00:00,160.75,160.75,160.75,160.75,18
2024-10-17T14:05:00+00:00,160.9,161.1,160.9,161.1,25
2024-10-17T14:15:00+00:00,161.05,161.05,161.05,161.05,1
2024-10-17T14:20:00+00:00,161.1,161.1,161.1,161.1,1
2024-10-17T14:25:00+00:00,161.1,161.1,161.1,161.1,1
2024-10-17T14:30:00+00:00,161.1,161.1,161.0,161.1,4
2024-10-17T14:35:00+00:00,161.1,161.1,161.0,161.0,8
2024-10-17T14:40:00+00:00,161.0,161.0,160.55,160.55,66
2024-10-17T14:45:00+00:00,160.7,160.7,160.7,160.7,2
2024-10-17T14:50:00+00:00,160.8,160.95,160.7,160.7,18
2024-10-17T14:55:00+00:00,160.9,160.9,160.9,160.9,1
2024-10-17T15:00:00+00:00,160.9,161.1,160.9,161.1,17
2024-10-17T15:05:00+00:00,161.1,161.4,161.0,161.3,121
2024-10-17T15:10:00+00:00,161.2,161.35,160.6,161.35,218
2024-10-17T15:15:00+00:00,161.35,161.5,161.3,161.3,243
2024-10-17T15:20:00+00:00,161.25,161.25,161.1,161.1,19
2024-10-17T15:25:00+00:00,161.1,161.1,161.1,161.1,2
2024-10-17T15:30:00+00:00,161.15,161.15,161.0,161.0,161
2024-10-17T15:35:00+00:00,161.0,161.0,161.0,161.0,3
2024-10-17T15:45:00+00:00,161.1,161.1,161.1,161.1,1
2024-10-17T16:00:00+00:00,161.15,161.15,161.15,161.15,2
2024-10-17T16:05:00+00:00,161.05,161.15,161.05,161.15,24
2024-10-17T16:10:00+00:00,161.15,161.15,161.15,161.15,2
2024-10-17T16:15:00+00:00,161.15,161.15,161.15,161.15,3
2024-10-17T16:30:00+00:00,161.1,161.4,161.1,161.4,15
2024-10-17T16:35:00+00:00,161.35,161.35,161.1,161.1,5
2024-10-17T16:40:00+00:00,161.1,161.3,161.1,161.3,14
2024-10-17T16:45:00+00:00,161.3,161.3,161.1,161.2,5
2024-10-17T16:50:00+00:00,161.3,161.4,161.3,161.4,6
2024-10-17T16:55:00+00:00,161.3,161.3,161.3,161.3,1
2024-10-17T17:00:00+00:00,161.4,161.5,161.4,161.5,5
2024-10-17T17:05:00+00:00,161.3,161.5,161.3,161.5,71
2024-10-17T17:10:00+00:00,161.5,161.95,161.1,161.7,56
2024-10-17T17:15:00+00:00,161.6,161.6,161.4,161.4,5
2024-10-17T17:20:00+00:00,161.3,161.3,161.3,161.3,2
2024-10-17T17:25:00+00:00,161.3,161.3,161.2,161.2,5
2024-10-17T17:30:00+00:00,161.3,161.4,161.3,161.4,5
2024-10-17T17:45:00+00:00,161.5,162.0,161.5,161.95,549
2024-10-17T17:50:00+00:00,162.0,162.0,161.9,161.9,23
2024-10-17T17:55:00+00:00,161.95,161.95,161.95,161.95,1
2024-10-17T18:00:00+00:00,161.8,161.9,161.8,161.9,12
2024-10-17T18:05:00+00:00,161.9,161.9,161.8,161.8,8
2024-10-17T18:10:00+00:00,161.8,161.85,161.8,161.8,9
2024-10-17T18:15:00+00:00,161.8,161.8,161.7,161.7,27
2024-10-17T18:20:00+00:00,161.6,161.65,161.3,161.65,100
2024-10-17T18:25:00+00:00,161.5,161.5,161.5,161.5,12
2024-10-17T18:30:00+00:00,161.5,161.5,161.5,161.5,1
2024-10-17T18:35:00+00:00,161.5,161.55,161.4,161.4,9
2024-10-17T18:50:00+00:00,161.5,161.7,161.5,161.7,4
2024-10-17T18:55:00+00:00,161.7,161.7,161.7,161.7,1
2024-10-17T19:00:00+00:00,161.75,162.0,161.75,162.0,202
2024-10-17T19:05:00+00:00,162.0,162.0,161.8,161.8,4
2024-10-17T19:15:00+00:00,161.8,161.9,161.5,161.5,20
2024-10-17T19:20:00+00:00,161.5,161.5,161.5,161.5,5
2024-10-17T19:25:00+00:00,161.6,161.9,161.6,161.9,19
2024-10-17T19:30:00+00:00,161.85,161.85,161.85,161.85,1
2024-10-17T19:40:00+00:00,161.8,161.8,161.8,161.8,4
2024-10-17T19:50:00+00:00,161.8,161.8,161.8,161.8,3
2024-10-17T19:55:00+00:00,161.7,161.7,161.5,161.5,16
2024-10-17T20:00:00+00:00,161.7,161.7,161.65,161.65,2
2024-10-17T20:05:00+00:00,161.65,161.65,161.5,161.5,7
2024-10-17T20:10:00+00:00,161.5,161.7,161.5,161.7,2
2024-10-17T20:15:00+00:00,161.7,161.75,161.7,161.75,6
2024-10-17T20:25:00+00:00,161.75,161.75,161.75,161.75,40
2024-10-17T20:35:00+00:00,161.75,161.9,161.4,161.4,75
2024-10-17T20:40:00+00:00,161.6,161.6,161.6,161.6,1
2024-10-17T20:45:00+00:00,161.5,161.5,161.5,161.5,1
2024-10-18T07:00:00+00:00,161.9,162.05,161.3,161.8,106
2024-10-18T07:05:00+00:00,161.25,162.0,161.05,161.7,49
2024-10-18T07:10:00+00:00,161.95,162.0,160.85,160.85,120
2024-10-18T07:15:00+00:00,161.0,161.0,161.0,161.0,5
2024-10-18T07:20:00+00:00,161.1,161.35,161.1,161.35,12
2024-10-18T07:25:00+00:00,161.4,161.6,161.3,161.3,21
2024-10-18T07:30:00+00:00,161.3,161.3,161.3,161.3,1
2024-10-18T07:35:00+00:00,161.2,161.35,161.2,161.35,10
2024-10-18T07:40:00+00:00,161.35,161.35,161.2,161.2,5
2024-10-18T07:45:00+00:00,161.2,161.35,161.2,161.35,10
2024-10-18T07:50:00+00:00,161.4,161.4,160.7,160.9,128
2024-10-18T07:55:00+00:00,160.9,160.9,160.9,160.9,14
2024-10-18T08:00:00+00:00,160.95,161.0,160.85,160.95,19
2024-10-18T08:05:00+00:00,160.95,160.95,160.95,160.95,11
2024-10-18T08:10:00+00:00,160.95,161.0,160.95,161.0,127
2024-10-18T08:15:00+00:00,161.0,161.0,160.8,160.8,8
2024-10-18T08:20:00+00:00,160.85,160.85,160.85,160.85,8
2024-10-18T08:25:00+00:00,160.8,160.8,160.75,160.75,10
2024-10-18T08:30:00+00:00,160.8,160.9,160.75,160.75,26
2024-10-18T08:35:00+00:00,160.8,160.8,160.75,160.8,11
2024-10-18T08:40:00+00:00,160.75,160.8,160.75,160.8,23
2024-10-18T08:45:00+00:00,160.75,160.9,160.75,160.9,15
2024-10-18T08:50:00+00:00,160.9,160.9,160.9,160.9,20
2024-10-18T08:55:00+00:00,160.9,160.9,160.9,160.9,5
2024-10-18T09:00:00+00:00,160.9,160.9,160.9,160.9,12
2024-10-18T09:05:00+00:00,160.95,161.0,160.95,160.95,35
2024-10-18T09:10:00+00:00,160.8,160.9,160.8,160.9,5
2024-10-18T09:15:00+00:00,160.85,160.9,160.75,160.75,31
2024-10-18T09:20:00+00:00,160.8,160.95,160.75,160.95,10
2024-10-18T09:25:00+00:00,160.95,160.95,160.75,160.9,20
2024-10-18T09:30:00+00:00,160.9,160.9,160.8,160.9,17
2024-10-18T09:35:00+00:00,160.8,161.0,160.8,161.0,436
2024-10-18T09:40:00+00:00,161.0,161.0,161.0,161.0,11
2024-10-18T09:45:00+00:00,161.1,161.1,161.0,161.0,6
2024-10-18T09:50:00+00:00,161.0,161.2,161.0,161.2,9
2024-10-18T09:55:00+00:00,161.1,161.45,161.05,161.45,37
2024-10-18T10:00:00+00:00,161.5,161.55,161.5,161.55,14
2024-10-18T10:05:00+00:00,161.6,161.6,161.5,161.5,2
2024-10-18T10:10:00+00:00,161.45,161.45,161.45,161.45,15
2024-10-18T10:15:00+00:00,161.45,161.65,161.45,161.65,63
2024-10-18T10:20:00+00:00,161.7,161.7,161.3,161.3,8
2024-10-18T10:25:00+00:00,161.3,161.3,161.1,161.1,62
2024-10-18T10:30:00+00:00,161.2,161.7,161.2,161.7,104
2024-10-18T10:35:00+00:00,161.65,161.7,161.65,161.7,7
2024-10-18T10:40:00+00:00,161.7,161.8,161.65,161.8,14
2024-10-18T10:45:00+00:00,161.75,161.8,161.75,161.8,5
2024-10-18T10:50:00+00:00,161.8,161.8,161.65,161.65,39
2024-10-18T10:55:00+00:00,161.7,161.7,161.7,161.7,70
2024-10-18T11:00:00+00:00,161.7,161.7,161.65,161.65,530
2024-10-18T11:05:00+00:00,161.6,161.6,160.3,160.6,1085
2024-10-18T11:10:00+00:00,160.6,160.6,160.6,160.6,1
2024-10-18T11:15:00+00:00,160.6,160.6,160.6,160.6,1
2024-10-18T11:25:00+00:00,160.6,160.9,160.6,160.9,7
2024-10-18T11:30:00+00:00,160.85,160.85,160.85,160.85,2
2024-10-18T11:35:00+00:00,161.0,161.1,161.0,161.1,29
2024-10-18T11:40:00+00:00,161.1,161.2,161.1,161.1,12
2024-10-18T11:45:00+00:00,161.2,161.2,161.0,161.0,7
2024-10-18T11:50:00+00:00,161.0,161.0,161.0,161.0,2
2024-10-18T12:00:00+00:00,160.9,160.9,160.9,160.9,1
2024-10-18T12:05:00+00:00,160.95,160.95,160.95,160.95,4
2024-10-18T12:10:00+00:00,160.95,160.95,160.95,160.95,5
2024-10-18T12:15:00+00:00,160.95,160.95,160.95,160.95,3
2024-10-18T12:20:00+00:00,160.95,160.95,160.95,160.95,53
2024-10-18T12:25:00+00:00,160.95,160.95,160.95,160.95,5
2024-10-18T12:30:00+00:00,160.95,160.95,160.95,160.95,11
2024-10-18T12:35:00+00:00,161.0,161.0,161.0,161.0,14
2024-10-18T12:40:00+00:00,161.0,161.1,161.0,161.1,80
2024-10-18T12:45:00+00:00,161.1,161.1,161.1,161.1,2
2024-10-18T12:50:00+00:00,161.0,161.0,161.0,161.0,1
2024-10-18T13:00:00+00:00,161.1,161.1,161.1,161.1,1
2024-10-18T13:10:00+00:00,161.1,161.4,161.1,161.4,92
2024-10-18T13:15:00+00:00,161.4,161.45,161.4,161.45,6
2024-10-18T13:20:00+00:00,161.5,161.6,161.5,161.6,92
2024-10-18T13:25:00+00:00,161.55,161.8,161.5,161.8,144
2024-10-18T13:30:00+00:00,161.8,161.85,161.8,161.85,3
2024-10-18T13:35:00+00:00,161.85,161.95,161.8,161.8,22
2024-10-18T13:40:00+00:00,161.7,161.7,161.7,161.7,1
2024-10-18T13:45:00+00:00,161.7,161.85,161.7,161.85,5
2024-10-18T13:50:00+00:00,161.7,161.7,161.55,161.55,25
2024-10-18T13:55:00+00:00,161.5,161.6,161.45,161.6,4
2024-10-18T14:05:00+00:00,161.6,161.6,161.6,161.6,2
2024-10-18T14:10:00+00:00,161.5,161.65,161.35,161.65,260
2024-10-18T14:15:00+00:00,161.5,161.5,161.5,161.5,10
2024-10-18T14:20:00+00:00,161.5,161.5,161.5,161.5,2
2024-10-18T14:25:00+00:00,161.4,161.4,161.1,161.2,192
2024-10-18T14:30:00+00:00,161.1,161.1,160.95,160.95,40
2024-10-18T14:35:00+00:00,161.0,161.0,161.0,161.0,3
2024-10-18T14:40:00+00:00,161.0,161.0,161.0,161.0,6
2024-10-18T14:45:00+00:00,161.0,161.0,161.0,161.0,15
2024-10-18T14:50:00+00:00,161.0,161.0,160.95,160.95,4
2024-10-18T14:55:00+00:00,160.95,161.0,160.95,161.0,21
2024-10-18T15:00:00+00:00,160.9,161.0,160.7,161.0,121
2024-10-18T15:05:00+00:00,161.0,161.0,161.0,161.0,13
2024-10-18T15:10:00+00:00,161.05,161.1,161.0,161.1,7
2024-10-18T15:15:00+00:00,161.1,161.1,161.1,161.1,1
2024-10-18T15:25:00+00:00,161.1,161.1,161.1,161.1,2
2024-10-18T15:30:00+00:00,161.1,161.1,161.1,161.1,1
2024-10-18T15:35:00+00:00,161.0,161.1,161.0,161.1,21
2024-10-18T15:45:00+00:00,160.9,160.9,160.9,160.9,4
2024-10-18T16:00:00+00:00,160.8,160.8,160.8,160.8,4
2024-10-18T16:05:00+00:00,160.75,160.75,160.7,160.7,3
2024-10-18T16:10:00+00:00,160.75,160.75,160.7,160.75,4
2024-10-18T16:20:00+00:00,160.8,161.0,160.8,161.0,79
2024-10-18T16:25:00+00:00,160.95,160.95,160.8,160.8,15
2024-10-18T16:30:00+00:00,160.8,161.0,160.8,161.0,73
2024-10-18T16:35:00+00:00,160.8,160.8,160.65,160.65,19
2024-10-18T16:45:00+00:00,160.65,160.9,160.65,160.9,6
2024-10-18T16:50:00+00:00,160.9,160.9,160.9,160.9,1
2024-10-18T16:55:00+00:00,161.0,161.0,160.8,160.8,2
2024-10-18T17:00:00+00:00,160.8,161.0,160.8,161.0,5
2024-10-18T17:05:00+00:00,161.0,161.0,161.0,161.0,16
2024-10-18T17:10:00+00:00,160.85,160.85,160.85,160.85,5
2024-10-18T17:20:00+00:00,161.0,161.0,161.0,161.0,1
2024-10-18T17:30:00+00:00,161.0,161.0,161.0,161.0,6
2024-10-18T17:45:00+00:00,161.0,161.0,161.0,161.0,1
2024-10-18T17:50:00+00:00,161.0,161.1,160.9,161.1,8
2024-10-18T18:00:00+00:00,161.05,161.05,161.0,161.0,7
2024-10-18T18:15:00+00:00,161.0,161.0,161.0,161.0,1
2024-10-18T18:20:00+00:00,161.0,161.0,160.95,160.95,7
2024-10-18T18:30:00+00:00,161.0,161.0,161.0,161.0,1
2024-10-18T18:35:00+00:00,161.1,161.1,161.0,161.0,3
2024-10-18T18:45:00+00:00,161.1,161.1,161.1,161.1,4
2024-10-18T18:50:00+00:00,161.1,161.1,161.1,161.1,8
2024-10-18T18:55:00+00:00,161.2,161.2,161.2,161.2,1
2024-10-18T19:00:00+00:00,161.2,161.25,161.2,161.25,2
2024-10-18T19:10:00+00:00,161.2,161.2,161.2,161.2,1
2024-10-18T19:15:00+00:00,161.25,161.25,161.25,161.25,35
2024-10-18T19:25:00+00:00,161.25,161.25,161.25,161.25,14
2024-10-18T19:45:00+00:00,161.25,161.25,161.1,161.1,221
2024-10-18T19:50:00+00:00,161.25,161.25,161.25,161.25,1
2024-10-18T20:00:00+00:00,161.25,161.25,161.25,161.25,1
2024-10-18T20:05:00+00:00,161.25,161.25,161.25,161.25,5
2024-10-18T20:10:00+00:00,161.3,161.3,161.3,161.3,2
2024-10-18T20:20:00+00:00,161.25,161.25,161.25,161.25,1
2024-10-18T20:25:00+00:00,161.25,161.3,161.25,161.3,48
2024-10-18T20:35:00+00:00,161.25,161.3,161.15,161.3,36
2024-10-18T20:40:00+00:00,161.2,161.25,161.15,161.25,6
2024-10-21T06:55:00+00:00,162.4,162.4,162.4,162.4,1
2024-10-21T07:00:00+00:00,161.4,161.65,161.25,161.5,65
2024-10-21T07:05:00+00:00,161.3,161.3,161.3,161.3,11
2024-10-21T07:10:00+00:00,161.4,161.4,161.4,161.4,7
2024-10-21T07:15:00+00:00,161.4,161.4,161.0,161.0,98
2024-10-21T07:20:00+00:00,161.1,161.85,161.1,161.25,217
2024-10-21T07:25:00+00:00,161.25,161.35,161.25,161.35,25
2024-10-21T07:30:00+00:00,161.2,161.2,161.1,161.1,6
2024-10-21T07:35:00+00:00,161.2,161.3,161.2,161.3,7
2024-10-21T07:40:00+00:00,161.1,161.2,161.05,161.05,136
2024-10-21T07:45:00+00:00,161.05,161.25,160.4,161.25,289
2024-10-21T07:50:00+00:00,161.25,161.25,161.1,161.15,6
2024-10-21T07:55:00+00:00,161.2,161.2,161.1,161.1,4
2024-10-21T08:00:00+00:00,161.0,161.0,160.25,160.25,152
2024-10-21T08:05:00+00:00,160.3,160.4,160.3,160.4,3
2024-10-21T08:10:00+00:00,160.4,160.5,160.4,160.5,10
2024-10-21T08:15:00+00:00,160.45,160.5,160.3,160.5,22
2024-10-21T08:20:00+00:00,160.5,160.65,160.5,160.5,22
2024-10-21T08:25:00+00:00,160.45,160.45,160.0,160.2,356
2024-10-21T08:30:00+00:00,160.2,160.3,160.1,160.1,661
2024-10-21T08:35:00+00:00,160.1,160.1,160.1,160.1,3
2024-10-21T08:40:00+00:00,160.1,160.2,160.1,160.2,10
2024-10-21T08:45:00+00:00,160.2,160.6,160.2,160.6,63
2024-10-21T08:50:00+00:00,160.6,160.6,160.6,160.6,58
2024-10-21T08:55:00+00:00,160.6,160.6,160.6,160.6,1
2024-10-21T09:05:00+00:00,160.5,160.5,160.2,160.2,52
2024-10-21T09:15:00+00:00,160.4,160.5,160.4,160.5,5
2024-10-21T09:20:00+00:00,160.4,160.4,160.4,160.4,1
2024-10-21T09:25:00+00:00,160.45,160.45,160.45,160.45,1
2024-10-21T09:30:00+00:00,160.5,160.6,160.5,160.6,7
2024-10-21T09:35:00+00:00,160.6,160.6,160.6,160.6,3
2024-10-21T09:40:00+00:00,160.65,160.7,160.65,160.7,6
2024-10-21T09:45:00+00:00,160.7,161.05,160.7,161.05,138
2024-10-21T09:50:00+00:00,160.9,161.0,160.9,161.0,7
2024-10-21T09:55:00+00:00,161.0,161.0,161.0,161.0,1
2024-10-21T10:00:00+00:00,160.95,160.95,160.95,160.95,1
2024-10-21T10:05:00+00:00,160.95,160.95,160.8,160.8,5
2024-10-21T10:10:00+00:00,160.9,160.9,160.8,160.85,5
2024-10-21T10:15:00+00:00,160.85,160.85,160.7,160.8,5
2024-10-21T10:20:00+00:00,160.7,160.7,160.25,160.5,60
2024-10-21T10:25:00+00:00,160.5,160.6,160.5,160.6,3
2024-10-21T10:30:00+00:00,160.7,160.75,160.65,160.7,22
2024-10-21T10:35:00+00:00,160.65,160.85,160.4,160.5,16
2024-10-21T10:40:00+00:00,160.6,160.6,160.4,160.4,3
2024-10-21T10:50:00+00:00,160.5,160.5,160.25,160.4,53
2024-10-21T10:55:00+00:00,160.5,160.5,160.3,160.5,18
2024-10-21T11:00:00+00:00,160.4,160.4,160.35,160.35,2
2024-10-21T11:05:00+00:00,160.35,160.35,160.0,160.1,447
2024-10-21T11:10:00+00:00,160.1,160.2,160.1,160.1,4
2024-10-21T11:15:00+00:00,160.1,160.3,160.1,160.3,52
2024-10-21T11:25:00+00:00,160.2,160.2,160.0,160.0,232
2024-10-21T11:30:00+00:00,160.0,160.0,160.0,160.0,14
2024-10-21T11:35:00+00:00,160.0,160.1,160.0,160.1,7
2024-10-21T11:40:00+00:00,160.1,160.1,160.1,160.1,1
2024-10-21T11:45:00+00:00,160.0,160.0,160.0,160.0,8
2024-10-21T11:50:00+00:00,160.0,160.35,158.9,159.05,1620
2024-10-21T11:55:00+00:00,159.0,159.05,158.8,158.8,702
2024-10-21T12:00:00+00:00,158.8,159.0,158.8,158.9,1502
2024-10-21T12:05:00+00:00,158.95,158.95,158.9,158.95,42
2024-10-21T12:10:00+00:00,158.95,158.95,158.95,158.95,100
2024-10-21T12:15:00+00:00,159.0,159.0,158.65,158.7,106
2024-10-21T12:20:00+00:00,158.75,158.75,158.6,158.6,31
2024-10-21T12:25:00+00:00,158.6,158.7,158.6,158.65,81
2024-10-21T12:30:00+00:00,158.6,158.75,158.35,158.75,145
2024-10-21T12:35:00+00:00,158.75,158.75,158.45,158.65,369
2024-10-21T12:40:00+00:00,158.65,158.75,158.45,158.45,94
2024-10-21T12:45:00+00:00,158.45,158.45,158.25,158.25,310
2024-10-21T12:50:00+00:00,158.25,158.25,158.0,158.0,452
2024-10-21T12:55:00+00:00,158.0,158.1,158.0,158.05,29
2024-10-21T13:00:00+00:00,158.1,158.1,158.0,158.0,42
2024-10-21T13:05:00+00:00,158.0,158.0,157.95,157.95,121
2024-10-21T13:10:00+00:00,157.95,158.0,157.9,158.0,40
2024-10-21T13:15:00+00:00,158.0,158.0,157.8,157.8,109
2024-10-21T13:20:00+00:00,157.8,157.8,157.8,157.8,69
2024-10-21T13:25:00+00:00,157.75,157.75,157.7,157.75,79
2024-10-21T13:30:00+00:00,157.75,157.8,157.7,157.75,55
2024-10-21T13:35:00+00:00,157.75,157.8,157.75,157.8,64
2024-10-21T13:40:00+00:00,157.8,157.8,157.75,157.75,22
2024-10-21T13:45:00+00:00,157.8,157.8,157.8,157.8,5
2024-10-21T13:50:00+00:00,157.8,157.8,157.75,157.75,19
2024-10-21T13:55:00+00:00,157.8,157.8,157.75,157.8,15
2024-10-21T14:00:00+00:00,157.8,157.8,157.75,157.8,134
2024-10-21T14:05:00+00:00,157.8,157.8,157.75,157.8,73
2024-10-21T14:10:00+00:00,157.8,157.95,157.8,157.9,187
2024-10-21T14:15:00+00:00,157.9,158.0,157.9,158.0,26
2024-10-21T14:20:00+00:00,157.95,158.0,157.9,157.9,40
2024-10-21T14:25:00+00:00,157.95,157.95,157.9,157.9,25
2024-10-21T14:30:00+00:00,157.95,158.0,157.9,157.9,37
2024-10-21T14:35:00+00:00,157.9,157.9,157.9,157.9,17
2024-10-21T14:40:00+00:00,157.9,157.95,157.9,157.95,18
2024-10-21T14:45:00+00:00,157.95,158.0,157.95,157.95,6
2024-10-21T14:50:00+00:00,157.95,157.95,157.8,157.8,53
2024-10-21T14:55:00+00:00,157.85,157.85,157.85,157.85,20
2024-10-21T15:00:00+00:00,157.8,157.85,157.8,157.85,43
2024-10-21T15:05:00+00:00,157.85,157.85,157.8,157.8,16
2024-10-21T15:10:00+00:00,157.85,157.85,157.7,157.7,39
2024-10-21T15:15:00+00:00,157.75,157.8,157.7,157.75,78
2024-10-21T15:20:00+00:00,157.7,157.7,157.7,157.7,35
2024-10-21T15:25:00+00:00,157.75,157.75,157.75,157.75,6
2024-10-21T15:30:00+00:00,157.8,157.8,157.7,157.75,36
2024-10-21T15:35:00+00:00,157.8,157.8,157.7,157.8,3
2024-10-21T15:45:00+00:00,157.85,157.85,157.85,157.85,9
2024-10-21T16:00:00+00:00,157.85,157.85,157.85,157.85,5
2024-10-21T16:05:00+00:00,157.85,157.85,157.85,157.85,18
2024-10-21T16:10:00+00:00,157.85,158.0,157.85,158.0,58
2024-10-21T16:15:00+00:00,157.95,157.95,157.9,157.9,9
2024-10-21T16:20:00+00:00,157.95,157.95,157.95,157.95,6
2024-10-21T16:25:00+00:00,157.95,157.95,157.95,157.95,105
2024-10-21T16:30:00+00:00,157.95,157.95,157.95,157.95,1
2024-10-21T16:35:00+00:00,157.9,157.9,157.8,157.8,13
2024-10-21T16:40:00+00:00,157.85,157.85,157.8,157.8,2
2024-10-21T16:50:00+00:00,157.85,157.85,157.85,157.85,5
2024-10-21T16:55:00+00:00,157.9,157.9,157.9,157.9,6
2024-10-21T17:00:00+00:00,157.9,157.9,157.9,157.9,2
2024-10-21T17:05:00+00:00,157.95,158.0,157.95,158.0,32
2024-10-21T17:10:00+00:00,157.9,157.9,157.9,157.9,18
2024-10-21T17:15:00+00:00,158.0,158.0,158.0,158.0,3
2024-10-21T17:25:00+00:00,158.0,158.0,158.0,158.0,1
2024-10-21T17:30:00+00:00,158.0,158.0,158.0,158.0,5
2024-10-21T17:40:00+00:00,157.9,157.9,157.9,157.9,3
2024-10-21T17:50:00+00:00,157.95,157.95,157.95,157.95,4
2024-10-21T17:55:00+00:00,157.9,157.95,157.85,157.85,33
2024-10-21T18:00:00+00:00,157.9,158.0,157.9,157.95,74
2024-10-21T18:05:00+00:00,157.95,157.95,157.95,157.95,1
2024-10-21T18:15:00+00:00,157.85,157.95,157.85,157.95,10
2024-10-21T18:20:00+00:00,157.95,157.95,157.95,157.95,1
2024-10-21T18:30:00+00:00,158.0,158.0,158.0,158.0,5
2024-10-21T18:35:00+00:00,157.95,157.95,157.95,157.95,1
2024-10-21T18:45:00+00:00,157.95,158.0,157.95,158.0,54
2024-10-21T18:50:00+00:00,157.95,157.95,157.8,157.8,63
2024-10-21T18:55:00+00:00,157.85,157.85,157.85,157.85,1
2024-10-21T19:00:00+00:00,157.8,157.8,157.8,157.8,7
2024-10-21T19:05:00+00:00,157.8,157.8,157.8,157.8,4
2024-10-21T19:10:00+00:00,157.8,157.8,157.8,157.8,3
2024-10-21T19:15:00+00:00,157.75,157.75,157.75,157.75,1
2024-10-21T19:20:00+00:00,157.75,157.8,157.75,157.8,15
2024-10-21T19:25:00+00:00,157.8,157.8,157.8,157.8,3
2024-10-21T19:45:00+00:00,157.85,157.85,157.8,157.8,3
2024-10-21T19:55:00+00:00,157.85,157.85,157.85,157.85,1
2024-10-21T20:00:00+00:00,157.85,157.85,157.85,157.85,2
2024-10-21T20:10:00+00:00,157.85,157.85,157.85,157.85,2
2024-10-21T20:20:00+00:00,157.85,157.9,157.85,157.9,6
2024-10-21T20:25:00+00:00,157.95,157.95,157.95,157.95,2
2024-10-21T20:45:00+00:00,157.95,157.95,157.95,157.95,8
2024-10-22T06:55:00+00:00,158.0,158.0,158.0,158.0,10
2024-10-22T07:00:00+00:00,158.7,158.9,158.35,158.35,38
2024-10-22T07:05:00+00:00,158.4,158.5,158.15,158.2,38
2024-10-22T07:10:00+00:00,158.2,158.2,158.0,158.05,48
2024-10-22T07:15:00+00:00,158.05,158.2,158.05,158.2,10
2024-10-22T07:20:00+00:00,158.15,158.15,158.05,158.05,68
2024-10-22T07:25:00+00:00,158.1,158.2,158.1,158.1,22
2024-10-22T07:30:00+00:00,158.2,158.2,158.1,158.1,23
2024-10-22T07:35:00+00:00,158.1,158.2,158.05,158.1,55
2024-10-22T07:40:00+00:00,158.05,158.05,158.0,158.0,111
2024-10-22T07:45:00+00:00,157.9,157.9,157.55,157.55,271
2024-10-22T07:50:00+00:00,157.55,157.6,157.45,157.55,179
2024-10-22T07:55:00+00:00,157.55,157.55,157.55,157.55,35
2024-10-22T08:00:00+00:00,157.6,157.6,157.45,157.45,13
2024-10-22T08:05:00+00:00,157.5,157.6,157.0,157.3,488
2024-10-22T08:10:00+00:00,157.3,157.3,157.0,157.0,104
2024-10-22T08:15:00+00:00,157.05,157.3,157.0,157.0,21
2024-10-22T08:20:00+00:00,157.1,157.6,157.0,157.5,104
2024-10-22T08:25:00+00:00,157.5,157.55,157.5,157.55,70
2024-10-22T08:30:00+00:00,157.6,157.6,157.2,157.2,156
2024-10-22T08:35:00+00:00,157.15,157.3,157.15,157.3,34
2024-10-22T08:40:00+00:00,157.25,157.4,157.2,157.4,20
2024-10-22T08:45:00+00:00,157.3,157.35,157.2,157.35,8
2024-10-22T08:50:00+00:00,157.35,157.45,157.35,157.45,12
2024-10-22T08:55:00+00:00,157.45,157.6,157.45,157.6,8
2024-10-22T09:00:00+00:00,157.55,157.55,157.55,157.55,21
2024-10-22T09:05:00+00:00,157.6,157.6,157.6,157.6,2
2024-10-22T09:10:00+00:00,157.6,157.6,157.55,157.55,14
2024-10-22T09:15:00+00:00,157.6,157.6,157.6,157.6,43
2024-10-22T09:20:00+00:00,157.6,157.6,157.6,157.6,12
2024-10-22T09:25:00+00:00,157.55,157.6,157.55,157.6,3
2024-10-22T09:30:00+00:00,157.6,157.6,157.55,157.6,12
2024-10-22T09:35:00+00:00,157.6,157.6,157.6,157.6,1
2024-10-22T09:40:00+00:00,157.6,157.6,157.6,157.6,6
2024-10-22T09:45:00+00:00,157.55,157.55,157.5,157.55,373
2024-10-22T09:50:00+00:00,157.5,157.5,157.45,157.45,26
2024-10-22T09:55:00+00:00,157.4,157.5,157.4,157.5,587
2024-10-22T10:00:00+00:00,157.5,157.5,157.5,157.5,3
2024-10-22T10:05:00+00:00,157.5,157.5,157.45,157.45,4
2024-10-22T10:10:00+00:00,157.5,157.5,157.5,157.5,2
2024-10-22T10:15:00+00:00,157.45,157.45,157.45,157.45,2
2024-10-22T10:20:00+00:00,157.4,157.4,157.4,157.4,1
2024-10-22T10:25:00+00:00,157.4,157.4,157.4,157.4,3
2024-10-22T10:30:00+00:00,157.4,157.4,157.4,157.4,1
2024-10-22T10:35:00+00:00,157.4,157.5,157.4,157.5,9
2024-10-22T10:40:00+00:00,157.5,157.5,157.4,157.5,13
2024-10-22T10:45:00+00:00,157.5,157.5,157.5,157.5,10
2024-10-22T10:50:00+00:00,157.4,157.4,157.4,157.4,1
2024-10-22T10:55:00+00:00,157.55,157.55,157.55,157.55,58
2024-10-22T11:00:00+00:00,157.55,157.55,157.55,157.55,8
2024-10-22T11:05:00+00:00,157.55,157.55,157.0,157.0,304
2024-10-22T11:15:00+00:00,157.2,157.2,157.2,157.2,2
2024-10-22T11:20:00+00:00,157.15,157.4,157.15,157.3,16
2024-10-22T11:30:00+00:00,157.25,157.25,157.1,157.1,17
2024-10-22T11:35:00+00:00,157.2,157.55,157.2,157.55,218
2024-10-22T11:40:00+00:00,157.4,157.5,157.25,157.35,12
2024-10-22T11:45:00+00:00,157.5,157.55,157.5,157.55,5
2024-10-22T11:50:00+00:00,157.55,157.55,157.55,157.55,2
2024-10-22T11:55:00+00:00,157.55,157.55,157.4,157.4,2
2024-10-22T12:05:00+00:00,157.4,157.55,157.4,157.55,6
2024-10-22T12:10:00+00:00,157.55,157.6,157.55,157.6,75
2024-10-22T12:15:00+00:00,157.55,157.55,157.55,157.55,154
2024-10-22T12:20:00+00:00,157.6,157.6,157.6,157.6,1
2024-10-22T12:30:00+00:00,157.6,157.6,157.6,157.6,100
2024-10-22T12:35:00+00:00,157.55,157.55,157.55,157.55,1
2024-10-22T12:40:00+00:00,157.55,157.6,157.55,157.55,12
2024-10-22T12:45:00+00:00,157.55,157.55,157.55,157.55,7
2024-10-22T12:50:00+00:00,157.6,157.6,157.55,157.6,26
2024-10-22T12:55:00+00:00,157.55,157.6,157.55,157.6,7
2024-10-22T13:00:00+00:00,157.6,157.6,157.55,157.55,3
2024-10-22T13:05:00+00:00,157.55,157.55,157.4,157.4,53
2024-10-22T13:10:00+00:00,157.4,157.45,157.3,157.3,30
2024-10-22T13:15:00+00:00,157.3,157.5,157.3,157.4,7
2024-10-22T13:20:00+00:00,157.5,157.6,157.5,157.6,2
2024-10-22T13:25:00+00:00,157.4,157.4,157.4,157.4,100
2024-10-22T13:30:00+00:00,157.4,157.4,157.35,157.35,34
2024-10-22T13:35:00+00:00,157.4,157.4,157.4,157.4,1
2024-10-22T13:40:00+00:00,157.35,157.4,157.3,157.3,17
2024-10-22T13:55:00+00:00,157.4,157.4,157.2,157.2,15
2024-10-22T14:05:00+00:00,157.3,157.3,157.3,157.3,2
2024-10-22T14:10:00+00:00,157.25,157.25,156.85,156.85,540
2024-10-22T14:15:00+00:00,156.9,156.95,156.9,156.95,29
2024-10-22T14:20:00+00:00,156.95,156.95,156.95,156.95,2
2024-10-22T14:25:00+00:00,156.95,156.95,156.9,156.95,14
2024-10-22T14:30:00+00:00,156.95,156.95,156.95,156.95,17
2024-10-22T14:35:00+00:00,156.95,156.95,156.9,156.9,16
2024-10-22T14:40:00+00:00,156.9,156.95,156.9,156.95,10
2024-10-22T14:45:00+00:00,156.95,156.95,156.7,156.8,117
2024-10-22T14:50:00+00:00,156.8,156.85,156.55,156.55,210
2024-10-22T14:55:00+00:00,156.5,156.55,156.35,156.5,66
2024-10-22T15:00:00+00:00,156.55,156.55,156.35,156.35,26
2024-10-22T15:05:00+00:00,156.4,156.4,156.25,156.4,54
2024-10-22T15:10:00+00:00,156.25,156.3,155.9,156.0,185
2024-10-22T15:15:00+00:00,156.0,156.0,156.0,156.0,28
2024-10-22T15:20:00+00:00,155.9,155.95,155.7,155.95,181
2024-10-22T15:25:00+00:00,155.95,156.1,155.95,156.0,150
2024-10-22T15:30:00+00:00,156.0,156.0,155.9,155.9,142
2024-10-22T15:35:00+00:00,156.0,156.0,155.9,156.0,24
2024-10-22T15:45:00+00:00,156.0,156.0,156.0,156.0,3
2024-10-22T16:05:00+00:00,155.95,156.0,155.95,156.0,21
2024-10-22T16:10:00+00:00,156.0,156.0,156.0,156.0,17
2024-10-22T16:15:00+00:00,156.0,156.0,156.0,156.0,11
2024-10-22T16:20:00+00:00,156.0,156.2,155.9,156.2,39
2024-10-22T16:25:00+00:00,156.0,156.0,155.9,155.9,6
2024-10-22T16:30:00+00:00,156.05,156.2,156.05,156.2,10
2024-10-22T16:35:00+00:00,156.1,156.1,156.1,156.1,4
2024-10-22T16:40:00+00:00,156.1,156.1,156.1,156.1,2
2024-10-22T16:45:00+00:00,156.0,156.1,156.0,156.1,5
2024-10-22T16:55:00+00:00,156.0,156.0,154.95,155.0,2013
2024-10-22T17:00:00+00:00,155.0,155.0,155.0,155.0,239
2024-10-22T17:05:00+00:00,155.1,155.1,155.1,155.1,11
2024-10-22T17:10:00+00:00,155.2,155.4,155.2,155.4,9
2024-10-22T17:15:00+00:00,155.4,156.05,155.4,155.9,81
2024-10-22T17:20:00+00:00,155.9,155.95,155.6,155.95,26
2024-10-22T17:35:00+00:00,155.95,156.1,155.95,156.1,13
2024-10-22T17:45:00+00:00,156.1,156.1,155.9,155.9,54
2024-10-22T17:50:00+00:00,155.8,156.0,155.8,156.0,17
2024-10-22T18:15:00+00:00,156.1,156.1,156.1,156.1,2
2024-10-22T18:20:00+00:00,156.1,156.1,156.0,156.0,10
2024-10-22T18:25:00+00:00,156.0,156.0,156.0,156.0,1
2024-10-22T18:30:00+00:00,156.1,156.2,156.1,156.2,11
2024-10-22T18:35:00+00:00,156.1,156.1,156.1,156.1,2
2024-10-22T18:40:00+00:00,156.1,156.1,156.0,156.0,20
2024-10-22T18:45:00+00:00,155.9,155.9,155.7,155.7,78
2024-10-22T18:50:00+00:00,155.8,155.8,155.8,155.8,1
2024-10-22T18:55:00+00:00,155.7,155.7,155.4,155.4,101
2024-10-22T19:00:00+00:00,155.3,155.3,155.3,155.3,6
2024-10-22T19:05:00+00:00,155.4,155.5,155.4,155.5,3
2024-10-22T19:10:00+00:00,155.5,155.7,155.5,155.7,5
2024-10-22T19:15:00+00:00,155.8,155.8,155.8,155.8,1
2024-10-22T19:25:00+00:00,155.7,155.7,155.7,155.7,1
2024-10-22T19:30:00+00:00,155.8,155.8,155.8,155.8,1
2024-10-22T19:40:00+00:00,155.9,155.9,155.9,155.9,1
2024-10-22T19:45:00+00:00,155.8,155.8,155.8,155.8,1
2024-10-22T19:50:00+00:00,155.9,156.0,155.9,156.0,19
2024-10-22T20:00:00+00:00,155.9,155.9,155.7,155.8,55
2024-10-22T20:05:00+00:00,155.7,155.7,155.55,155.65,23
2024-10-22T20:10:00+00:00,155.65,155.65,155.65,155.65,2
2024-10-22T20:40:00+00:00,155.7,155.8,155.65,155.7,7
2024-10-22T20:45:00+00:00,155.65,155.8,155.55,155.55,29
2024-10-23T07:00:00+00:00,155.5,155.7,155.2,155.65,71
2024-10-23T07:05:00+00:00,155.95,155.95,155.4,155.4,23
2024-10-23T07:10:00+00:00,155.35,155.35,155.2,155.25,14
2024-10-23T07:15:00+00:00,155.4,155.4,155.4,155.4,3
2024-10-23T07:25:00+00:00,155.4,155.4,155.35,155.35,7
2024-10-23T07:30:00+00:00,155.3,155.3,155.3,155.3,1
2024-10-23T07:35:00+00:00,155.35,155.35,155.35,155.35,2
2024-10-23T07:40:00+00:00,155.35,155.4,155.2,155.2,25
2024-10-23T07:45:00+00:00,155.25,155.4,155.2,155.3,77
2024-10-23T07:50:00+00:00,155.3,155.4,155.2,155.4,8
2024-10-23T07:55:00+00:00,155.4,155.4,155.15,155.3,36
2024-10-23T08:00:00+00:00,155.3,155.3,155.3,155.3,18
2024-10-23T08:10:00+00:00,155.3,155.4,155.15,155.15,28
2024-10-23T08:15:00+00:00,155.15,155.3,155.15,155.3,25
2024-10-23T08:20:00+00:00,155.2,155.3,155.15,155.3,14
2024-10-23T08:25:00+00:00,155.3,155.4,155.3,155.4,31
2024-10-23T08:30:00+00:00,155.4,155.4,155.4,155.4,3
2024-10-23T08:35:00+00:00,155.35,155.4,155.35,155.35,6
2024-10-23T08:40:00+00:00,155.4,155.4,155.4,155.4,5
2024-10-23T08:45:00+00:00,155.4,155.5,155.4,155.5,158
2024-10-23T08:50:00+00:00,155.5,155.5,155.4,155.5,56
2024-10-23T08:55:00+00:00,155.5,155.5,155.5,155.5,40
2024-10-23T09:00:00+00:00,155.5,155.5,155.5,155.5,167
2024-10-23T09:05:00+00:00,155.4,155.5,155.4,155.5,4
2024-10-23T09:10:00+00:00,155.4,155.4,155.05,155.4,166
2024-10-23T09:15:00+00:00,155.45,155.5,155.4,155.5,183
2024-10-23T09:20:00+00:00,155.4,155.5,155.4,155.4,70
2024-10-23T09:25:00+00:00,155.5,155.5,155.5,155.5,22
2024-10-23T09:30:00+00:00,155.5,155.5,155.4,155.4,125
2024-10-23T09:35:00+00:00,155.5,155.5,155.4,155.5,410
2024-10-23T09:40:00+00:00,155.5,155.5,155.4,155.5,43
2024-10-23T09:45:00+00:00,155.5,155.5,155.4,155.4,3
2024-10-23T09:50:00+00:00,155.3,155.3,155.0,155.0,252
2024-10-23T09:55:00+00:00,154.95,155.0,154.9,155.0,32
2024-10-23T10:00:00+00:00,154.9,154.9,154.9,154.9,15
2024-10-23T10:05:00+00:00,155.0,155.0,154.7,154.85,148
2024-10-23T10:15:00+00:00,155.0,155.0,155.0,155.0,2
2024-10-23T10:20:00+00:00,155.0,155.0,155.0,155.0,17
2024-10-23T10:25:00+00:00,155.0,155.0,155.0,155.0,5
2024-10-23T10:30:00+00:00,154.9,155.0,154.9,155.0,53
2024-10-23T10:35:00+00:00,154.9,154.9,154.9,154.9,11
2024-10-23T10:40:00+00:00,154.95,154.95,154.9,154.95,29
2024-10-23T10:45:00+00:00,154.95,154.95,154.3,154.6,226
2024-10-23T10:50:00+00:00,154.6,154.7,154.5,154.6,26
2024-10-23T10:55:00+00:00,154.65,154.65,154.5,154.65,7
2024-10-23T11:00:00+00:00,154.7,154.75,154.7,154.75,7
2024-10-23T11:05:00+00:00,154.75,154.75,154.7,154.7,21
2024-10-23T11:10:00+00:00,154.75,154.8,154.75,154.8,2
2024-10-23T11:15:00+00:00,154.8,154.8,154.6,154.8,19
2024-10-23T11:20:00+00:00,154.75,154.75,154.6,154.6,13
2024-10-23T11:25:00+00:00,154.55,154.7,154.55,154.7,56
2024-10-23T11:30:00+00:00,154.6,155.0,154.0,154.8,680
2024-10-23T11:35:00+00:00,154.8,154.8,154.7,154.75,6
2024-10-23T11:40:00+00:00,154.6,154.8,154.0,154.8,286
2024-10-23T11:45:00+00:00,154.85,154.85,154.8,154.8,162
2024-10-23T11:50:00+00:00,154.7,154.75,154.35,154.4,226
2024-10-23T11:55:00+00:00,154.5,154.8,154.35,154.7,129
2024-10-23T12:00:00+00:00,154.75,154.85,154.35,154.75,139
2024-10-23T12:05:00+00:00,154.75,154.8,154.35,154.35,27
2024-10-23T12:10:00+00:00,154.35,154.35,154.35,154.35,3
2024-10-23T12:15:00+00:00,154.35,154.35,153.9,153.9,250
2024-10-23T12:20:00+00:00,153.95,153.95,153.7,153.95,163
2024-10-23T12:25:00+00:00,153.95,153.95,153.8,153.95,13
2024-10-23T12:30:00+00:00,153.95,154.35,153.95,154.35,101
2024-10-23T12:35:00+00:00,154.2,154.2,153.5,153.85,412
2024-10-23T12:40:00+00:00,153.85,153.85,153.7,153.7,4
2024-10-23T12:45:00+00:00,153.8,153.8,153.8,153.8,3
2024-10-23T12:50:00+00:00,153.8,153.85,153.2,153.85,425
2024-10-23T12:55:00+00:00,153.8,153.85,153.8,153.85,6
2024-10-23T13:00:00+00:00,153.8,153.8,153.8,153.8,2
2024-10-23T13:05:00+00:00,153.8,153.9,153.8,153.8,46
2024-10-23T13:10:00+00:00,153.8,154.1,153.8,154.1,462
2024-10-23T13:15:00+00:00,154.2,154.65,154.2,154.65,35
2024-10-23T13:20:00+00:00,154.6,154.6,154.6,154.6,5
2024-10-23T13:30:00+00:00,154.65,154.65,154.35,154.35,7
2024-10-23T13:35:00+00:00,154.45,154.7,154.45,154.7,19
2024-10-23T13:40:00+00:00,154.7,154.7,154.7,154.7,5
2024-10-23T13:45:00+00:00,154.75,154.75,154.75,154.75,5
2024-10-23T13:50:00+00:00,154.7,154.7,154.6,154.6,4
2024-10-23T13:55:00+00:00,154.8,154.8,154.8,154.8,1
2024-10-23T14:00:00+00:00,154.8,154.85,154.35,154.45,57
2024-10-23T14:05:00+00:00,154.45,154.45,154.45,154.45,1
2024-10-23T14:10:00+00:00,154.6,154.95,154.4,154.4,148
2024-10-23T14:15:00+00:00,154.5,154.5,154.5,154.5,1
2024-10-23T14:20:00+00:00,154.4,154.4,154.4,154.4,2
2024-10-23T14:30:00+00:00,154.35,154.5,154.35,154.5,2
2024-10-23T14:35:00+00:00,154.5,154.8,154.5,154.8,84
2024-10-23T14:40:00+00:00,154.8,154.8,154.6,154.6,103
2024-10-23T14:45:00+00:00,154.65,154.65,154.65,154.65,7
2024-10-23T14:50:00+00:00,154.8,154.85,154.8,154.85,42
2024-10-23T14:55:00+00:00,154.9,154.95,154.8,154.95,30
2024-10-23T15:00:00+00:00,154.8,154.8,154.8,154.8,1
2024-10-23T15:05:00+00:00,154.95,154.95,154.95,154.95,10
2024-10-23T15:10:00+00:00,154.8,154.8,154.8,154.8,1
2024-10-23T15:15:00+00:00,154.8,154.8,154.6,154.6,20
2024-10-23T15:20:00+00:00,154.65,154.65,154.6,154.6,114
2024-10-23T15:25:00+00:00,154.6,154.6,154.6,154.6,5
2024-10-23T15:30:00+00:00,154.5,154.6,154.3,154.6,122
2024-10-23T15:35:00+00:00,154.6,154.6,154.6,154.6,52
2024-10-23T15:45:00+00:00,154.6,154.6,154.6,154.6,22
2024-10-23T16:00:00+00:00,154.7,154.7,154.7,154.7,2
2024-10-23T16:05:00+00:00,154.75,154.75,154.75,154.75,1
2024-10-23T16:10:00+00:00,154.8,154.8,154.8,154.8,4
2024-10-23T16:20:00+00:00,154.85,154.85,154.85,154.85,1
2024-10-23T16:25:00+00:00,154.9,154.95,154.9,154.95,65
2024-10-23T16:30:00+00:00,154.85,154.85,154.85,154.85,1
2024-10-23T16:35:00+00:00,154.8,154.8,154.7,154.7,21
2024-10-23T16:45:00+00:00,154.7,154.7,153.5,154.6,740
2024-10-23T16:50:00+00:00,154.4,154.4,153.7,153.9,41
2024-10-23T16:55:00+00:00,154.0,154.6,154.0,154.55,22
2024-10-23T17:00:00+00:00,154.55,154.55,154.55,154.55,1
2024-10-23T17:05:00+00:00,154.6,154.6,154.6,154.6,1
2024-10-23T17:15:00+00:00,154.6,154.7,154.6,154.6,20
2024-10-23T17:20:00+00:00,154.5,154.5,154.3,154.5,8
2024-10-23T17:25:00+00:00,154.55,154.55,154.55,154.55,1
2024-10-23T17:35:00+00:00,154.55,154.55,154.55,154.55,7
2024-10-23T17:45:00+00:00,154.55,154.55,154.55,154.55,1
2024-10-23T17:55:00+00:00,154.55,154.55,154.55,154.55,1
2024-10-23T18:10:00+00:00,154.6,154.6,154.55,154.55,5
2024-10-23T18:15:00+00:00,154.6,154.6,154.6,154.6,2
2024-10-23T18:20:00+00:00,154.5,154.5,154.4,154.4,7
2024-10-23T18:25:00+00:00,154.45,154.45,154.45,154.45,1
2024-10-23T18:30:00+00:00,154.45,154.45,153.4,153.75,1238
2024-10-23T18:40:00+00:00,153.8,153.8,153.5,153.5,15
2024-10-23T18:45:00+00:00,153.5,153.7,153.45,153.7,69
2024-10-23T18:50:00+00:00,153.8,153.8,153.7,153.7,3
2024-10-23T18:55:00+00:00,153.8,153.8,153.8,153.8,1
2024-10-23T19:00:00+00:00,153.7,153.7,153.5,153.5,5
2024-10-23T19:05:00+00:00,153.6,153.6,153.6,153.6,1
2024-10-23T19:10:00+00:00,153.6,153.6,153.5,153.5,15
2024-10-23T19:15:00+00:00,153.5,153.6,153.2,153.2,53
2024-10-23T19:20:00+00:00,153.4,153.8,153.35,153.55,39
2024-10-23T19:30:00+00:00,153.7,153.8,153.7,153.8,8
2024-10-23T19:35:00+00:00,153.65,153.8,153.65,153.8,11
2024-10-23T19:45:00+00:00,153.65,153.65,153.65,153.65,1
2024-10-23T19:55:00+00:00,153.7,153.75,153.7,153.75,2
2024-10-23T20:00:00+00:00,153.75,153.75,153.75,153.75,1
2024-10-23T20:05:00+00:00,153.7,153.75,153.7,153.75,2
2024-10-23T20:10:00+00:00,153.75,153.75,153.75,153.75,1
2024-10-23T20:20:00+00:00,153.75,153.8,153.75,153.8,15
2024-10-23T20:25:00+00:00,153.9,154.3,153.9,154.3,108
2024-10-23T20:30:00+00:00,154.35,154.35,154.35,154.35,120
2024-10-23T20:35:00+00:00,154.3,154.3,154.3,154.3,28
2024-10-24T06:55:00+00:00,155.9,155.9,155.9,155.9,12
2024-10-24T07:00:00+00:00,154.85,155.7,154.0,154.45,344
2024-10-24T07:05:00+00:00,154.4,154.45,154.0,154.4,131
2024-10-24T07:10:00+00:00,154.4,154.45,154.4,154.45,20
2024-10-24T07:15:00+00:00,154.3,154.45,154.3,154.45,26
2024-10-24T07:20:00+00:00,154.45,154.45,154.05,154.15,41
2024-10-24T07:25:00+00:00,154.15,154.15,154.15,154.15,1
2024-10-24T07:30:00+00:00,154.1,154.2,154.05,154.2,8
2024-10-24T07:35:00+00:00,154.2,154.4,154.15,154.3,37
2024-10-24T07:40:00+00:00,154.2,154.2,153.5,153.6,203
2024-10-24T07:45:00+00:00,153.5,153.95,153.5,153.95,184
2024-10-24T07:50:00+00:00,154.0,154.25,153.6,153.6,184
2024-10-24T07:55:00+00:00,153.7,154.1,153.7,153.75,65
2024-10-24T08:00:00+00:00,153.7,153.75,153.5,153.75,61
2024-10-24T08:05:00+00:00,153.6,153.75,153.4,153.6,46
2024-10-24T08:10:00+00:00,153.7,153.75,153.7,153.75,246
2024-10-24T08:15:00+00:00,153.8,154.6,153.8,154.6,231
2024-10-24T08:20:00+00:00,154.55,155.1,154.55,155.1,422
2024-10-24T08:25:00+00:00,155.1,155.55,155.0,155.5,395
2024-10-24T08:30:00+00:00,155.5,155.95,155.5,155.95,117
2024-10-24T08:35:00+00:00,155.85,155.85,155.8,155.85,45
2024-10-24T08:40:00+00:00,155.85,155.9,155.85,155.85,47
2024-10-24T08:45:00+00:00,155.9,155.9,155.9,155.9,13
2024-10-24T08:50:00+00:00,155.9,156.0,155.85,155.85,46
2024-10-24T08:55:00+00:00,155.85,155.85,155.6,155.6,25
2024-10-24T09:00:00+00:00,155.6,155.6,155.55,155.55,3
2024-10-24T09:05:00+00:00,155.55,155.55,155.25,155.45,52
2024-10-24T09:10:00+00:00,155.45,155.5,155.05,155.15,148
2024-10-24T09:15:00+00:00,155.15,155.15,154.0,154.0,1472
2024-10-24T09:20:00+00:00,154.1,155.0,154.1,154.9,303
2024-10-24T09:25:00+00:00,154.8,154.8,154.0,154.0,102
2024-10-24T09:30:00+00:00,153.9,153.9,153.75,153.8,24
2024-10-24T09:35:00+00:00,153.9,154.0,153.8,154.0,86
2024-10-24T09:40:00+00:00,153.95,154.1,153.8,153.8,246
2024-10-24T09:45:00+00:00,153.85,153.85,153.0,153.3,2195
2024-10-24T09:50:00+00:00,153.2,153.9,151.9,152.0,2311
2024-10-24T09:55:00+00:00,152.0,153.0,151.35,152.9,1511
2024-10-24T10:00:00+00:00,152.9,153.0,152.55,153.0,2298
2024-10-24T10:05:00+00:00,153.0,153.2,152.9,153.2,27
2024-10-24T10:10:00+00:00,153.3,153.9,153.3,153.9,72
2024-10-24T10:15:00+00:00,153.9,153.9,153.25,153.25,48
2024-10-24T10:20:00+00:00,153.4,153.4,153.15,153.15,36
2024-10-24T10:25:00+00:00,153.3,153.3,153.2,153.2,3
2024-10-24T10:30:00+00:00,153.2,153.3,153.0,153.3,79
2024-10-24T10:35:00+00:00,153.3,153.6,153.25,153.6,67
2024-10-24T10:40:00+00:00,153.7,153.85,153.3,153.5,57
2024-10-24T10:45:00+00:00,153.5,153.5,153.05,153.05,47
2024-10-24T10:50:00+00:00,153.05,153.2,153.05,153.2,7
2024-10-24T10:55:00+00:00,153.15,153.15,153.0,153.0,107
2024-10-24T11:00:00+00:00,153.1,153.2,153.1,153.2,4
2024-10-24T11:05:00+00:00,153.3,153.4,153.3,153.4,4
2024-10-24T11:10:00+00:00,153.45,153.6,152.8,153.6,1069
2024-10-24T11:15:00+00:00,153.65,153.7,152.9,153.0,73
2024-10-24T11:20:00+00:00,152.95,153.15,152.8,153.05,41
2024-10-24T11:25:00+00:00,153.2,153.35,153.2,153.35,9
2024-10-24T11:30:00+00:00,153.35,153.35,153.35,153.35,24
2024-10-24T11:35:00+00:00,153.35,153.35,153.35,153.35,70
2024-10-24T11:40:00+00:00,153.2,153.3,152.9,153.05,34
2024-10-24T11:45:00+00:00,153.1,153.3,153.1,153.3,10
2024-10-24T11:50:00+00:00,153.3,153.3,153.1,153.1,10
2024-10-24T11:55:00+00:00,153.1,153.1,153.1,153.1,15
2024-10-24T12:00:00+00:00,153.2,153.3,153.2,153.3,21
2024-10-24T12:05:00+00:00,153.25,153.6,153.2,153.6,100
2024-10-24T12:10:00+00:00,153.5,153.7,153.5,153.7,166
2024-10-24T12:15:00+00:00,153.7,153.7,153.55,153.55,107
2024-10-24T12:20:00+00:00,153.7,153.7,153.6,153.6,151
2024-10-24T12:25:00+00:00,153.7,153.7,153.7,153.7,1
2024-10-24T12:30:00+00:00,153.7,153.7,153.7,153.7,1
2024-10-24T12:35:00+00:00,153.8,153.8,153.7,153.8,8
2024-10-24T12:40:00+00:00,153.7,153.7,153.65,153.65,5
2024-10-24T12:45:00+00:00,153.65,153.8,153.6,153.8,11
2024-10-24T12:50:00+00:00,153.8,153.8,153.8,153.8,9
2024-10-24T12:55:00+00:00,153.65,153.8,153.65,153.8,4
2024-10-24T13:00:00+00:00,153.6,153.6,153.6,153.6,2
2024-10-24T13:05:00+00:00,153.8,153.85,153.8,153.85,20
2024-10-24T13:10:00+00:00,153.85,153.85,153.85,153.85,5
2024-10-24T13:15:00+00:00,153.85,153.9,153.85,153.9,23
2024-10-24T13:25:00+00:00,153.9,153.9,153.9,153.9,2
2024-10-24T13:30:00+00:00,153.9,153.9,153.85,153.9,23
2024-10-24T13:35:00+00:00,154.0,154.0,154.0,154.0,2
2024-10-24T13:40:00+00:00,153.85,153.85,153.85,153.85,31
2024-10-24T13:45:00+00:00,153.95,153.95,153.95,153.95,2
2024-10-24T13:50:00+00:00,154.0,154.0,153.8,154.0,51
2024-10-24T13:55:00+00:00,153.85,154.1,153.55,153.55,466
2024-10-24T14:00:00+00:00,153.7,153.9,153.7,153.9,45
2024-10-24T14:10:00+00:00,153.8,153.95,153.8,153.95,22
2024-10-24T14:15:00+00:00,154.0,154.25,154.0,154.25,186
2024-10-24T14:20:00+00:00,154.1,154.1,154.1,154.1,1
2024-10-24T14:25:00+00:00,154.1,154.1,153.7,153.8,34
2024-10-24T14:30:00+00:00,153.8,154.0,153.5,154.0,507
2024-10-24T14:35:00+00:00,154.1,154.3,154.1,154.3,5
2024-10-24T14:40:00+00:00,154.1,154.1,154.1,154.1,1
2024-10-24T14:45:00+00:00,154.15,154.25,154.15,154.25,34
2024-10-24T14:50:00+00:00,154.25,154.25,154.25,154.25,1
2024-10-24T14:55:00+00:00,154.25,154.3,154.25,154.3,85
2024-10-24T15:00:00+00:00,154.4,154.5,154.4,154.5,39
2024-10-24T15:05:00+00:00,154.4,154.4,154.4,154.4,26
2024-10-24T15:15:00+00:00,154.4,154.4,154.4,154.4,3
2024-10-24T15:20:00+00:00,154.4,154.4,154.3,154.3,3
2024-10-24T15:25:00+00:00,154.25,154.4,154.25,154.3,6
2024-10-24T15:45:00+00:00,153.8,153.8,153.8,153.8,370
2024-10-24T16:05:00+00:00,153.95,153.95,153.95,153.95,1
2024-10-24T16:15:00+00:00,154.0,154.0,154.0,154.0,2
2024-10-24T16:20:00+00:00,154.1,154.1,154.1,154.1,2
2024-10-24T16:25:00+00:00,154.2,154.3,154.2,154.3,4
2024-10-24T16:30:00+00:00,154.35,154.35,154.35,154.35,1
2024-10-24T16:35:00+00:00,154.4,154.4,154.4,154.4,2
2024-10-24T16:40:00+00:00,154.35,154.35,154.35,154.35,6
2024-10-24T16:45:00+00:00,154.3,154.3,154.3,154.3,2
2024-10-24T16:50:00+00:00,154.4,154.45,154.4,154.45,10
2024-10-24T16:55:00+00:00,154.45,154.45,154.3,154.3,10
2024-10-24T17:05:00+00:00,154.4,154.4,154.4,154.4,1
2024-10-24T17:10:00+00:00,154.45,154.45,154.4,154.45,3
2024-10-24T17:15:00+00:00,154.45,154.45,154.45,154.45,20
2024-10-24T17:30:00+00:00,154.3,154.4,154.05,154.05,37
2024-10-24T17:35:00+00:00,154.05,154.05,154.05,154.05,1
2024-10-24T17:40:00+00:00,154.05,154.2,154.05,154.2,3
2024-10-24T18:00:00+00:00,154.3,154.4,154.3,154.4,5
2024-10-24T18:05:00+00:00,154.35,154.4,154.35,154.4,2
2024-10-24T18:15:00+00:00,154.4,154.45,154.35,154.35,53
2024-10-24T18:30:00+00:00,154.3,154.3,154.1,154.2,22
2024-10-24T18:35:00+00:00,154.3,154.4,154.3,154.4,4
2024-10-24T18:45:00+00:00,154.4,154.65,154.4,154.65,222
2024-10-24T18:50:00+00:00,154.6,154.65,154.6,154.65,37
2024-10-24T19:00:00+00:00,154.65,154.65,154.65,154.65,50
2024-10-24T19:10:00+00:00,154.6,154.65,154.6,154.65,2
2024-10-24T19:15:00+00:00,154.65,154.65,154.6,154.6,10
2024-10-24T19:20:00+00:00,154.65,154.65,154.65,154.65,1
2024-10-24T19:30:00+00:00,154.65,154.65,154.65,154.65,1
2024-10-24T19:40:00+00:00,154.65,154.65,154.65,154.65,2
2024-10-24T19:45:00+00:00,154.65,154.65,154.65,154.65,2
2024-10-24T19:50:00+00:00,154.6,154.6,154.5,154.6,7
2024-10-24T19:55:00+00:00,154.6,154.65,154.6,154.65,55
2024-10-24T20:05:00+00:00,154.65,154.8,154.65,154.8,28
2024-10-24T20:10:00+00:00,154.8,155.0,154.8,155.0,312
2024-10-24T20:15:00+00:00,155.0,155.0,155.0,155.0,1
2024-10-24T20:25:00+00:00,154.95,154.95,154.95,154.95,1
2024-10-24T20:30:00+00:00,154.95,154.95,154.95,154.95,46
2024-10-24T20:35:00+00:00,155.0,155.0,155.0,155.0,49
2024-10-24T20:40:00+00:00,155.0,155.0,154.75,154.8,24
2024-10-24T20:45:00+00:00,154.75,154.75,154.2,154.2,45
2024-10-25T06:55:00+00:00,154.2,154.2,154.2,154.2,2
2024-10-25T07:00:00+00:00,154.2,154.4,154.2,154.4,9
2024-10-25T07:05:00+00:00,154.75,154.75,153.55,154.25,143
2024-10-25T07:10:00+00:00,154.1,154.1,153.8,153.8,83
2024-10-25T07:15:00+00:00,153.9,154.0,153.9,154.0,19
2024-10-25T07:20:00+00:00,153.85,154.2,153.85,154.2,9
2024-10-25T07:25:00+00:00,154.2,154.2,154.2,154.2,5
2024-10-25T07:30:00+00:00,154.3,154.7,154.05,154.05,43
2024-10-25T07:40:00+00:00,154.05,154.05,153.9,153.9,22
2024-10-25T07:45:00+00:00,153.95,154.0,153.8,153.85,32
2024-10-25T07:50:00+00:00,154.0,154.95,153.95,154.8,116
2024-10-25T07:55:00+00:00,154.7,154.7,154.7,154.7,1
2024-10-25T08:00:00+00:00,154.8,154.85,154.7,154.7,7
2024-10-25T08:10:00+00:00,154.7,154.85,154.2,154.85,50
2024-10-25T08:15:00+00:00,154.7,154.7,154.3,154.3,22
2024-10-25T08:20:00+00:00,154.35,154.35,154.35,154.35,3
2024-10-25T08:25:00+00:00,154.35,154.35,154.35,154.35,1
2024-10-25T08:30:00+00:00,154.35,154.35,154.35,154.35,2
2024-10-25T08:35:00+00:00,154.35,154.35,154.35,154.35,2
2024-10-25T08:40:00+00:00,154.4,154.4,154.4,154.4,9
2024-10-25T08:50:00+00:00,154.4,154.4,154.4,154.4,1
2024-10-25T08:55:00+00:00,154.35,154.35,154.35,154.35,10
2024-10-25T09:00:00+00:00,154.4,154.4,154.2,154.25,33
2024-10-25T09:05:00+00:00,154.25,154.25,154.1,154.1,32
2024-10-25T09:10:00+00:00,154.2,154.2,153.8,153.8,129
2024-10-25T09:15:00+00:00,153.8,154.0,153.8,154.0,30
2024-10-25T09:25:00+00:00,153.9,154.1,153.9,154.1,5
2024-10-25T09:30:00+00:00,154.0,154.0,154.0,154.0,2
2024-10-25T09:35:00+00:00,154.1,154.1,154.05,154.05,7
2024-10-25T09:40:00+00:00,154.05,154.25,154.0,154.25,19
2024-10-25T09:45:00+00:00,154.1,154.1,153.9,153.9,9
2024-10-25T09:50:00+00:00,153.9,153.9,153.2,153.3,594
2024-10-25T09:55:00+00:00,153.3,153.5,153.3,153.3,86
2024-10-25T10:00:00+00:00,153.4,153.4,153.0,153.4,111
2024-10-25T10:05:00+00:00,153.4,153.4,153.4,153.4,12
2024-10-25T10:10:00+00:00,153.3,153.3,152.8,152.8,141
2024-10-25T10:15:00+00:00,152.85,153.1,152.5,153.1,246
2024-10-25T10:20:00+00:00,153.1,153.5,153.1,153.5,47
2024-10-25T10:25:00+00:00,153.5,153.5,153.0,153.15,28
2024-10-25T10:30:00+00:00,153.0,153.0,152.3,152.4,124
2024-10-25T10:35:00+00:00,152.5,153.25,152.4,152.4,154
2024-10-25T10:40:00+00:00,152.5,152.85,152.5,152.7,38
2024-10-25T10:45:00+00:00,152.85,153.0,152.85,153.0,22
2024-10-25T10:50:00+00:00,153.0,153.0,152.95,153.0,1015
2024-10-25T10:55:00+00:00,153.1,153.15,153.1,153.15,4
2024-10-25T11:00:00+00:00,153.15,153.15,152.2,152.5,414
2024-10-25T11:05:00+00:00,152.6,152.7,152.4,152.65,163
2024-10-25T11:10:00+00:00,152.65,152.65,152.2,152.25,76
2024-10-25T11:15:00+00:00,152.25,152.4,152.1,152.4,124
2024-10-25T11:20:00+00:00,152.4,152.5,152.4,152.5,7
2024-10-25T11:25:00+00:00,152.5,152.5,152.5,152.5,101
2024-10-25T11:30:00+00:00,152.4,152.45,152.25,152.45,40
2024-10-25T11:35:00+00:00,152.45,152.45,152.45,152.45,9
2024-10-25T11:40:00+00:00,152.45,152.45,152.45,152.45,6
2024-10-25T11:45:00+00:00,152.45,152.45,152.25,152.25,59
2024-10-25T11:50:00+00:00,152.3,152.4,152.25,152.3,46
2024-10-25T11:55:00+00:00,152.4,152.45,152.3,152.45,6
2024-10-25T12:00:00+00:00,152.45,152.5,152.4,152.4,18
2024-10-25T12:05:00+00:00,152.4,152.4,152.35,152.35,19
2024-10-25T12:10:00+00:00,152.3,152.5,152.3,152.35,17
2024-10-25T12:15:00+00:00,152.35,152.35,152.35,152.35,7
2024-10-25T12:20:00+00:00,152.4,152.5,152.4,152.5,67
2024-10-25T12:25:00+00:00,152.5,152.5,152.45,152.45,9
2024-10-25T12:30:00+00:00,152.4,152.4,152.4,152.4,2
2024-10-25T12:35:00+00:00,152.4,152.45,152.4,152.45,3
2024-10-25T12:40:00+00:00,152.35,152.35,152.2,152.25,71
2024-10-25T12:45:00+00:00,152.25,152.3,152.25,152.3,2
2024-10-25T12:55:00+00:00,152.3,152.3,152.2,152.2,15
2024-10-25T13:00:00+00:00,152.2,152.2,152.0,152.05,136
2024-10-25T13:05:00+00:00,152.0,152.0,151.8,151.9,240
2024-10-25T13:10:00+00:00,151.8,151.8,151.4,151.4,409
2024-10-25T13:15:00+00:00,151.5,151.7,151.4,151.6,141
2024-10-25T13:20:00+00:00,151.5,151.7,151.4,151.4,161
2024-10-25T13:25:00+00:00,151.5,151.5,151.15,151.3,255
2024-10-25T13:30:00+00:00,151.25,151.25,151.2,151.2,3
2024-10-25T13:35:00+00:00,151.15,151.3,151.1,151.15,77
2024-10-25T13:40:00+00:00,151.15,151.65,151.1,151.4,50
2024-10-25T13:45:00+00:00,151.3,151.3,151.15,151.3,11
2024-10-25T13:50:00+00:00,151.3,151.3,151.15,151.2,128
2024-10-25T13:55:00+00:00,151.15,151.15,151.15,151.15,67
2024-10-25T14:00:00+00:00,151.15,151.15,151.0,151.1,276
2024-10-25T14:05:00+00:00,151.1,151.1,151.1,151.1,12
2024-10-25T14:10:00+00:00,151.1,151.1,150.8,150.8,211
2024-10-25T14:15:00+00:00,150.75,151.0,150.6,151.0,98
2024-10-25T14:20:00+00:00,151.0,151.0,150.9,151.0,30
2024-10-25T14:25:00+00:00,151.0,151.0,150.8,150.85,32
2024-10-25T14:30:00+00:00,150.8,150.85,150.8,150.85,19
2024-10-25T14:35:00+00:00,150.85,151.0,150.6,150.8,228
2024-10-25T14:40:00+00:00,150.85,151.0,150.85,151.0,369
2024-10-25T14:45:00+00:00,150.85,151.0,150.85,150.85,47
2024-10-25T14:50:00+00:00,150.8,150.8,150.8,150.8,1
2024-10-25T14:55:00+00:00,150.8,151.0,150.8,151.0,20
2024-10-25T15:00:00+00:00,151.0,151.05,151.0,151.05,5
2024-10-25T15:05:00+00:00,151.1,151.1,151.05,151.1,16
2024-10-25T15:10:00+00:00,151.1,151.1,151.05,151.05,67
2024-10-25T15:15:00+00:00,151.1,151.15,151.1,151.1,14
2024-10-25T15:20:00+00:00,151.15,151.2,151.1,151.1,96
2024-10-25T15:25:00+00:00,151.15,151.3,151.0,151.0,30
2024-10-25T15:30:00+00:00,151.05,151.2,151.05,151.2,7
2024-10-25T15:35:00+00:00,151.2,151.3,151.2,151.2,51
2024-10-25T15:45:00+00:00,151.25,151.25,151.25,151.25,23
2024-10-25T16:05:00+00:00,151.2,151.3,151.05,151.05,40
2024-10-25T16:10:00+00:00,151.2,151.3,151.15,151.25,6
2024-10-25T16:15:00+00:00,151.4,152.0,151.4,152.0,396
2024-10-25T16:20:00+00:00,152.0,152.1,152.0,152.1,30
2024-10-25T16:25:00+00:00,152.2,152.5,152.2,152.4,157
2024-10-25T16:30:00+00:00,152.5,152.8,152.5,152.8,198
2024-10-25T16:35:00+00:00,152.8,152.8,152.75,152.75,17
2024-10-25T16:40:00+00:00,152.8,152.8,152.8,152.8,1
2024-10-25T16:45:00+00:00,152.7,152.7,152.05,152.05,23
2024-10-25T16:55:00+00:00,152.0,152.05,152.0,152.05,101
2024-10-25T17:00:00+00:00,152.05,152.05,152.05,152.05,2
2024-10-25T17:05:00+00:00,152.05,152.05,152.05,152.05,52
2024-10-25T17:10:00+00:00,152.0,152.0,152.0,152.0,4
2024-10-25T17:15:00+00:00,152.0,152.05,152.0,152.05,4
2024-10-25T17:25:00+00:00,152.0,152.0,152.0,152.0,1
2024-10-25T17:30:00+00:00,152.0,152.05,152.0,152.05,2
2024-10-25T17:35:00+00:00,152.05,152.05,152.05,152.05,8
2024-10-25T17:40:00+00:00,152.05,152.05,152.05,152.05,1
2024-10-25T17:45:00+00:00,152.0,152.05,152.0,152.05,63
2024-10-25T17:50:00+00:00,151.9,152.0,151.35,151.35,429
2024-10-25T17:55:00+00:00,151.35,151.35,151.0,151.0,221
2024-10-25T18:00:00+00:00,150.95,150.95,150.95,150.95,12
2024-10-25T18:05:00+00:00,150.9,150.95,150.4,150.4,330
2024-10-25T18:10:00+00:00,150.6,151.1,150.6,150.7,29
2024-10-25T18:15:00+00:00,150.8,150.9,150.7,150.7,11
2024-10-25T18:25:00+00:00,150.7,150.7,150.7,150.7,19
2024-10-25T18:30:00+00:00,150.6,150.6,150.6,150.6,17
2024-10-25T18:35:00+00:00,150.5,150.5,150.4,150.5,25
2024-10-25T18:40:00+00:00,150.5,150.5,150.5,150.5,2
2024-10-25T18:45:00+00:00,150.5,150.5,150.5,150.5,1
2024-10-25T18:50:00+00:00,150.5,150.5,150.5,150.5,9
2024-10-25T18:55:00+00:00,150.5,150.6,150.5,150.6,28
2024-10-25T19:00:00+00:00,150.6,150.6,150.6,150.6,1
2024-10-25T19:05:00+00:00,150.6,150.6,150.6,150.6,2
2024-10-25T19:10:00+00:00,150.5,150.5,150.4,150.5,11
2024-10-25T19:15:00+00:00,150.55,150.55,150.55,150.55,1
2024-10-25T19:20:00+00:00,150.55,150.55,150.5,150.5,8
2024-10-25T19:25:00+00:00,150.5,150.6,150.5,150.55,7
2024-10-25T19:30:00+00:00,150.55,150.55,150.4,150.55,7
2024-10-25T19:35:00+00:00,150.4,150.5,150.4,150.5,11
2024-10-25T19:45:00+00:00,150.5,150.5,150.5,150.5,1
2024-10-25T19:50:00+00:00,150.6,150.85,150.6,150.85,62
2024-10-25T19:55:00+00:00,150.9,150.9,150.9,150.9,1
2024-10-25T20:10:00+00:00,150.9,150.9,150.9,150.9,1
2024-10-25T20:15:00+00:00,150.8,150.8,150.8,150.8,3
2024-10-25T20:30:00+00:00,150.9,151.0,150.9,151.0,4
2024-10-25T20:40:00+00:00,150.9,150.9,150.9,150.9,2
2024-10-25T20:45:00+00:00,150.9,150.9,150.9,150.9,3
2024-10-28T06:55:00+00:00,150.0,150.0,150.0,150.0,395
2024-10-28T07:00:00+00:00,149.95,150.0,148.0,148.4,531
2024-10-28T07:05:00+00:00,148.45,149.45,147.45,149.25,583
2024-10-28T07:10:00+00:00,149.25,149.75,149.05,149.4,291
2024-10-28T07:15:00+00:00,149.45,149.45,148.9,149.0,183
2024-10-28T07:20:00+00:00,148.9,149.0,148.9,149.0,65
2024-10-28T07:25:00+00:00,149.0,149.0,148.0,148.75,679
2024-10-28T07:30:00+00:00,148.8,149.0,148.8,149.0,29
2024-10-28T07:35:00+00:00,148.9,149.0,148.7,148.7,106
2024-10-28T07:40:00+00:00,148.65,148.95,148.6,148.9,79
2024-10-28T07:45:00+00:00,148.9,148.9,148.9,148.9,3
2024-10-28T07:50:00+00:00,148.9,148.9,148.8,148.8,5
2024-10-28T07:55:00+00:00,148.8,149.0,148.8,149.0,88
2024-10-28T08:00:00+00:00,149.0,149.7,149.0,149.7,104
2024-10-28T08:05:00+00:00,149.5,149.6,149.2,149.2,17
2024-10-28T08:10:00+00:00,149.4,149.5,149.1,149.1,34
2024-10-28T08:15:00+00:00,149.2,149.2,149.0,149.1,25
2024-10-28T08:20:00+00:00,149.1,149.1,149.0,149.1,44
2024-10-28T08:25:00+00:00,149.1,149.1,149.05,149.05,15
2024-10-28T08:30:00+00:00,149.1,149.1,149.0,149.1,19
2024-10-28T08:35:00+00:00,149.1,149.1,149.0,149.0,4
2024-10-28T08:40:00+00:00,149.1,149.1,149.0,149.1,36
2024-10-28T08:45:00+00:00,149.1,149.5,148.9,149.05,76
2024-10-28T08:50:00+00:00,149.05,149.05,149.05,149.05,5
2024-10-28T08:55:00+00:00,149.1,149.1,149.05,149.05,25
2024-10-28T09:00:00+00:00,149.0,149.1,149.0,149.1,11
2024-10-28T09:05:00+00:00,149.1,149.25,149.1,149.25,22
2024-10-28T09:10:00+00:00,149.25,149.25,149.0,149.1,64
2024-10-28T09:15:00+00:00,149.3,149.3,149.3,149.3,12
2024-10-28T09:20:00+00:00,149.4,149.45,149.4,149.45,14
2024-10-28T09:25:00+00:00,149.45,149.45,149.4,149.4,3
2024-10-28T09:30:00+00:00,149.45,149.45,149.45,149.45,7
2024-10-28T09:35:00+00:00,149.4,149.5,149.4,149.5,7
2024-10-28T09:40:00+00:00,149.5,149.6,149.4,149.5,31
2024-10-28T09:45:00+00:00,149.5,149.65,149.4,149.4,60
2024-10-28T09:50:00+00:00,149.4,149.4,148.9,149.0,82
2024-10-28T09:55:00+00:00,149.1,149.3,149.1,149.3,4
2024-10-28T10:00:00+00:00,149.3,149.3,149.0,149.3,10
2024-10-28T10:05:00+00:00,149.2,149.2,149.1,149.2,7
2024-10-28T10:15:00+00:00,149.3,149.3,149.3,149.3,12
2024-10-28T10:20:00+00:00,149.35,149.4,149.3,149.3,12
2024-10-28T10:25:00+00:00,149.2,149.2,148.95,149.0,76
2024-10-28T10:30:00+00:00,148.9,148.95,148.9,148.95,7
2024-10-28T10:35:00+00:00,148.95,149.0,148.95,149.0,17
2024-10-28T10:40:00+00:00,149.0,149.0,149.0,149.0,3
2024-10-28T10:45:00+00:00,149.0,149.0,149.0,149.0,6
2024-10-28T10:50:00+00:00,148.9,148.9,148.75,148.75,25
2024-10-28T10:55:00+00:00,148.75,148.75,148.75,148.75,6
2024-10-28T11:00:00+00:00,148.9,149.0,148.9,149.0,6
2024-10-28T11:05:00+00:00,149.0,149.0,148.95,149.0,19
2024-10-28T11:10:00+00:00,148.9,148.9,148.45,148.45,228
2024-10-28T11:15:00+00:00,148.55,148.55,148.55,148.55,5
2024-10-28T11:20:00+00:00,148.6,148.65,148.6,148.65,5
2024-10-28T11:25:00+00:00,148.65,148.7,148.5,148.5,36
2024-10-28T11:30:00+00:00,148.5,148.7,148.0,148.6,138
2024-10-28T11:35:00+00:00,148.7,148.7,148.6,148.7,4
2024-10-28T11:40:00+00:00,148.5,148.75,148.5,148.6,14
2024-10-28T11:45:00+00:00,148.7,148.7,148.5,148.5,12
2024-10-28T11:50:00+00:00,148.45,148.5,148.45,148.5,8
2024-10-28T11:55:00+00:00,148.5,148.5,148.5,148.5,8
2024-10-28T12:00:00+00:00,148.5,148.5,148.5,148.5,10
2024-10-28T12:05:00+00:00,148.45,148.5,148.35,148.35,28
2024-10-28T12:10:00+00:00,148.35,148.5,148.35,148.5,117
2024-10-28T12:15:00+00:00,148.5,148.5,148.5,148.5,10
2024-10-28T12:20:00+00:00,148.4,148.5,148.35,148.35,29
2024-10-28T12:25:00+00:00,148.5,148.5,148.5,148.5,20
2024-10-28T12:30:00+00:00,148.35,148.35,148.35,148.35,25
2024-10-28T12:40:00+00:00,148.4,148.4,148.4,148.4,5
2024-10-28T12:45:00+00:00,148.35,148.5,148.35,148.5,7
2024-10-28T12:50:00+00:00,148.5,148.5,148.15,148.15,75
2024-10-28T12:55:00+00:00,148.25,148.25,148.15,148.15,18
2024-10-28T13:00:00+00:00,148.25,148.25,148.25,148.25,2
2024-10-28T13:05:00+00:00,148.25,148.25,148.15,148.15,40
2024-10-28T13:20:00+00:00,148.2,148.25,148.15,148.25,10
2024-10-28T13:25:00+00:00,148.2,148.2,148.2,148.2,10
2024-10-28T13:30:00+00:00,148.15,148.15,147.5,147.7,290
2024-10-28T13:35:00+00:00,147.8,147.8,147.6,147.75,14
2024-10-28T13:40:00+00:00,147.6,147.8,147.5,147.8,84
2024-10-28T13:45:00+00:00,147.8,147.8,147.3,147.3,147
2024-10-28T13:50:00+00:00,147.25,147.6,147.25,147.5,120
2024-10-28T13:55:00+00:00,147.6,147.7,147.5,147.55,12
2024-10-28T14:00:00+00:00,147.65,147.65,147.3,147.3,221
2024-10-28T14:05:00+00:00,147.3,147.6,147.25,147.6,38
2024-10-28T14:10:00+00:00,147.5,147.5,147.25,147.4,18
2024-10-28T14:15:00+00:00,147.3,147.3,147.2,147.2,19
2024-10-28T14:20:00+00:00,147.25,147.25,147.15,147.2,21
2024-10-28T14:25:00+00:00,147.15,148.2,145.7,148.0,677
2024-10-28T14:30:00+00:00,147.9,147.9,147.4,147.5,11
2024-10-28T14:35:00+00:00,147.5,147.6,147.1,147.1,21
2024-10-28T14:40:00+00:00,147.2,147.2,147.0,147.0,22
2024-10-28T14:45:00+00:00,147.0,147.1,147.0,147.1,29
2024-10-28T14:50:00+00:00,147.05,147.1,147.0,147.1,7
2024-10-28T14:55:00+00:00,147.2,147.2,147.1,147.1,3
2024-10-28T15:00:00+00:00,147.2,147.3,147.2,147.2,5
2024-10-28T15:05:00+00:00,147.15,147.3,147.1,147.2,27
2024-10-28T15:10:00+00:00,147.2,147.2,147.0,147.0,74
2024-10-28T15:15:00+00:00,146.9,147.15,146.75,147.15,150
2024-10-28T15:20:00+00:00,147.0,147.45,146.8,147.0,73
2024-10-28T15:25:00+00:00,147.1,147.1,146.75,146.75,64
2024-10-28T15:30:00+00:00,146.75,147.3,146.75,147.3,87
2024-10-28T15:35:00+00:00,147.2,147.5,146.75,146.9,221
2024-10-28T15:45:00+00:00,146.9,146.9,146.9,146.9,112
2024-10-28T16:00:00+00:00,146.8,146.8,146.8,146.8,19
2024-10-28T16:10:00+00:00,146.8,146.9,146.8,146.9,40
2024-10-28T16:15:00+00:00,146.9,146.9,146.8,146.8,54
2024-10-28T16:20:00+00:00,146.75,146.8,146.75,146.8,57
2024-10-28T16:25:00+00:00,146.85,146.85,146.85,146.85,2
2024-10-28T16:30:00+00:00,146.85,146.85,146.5,146.5,17
2024-10-28T16:35:00+00:00,146.6,146.8,146.6,146.8,18
2024-10-28T16:40:00+00:00,146.6,146.6,145.5,145.8,278
2024-10-28T16:45:00+00:00,145.8,145.8,145.0,145.3,151
2024-10-28T16:50:00+00:00,145.4,145.6,145.4,145.6,11
2024-10-28T16:55:00+00:00,145.5,145.6,145.0,145.0,33
2024-10-28T17:00:00+00:00,145.0,145.2,145.0,145.1,49
2024-10-28T17:05:00+00:00,145.1,145.5,145.0,145.5,81
2024-10-28T17:10:00+00:00,145.5,145.6,145.45,145.6,12
2024-10-28T17:15:00+00:00,145.6,146.2,145.6,146.2,49
2024-10-28T17:20:00+00:00,146.2,146.7,146.1,146.7,32
2024-10-28T17:25:00+00:00,146.8,146.9,146.8,146.9,228
2024-10-28T17:30:00+00:00,146.7,146.9,146.7,146.7,36
2024-10-28T17:35:00+00:00,146.8,146.9,146.7,146.9,66
2024-10-28T17:45:00+00:00,146.9,146.9,146.9,146.9,7
2024-10-28T17:50:00+00:00,146.7,146.7,145.5,146.1,127
2024-10-28T17:55:00+00:00,146.2,146.5,146.2,146.5,8
2024-10-28T18:00:00+00:00,146.6,146.7,146.6,146.7,4
2024-10-28T18:05:00+00:00,146.7,146.7,145.15,146.2,588
2024-10-28T18:10:00+00:00,146.3,146.3,146.2,146.3,3
2024-10-28T18:15:00+00:00,146.25,146.25,146.25,146.25,4
2024-10-28T18:20:00+00:00,146.25,146.25,146.25,146.25,6
2024-10-28T18:25:00+00:00,146.25,146.25,146.25,146.25,4
2024-10-28T18:30:00+00:00,146.25,146.25,146.25,146.25,11
2024-10-28T18:35:00+00:00,146.25,146.25,146.25,146.25,2
2024-10-28T18:40:00+00:00,146.25,146.25,146.25,146.25,4
2024-10-28T18:45:00+00:00,146.2,146.2,146.2,146.2,1
2024-10-28T18:55:00+00:00,146.25,146.25,146.25,146.25,2
2024-10-28T19:00:00+00:00,146.25,146.25,146.25,146.25,5
2024-10-28T19:05:00+00:00,146.25,146.25,146.2,146.2,3
2024-10-28T19:10:00+00:00,146.3,146.3,146.2,146.3,9
2024-10-28T19:15:00+00:00,146.4,146.9,146.4,146.5,30
2024-10-28T19:20:00+00:00,146.4,146.4,146.2,146.4,11
2024-10-28T19:25:00+00:00,146.4,146.4,146.3,146.3,2
2024-10-28T19:30:00+00:00,146.3,146.3,146.1,146.1,5
2024-10-28T19:35:00+00:00,146.1,146.2,146.1,146.1,10
2024-10-28T19:45:00+00:00,146.1,146.4,146.1,146.2,18
2024-10-28T19:50:00+00:00,146.3,146.3,146.3,146.3,1
2024-10-28T20:05:00+00:00,146.3,146.3,146.3,146.3,1
2024-10-28T20:15:00+00:00,146.3,146.5,146.3,146.5,6
2024-10-28T20:20:00+00:00,146.5,146.8,146.5,146.8,9
2024-10-28T20:35:00+00:00,146.9,146.9,146.9,146.9,1
2024-10-28T20:40:00+00:00,146.9,146.9,146.9,146.9,1
2024-10-28T20:45:00+00:00,146.8,146.9,146.5,146.9,29
2024-10-29T07:00:00+00:00,145.5,148.7,145.5,147.95,270
2024-10-29T07:05:00+00:00,147.5,150.0,147.35,149.5,626
2024-10-29T07:10:00+00:00,149.6,149.6,147.4,149.4,117
2024-10-29T07:15:00+00:00,149.1,149.1,148.2,148.25,39
2024-10-29T07:20:00+00:00,148.3,148.4,148.25,148.4,47
2024-10-29T07:25:00+00:00,148.4,148.4,148.2,148.4,38
2024-10-29T07:30:00+00:00,148.4,148.4,148.4,148.4,3
2024-10-29T07:35:00+00:00,148.3,148.3,148.2,148.2,32
2024-10-29T07:40:00+00:00,148.2,148.3,148.2,148.2,40
2024-10-29T07:45:00+00:00,148.2,148.85,148.2,148.45,117
2024-10-29T07:55:00+00:00,148.4,148.4,148.2,148.2,13
2024-10-29T08:00:00+00:00,148.25,148.25,148.25,148.25,3
2024-10-29T08:05:00+00:00,148.25,148.25,148.2,148.2,27
2024-10-29T08:10:00+00:00,148.2,148.2,147.7,147.7,53
2024-10-29T08:15:00+00:00,147.6,147.6,146.9,146.9,124
2024-10-29T08:20:00+00:00,146.9,146.9,145.65,145.65,131
2024-10-29T08:25:00+00:00,145.8,146.25,145.8,146.1,18
2024-10-29T08:30:00+00:00,146.0,146.0,145.9,145.9,11
2024-10-29T08:35:00+00:00,145.9,145.9,145.9,145.9,7
2024-10-29T08:40:00+00:00,145.8,145.9,145.35,145.5,142
2024-10-29T08:45:00+00:00,145.55,146.0,145.35,145.8,258
2024-10-29T08:50:00+00:00,145.9,146.0,145.9,146.0,4
2024-10-29T08:55:00+00:00,146.05,146.05,146.05,146.05,6
2024-10-29T09:00:00+00:00,146.0,146.05,145.1,145.1,219
2024-10-29T09:05:00+00:00,145.2,145.4,145.2,145.2,69
2024-10-29T09:10:00+00:00,145.4,145.5,145.1,145.2,18
2024-10-29T09:15:00+00:00,145.2,145.6,145.2,145.45,38
2024-10-29T09:20:00+00:00,145.45,145.6,145.45,145.6,13
2024-10-29T09:25:00+00:00,145.6,145.6,145.6,145.6,20
2024-10-29T09:30:00+00:00,145.6,145.6,145.6,145.6,1
2024-10-29T09:35:00+00:00,145.45,145.45,145.2,145.2,80
2024-10-29T09:40:00+00:00,145.15,145.2,144.9,145.0,239
2024-10-29T09:45:00+00:00,144.9,145.0,144.5,144.5,90
2024-10-29T09:50:00+00:00,144.5,144.5,144.4,144.4,74
2024-10-29T09:55:00+00:00,144.5,145.0,144.5,144.6,78
2024-10-29T10:00:00+00:00,144.7,145.35,144.7,144.85,110
2024-10-29T10:05:00+00:00,144.85,144.85,144.8,144.85,6
2024-10-29T10:10:00+00:00,144.85,145.1,144.85,145.0,17
2024-10-29T10:15:00+00:00,145.0,145.0,144.9,144.9,19
2024-10-29T10:20:00+00:00,144.9,145.0,144.9,145.0,18
2024-10-29T10:25:00+00:00,145.0,145.0,144.2,144.2,323
2024-10-29T10:30:00+00:00,144.3,144.3,144.0,144.3,95
2024-10-29T10:35:00+00:00,144.3,144.3,144.25,144.25,63
2024-10-29T10:40:00+00:00,144.4,144.6,144.4,144.5,10
2024-10-29T10:45:00+00:00,144.4,144.4,144.2,144.4,424
2024-10-29T10:50:00+00:00,144.3,144.4,144.2,144.4,119
2024-10-29T10:55:00+00:00,144.4,144.65,144.4,144.6,30
2024-10-29T11:00:00+00:00,144.6,144.6,144.55,144.6,36
2024-10-29T11:05:00+00:00,144.6,144.65,144.5,144.5,70
2024-10-29T11:10:00+00:00,144.5,144.6,144.5,144.6,27
2024-10-29T11:15:00+00:00,144.55,144.65,144.5,144.6,12
2024-10-29T11:20:00+00:00,144.65,144.65,144.55,144.65,39
2024-10-29T11:25:00+00:00,144.65,145.1,144.65,145.1,167
2024-10-29T11:30:00+00:00,145.1,145.3,145.1,145.3,5
2024-10-29T11:35:00+00:00,145.4,145.5,145.4,145.5,6
2024-10-29T11:40:00+00:00,145.6,145.95,145.5,145.8,36
2024-10-29T11:45:00+00:00,145.9,145.95,145.65,145.65,16
2024-10-29T11:50:00+00:00,145.7,145.8,145.7,145.8,22
2024-10-29T11:55:00+00:00,145.9,145.95,145.9,145.95,6
2024-10-29T12:05:00+00:00,145.95,145.95,145.95,145.95,2
2024-10-29T12:10:00+00:00,146.0,146.4,146.0,146.4,277
2024-10-29T12:15:00+00:00,146.45,146.6,146.45,146.6,5
2024-10-29T12:20:00+00:00,146.7,147.25,146.2,147.25,386
2024-10-29T12:25:00+00:00,147.25,148.0,147.25,147.8,105
2024-10-29T12:30:00+00:00,147.8,148.0,147.0,147.0,58
2024-10-29T12:35:00+00:00,147.0,147.5,147.0,147.5,322
2024-10-29T12:40:00+00:00,147.4,147.4,146.75,147.05,69
2024-10-29T12:45:00+00:00,146.9,146.9,146.5,146.8,27
2024-10-29T12:50:00+00:00,146.8,146.8,146.3,146.3,63
2024-10-29T12:55:00+00:00,146.2,146.2,146.1,146.2,11
2024-10-29T13:00:00+00:00,146.1,146.2,146.05,146.2,9
2024-10-29T13:05:00+00:00,146.3,146.95,146.2,146.65,215
2024-10-29T13:10:00+00:00,146.8,146.8,146.8,146.8,2
2024-10-29T13:15:00+00:00,146.9,146.9,146.9,146.9,2
2024-10-29T13:20:00+00:00,146.9,146.9,146.3,146.3,46
2024-10-29T13:25:00+00:00,146.4,146.4,146.4,146.4,2
2024-10-29T13:30:00+00:00,146.5,146.6,146.1,146.4,73
2024-10-29T13:35:00+00:00,146.4,146.5,146.15,146.3,135
2024-10-29T13:40:00+00:00,146.4,146.4,146.4,146.4,1
2024-10-29T13:45:00+00:00,146.4,146.5,146.4,146.5,2
2024-10-29T13:50:00+00:00,146.4,146.5,146.3,146.5,9
2024-10-29T13:55:00+00:00,146.4,146.5,146.4,146.5,15
2024-10-29T14:00:00+00:00,146.6,146.7,146.6,146.7,9
2024-10-29T14:05:00+00:00,146.6,146.6,146.55,146.55,3
2024-10-29T14:10:00+00:00,146.5,146.6,146.5,146.5,95
2024-10-29T14:15:00+00:00,146.5,146.5,146.4,146.45,57
2024-10-29T14:20:00+00:00,146.45,146.45,146.45,146.45,2
2024-10-29T14:25:00+00:00,146.4,146.4,146.4,146.4,10
2024-10-29T14:30:00+00:00,146.4,146.5,146.2,146.4,233
2024-10-29T14:40:00+00:00,146.4,146.9,146.4,146.9,12
2024-10-29T14:45:00+00:00,146.9,147.3,146.9,147.15,15
2024-10-29T14:50:00+00:00,147.15,147.15,147.0,147.0,31
2024-10-29T15:00:00+00:00,147.0,147.1,147.0,147.1,4
2024-10-29T15:05:00+00:00,147.1,147.2,147.05,147.2,21
2024-10-29T15:10:00+00:00,147.3,147.3,147.3,147.3,52
2024-10-29T15:15:00+00:00,147.3,147.55,147.2,147.2,72
2024-10-29T15:20:00+00:00,147.1,147.1,147.05,147.05,7
2024-10-29T15:25:00+00:00,147.2,147.2,147.2,147.2,1
2024-10-29T15:30:00+00:00,147.2,147.2,147.1,147.1,8
2024-10-29T15:35:00+00:00,147.15,147.15,147.1,147.1,8
2024-10-29T15:45:00+00:00,147.2,147.2,147.2,147.2,1
2024-10-29T16:00:00+00:00,147.1,147.1,147.1,147.1,1
2024-10-29T16:05:00+00:00,147.2,147.2,147.2,147.2,2
2024-10-29T16:10:00+00:00,147.1,147.2,147.1,147.2,18
2024-10-29T16:15:00+00:00,147.1,147.1,147.1,147.1,9
2024-10-29T16:20:00+00:00,147.2,147.2,147.2,147.2,6
2024-10-29T16:25:00+00:00,147.2,147.5,147.2,147.5,13
2024-10-29T16:35:00+00:00,147.3,147.3,147.3,147.3,1
2024-10-29T16:40:00+00:00,147.3,147.3,147.3,147.3,2
2024-10-29T16:50:00+00:00,147.4,147.4,147.4,147.4,2
2024-10-29T17:00:00+00:00,147.4,147.4,147.4,147.4,2
2024-10-29T17:10:00+00:00,147.4,147.4,147.4,147.4,2
2024-10-29T17:15:00+00:00,147.4,147.4,147.4,147.4,3
2024-10-29T17:20:00+00:00,147.5,147.5,147.3,147.3,221
2024-10-29T17:25:00+00:00,147.5,147.5,147.5,147.5,1
2024-10-29T17:45:00+00:00,147.5,147.6,147.5,147.6,12
2024-10-29T17:50:00+00:00,147.6,147.8,147.6,147.8,13
2024-10-29T18:05:00+00:00,147.8,147.8,147.8,147.8,13
2024-10-29T18:10:00+00:00,147.8,147.8,147.8,147.8,4
2024-10-29T18:25:00+00:00,147.8,147.8,147.8,147.8,3
2024-10-29T18:35:00+00:00,147.8,147.8,147.8,147.8,2
2024-10-29T18:40:00+00:00,147.8,147.8,147.8,147.8,6
2024-10-29T18:45:00+00:00,147.6,147.6,147.0,147.0,19
2024-10-29T18:50:00+00:00,147.2,147.2,147.2,147.2,2
2024-10-29T18:55:00+00:00,147.3,147.5,147.3,147.5,6
2024-10-29T19:00:00+00:00,147.6,147.6,147.6,147.6,2
2024-10-29T19:15:00+00:00,147.7,147.8,147.7,147.8,4
2024-10-29T19:20:00+00:00,147.9,148.1,147.9,148.0,17
2024-10-29T19:25:00+00:00,148.1,148.1,148.1,148.1,1
2024-10-29T19:30:00+00:00,148.2,148.2,148.1,148.1,3
2024-10-29T19:40:00+00:00,148.1,148.1,148.1,148.1,1
2024-10-29T19:50:00+00:00,148.2,148.2,148.2,148.2,2
2024-10-29T20:05:00+00:00,148.3,148.3,148.3,148.3,1
2024-10-29T20:10:00+00:00,148.1,148.1,148.0,148.0,5
2024-10-29T20:15:00+00:00,148.1,148.1,148.1,148.1,1
2024-10-29T20:25:00+00:00,148.1,148.1,148.0,148.0,3
2024-10-29T20:30:00+00:00,147.9,148.0,147.9,148.0,2
2024-10-29T20:35:00+00:00,148.1,148.1,148.0,148.0,3
2024-10-29T20:40:00+00:00,148.1,148.1,148.0,148.1,8
2024-10-30T07:00:00+00:00,148.05,148.9,148.05,148.9,24
2024-10-30T07:05:00+00:00,149.0,149.35,149.0,149.2,16
2024-10-30T07:10:00+00:00,149.2,149.2,148.4,148.85,59
2024-10-30T07:15:00+00:00,148.4,148.4,148.1,148.1,26
2024-10-30T07:20:00+00:00,148.0,148.0,147.6,147.7,12
2024-10-30T07:25:00+00:00,147.7,147.8,147.7,147.8,3
2024-10-30T07:40:00+00:00,147.9,147.9,147.45,147.6,137
2024-10-30T07:45:00+00:00,147.6,147.7,147.6,147.7,6
2024-10-30T07:50:00+00:00,147.8,147.9,147.7,147.8,13
2024-10-30T07:55:00+00:00,147.8,148.25,147.8,148.0,26
2024-10-30T08:05:00+00:00,148.1,148.15,148.1,148.1,41
2024-10-30T08:10:00+00:00,148.1,148.1,148.1,148.1,6
2024-10-30T08:15:00+00:00,148.1,148.15,148.1,148.15,33
2024-10-30T08:20:00+00:00,148.05,148.15,148.05,148.15,10
2024-10-30T08:25:00+00:00,148.15,148.7,148.15,148.7,196
2024-10-30T08:30:00+00:00,148.6,148.6,148.4,148.4,2397
2024-10-30T08:35:00+00:00,148.35,148.5,148.35,148.5,12
2024-10-30T08:45:00+00:00,148.5,148.65,148.5,148.55,38
2024-10-30T08:50:00+00:00,148.5,148.5,148.0,148.0,19
2024-10-30T08:55:00+00:00,147.9,148.2,147.9,148.2,91
2024-10-30T09:00:00+00:00,148.2,148.2,148.1,148.1,2
2024-10-30T09:05:00+00:00,148.15,148.15,148.15,148.15,1
2024-10-30T09:15:00+00:00,148.15,148.2,148.0,148.1,9
2024-10-30T09:20:00+00:00,148.2,148.6,148.2,148.6,19
2024-10-30T09:30:00+00:00,148.65,148.75,148.65,148.75,12
2024-10-30T09:35:00+00:00,148.8,148.9,148.8,148.9,8
2024-10-30T09:40:00+00:00,148.9,148.9,148.9,148.9,2
2024-10-30T09:45:00+00:00,148.95,148.95,148.95,148.95,2
2024-10-30T09:50:00+00:00,148.95,148.95,148.9,148.9,20
2024-10-30T09:55:00+00:00,148.85,148.9,148.85,148.9,8
2024-10-30T10:00:00+00:00,148.8,148.8,148.8,148.8,2
2024-10-30T10:05:00+00:00,148.9,148.9,148.5,148.5,64
2024-10-30T10:10:00+00:00,148.4,148.4,148.4,148.4,11
2024-10-30T10:15:00+00:00,148.4,148.4,148.2,148.2,17
2024-10-30T10:20:00+00:00,148.2,148.2,148.1,148.1,3
2024-10-30T10:30:00+00:00,148.0,148.0,147.6,147.6,24
2024-10-30T10:35:00+00:00,147.55,147.7,147.5,147.7,12
2024-10-30T10:40:00+00:00,147.6,147.6,147.0,147.0,111
2024-10-30T10:45:00+00:00,147.1,147.1,147.1,147.1,1
2024-10-30T10:50:00+00:00,147.1,147.1,147.0,147.0,46
2024-10-30T11:00:00+00:00,147.0,147.0,146.9,146.9,3
2024-10-30T11:05:00+00:00,147.0,147.0,147.0,147.0,2
2024-10-30T11:10:00+00:00,147.0,147.0,147.0,147.0,2
2024-10-30T11:15:00+00:00,146.9,146.9,146.8,146.85,8
2024-10-30T11:20:00+00:00,146.9,147.0,146.9,147.0,4
2024-10-30T11:25:00+00:00,146.8,146.8,146.4,146.4,13
2024-10-30T11:30:00+00:00,146.5,146.5,146.5,146.5,3
2024-10-30T11:35:00+00:00,146.6,146.6,146.3,146.3,15
2024-10-30T11:40:00+00:00,146.2,146.3,145.9,146.0,116
2024-10-30T11:45:00+00:00,146.1,146.1,146.1,146.1,1
2024-10-30T11:50:00+00:00,146.1,146.4,145.9,145.9,38
2024-10-30T11:55:00+00:00,145.95,145.95,145.9,145.95,9
2024-10-30T12:00:00+00:00,145.95,146.0,145.95,146.0,32
2024-10-30T12:10:00+00:00,146.0,146.0,145.9,145.9,13
2024-10-30T12:15:00+00:00,145.95,146.3,145.9,145.9,167
2024-10-30T12:20:00+00:00,146.1,146.1,146.1,146.1,2
2024-10-30T12:25:00+00:00,146.2,146.3,146.2,146.3,11
2024-10-30T12:30:00+00:00,146.35,146.35,146.35,146.35,5
2024-10-30T12:35:00+00:00,146.35,146.35,146.35,146.35,2
2024-10-30T12:40:00+00:00,146.35,146.4,146.35,146.4,28
2024-10-30T12:50:00+00:00,146.2,146.5,146.2,146.5,48
2024-10-30T12:55:00+00:00,146.5,146.6,146.1,146.1,57
2024-10-30T13:00:00+00:00,146.1,146.3,146.1,146.3,71
2024-10-30T13:05:00+00:00,146.3,146.3,146.3,146.3,6
2024-10-30T13:15:00+00:00,146.4,146.4,146.4,146.4,1
2024-10-30T13:30:00+00:00,146.4,146.4,146.35,146.35,7
2024-10-30T13:35:00+00:00,146.35,146.35,146.35,146.35,1
2024-10-30T13:40:00+00:00,146.35,146.35,146.05,146.05,21
2024-10-30T13:50:00+00:00,146.2,146.4,146.2,146.4,11
2024-10-30T13:55:00+00:00,146.3,146.3,145.25,145.9,313
2024-10-30T14:00:00+00:00,146.0,146.2,146.0,146.2,8
2024-10-30T14:10:00+00:00,146.1,146.2,146.1,146.2,2
2024-10-30T14:30:00+00:00,146.1,146.1,146.0,146.1,12
2024-10-30T14:40:00+00:00,146.1,146.1,146.0,146.0,7
2024-10-30T14:45:00+00:00,146.05,146.05,146.05,146.05,1
2024-10-30T14:50:00+00:00,146.1,146.1,146.1,146.1,1
2024-10-30T14:55:00+00:00,146.1,146.1,146.0,146.0,101
2024-10-30T15:00:00+00:00,146.0,146.2,146.0,146.2,2
2024-10-30T15:05:00+00:00,146.2,146.25,146.2,146.2,4
2024-10-30T15:15:00+00:00,146.25,146.25,146.25,146.25,4
2024-10-30T15:20:00+00:00,146.25,146.25,146.25,146.25,2
2024-10-30T15:25:00+00:00,146.2,146.25,146.0,146.0,89
2024-10-30T15:30:00+00:00,146.1,146.4,146.1,146.35,45
2024-10-30T15:35:00+00:00,146.5,146.5,146.4,146.4,11
2024-10-30T15:45:00+00:00,146.2,146.2,146.2,146.2,21
2024-10-30T16:05:00+00:00,146.2,146.2,146.05,146.05,10
2024-10-30T16:10:00+00:00,146.05,146.05,146.05,146.05,3
2024-10-30T16:15:00+00:00,146.2,146.2,146.2,146.2,1
2024-10-30T16:20:00+00:00,146.2,146.2,146.2,146.2,1
2024-10-30T16:30:00+00:00,146.3,146.3,146.3,146.3,1
2024-10-30T16:45:00+00:00,146.2,146.2,146.2,146.2,2
2024-10-30T16:50:00+00:00,146.1,146.2,146.1,146.2,6
2024-10-30T16:55:00+00:00,146.1,146.1,146.1,146.1,1
2024-10-30T17:00:00+00:00,146.2,146.4,146.05,146.2,22
2024-10-30T17:10:00+00:00,146.3,146.3,146.3,146.3,2
2024-10-30T17:15:00+00:00,146.2,146.4,146.2,146.4,2
2024-10-30T17:30:00+00:00,146.4,146.4,146.2,146.2,15
2024-10-30T17:40:00+00:00,146.2,146.3,146.2,146.3,3
2024-10-30T17:45:00+00:00,146.3,146.45,146.2,146.45,13
2024-10-30T17:50:00+00:00,146.5,146.5,146.5,146.5,2
2024-10-30T17:55:00+00:00,146.5,146.5,146.5,146.5,1
2024-10-30T18:05:00+00:00,146.5,146.5,146.5,146.5,2
2024-10-30T18:15:00+00:00,146.3,146.3,146.3,146.3,1
2024-10-30T18:20:00+00:00,146.3,146.3,146.1,146.1,28
2024-10-30T18:25:00+00:00,146.1,146.1,146.0,146.0,44
2024-10-30T18:30:00+00:00,146.2,146.2,146.2,146.2,1
2024-10-30T18:35:00+00:00,146.2,146.3,146.2,146.3,3
2024-10-30T19:00:00+00:00,146.4,146.4,146.4,146.4,2
2024-10-30T19:05:00+00:00,146.3,146.3,146.3,146.3,2
2024-10-30T19:15:00+00:00,146.4,146.4,146.4,146.4,5
2024-10-30T19:25:00+00:00,146.4,146.4,146.4,146.4,5
2024-10-30T19:35:00+00:00,146.3,146.3,146.0,146.0,11
2024-10-30T19:40:00+00:00,146.2,146.3,146.2,146.3,3
2024-10-30T19:55:00+00:00,146.3,146.3,146.3,146.3,1
2024-10-30T20:00:00+00:00,146.4,146.4,146.4,146.4,1
2024-10-30T20:05:00+00:00,146.3,146.4,146.3,146.4,3
2024-10-30T20:10:00+00:00,146.4,146.4,146.4,146.4,2
2024-10-30T20:15:00+00:00,146.45,146.6,146.1,146.1,41
2024-10-30T20:20:00+00:00,146.2,146.5,146.2,146.5,8
2024-10-30T20:25:00+00:00,146.6,146.6,146.6,146.6,2
2024-10-30T20:30:00+00:00,146.5,146.5,146.4,146.4,5
2024-10-30T20:35:00+00:00,146.5,146.5,146.5,146.5,2
2024-10-30T20:45:00+00:00,146.4,146.4,146.4,146.4,2
2024-10-31T07:00:00+00:00,146.4,148.6,146.4,147.4,77
2024-10-31T07:05:00+00:00,147.2,147.3,147.15,147.15,276
2024-10-31T07:10:00+00:00,146.65,146.65,146.4,146.5,9
2024-10-31T07:15:00+00:00,146.4,146.4,146.0,146.0,28
2024-10-31T07:20:00+00:00,145.9,145.95,145.85,145.85,17
2024-10-31T07:25:00+00:00,145.95,145.95,145.95,145.95,5
2024-10-31T07:30:00+00:00,146.0,146.0,146.0,146.0,36
2024-10-31T07:35:00+00:00,145.9,146.0,145.85,146.0,81
2024-10-31T07:40:00+00:00,145.85,146.0,145.85,146.0,7
2024-10-31T07:45:00+00:00,146.0,146.0,146.0,146.0,2
2024-10-31T07:55:00+00:00,145.9,145.9,145.9,145.9,15
2024-10-31T08:00:00+00:00,146.0,146.0,145.2,145.6,118
2024-10-31T08:05:00+00:00,145.6,145.6,145.6,145.6,2
2024-10-31T08:10:00+00:00,145.65,145.65,145.65,145.65,6
2024-10-31T08:15:00+00:00,145.65,145.95,145.65,145.95,53
2024-10-31T08:20:00+00:00,145.8,145.8,145.6,145.6,11
2024-10-31T08:25:00+00:00,145.6,145.6,145.6,145.6,6
2024-10-31T08:30:00+00:00,145.8,145.8,145.8,145.8,1
2024-10-31T08:40:00+00:00,145.8,146.0,145.8,146.0,7
2024-10-31T08:50:00+00:00,145.8,145.8,145.8,145.8,2
2024-10-31T08:55:00+00:00,145.9,145.9,145.9,145.9,1
2024-10-31T09:05:00+00:00,145.9,145.9,145.9,145.9,1
2024-10-31T09:15:00+00:00,145.8,145.8,145.7,145.7,9
2024-10-31T09:20:00+00:00,145.7,145.7,144.8,144.8,396
2024-10-31T09:25:00+00:00,144.9,144.9,144.2,144.2,42
2024-10-31T09:30:00+00:00,144.4,144.45,144.2,144.2,59
2024-10-31T09:35:00+00:00,144.2,144.5,143.75,144.05,206
2024-10-31T09:40:00+00:00,144.05,144.5,143.7,144.25,262
2024-10-31T09:45:00+00:00,144.4,144.5,144.2,144.5,190
2024-10-31T09:50:00+00:00,144.6,144.7,144.6,144.7,14
2024-10-31T09:55:00+00:00,144.6,144.6,144.5,144.5,17
2024-10-31T10:05:00+00:00,144.6,144.7,144.6,144.7,13
2024-10-31T10:10:00+00:00,144.7,144.7,144.7,144.7,5
2024-10-31T10:15:00+00:00,144.7,145.1,144.6,144.95,61
2024-10-31T10:20:00+00:00,145.1,145.1,144.05,144.6,338
2024-10-31T10:25:00+00:00,144.7,144.75,144.7,144.75,3
2024-10-31T10:35:00+00:00,144.7,144.8,144.7,144.8,3
2024-10-31T10:40:00+00:00,144.8,144.8,144.8,144.8,1
2024-10-31T10:50:00+00:00,144.7,144.7,144.7,144.7,1
2024-10-31T11:00:00+00:00,144.8,144.8,144.8,144.8,1
2024-10-31T11:05:00+00:00,144.7,144.7,144.05,144.45,128
2024-10-31T11:10:00+00:00,144.3,144.4,144.3,144.4,2
2024-10-31T11:15:00+00:00,144.3,144.3,144.1,144.2,23
2024-10-31T11:20:00+00:00,144.2,144.2,144.0,144.0,314
2024-10-31T11:25:00+00:00,144.2,144.3,144.2,144.3,4
2024-10-31T11:30:00+00:00,144.3,144.3,144.3,144.3,42
2024-10-31T11:35:00+00:00,144.2,144.2,144.2,144.2,61
2024-10-31T11:40:00+00:00,144.2,144.25,144.2,144.25,5
2024-10-31T11:45:00+00:00,144.25,144.25,144.25,144.25,5
2024-10-31T11:50:00+00:00,144.25,144.25,144.0,144.0,103
2024-10-31T11:55:00+00:00,144.1,144.25,144.1,144.25,12
2024-10-31T12:00:00+00:00,144.3,144.3,144.0,144.0,19
2024-10-31T12:05:00+00:00,144.0,144.0,143.75,143.8,42
2024-10-31T12:10:00+00:00,143.8,143.8,143.75,143.75,16
2024-10-31T12:15:00+00:00,143.8,143.95,143.8,143.95,27
2024-10-31T12:25:00+00:00,143.95,143.95,143.95,143.95,1
2024-10-31T12:30:00+00:00,143.95,144.25,143.95,144.25,55
2024-10-31T12:35:00+00:00,144.25,144.45,144.25,144.45,38
2024-10-31T12:40:00+00:00,144.45,144.45,144.3,144.3,4
2024-10-31T12:45:00+00:00,144.3,144.3,144.3,144.3,2
2024-10-31T12:50:00+00:00,144.3,144.3,144.3,144.3,4
2024-10-31T12:55:00+00:00,144.2,144.2,143.5,143.5,109
2024-10-31T13:00:00+00:00,143.55,143.55,143.5,143.5,8
2024-10-31T13:05:00+00:00,143.5,144.0,143.5,144.0,30
2024-10-31T13:10:00+00:00,144.1,144.1,144.0,144.0,27
2024-10-31T13:15:00+00:00,143.9,143.9,143.9,143.9,4
2024-10-31T13:20:00+00:00,143.9,143.9,143.7,143.7,74
2024-10-31T13:25:00+00:00,143.6,143.6,143.25,143.5,39
2024-10-31T13:30:00+00:00,143.4,143.55,143.05,143.55,95
2024-10-31T13:35:00+00:00,143.4,143.45,142.9,143.45,121
2024-10-31T13:40:00+00:00,143.3,143.4,143.1,143.4,10
2024-10-31T13:45:00+00:00,143.3,143.3,143.3,143.3,2
2024-10-31T13:50:00+00:00,143.3,143.3,143.1,143.1,27
2024-10-31T13:55:00+00:00,143.1,143.2,143.0,143.0,20
2024-10-31T14:00:00+00:00,143.0,143.1,143.0,143.1,9
2024-10-31T14:05:00+00:00,143.1,143.1,142.65,142.65,110
2024-10-31T14:10:00+00:00,142.6,142.6,142.3,142.5,39
2024-10-31T14:15:00+00:00,142.4,142.8,142.2,142.8,77
2024-10-31T14:20:00+00:00,142.8,142.8,142.8,142.8,52
2024-10-31T14:25:00+00:00,142.75,142.8,142.75,142.8,4
2024-10-31T14:30:00+00:00,142.7,142.7,142.3,142.3,62
2024-10-31T14:35:00+00:00,142.2,142.75,142.2,142.2,36
2024-10-31T14:40:00+00:00,142.2,142.2,142.05,142.2,35
2024-10-31T14:45:00+00:00,142.05,142.2,141.05,141.85,527
2024-10-31T14:50:00+00:00,142.0,142.65,140.0,141.1,790
2024-10-31T14:55:00+00:00,141.4,141.8,141.4,141.8,41
2024-10-31T15:00:00+00:00,141.8,142.65,141.8,142.65,113
2024-10-31T15:10:00+00:00,142.5,142.5,142.2,142.3,36
2024-10-31T15:15:00+00:00,142.3,142.3,142.2,142.3,27
2024-10-31T15:20:00+00:00,142.3,142.3,142.3,142.3,10
2024-10-31T15:25:00+00:00,142.1,142.1,142.0,142.0,14
2024-10-31T15:35:00+00:00,142.0,142.0,141.9,141.9,27
2024-10-31T15:45:00+00:00,141.9,141.9,141.9,141.9,2
2024-10-31T16:00:00+00:00,141.9,141.9,141.9,141.9,7
2024-10-31T16:05:00+00:00,141.8,141.9,141.7,141.9,8
2024-10-31T16:10:00+00:00,141.9,141.9,141.6,141.6,50
2024-10-31T16:15:00+00:00,141.5,141.6,141.5,141.6,2
2024-10-31T16:20:00+00:00,141.6,142.0,141.6,142.0,36
2024-10-31T16:25:00+00:00,142.05,142.05,142.05,142.05,1
2024-10-31T16:30:00+00:00,142.05,142.3,142.05,142.3,56
2024-10-31T16:35:00+00:00,142.3,142.3,142.3,142.3,11
2024-10-31T16:40:00+00:00,142.1,142.1,141.9,141.9,11
2024-10-31T16:50:00+00:00,141.9,141.9,141.9,141.9,1
2024-10-31T17:00:00+00:00,142.0,142.3,141.9,141.9,16
2024-10-31T17:10:00+00:00,142.0,142.2,142.0,142.2,6
2024-10-31T17:15:00+00:00,142.2,142.2,142.2,142.2,1
2024-10-31T17:35:00+00:00,142.2,142.2,142.1,142.1,3
2024-10-31T17:50:00+00:00,142.1,142.1,142.1,142.1,2
2024-10-31T17:55:00+00:00,142.0,142.0,142.0,142.0,5
2024-10-31T18:10:00+00:00,142.0,142.0,141.5,141.5,100
2024-10-31T18:20:00+00:00,141.6,141.7,141.6,141.7,4
2024-10-31T18:25:00+00:00,141.8,142.25,141.8,142.25,50
2024-10-31T18:30:00+00:00,142.1,142.1,142.1,142.1,1
2024-10-31T18:40:00+00:00,142.15,142.15,141.9,141.9,5
2024-10-31T18:45:00+00:00,141.9,141.9,141.6,141.6,11
2024-10-31T18:50:00+00:00,141.7,141.8,141.5,141.5,43
2024-10-31T18:55:00+00:00,141.7,141.7,141.7,141.7,12
2024-10-31T19:00:00+00:00,141.8,141.8,141.8,141.8,1
2024-10-31T19:05:00+00:00,141.8,141.8,141.8,141.8,1
2024-10-31T19:10:00+00:00,141.9,142.0,141.9,142.0,4
2024-10-31T19:15:00+00:00,142.0,142.1,142.0,142.1,2
2024-10-31T19:20:00+00:00,142.1,142.3,142.1,142.3,17
2024-10-31T19:25:00+00:00,142.3,143.25,142.3,143.25,137
2024-10-31T19:30:00+00:00,143.3,143.3,143.3,143.3,5
2024-10-31T19:35:00+00:00,143.4,143.4,143.4,143.4,2
2024-10-31T19:40:00+00:00,143.5,143.5,143.5,143.5,2
2024-10-31T19:45:00+00:00,143.6,143.6,143.6,143.6,1
2024-10-31T19:50:00+00:00,143.4,143.4,143.4,143.4,1
2024-10-31T19:55:00+00:00,143.6,143.6,143.6,143.6,7
2024-10-31T20:05:00+00:00,143.6,143.7,143.6,143.7,5
2024-10-31T20:10:00+00:00,143.7,143.8,143.7,143.8,2
2024-10-31T20:20:00+00:00,143.7,143.7,143.7,143.7,1
2024-10-31T20:30:00+00:00,143.6,143.6,143.6,143.6,3
2024-10-31T20:35:00+00:00,143.7,143.8,143.7,143.8,3
2024-10-31T20:40:00+00:00,143.8,143.8,143.8,143.8,1
2024-11-01T07:00:00+00:00,141.9,144.55,141.9,143.55,41
2024-11-01T07:05:00+00:00,143.9,144.85,142.7,142.7,209
2024-11-01T07:10:00+00:00,142.7,143.8,142.05,142.5,136
2024-11-01T07:15:00+00:00,143.75,143.75,143.1,143.1,14
2024-11-01T07:20:00+00:00,143.15,143.2,143.15,143.2,36
2024-11-01T07:25:00+00:00,143.2,143.2,142.3,142.3,57
2024-11-01T07:30:00+00:00,142.3,142.7,142.0,142.3,177
2024-11-01T07:35:00+00:00,142.3,142.3,142.0,142.2,25
2024-11-01T07:40:00+00:00,142.2,142.2,141.9,141.9,75
2024-11-01T07:45:00+00:00,141.8,141.8,141.4,141.4,143
2024-11-01T07:50:00+00:00,141.3,141.5,141.3,141.5,99
2024-11-01T07:55:00+00:00,141.4,141.4,141.05,141.05,102
2024-11-01T08:00:00+00:00,141.1,141.9,141.0,141.9,580
2024-11-01T08:05:00+00:00,141.7,141.7,141.5,141.5,7
2024-11-01T08:10:00+00:00,141.6,141.8,141.6,141.8,5
2024-11-01T08:15:00+00:00,141.8,141.8,141.8,141.8,2
2024-11-01T08:20:00+00:00,141.65,141.65,141.65,141.65,5
2024-11-01T08:25:00+00:00,141.65,141.8,141.65,141.8,2
2024-11-01T08:30:00+00:00,141.8,141.8,141.55,141.55,25
2024-11-01T08:35:00+00:00,141.6,141.6,141.5,141.6,18
2024-11-01T08:40:00+00:00,141.6,141.6,141.6,141.6,6
2024-11-01T08:45:00+00:00,141.6,141.6,141.3,141.4,52
2024-11-01T08:50:00+00:00,141.3,141.3,141.15,141.15,14
2024-11-01T08:55:00+00:00,141.3,141.3,141.1,141.15,71
2024-11-01T09:00:00+00:00,141.15,141.15,141.05,141.05,4
2024-11-01T09:05:00+00:00,141.05,141.15,141.05,141.15,20
2024-11-01T09:10:00+00:00,141.15,141.4,141.15,141.4,114
2024-11-01T09:20:00+00:00,141.45,141.9,141.45,141.9,92
2024-11-01T09:25:00+00:00,141.7,141.9,141.7,141.9,36
2024-11-01T09:35:00+00:00,141.8,141.8,141.25,141.35,200
2024-11-01T09:40:00+00:00,141.4,141.75,141.3,141.75,136
2024-11-01T09:45:00+00:00,141.65,141.65,141.65,141.65,5
2024-11-01T09:50:00+00:00,141.65,141.65,141.65,141.65,1
2024-11-01T09:55:00+00:00,141.65,141.8,141.65,141.8,11
2024-11-01T10:00:00+00:00,141.8,141.85,141.8,141.85,6
2024-11-01T10:05:00+00:00,141.85,142.2,141.85,142.15,184
2024-11-01T10:10:00+00:00,142.15,142.15,141.95,142.1,24
2024-11-01T10:15:00+00:00,142.1,142.1,142.1,142.1,1
2024-11-01T10:25:00+00:00,142.2,142.2,142.15,142.15,27
2024-11-01T10:35:00+00:00,142.2,142.2,142.2,142.2,1
2024-11-01T10:40:00+00:00,142.2,142.3,142.2,142.3,5
2024-11-01T10:45:00+00:00,142.2,142.3,142.2,142.3,3
2024-11-01T10:50:00+00:00,142.3,142.5,142.3,142.5,203
2024-11-01T10:55:00+00:00,142.6,142.6,142.45,142.6,13
2024-11-01T11:00:00+00:00,142.5,142.5,142.45,142.45,14
2024-11-01T11:05:00+00:00,142.4,142.4,142.2,142.2,49
2024-11-01T11:10:00+00:00,142.3,142.7,142.3,142.6,36
2024-11-01T11:15:00+00:00,142.5,142.6,142.4,142.6,5
2024-11-01T11:20:00+00:00,142.6,142.6,142.5,142.5,3
2024-11-01T11:25:00+00:00,142.5,142.5,142.2,142.2,27
2024-11-01T11:40:00+00:00,142.2,142.2,142.2,142.2,21
2024-11-01T11:45:00+00:00,142.2,142.2,142.1,142.1,13
2024-11-01T11:55:00+00:00,142.15,142.15,142.05,142.05,63
2024-11-01T12:05:00+00:00,142.0,142.1,142.0,142.1,136
2024-11-01T12:10:00+00:00,142.1,142.1,142.1,142.1,19
2024-11-01T12:15:00+00:00,142.1,142.25,142.1,142.25,141
2024-11-01T12:20:00+00:00,142.1,142.1,141.8,141.8,135
2024-11-01T12:25:00+00:00,141.85,141.85,141.85,141.85,174
2024-11-01T12:30:00+00:00,141.85,141.85,141.65,141.65,100
2024-11-01T12:35:00+00:00,141.8,141.8,141.4,141.4,209
2024-11-01T12:40:00+00:00,141.3,141.3,141.0,141.05,181
2024-11-01T12:45:00+00:00,141.0,141.0,140.9,140.9,35
2024-11-01T12:50:00+00:00,141.0,141.0,140.8,141.0,33
2024-11-01T12:55:00+00:00,140.85,140.9,140.65,140.8,42
2024-11-01T13:00:00+00:00,140.8,140.8,140.75,140.8,14
2024-11-01T13:05:00+00:00,140.7,140.7,140.7,140.7,3
2024-11-01T13:10:00+00:00,140.7,140.7,140.5,140.5,101
2024-11-01T13:15:00+00:00,140.5,140.8,140.3,140.35,154
2024-11-01T13:20:00+00:00,140.3,140.35,140.1,140.35,40
2024-11-01T13:25:00+00:00,140.3,140.3,140.05,140.05,33
2024-11-01T13:30:00+00:00,140.1,140.3,140.05,140.2,28
2024-11-01T13:35:00+00:00,140.15,140.35,140.15,140.35,17
2024-11-01T13:40:00+00:00,140.35,140.65,140.1,140.4,54
2024-11-01T13:45:00+00:00,140.3,140.3,140.2,140.2,6
2024-11-01T13:50:00+00:00,140.3,141.9,140.3,141.85,202
2024-11-01T13:55:00+00:00,141.85,141.9,141.7,141.7,26
2024-11-01T14:00:00+00:00,141.6,141.7,141.6,141.6,6
2024-11-01T14:05:00+00:00,141.6,141.6,141.6,141.6,2
2024-11-01T14:10:00+00:00,141.7,141.7,141.55,141.55,7
2024-11-01T14:15:00+00:00,141.55,141.55,141.55,141.55,1
2024-11-01T14:20:00+00:00,141.6,141.6,141.15,141.4,87
2024-11-01T14:25:00+00:00,141.5,141.6,141.5,141.6,4
2024-11-01T14:30:00+00:00,141.7,141.8,141.7,141.8,16
2024-11-01T14:35:00+00:00,141.65,141.8,141.65,141.8,2
2024-11-01T14:40:00+00:00,141.8,141.9,141.8,141.9,8
2024-11-01T14:45:00+00:00,141.9,142.0,141.85,142.0,11
2024-11-01T14:50:00+00:00,142.0,142.3,142.0,142.3,84
2024-11-01T14:55:00+00:00,142.3,142.4,142.3,142.4,7
2024-11-01T15:00:00+00:00,142.5,142.5,142.5,142.5,3
2024-11-01T15:05:00+00:00,142.5,142.5,142.5,142.5,13
2024-11-01T15:10:00+00:00,142.5,142.55,142.5,142.55,5
2024-11-01T15:15:00+00:00,142.4,142.4,142.05,142.15,92
2024-11-01T15:20:00+00:00,142.1,142.2,142.1,142.2,13
2024-11-01T15:25:00+00:00,142.3,142.4,142.05,142.05,24
2024-11-01T15:30:00+00:00,142.05,142.2,142.05,142.2,5
2024-11-01T16:00:00+00:00,142.0,142.0,142.0,142.0,121
2024-11-01T16:05:00+00:00,142.1,142.1,142.1,142.1,4
2024-11-01T16:10:00+00:00,141.9,141.9,141.55,141.55,18
2024-11-01T16:15:00+00:00,141.7,141.7,141.6,141.6,7
2024-11-01T16:20:00+00:00,141.5,141.6,141.5,141.6,509
2024-11-01T16:25:00+00:00,141.5,141.65,141.5,141.65,150
2024-11-01T16:30:00+00:00,141.65,142.35,141.65,142.3,52
2024-11-01T16:35:00+00:00,142.35,142.35,142.3,142.3,21
2024-11-01T16:40:00+00:00,142.4,142.4,142.3,142.4,3
2024-11-01T16:45:00+00:00,142.3,142.3,142.3,142.3,1
2024-11-01T16:50:00+00:00,142.3,142.3,142.2,142.2,3
2024-11-01T16:55:00+00:00,142.3,142.3,142.2,142.2,2
2024-11-01T17:00:00+00:00,142.1,142.2,142.1,142.2,2
2024-11-01T17:05:00+00:00,142.1,142.1,142.1,142.1,1
2024-11-01T17:10:00+00:00,142.2,142.2,142.2,142.2,1
2024-11-01T17:15:00+00:00,142.1,142.1,141.5,141.5,69
2024-11-01T17:20:00+00:00,141.55,141.6,141.3,141.6,136
2024-11-01T17:25:00+00:00,141.7,141.7,141.7,141.7,2
2024-11-01T17:30:00+00:00,141.8,141.8,141.8,141.8,1
2024-11-01T17:35:00+00:00,141.8,142.55,141.8,142.4,121
2024-11-01T17:40:00+00:00,142.4,142.4,141.85,142.1,16
2024-11-01T17:45:00+00:00,142.1,142.3,142.1,142.3,5
2024-11-01T18:00:00+00:00,142.2,142.2,141.65,141.8,56
2024-11-01T18:05:00+00:00,141.9,141.9,141.9,141.9,2
2024-11-01T18:15:00+00:00,141.9,142.1,141.7,142.1,14
2024-11-01T18:20:00+00:00,142.1,142.1,142.1,142.1,8
2024-11-01T18:25:00+00:00,142.0,142.0,142.0,142.0,2
2024-11-01T18:30:00+00:00,141.9,141.9,141.9,141.9,2
2024-11-01T18:45:00+00:00,141.9,141.9,141.9,141.9,1
2024-11-01T18:50:00+00:00,142.0,142.1,142.0,142.1,10
2024-11-01T18:55:00+00:00,142.1,142.1,142.1,142.1,1
2024-11-01T19:15:00+00:00,142.1,142.1,141.65,141.65,29
2024-11-01T19:20:00+00:00,141.7,141.7,141.7,141.7,3
2024-11-01T19:30:00+00:00,141.8,141.8,141.8,141.8,1
2024-11-01T19:35:00+00:00,141.7,141.7,141.7,141.7,1
2024-11-01T19:50:00+00:00,141.8,141.8,141.8,141.8,1
2024-11-01T19:55:00+00:00,141.9,141.9,141.9,141.9,2
2024-11-01T20:05:00+00:00,142.0,142.0,142.0,142.0,7
2024-11-01T20:10:00+00:00,142.1,142.2,142.1,142.2,4
2024-11-01T20:30:00+00:00,142.1,142.1,142.1,142.1,13
2024-11-01T20:35:00+00:00,142.0,142.0,142.0,142.0,10
2024-11-01T20:45:00+00:00,142.0,142.0,142.0,142.0,1
2024-11-02T07:00:00+00:00,144.75,144.75,142.15,143.15,175
2024-11-02T07:05:00+00:00,142.95,142.95,142.95,142.95,78
2024-11-02T07:10:00+00:00,142.95,142.95,142.0,142.4,48
2024-11-02T07:15:00+00:00,142.5,142.5,142.35,142.4,5
2024-11-02T07:25:00+00:00,142.3,142.3,142.25,142.25,2
2024-11-02T07:30:00+00:00,142.3,142.3,142.3,142.3,1
2024-11-02T07:35:00+00:00,142.4,142.4,142.4,142.4,1
2024-11-02T07:40:00+00:00,142.3,142.3,142.1,142.1,28
2024-11-02T07:50:00+00:00,142.1,142.1,141.7,141.7,70
2024-11-02T07:55:00+00:00,141.8,141.8,141.8,141.8,1
2024-11-02T08:00:00+00:00,141.8,141.8,141.8,141.8,1
2024-11-02T08:05:00+00:00,141.9,142.0,141.9,142.0,9
2024-11-02T08:10:00+00:00,142.0,142.0,141.6,141.8,117
2024-11-02T08:15:00+00:00,141.8,141.9,141.7,141.7,13
2024-11-02T08:20:00+00:00,141.65,141.7,141.6,141.7,140
2024-11-02T08:25:00+00:00,141.65,141.8,141.6,141.8,9
2024-11-02T08:35:00+00:00,141.7,141.7,141.7,141.7,1
2024-11-02T08:55:00+00:00,141.8,141.8,141.7,141.7,5
2024-11-02T09:00:00+00:00,141.8,141.95,141.8,141.95,10
2024-11-02T09:05:00+00:00,141.8,141.8,141.7,141.7,5
2024-11-02T09:10:00+00:00,141.7,141.7,141.7,141.7,95
2024-11-02T09:15:00+00:00,141.8,141.8,141.6,141.6,7
2024-11-02T09:20:00+00:00,141.7,141.7,141.7,141.7,34
2024-11-02T09:30:00+00:00,141.6,141.6,141.6,141.6,30
2024-11-02T09:40:00+00:00,141.65,141.65,141.6,141.6,100
2024-11-02T09:50:00+00:00,141.75,141.75,141.75,141.75,9
2024-11-02T09:55:00+00:00,141.75,141.95,141.75,141.95,7
2024-11-02T10:00:00+00:00,142.0,142.05,141.9,141.9,9
2024-11-02T10:10:00+00:00,142.0,142.0,142.0,142.0,1
2024-11-02T10:15:00+00:00,142.05,142.05,142.05,142.05,1
2024-11-02T10:20:00+00:00,141.9,141.9,141.9,141.9,1
2024-11-02T10:30:00+00:00,142.1,142.1,142.1,142.1,1
2024-11-02T10:35:00+00:00,142.1,142.1,142.1,142.1,13
2024-11-02T10:40:00+00:00,142.1,142.1,142.1,142.1,1
2024-11-02T10:50:00+00:00,142.0,142.1,142.0,142.0,5
2024-11-02T11:10:00+00:00,142.1,142.1,142.1,142.1,1
2024-11-02T11:15:00+00:00,142.2,142.3,142.2,142.2,11
2024-11-02T11:20:00+00:00,142.2,142.2,141.9,141.9,41
2024-11-02T11:25:00+00:00,141.9,141.9,141.9,141.9,1
2024-11-02T11:35:00+00:00,141.9,142.0,141.9,142.0,84
2024-11-02T11:40:00+00:00,142.0,142.0,142.0,142.0,1
2024-11-02T11:45:00+00:00,142.1,142.2,142.1,142.2,3
2024-11-02T12:00:00+00:00,142.1,142.3,141.7,141.8,48
2024-11-02T12:10:00+00:00,141.9,141.9,141.7,141.9,5
2024-11-02T12:15:00+00:00,141.9,141.9,141.9,141.9,1
2024-11-02T12:20:00+00:00,141.9,141.9,141.6,141.6,134
2024-11-02T12:25:00+00:00,141.7,142.3,141.7,142.2,21
2024-11-02T12:30:00+00:00,142.3,142.3,141.5,141.5,75
2024-11-02T12:40:00+00:00,141.6,142.0,141.6,142.0,10
2024-11-02T12:45:00+00:00,142.0,142.0,142.0,142.0,3
2024-11-02T12:50:00+00:00,142.0,142.35,141.55,141.9,59
2024-11-02T13:10:00+00:00,141.8,141.8,141.5,141.5,170
2024-11-02T13:15:00+00:00,141.5,141.8,141.5,141.5,16
2024-11-02T13:20:00+00:00,141.7,141.7,141.7,141.7,1
2024-11-02T13:25:00+00:00,141.7,141.7,141.5,141.5,14
2024-11-02T13:30:00+00:00,141.5,141.5,141.5,141.5,4
2024-11-02T13:35:00+00:00,141.5,141.5,141.5,141.5,10
2024-11-02T13:50:00+00:00,141.6,141.6,141.6,141.6,1
2024-11-02T13:55:00+00:00,141.6,141.6,141.6,141.6,1
2024-11-02T14:00:00+00:00,141.7,141.7,141.2,141.2,104
2024-11-02T14:05:00+00:00,141.2,141.2,141.2,141.2,22
2024-11-02T14:10:00+00:00,141.2,141.25,141.0,141.25,16
2024-11-02T14:15:00+00:00,141.3,141.4,141.25,141.4,6
2024-11-02T14:25:00+00:00,141.3,141.3,141.2,141.2,7
2024-11-02T14:40:00+00:00,141.1,141.1,141.1,141.1,2
2024-11-02T14:45:00+00:00,141.1,141.6,140.1,141.2,479
2024-11-02T14:50:00+00:00,141.3,141.3,141.3,141.3,1
2024-11-02T14:55:00+00:00,141.3,141.3,141.25,141.25,4
2024-11-02T15:05:00+00:00,141.4,141.4,141.4,141.4,2
2024-11-02T15:10:00+00:00,141.3,141.4,141.3,141.4,2
2024-11-02T15:15:00+00:00,141.3,141.35,141.2,141.35,5
2024-11-02T15:30:00+00:00,141.4,141.5,141.3,141.5,5
2024-11-02T15:35:00+00:00,141.5,142.05,141.5,142.05,70
2024-11-02T15:45:00+00:00,141.7,141.7,141.7,141.7,11
2024-11-02T16:05:00+00:00,141.8,141.8,141.8,141.8,2
2024-11-02T16:30:00+00:00,141.7,141.7,141.7,141.7,1
2024-11-02T16:45:00+00:00,141.8,141.8,141.8,141.8,1
2024-11-02T17:00:00+00:00,141.8,141.8,141.8,141.8,1
2024-11-02T17:05:00+00:00,141.8,141.8,141.8,141.8,4
2024-11-02T17:20:00+00:00,141.9,141.9,141.9,141.9,1
2024-11-02T17:35:00+00:00,141.9,141.9,141.9,141.9,2
2024-11-02T17:40:00+00:00,141.95,141.95,141.95,141.95,2
2024-11-02T18:25:00+00:00,141.95,141.95,141.7,141.7,28
2024-11-02T18:35:00+00:00,141.8,141.8,141.8,141.8,1
2024-11-02T18:45:00+00:00,141.75,141.8,141.75,141.8,2
2024-11-02T19:05:00+00:00,141.8,141.8,141.8,141.8,6
2024-11-02T19:30:00+00:00,141.9,141.9,141.9,141.9,2
2024-11-02T19:40:00+00:00,141.8,141.8,141.8,141.8,1
2024-11-02T19:55:00+00:00,141.8,141.8,141.8,141.8,1
2024-11-02T20:00:00+00:00,141.8,141.8,141.8,141.8,1
2024-11-02T20:20:00+00:00,141.9,141.9,141.9,141.9,1
2024-11-02T20:25:00+00:00,141.9,141.9,141.9,141.9,1
2024-11-02T20:30:00+00:00,141.9,141.95,141.9,141.95,5
2024-11-02T20:35:00+00:00,141.9,141.9,141.9,141.9,1
2024-11-02T20:40:00+00:00,141.8,141.8,141.8,141.8,6
2024-11-02T20:45:00+00:00,141.9,141.9,141.6,141.6,31
2024-11-05T07:00:00+00:00,141.95,142.6,141.95,142.6,11
2024-11-05T07:05:00+00:00,141.65,142.1,141.65,142.1,57
2024-11-05T07:10:00+00:00,142.35,142.35,141.7,141.7,18
2024-11-05T07:15:00+00:00,141.8,141.8,141.8,141.8,3
2024-11-05T07:20:00+00:00,141.9,142.0,141.9,142.0,6
2024-11-05T07:25:00+00:00,141.8,142.0,141.25,141.4,96
2024-11-05T07:30:00+00:00,141.4,141.4,140.9,141.0,230
2024-11-05T07:35:00+00:00,141.1,141.1,141.1,141.1,1
2024-11-05T07:40:00+00:00,141.0,141.1,141.0,141.0,12
2024-11-05T07:45:00+00:00,141.0,141.1,140.95,141.0,173
2024-11-05T07:50:00+00:00,141.1,141.4,140.85,141.2,144
2024-11-05T07:55:00+00:00,141.2,141.25,141.1,141.25,10
2024-11-05T08:00:00+00:00,141.25,141.25,141.1,141.1,13
2024-11-05T08:10:00+00:00,141.25,141.25,141.25,141.25,8
2024-11-05T08:15:00+00:00,141.3,141.3,141.1,141.2,4
2024-11-05T08:20:00+00:00,141.2,141.2,141.05,141.2,7
2024-11-05T08:25:00+00:00,141.2,141.2,141.2,141.2,3
2024-11-05T08:30:00+00:00,141.3,141.3,141.3,141.3,2
2024-11-05T08:35:00+00:00,141.3,141.3,141.3,141.3,3
2024-11-05T08:40:00+00:00,141.3,141.3,141.3,141.3,3
2024-11-05T08:45:00+00:00,141.3,141.3,141.3,141.3,2
2024-11-05T08:50:00+00:00,141.3,141.3,141.3,141.3,1
2024-11-05T09:00:00+00:00,141.3,141.5,141.3,141.5,10
2024-11-05T09:05:00+00:00,141.5,141.5,141.45,141.45,2
2024-11-05T09:15:00+00:00,141.45,141.45,141.2,141.4,12
2024-11-05T09:20:00+00:00,141.4,141.4,141.4,141.4,6
2024-11-05T09:25:00+00:00,141.5,141.5,141.5,141.5,2
2024-11-05T09:30:00+00:00,141.4,141.4,141.4,141.4,41
2024-11-05T09:35:00+00:00,141.4,141.4,141.4,141.4,2
2024-11-05T09:40:00+00:00,141.4,141.45,141.4,141.4,76
2024-11-05T09:45:00+00:00,141.45,141.5,141.35,141.45,198
2024-11-05T09:50:00+00:00,141.5,141.9,141.5,141.9,133
2024-11-05T09:55:00+00:00,141.95,141.95,141.9,141.95,9
2024-11-05T10:05:00+00:00,141.8,141.9,141.8,141.9,3
2024-11-05T10:10:00+00:00,141.9,141.9,141.9,141.9,2
2024-11-05T10:15:00+00:00,141.8,142.0,141.6,141.6,42
2024-11-05T10:20:00+00:00,141.6,141.6,141.5,141.5,9
2024-11-05T10:25:00+00:00,141.6,141.6,141.6,141.6,2
2024-11-05T10:40:00+00:00,141.6,141.6,141.6,141.6,1
2024-11-05T10:45:00+00:00,141.6,141.6,141.0,141.0,147
2024-11-05T10:50:00+00:00,141.0,141.0,140.95,140.95,11
2024-11-05T10:55:00+00:00,141.0,141.0,140.95,140.95,2
2024-11-05T11:00:00+00:00,141.0,141.0,141.0,141.0,3
2024-11-05T11:05:00+00:00,141.0,141.0,141.0,141.0,23
2024-11-05T11:10:00+00:00,140.95,140.95,140.9,140.9,119
2024-11-05T11:15:00+00:00,140.85,140.85,140.8,140.8,10
2024-11-05T11:20:00+00:00,140.9,140.9,140.9,140.9,36
2024-11-05T11:25:00+00:00,140.9,140.9,140.9,140.9,19
2024-11-05T11:30:00+00:00,140.95,140.95,140.8,140.8,5
2024-11-05T11:35:00+00:00,140.95,140.95,140.3,140.5,128
2024-11-05T11:40:00+00:00,140.5,140.6,140.5,140.6,2
2024-11-05T11:45:00+00:00,140.5,140.5,140.3,140.4,56
2024-11-05T11:50:00+00:00,140.4,140.4,140.4,140.4,20
2024-11-05T11:55:00+00:00,140.4,140.5,140.4,140.5,7
2024-11-05T12:00:00+00:00,140.5,140.5,140.4,140.4,9
2024-11-05T12:05:00+00:00,140.4,140.55,140.0,140.5,489
2024-11-05T12:10:00+00:00,140.6,140.6,140.6,140.6,1
2024-11-05T12:15:00+00:00,140.6,140.6,140.6,140.6,2
2024-11-05T12:20:00+00:00,140.65,140.8,140.65,140.7,13
2024-11-05T12:30:00+00:00,140.8,140.8,140.8,140.8,2
2024-11-05T12:35:00+00:00,140.8,140.8,140.8,140.8,1
2024-11-05T12:40:00+00:00,140.8,140.8,140.7,140.7,6
2024-11-05T12:45:00+00:00,140.7,141.0,140.5,141.0,900
2024-11-05T12:50:00+00:00,140.95,140.95,140.95,140.95,1
2024-11-05T12:55:00+00:00,140.8,140.9,140.8,140.9,11
2024-11-05T13:00:00+00:00,140.9,140.9,140.9,140.9,1
2024-11-05T13:05:00+00:00,140.9,140.9,140.9,140.9,3
2024-11-05T13:10:00+00:00,140.95,141.0,140.05,140.6,538
2024-11-05T13:15:00+00:00,140.55,140.55,140.5,140.5,9
2024-11-05T13:20:00+00:00,140.55,141.0,140.55,140.95,124
2024-11-05T13:30:00+00:00,140.8,140.8,140.8,140.8,5
2024-11-05T13:35:00+00:00,140.8,140.8,140.75,140.75,13
2024-11-05T13:45:00+00:00,140.8,140.8,140.8,140.8,15
2024-11-05T13:50:00+00:00,140.8,140.85,140.75,140.85,20
2024-11-05T13:55:00+00:00,140.75,140.75,140.05,140.3,315
2024-11-05T14:00:00+00:00,140.3,140.3,140.25,140.25,2
2024-11-05T14:05:00+00:00,140.4,140.45,140.4,140.45,4
2024-11-05T14:10:00+00:00,140.5,140.6,140.4,140.4,6
2024-11-05T14:15:00+00:00,140.4,140.4,140.0,140.1,125
2024-11-05T14:20:00+00:00,140.2,140.5,140.2,140.5,15
2024-11-05T14:25:00+00:00,140.4,140.4,140.4,140.4,5
2024-11-05T14:30:00+00:00,140.3,140.3,140.25,140.3,25
2024-11-05T14:35:00+00:00,140.25,140.25,140.25,140.25,1
2024-11-05T14:40:00+00:00,140.4,140.5,140.4,140.5,64
2024-11-05T14:45:00+00:00,140.45,140.5,140.45,140.5,13
2024-11-05T14:50:00+00:00,140.5,140.5,140.45,140.45,3
2024-11-05T15:00:00+00:00,140.5,140.5,140.45,140.45,16
2024-11-05T15:10:00+00:00,140.55,140.65,140.2,140.65,28
2024-11-05T15:15:00+00:00,140.5,140.55,140.5,140.55,4
2024-11-05T15:20:00+00:00,140.55,140.55,140.55,140.55,4
2024-11-05T15:25:00+00:00,140.55,140.6,140.55,140.6,7
2024-11-05T15:30:00+00:00,140.6,140.7,140.6,140.7,7
2024-11-05T15:35:00+00:00,140.6,140.7,140.6,140.7,2
2024-11-05T15:45:00+00:00,140.7,140.7,140.7,140.7,2
2024-11-05T16:05:00+00:00,140.75,140.75,140.75,140.75,1
2024-11-05T16:15:00+00:00,140.7,140.7,140.7,140.7,10
2024-11-05T16:20:00+00:00,140.75,140.8,140.75,140.8,5
2024-11-05T16:25:00+00:00,140.8,140.8,140.8,140.8,1
2024-11-05T16:30:00+00:00,140.8,140.8,140.8,140.8,2
2024-11-05T16:35:00+00:00,140.7,140.7,140.7,140.7,1
2024-11-05T16:40:00+00:00,140.7,140.7,140.7,140.7,10
2024-11-05T16:50:00+00:00,140.8,140.8,140.8,140.8,1
2024-11-05T16:55:00+00:00,140.75,140.75,140.75,140.75,1
2024-11-05T17:05:00+00:00,140.75,140.8,140.75,140.75,3
2024-11-05T17:10:00+00:00,140.7,140.7,140.7,140.7,1
2024-11-05T17:25:00+00:00,140.8,140.85,140.65,140.65,25
2024-11-05T17:35:00+00:00,140.8,140.85,140.3,140.3,51
2024-11-05T17:45:00+00:00,140.4,140.5,140.4,140.5,4
2024-11-05T17:50:00+00:00,140.6,140.6,140.6,140.6,1
2024-11-05T17:55:00+00:00,140.6,140.6,140.6,140.6,1
2024-11-05T18:00:00+00:00,140.7,140.7,140.7,140.7,2
2024-11-05T18:35:00+00:00,140.8,140.85,140.8,140.85,5
2024-11-05T18:40:00+00:00,140.85,140.85,140.85,140.85,5
2024-11-05T18:45:00+00:00,140.9,141.45,140.9,141.45,290
2024-11-05T18:50:00+00:00,141.45,141.45,141.45,141.45,51
2024-11-05T18:55:00+00:00,141.45,141.45,141.45,141.45,1
2024-11-05T19:00:00+00:00,141.3,141.3,140.7,140.8,51
2024-11-05T19:25:00+00:00,140.7,140.7,140.7,140.7,3
2024-11-05T19:35:00+00:00,140.7,140.7,140.6,140.6,6
2024-11-05T19:50:00+00:00,140.7,141.0,140.7,141.0,8
2024-11-05T19:55:00+00:00,141.0,141.0,141.0,141.0,1
2024-11-05T20:00:00+00:00,141.0,141.0,141.0,141.0,1
2024-11-05T20:10:00+00:00,141.0,141.0,141.0,141.0,53
2024-11-05T20:15:00+00:00,141.0,141.0,141.0,141.0,3
2024-11-05T20:25:00+00:00,141.0,141.0,141.0,141.0,11
2024-11-05T20:30:00+00:00,141.0,141.0,141.0,141.0,9
2024-11-05T20:35:00+00:00,141.0,141.0,141.0,141.0,2
2024-11-06T06:55:00+00:00,142.55,142.55,142.55,142.55,3
2024-11-06T07:00:00+00:00,144.05,144.1,142.6,142.6,182
2024-11-06T07:05:00+00:00,142.7,142.95,142.3,142.85,37
2024-11-06T07:10:00+00:00,142.75,142.75,142.3,142.3,23
2024-11-06T07:15:00+00:00,142.2,143.7,142.2,142.2,529
2024-11-06T07:20:00+00:00,142.5,142.5,142.0,142.0,353
2024-11-06T07:25:00+00:00,142.1,142.3,142.1,142.3,5
2024-11-06T07:30:00+00:00,142.3,142.3,142.0,142.1,27
2024-11-06T07:35:00+00:00,142.1,142.2,142.0,142.0,27
2024-11-06T07:40:00+00:00,142.1,142.7,142.05,142.7,63
2024-11-06T07:45:00+00:00,142.8,142.8,142.7,142.7,209
2024-11-06T07:50:00+00:00,142.75,142.75,142.75,142.75,8
2024-11-06T07:55:00+00:00,142.7,142.7,142.6,142.65,57
2024-11-06T08:00:00+00:00,142.65,142.65,142.5,142.6,8
2024-11-06T08:05:00+00:00,142.6,142.9,142.6,142.9,227
2024-11-06T08:10:00+00:00,142.85,143.0,142.8,142.95,100
2024-11-06T08:15:00+00:00,143.0,143.4,142.75,143.3,244
2024-11-06T08:20:00+00:00,143.2,143.2,142.9,142.9,10
2024-11-06T08:25:00+00:00,143.0,143.2,143.0,143.0,38
2024-11-06T08:30:00+00:00,143.0,143.0,142.9,143.0,13
2024-11-06T08:35:00+00:00,143.0,143.0,142.75,142.75,397
2024-11-06T08:40:00+00:00,142.75,142.75,142.75,142.75,18
2024-11-06T08:45:00+00:00,142.75,143.65,142.75,143.65,503
2024-11-06T08:50:00+00:00,143.6,143.65,143.5,143.5,236
2024-11-06T08:55:00+00:00,143.45,143.45,142.65,142.65,81
2024-11-06T09:00:00+00:00,142.8,143.5,142.8,143.45,180
2024-11-06T09:05:00+00:00,143.45,143.6,143.4,143.4,244
2024-11-06T09:10:00+00:00,143.3,143.3,143.3,143.3,2
2024-11-06T09:15:00+00:00,143.2,143.3,143.2,143.2,3
2024-11-06T09:20:00+00:00,143.3,143.3,142.85,142.85,82
2024-11-06T09:25:00+00:00,142.95,142.95,142.5,142.5,106
2024-11-06T09:30:00+00:00,142.45,142.5,142.3,142.3,21
2024-11-06T09:35:00+00:00,142.3,142.4,142.25,142.4,161
2024-11-06T09:40:00+00:00,142.45,143.3,142.45,143.05,209
2024-11-06T09:45:00+00:00,142.9,143.6,142.9,143.35,397
2024-11-06T09:50:00+00:00,143.4,143.4,142.7,142.7,188
2024-11-06T09:55:00+00:00,142.8,142.9,142.8,142.9,11
2024-11-06T10:00:00+00:00,142.9,142.9,142.5,142.5,124
2024-11-06T10:05:00+00:00,142.6,142.6,142.4,142.4,61
2024-11-06T10:10:00+00:00,142.4,142.4,142.4,142.4,13
2024-11-06T10:15:00+00:00,142.4,142.4,142.4,142.4,4
2024-11-06T10:20:00+00:00,142.35,142.35,142.3,142.3,7
2024-11-06T10:25:00+00:00,142.4,142.4,142.3,142.3,19
2024-11-06T10:30:00+00:00,142.3,142.3,142.1,142.1,6
2024-11-06T10:35:00+00:00,142.2,142.2,142.2,142.2,2
2024-11-06T10:40:00+00:00,142.3,142.3,142.0,142.0,33
2024-11-06T10:45:00+00:00,142.0,142.0,142.0,142.0,15
2024-11-06T10:50:00+00:00,142.0,142.0,142.0,142.0,1
2024-11-06T10:55:00+00:00,142.0,142.0,142.0,142.0,18
2024-11-06T11:00:00+00:00,142.0,142.0,141.9,141.95,4
2024-11-06T11:05:00+00:00,141.9,141.9,141.8,141.8,12
2024-11-06T11:10:00+00:00,141.9,141.9,141.9,141.9,2
2024-11-06T11:15:00+00:00,141.9,142.0,141.9,142.0,76
2024-11-06T11:20:00+00:00,142.0,142.0,141.85,141.85,18
2024-11-06T11:25:00+00:00,141.8,142.0,141.8,142.0,10
2024-11-06T11:30:00+00:00,141.9,141.9,141.7,141.7,29
2024-11-06T11:35:00+00:00,141.6,141.8,141.6,141.8,12
2024-11-06T11:45:00+00:00,141.8,141.95,141.8,141.95,44
2024-11-06T11:55:00+00:00,141.8,141.8,138.25,140.0,2480
2024-11-06T12:00:00+00:00,140.0,140.0,139.75,139.8,82
2024-11-06T12:05:00+00:00,139.9,139.95,139.9,139.95,44
2024-11-06T12:10:00+00:00,139.9,139.95,139.8,139.95,21
2024-11-06T12:15:00+00:00,139.95,139.95,139.8,139.95,140
2024-11-06T12:20:00+00:00,139.95,139.95,139.95,139.95,13
2024-11-06T12:25:00+00:00,139.85,139.95,139.85,139.9,4
2024-11-06T12:30:00+00:00,139.9,139.9,139.85,139.9,5
2024-11-06T12:35:00+00:00,139.9,139.9,139.9,139.9,2
2024-11-06T12:40:00+00:00,139.9,139.9,139.9,139.9,4
2024-11-06T12:45:00+00:00,139.9,139.9,139.85,139.9,9
2024-11-06T12:50:00+00:00,139.85,139.9,139.85,139.9,17
2024-11-06T12:55:00+00:00,139.85,139.9,139.85,139.9,19
2024-11-06T13:00:00+00:00,139.95,139.95,139.95,139.95,203
2024-11-06T13:05:00+00:00,139.95,139.95,139.95,139.95,59
2024-11-06T13:10:00+00:00,139.95,139.95,139.9,139.9,6
2024-11-06T13:15:00+00:00,139.9,139.95,139.9,139.95,14
2024-11-06T13:20:00+00:00,139.9,139.9,139.75,139.9,63
2024-11-06T13:25:00+00:00,139.9,139.95,139.9,139.95,51
2024-11-06T13:30:00+00:00,139.95,139.95,139.95,139.95,22
2024-11-06T13:35:00+00:00,139.9,139.9,139.9,139.9,3
2024-11-06T13:40:00+00:00,139.95,139.95,139.7,139.95,34
2024-11-06T13:45:00+00:00,139.95,140.0,139.95,140.0,1146
2024-11-06T13:55:00+00:00,139.85,139.85,139.65,139.8,44
2024-11-06T14:00:00+00:00,139.9,139.9,139.9,139.9,5
2024-11-06T14:05:00+00:00,139.9,139.95,139.9,139.95,14
2024-11-06T14:10:00+00:00,139.95,139.95,139.95,139.95,1
2024-11-06T14:20:00+00:00,139.95,139.95,139.95,139.95,1
2024-11-06T14:25:00+00:00,139.9,139.95,139.9,139.95,8
2024-11-06T14:30:00+00:00,139.95,140.0,139.9,139.9,8
2024-11-06T14:35:00+00:00,139.95,139.95,139.95,139.95,10
2024-11-06T14:40:00+00:00,140.0,140.0,140.0,140.0,205
2024-11-06T14:45:00+00:00,140.0,140.0,139.8,139.95,52
2024-11-06T14:50:00+00:00,139.95,139.95,139.95,139.95,16
2024-11-06T14:55:00+00:00,139.95,139.95,139.9,139.9,7
2024-11-06T15:00:00+00:00,139.9,139.95,139.7,139.95,83
2024-11-06T15:05:00+00:00,139.85,139.95,139.5,139.9,364
2024-11-06T15:10:00+00:00,139.9,139.9,139.65,139.9,49
2024-11-06T15:20:00+00:00,139.95,139.95,139.95,139.95,2
2024-11-06T15:25:00+00:00,139.9,139.95,139.9,139.95,14
2024-11-06T15:30:00+00:00,139.95,139.95,139.9,139.9,15
2024-11-06T15:45:00+00:00,139.95,139.95,139.95,139.95,14
2024-11-06T16:00:00+00:00,139.95,139.95,139.95,139.95,10
2024-11-06T16:20:00+00:00,139.95,140.0,139.95,140.0,74
2024-11-06T16:25:00+00:00,139.95,139.95,139.95,139.95,2
2024-11-06T16:30:00+00:00,139.95,140.0,139.8,139.8,13
2024-11-06T16:35:00+00:00,139.8,139.8,139.8,139.8,5
2024-11-06T16:40:00+00:00,139.8,139.8,139.8,139.8,258
2024-11-06T16:45:00+00:00,139.9,139.95,139.9,139.95,7
2024-11-06T16:50:00+00:00,139.95,140.0,139.95,140.0,13
2024-11-06T16:55:00+00:00,140.0,140.0,139.95,140.0,43
2024-11-06T17:00:00+00:00,140.0,140.0,140.0,140.0,8
2024-11-06T17:05:00+00:00,140.0,140.0,139.95,140.0,106
2024-11-06T17:10:00+00:00,140.0,140.0,140.0,140.0,13
2024-11-06T17:15:00+00:00,140.0,140.0,139.9,140.0,3
2024-11-06T17:20:00+00:00,140.0,140.0,140.0,140.0,32
2024-11-06T17:25:00+00:00,140.0,140.0,140.0,140.0,4
2024-11-06T17:30:00+00:00,140.0,140.0,140.0,140.0,1
2024-11-06T17:35:00+00:00,140.0,140.0,139.9,140.0,203
2024-11-06T17:40:00+00:00,140.0,140.0,140.0,140.0,200
2024-11-06T17:50:00+00:00,139.9,140.0,139.85,140.0,520
2024-11-06T17:55:00+00:00,140.0,140.0,139.8,139.8,253
2024-11-06T18:05:00+00:00,140.0,140.0,140.0,140.0,1
2024-11-06T18:10:00+00:00,139.8,140.0,139.8,140.0,3
2024-11-06T18:20:00+00:00,140.0,140.0,140.0,140.0,1
2024-11-06T18:25:00+00:00,139.8,139.8,139.8,139.8,3
2024-11-06T18:30:00+00:00,140.0,140.0,140.0,140.0,2
2024-11-06T18:35:00+00:00,140.0,140.0,140.0,140.0,5
2024-11-06T18:40:00+00:00,140.0,140.0,140.0,140.0,1
2024-11-06T18:50:00+00:00,140.0,140.0,140.0,140.0,46
2024-11-06T19:05:00+00:00,139.95,140.0,139.95,140.0,5
2024-11-06T19:15:00+00:00,140.0,140.0,140.0,140.0,454
2024-11-06T19:20:00+00:00,139.95,140.0,139.95,140.0,26
2024-11-06T19:35:00+00:00,140.0,140.0,140.0,140.0,1
2024-11-06T19:45:00+00:00,140.0,140.0,140.0,140.0,15
2024-11-06T19:55:00+00:00,140.0,140.0,140.0,140.0,3
2024-11-06T20:10:00+00:00,140.0,140.0,139.95,139.95,4
2024-11-06T20:20:00+00:00,140.0,140.0,140.0,140.0,1
2024-11-06T20:25:00+00:00,140.0,140.0,140.0,140.0,18
2024-11-06T20:30:00+00:00,140.0,140.0,140.0,140.0,1
2024-11-06T20:35:00+00:00,139.95,139.95,139.95,139.95,1
2024-11-06T20:40:00+00:00,140.0,140.0,140.0,140.0,3
2024-11-06T20:45:00+00:00,140.0,140.0,140.0,140.0,1
2024-11-07T09:05:00+00:00,140.4,140.4,140.4,140.4,1
2024-11-07T09:10:00+00:00,140.4,140.95,139.95,140.1,77
2024-11-07T09:15:00+00:00,140.1,140.15,140.1,140.15,12
2024-11-07T09:20:00+00:00,140.2,140.2,140.2,140.2,7
2024-11-07T09:25:00+00:00,140.25,140.25,139.95,140.0,301
2024-11-07T09:30:00+00:00,140.0,140.0,139.4,139.6,223
2024-11-07T09:35:00+00:00,139.55,139.55,138.5,139.0,323
2024-11-07T09:40:00+00:00,139.1,139.1,138.05,138.05,238
2024-11-07T09:45:00+00:00,138.1,138.6,138.0,138.6,60
2024-11-07T09:50:00+00:00,138.55,139.65,138.55,139.65,80
2024-11-07T09:55:00+00:00,139.7,139.9,139.4,139.4,124
2024-11-07T10:00:00+00:00,139.4,139.4,139.4,139.4,2
2024-11-07T10:05:00+00:00,139.3,139.3,139.05,139.25,22
2024-11-07T10:10:00+00:00,139.25,139.25,139.1,139.1,4
2024-11-07T10:15:00+00:00,139.2,139.2,139.0,139.0,19
2024-11-07T10:20:00+00:00,138.9,138.95,138.9,138.95,2
2024-11-07T10:25:00+00:00,138.9,138.9,138.8,138.8,8
2024-11-07T10:30:00+00:00,138.7,138.7,138.55,138.55,49
2024-11-07T10:35:00+00:00,138.5,138.55,138.5,138.5,30
2024-11-07T10:40:00+00:00,138.55,138.55,138.45,138.45,88
2024-11-07T10:45:00+00:00,138.45,138.45,138.4,138.4,34
2024-11-07T10:50:00+00:00,138.4,138.4,138.3,138.3,10
2024-11-07T10:55:00+00:00,138.4,138.4,138.0,138.05,232
2024-11-07T11:00:00+00:00,138.05,138.4,137.9,138.4,341
2024-11-07T11:05:00+00:00,138.4,138.5,138.3,138.5,18
2024-11-07T11:10:00+00:00,138.5,138.8,138.5,138.8,30
2024-11-07T11:15:00+00:00,138.8,138.85,138.8,138.85,23
2024-11-07T11:20:00+00:00,138.7,138.7,138.6,138.6,8
2024-11-07T11:25:00+00:00,138.5,138.5,138.3,138.4,11
2024-11-07T11:30:00+00:00,138.4,138.5,138.4,138.45,6
2024-11-07T11:35:00+00:00,138.4,138.4,138.35,138.4,21
2024-11-07T11:40:00+00:00,138.4,138.4,138.4,138.4,1
2024-11-07T11:45:00+00:00,138.4,138.4,138.4,138.4,7
2024-11-07T11:50:00+00:00,138.35,138.35,138.35,138.35,4
2024-11-07T11:55:00+00:00,138.4,138.45,138.35,138.35,35
2024-11-07T12:00:00+00:00,138.35,138.35,138.35,138.35,109
2024-11-07T12:05:00+00:00,138.35,138.45,138.35,138.45,15
2024-11-07T12:10:00+00:00,138.45,138.45,138.3,138.3,25
2024-11-07T12:15:00+00:00,138.3,138.3,138.05,138.05,29
2024-11-07T12:20:00+00:00,138.2,138.4,138.0,138.0,404
2024-11-07T12:25:00+00:00,138.1,138.4,137.95,138.4,232
2024-11-07T12:30:00+00:00,138.2,138.3,137.95,138.3,93
2024-11-07T12:35:00+00:00,138.3,138.3,138.1,138.1,5
2024-11-07T12:40:00+00:00,138.1,138.25,138.1,138.25,9
2024-11-07T12:45:00+00:00,138.25,138.3,138.2,138.25,5
2024-11-07T12:50:00+00:00,138.2,138.25,138.2,138.25,2
2024-11-07T12:55:00+00:00,138.1,138.5,138.0,138.5,2200
2024-11-07T13:00:00+00:00,138.3,138.3,138.3,138.3,3
2024-11-07T13:05:00+00:00,138.3,138.3,138.3,138.3,10
2024-11-07T13:10:00+00:00,138.3,138.3,138.3,138.3,5
2024-11-07T13:20:00+00:00,138.3,138.3,138.25,138.25,14
2024-11-07T13:25:00+00:00,138.25,138.25,138.25,138.25,2
2024-11-07T13:40:00+00:00,138.25,138.25,137.85,137.95,212
2024-11-07T13:45:00+00:00,137.9,137.9,136.15,136.5,973
2024-11-07T13:50:00+00:00,136.6,137.0,135.05,136.3,1359
2024-11-07T13:55:00+00:00,136.4,136.6,136.3,136.3,73
2024-11-07T14:00:00+00:00,136.4,137.0,136.4,137.0,80
2024-11-07T14:05:00+00:00,136.95,137.55,136.95,137.55,52
2024-11-07T14:10:00+00:00,137.6,138.3,137.0,137.2,580
2024-11-07T14:15:00+00:00,137.2,137.3,137.2,137.3,31
2024-11-07T14:20:00+00:00,137.4,137.7,137.4,137.7,27
2024-11-07T14:25:00+00:00,137.75,137.8,137.75,137.75,3
2024-11-07T14:30:00+00:00,137.75,137.75,137.6,137.6,4
2024-11-07T14:35:00+00:00,137.65,137.65,137.5,137.65,10
2024-11-07T14:40:00+00:00,137.65,137.65,137.2,137.2,78
2024-11-07T14:45:00+00:00,137.2,137.45,137.2,137.45,74
2024-11-07T14:50:00+00:00,137.5,137.7,137.3,137.3,39
2024-11-07T14:55:00+00:00,137.4,137.55,137.4,137.55,9
2024-11-07T15:00:00+00:00,137.4,137.6,137.4,137.6,26
2024-11-07T15:05:00+00:00,137.6,137.6,137.1,137.1,125
2024-11-07T15:10:00+00:00,137.05,137.1,137.0,137.0,16
2024-11-07T15:15:00+00:00,137.1,137.15,137.1,137.15,208
2024-11-07T15:20:00+00:00,137.15,137.3,137.15,137.25,17
2024-11-07T15:25:00+00:00,137.25,137.4,137.1,137.1,78
2024-11-07T15:30:00+00:00,137.2,137.3,137.2,137.3,3
2024-11-07T15:35:00+00:00,137.3,137.45,137.3,137.45,4
2024-11-07T15:45:00+00:00,137.3,137.3,137.3,137.3,112
2024-11-07T16:10:00+00:00,137.4,137.45,137.4,137.45,18
2024-11-07T16:15:00+00:00,137.45,137.45,137.45,137.45,9
2024-11-07T16:20:00+00:00,137.4,137.4,137.4,137.4,3
2024-11-07T16:25:00+00:00,137.5,137.5,137.4,137.4,5
2024-11-07T16:30:00+00:00,137.4,137.4,137.4,137.4,9
2024-11-07T16:35:00+00:00,137.4,137.4,137.35,137.4,12
2024-11-07T16:40:00+00:00,137.4,137.4,137.4,137.4,4
2024-11-07T16:45:00+00:00,137.4,137.4,137.35,137.4,16
2024-11-07T16:50:00+00:00,137.4,137.5,137.4,137.4,5
2024-11-07T16:55:00+00:00,137.4,137.4,137.4,137.4,15
2024-11-07T17:00:00+00:00,137.4,137.5,137.4,137.5,9
2024-11-07T17:05:00+00:00,137.55,137.55,137.55,137.55,3
2024-11-07T17:10:00+00:00,137.55,137.55,137.55,137.55,1
2024-11-07T17:15:00+00:00,137.55,137.55,137.4,137.4,5
2024-11-07T17:30:00+00:00,137.4,137.45,137.35,137.35,9
2024-11-07T17:50:00+00:00,137.45,137.5,137.45,137.5,3
2024-11-07T17:55:00+00:00,137.55,137.75,137.55,137.75,100
2024-11-07T18:05:00+00:00,137.75,137.75,137.75,137.75,2
2024-11-07T18:10:00+00:00,137.6,137.6,137.6,137.6,1
2024-11-07T18:15:00+00:00,137.7,137.95,137.7,137.95,29
2024-11-07T18:25:00+00:00,138.0,138.45,138.0,138.45,404
2024-11-07T18:30:00+00:00,138.45,138.45,138.3,138.3,48
2024-11-07T18:35:00+00:00,138.3,138.3,138.3,138.3,4
2024-11-07T18:40:00+00:00,138.3,138.3,138.3,138.3,2
2024-11-07T18:50:00+00:00,138.4,138.45,138.4,138.4,6
2024-11-07T18:55:00+00:00,138.4,138.4,138.4,138.4,10
2024-11-07T19:05:00+00:00,138.4,138.4,138.4,138.4,67
2024-11-07T19:10:00+00:00,138.4,138.4,138.4,138.4,1
2024-11-07T19:15:00+00:00,138.4,138.4,138.2,138.3,9
2024-11-07T19:20:00+00:00,138.3,138.3,138.2,138.2,6
2024-11-07T19:25:00+00:00,138.2,138.2,138.2,138.2,1
2024-11-07T19:35:00+00:00,138.4,138.4,138.4,138.4,2
2024-11-07T19:40:00+00:00,138.45,138.45,138.45,138.45,23
2024-11-07T19:50:00+00:00,138.4,138.5,138.4,138.5,10
2024-11-07T19:55:00+00:00,138.5,138.5,138.5,138.5,1
2024-11-07T20:00:00+00:00,138.4,138.4,138.25,138.25,28
2024-11-07T20:05:00+00:00,138.4,138.4,138.4,138.4,2
2024-11-07T20:10:00+00:00,138.45,138.45,138.45,138.45,4
2024-11-07T20:15:00+00:00,138.4,138.4,138.4,138.4,14
2024-11-07T20:20:00+00:00,138.45,138.45,138.45,138.45,13
2024-11-07T20:25:00+00:00,138.5,138.5,138.5,138.5,21
2024-11-07T20:30:00+00:00,138.5,138.5,138.5,138.5,51
2024-11-07T20:35:00+00:00,138.5,138.5,138.5,138.5,5
2024-11-07T20:45:00+00:00,138.45,138.5,138.45,138.5,45
2024-11-08T06:55:00+00:00,139.95,139.95,139.95,139.95,1
2024-11-08T07:00:00+00:00,139.5,139.5,138.6,138.8,390
2024-11-08T07:05:00+00:00,138.45,138.8,138.45,138.5,38
2024-11-08T07:10:00+00:00,138.45,139.0,138.3,138.7,210
2024-11-08T07:15:00+00:00,138.4,139.15,138.4,139.05,127
2024-11-08T07:20:00+00:00,139.1,139.1,139.1,139.1,3
2024-11-08T07:25:00+00:00,139.1,139.25,138.9,139.2,90
2024-11-08T07:30:00+00:00,139.2,139.2,139.15,139.2,27
2024-11-08T07:35:00+00:00,139.2,139.2,139.15,139.2,168
2024-11-08T07:40:00+00:00,139.15,139.15,139.15,139.15,1
2024-11-08T07:45:00+00:00,139.2,139.45,139.15,139.45,404
2024-11-08T07:50:00+00:00,139.45,139.45,139.15,139.15,65
2024-11-08T07:55:00+00:00,139.3,139.4,139.3,139.4,13
2024-11-08T08:00:00+00:00,139.45,139.95,139.45,139.6,188
2024-11-08T08:05:00+00:00,139.7,140.0,139.25,140.0,217
2024-11-08T08:10:00+00:00,139.8,140.0,139.5,139.95,82
2024-11-08T08:15:00+00:00,139.95,140.0,139.3,140.0,196
2024-11-08T08:20:00+00:00,140.0,140.0,140.0,140.0,58
2024-11-08T08:25:00+00:00,139.9,139.9,139.3,139.3,210
2024-11-08T08:30:00+00:00,139.3,139.3,138.55,139.25,266
2024-11-08T08:35:00+00:00,139.1,139.15,138.2,139.15,565
2024-11-08T08:40:00+00:00,139.2,139.3,139.2,139.3,11
2024-11-08T08:45:00+00:00,139.3,139.3,139.1,139.2,16
2024-11-08T08:50:00+00:00,139.1,139.5,139.05,139.4,180
2024-11-08T09:05:00+00:00,139.4,139.4,138.9,139.0,58
2024-11-08T09:10:00+00:00,139.1,139.1,139.1,139.1,2
2024-11-08T09:15:00+00:00,139.1,139.2,139.1,139.2,7
2024-11-08T09:20:00+00:00,139.3,139.35,139.3,139.35,3
2024-11-08T09:25:00+00:00,139.35,139.4,139.35,139.4,42
2024-11-08T09:30:00+00:00,139.4,139.5,138.85,139.2,442
2024-11-08T09:35:00+00:00,139.25,139.25,139.25,139.25,1
2024-11-08T09:40:00+00:00,139.25,139.25,139.1,139.1,3
2024-11-08T09:45:00+00:00,139.2,140.05,139.2,139.25,832
2024-11-08T09:50:00+00:00,139.4,139.4,139.1,139.1,14
2024-11-08T09:55:00+00:00,139.0,139.0,139.0,139.0,1
2024-11-08T10:00:00+00:00,139.1,139.1,139.1,139.1,1
2024-11-08T10:05:00+00:00,139.0,139.0,139.0,139.0,27
2024-11-08T10:10:00+00:00,139.0,139.0,138.95,139.0,23
2024-11-08T10:15:00+00:00,138.95,138.95,138.9,138.9,6
2024-11-08T10:20:00+00:00,139.0,139.0,139.0,139.0,63
2024-11-08T10:25:00+00:00,138.95,139.0,138.95,139.0,23
2024-11-08T10:30:00+00:00,139.0,139.0,139.0,139.0,1
2024-11-08T10:35:00+00:00,139.0,139.0,138.95,138.95,7
2024-11-08T10:40:00+00:00,139.1,139.55,139.1,139.55,13
2024-11-08T10:45:00+00:00,139.4,139.4,139.3,139.3,3
2024-11-08T10:50:00+00:00,139.4,139.4,139.4,139.4,1
2024-11-08T10:55:00+00:00,139.5,139.5,139.5,139.5,1
2024-11-08T11:05:00+00:00,139.5,139.5,139.5,139.5,1
2024-11-08T11:15:00+00:00,139.55,139.6,139.55,139.6,3
2024-11-08T11:20:00+00:00,139.6,139.65,139.1,139.35,113
2024-11-08T11:25:00+00:00,139.2,139.4,139.2,139.4,6
2024-11-08T11:30:00+00:00,139.3,139.3,139.2,139.2,2
2024-11-08T11:35:00+00:00,139.2,139.2,139.2,139.2,1
2024-11-08T11:40:00+00:00,139.2,139.2,139.1,139.2,4
2024-11-08T11:45:00+00:00,139.1,139.1,139.05,139.05,9
2024-11-08T11:50:00+00:00,139.2,139.2,139.2,139.2,2
2024-11-08T11:55:00+00:00,139.3,139.3,139.3,139.3,2
2024-11-08T12:00:00+00:00,139.3,139.5,139.3,139.4,7
2024-11-08T12:05:00+00:00,139.5,139.5,139.4,139.4,2
2024-11-08T12:10:00+00:00,139.5,139.5,139.5,139.5,4
2024-11-08T12:15:00+00:00,139.55,139.55,139.55,139.55,2
2024-11-08T12:20:00+00:00,139.55,139.55,139.5,139.5,4
2024-11-08T12:30:00+00:00,139.5,139.5,139.5,139.5,4
2024-11-08T12:35:00+00:00,139.55,139.55,139.5,139.55,4
2024-11-08T12:40:00+00:00,139.5,139.5,139.5,139.5,24
2024-11-08T12:45:00+00:00,139.5,139.5,139.5,139.5,10
2024-11-08T13:00:00+00:00,139.5,139.5,139.1,139.1,43
2024-11-08T13:05:00+00:00,139.1,139.4,139.1,139.2,11
2024-11-08T13:10:00+00:00,139.3,139.4,139.3,139.4,3
2024-11-08T13:15:00+00:00,139.4,139.45,139.4,139.45,6
2024-11-08T13:25:00+00:00,139.45,139.45,139.45,139.45,10
2024-11-08T13:30:00+00:00,139.45,139.45,139.45,139.45,1
2024-11-08T13:35:00+00:00,139.45,139.45,139.45,139.45,7
2024-11-08T13:40:00+00:00,139.4,139.4,139.4,139.4,3
2024-11-08T13:45:00+00:00,139.3,139.3,139.3,139.3,1
2024-11-08T13:50:00+00:00,139.3,139.3,139.3,139.3,4
2024-11-08T13:55:00+00:00,139.3,139.4,139.3,139.3,19
2024-11-08T14:00:00+00:00,139.4,139.4,139.4,139.4,1
2024-11-08T14:05:00+00:00,139.3,139.3,139.3,139.3,2
2024-11-08T14:10:00+00:00,139.3,139.3,139.3,139.3,6
2024-11-08T14:20:00+00:00,139.4,139.4,139.3,139.3,9
2024-11-08T14:30:00+00:00,139.4,139.4,139.4,139.4,2
2024-11-08T14:35:00+00:00,139.3,139.3,139.1,139.1,48
2024-11-08T14:40:00+00:00,139.1,139.1,139.1,139.1,2
2024-11-08T14:45:00+00:00,139.1,139.1,139.05,139.05,24
2024-11-08T14:50:00+00:00,139.1,139.1,139.05,139.1,48
2024-11-08T14:55:00+00:00,139.1,139.1,139.1,139.1,4
2024-11-08T15:00:00+00:00,139.05,139.1,139.0,139.1,138
2024-11-08T15:05:00+00:00,139.05,139.05,139.05,139.05,1
2024-11-08T15:15:00+00:00,139.2,139.2,139.1,139.1,47
2024-11-08T15:20:00+00:00,139.1,139.1,139.1,139.1,1
2024-11-08T15:25:00+00:00,139.2,139.25,139.1,139.1,7
2024-11-08T15:30:00+00:00,139.1,139.1,139.1,139.1,1
2024-11-08T15:35:00+00:00,139.2,139.3,139.1,139.1,20
2024-11-08T15:45:00+00:00,138.95,138.95,138.95,138.95,293
2024-11-08T16:00:00+00:00,139.2,139.2,139.2,139.2,4
2024-11-08T16:05:00+00:00,138.95,139.2,138.95,139.2,2
2024-11-08T16:10:00+00:00,139.3,139.3,139.0,139.0,13
2024-11-08T16:15:00+00:00,139.1,139.1,139.1,139.1,1
2024-11-08T16:20:00+00:00,139.2,139.3,139.2,139.2,5
2024-11-08T16:25:00+00:00,139.3,139.4,139.3,139.4,20
2024-11-08T16:30:00+00:00,139.3,139.3,139.3,139.3,1
2024-11-08T16:35:00+00:00,139.4,139.4,139.4,139.4,17
2024-11-08T16:40:00+00:00,139.3,139.3,139.2,139.2,23
2024-11-08T16:45:00+00:00,139.4,139.4,139.1,139.1,4
2024-11-08T16:50:00+00:00,139.2,139.3,139.2,139.3,2
2024-11-08T17:00:00+00:00,139.3,139.3,139.3,139.3,1
2024-11-08T17:10:00+00:00,139.3,139.4,139.3,139.4,23
2024-11-08T17:15:00+00:00,139.35,139.35,139.35,139.35,1
2024-11-08T17:20:00+00:00,139.35,139.35,139.3,139.35,137
2024-11-08T17:25:00+00:00,139.35,139.5,139.3,139.5,221
2024-11-08T17:35:00+00:00,139.45,139.5,139.45,139.5,2
2024-11-08T17:40:00+00:00,139.5,139.55,139.5,139.55,12
2024-11-08T17:45:00+00:00,139.55,139.55,139.5,139.55,18
2024-11-08T17:50:00+00:00,139.55,139.55,139.55,139.55,1
2024-11-08T17:55:00+00:00,139.55,139.65,139.55,139.65,17
2024-11-08T18:00:00+00:00,139.65,140.0,139.6,140.0,212
2024-11-08T18:05:00+00:00,140.0,140.0,140.0,140.0,53
2024-11-08T18:10:00+00:00,140.0,140.05,140.0,140.0,15
2024-11-08T18:15:00+00:00,140.0,140.0,140.0,140.0,54
2024-11-08T18:20:00+00:00,140.0,140.1,140.0,140.1,68
2024-11-08T18:30:00+00:00,140.05,140.05,140.05,140.05,50
2024-11-08T18:45:00+00:00,140.05,140.05,140.0,140.0,18
2024-11-08T18:50:00+00:00,140.1,140.1,140.1,140.1,4
2024-11-08T18:55:00+00:00,140.1,140.1,140.1,140.1,6
2024-11-08T19:00:00+00:00,140.1,140.35,140.1,140.35,326
2024-11-08T19:05:00+00:00,140.35,140.35,140.1,140.1,330
2024-11-08T19:10:00+00:00,140.3,140.3,140.1,140.2,34
2024-11-08T19:15:00+00:00,140.1,140.1,139.65,140.1,68
2024-11-08T19:20:00+00:00,140.0,140.0,139.6,139.9,22
2024-11-08T19:25:00+00:00,140.0,140.1,139.6,139.7,29
2024-11-08T19:30:00+00:00,139.8,140.3,139.8,140.3,80
2024-11-08T19:35:00+00:00,140.3,140.3,140.25,140.25,45
2024-11-08T19:40:00+00:00,140.2,140.2,140.2,140.2,2
2024-11-08T19:45:00+00:00,140.2,140.2,140.2,140.2,5
2024-11-08T19:50:00+00:00,140.2,140.2,140.1,140.1,69
2024-11-08T19:55:00+00:00,140.0,140.1,139.1,139.4,65
2024-11-08T20:00:00+00:00,139.5,140.1,139.5,140.1,52
2024-11-08T20:05:00+00:00,140.05,140.05,139.9,139.95,19
2024-11-08T20:10:00+00:00,139.9,140.1,139.5,140.1,112
2024-11-08T20:15:00+00:00,140.05,140.3,140.05,140.3,173
2024-11-08T20:20:00+00:00,140.2,140.35,140.1,140.35,54
2024-11-08T20:25:00+00:00,140.2,140.35,140.2,140.35,21
2024-11-08T20:30:00+00:00,140.4,140.4,140.4,140.4,13
2024-11-08T20:35:00+00:00,140.35,140.35,140.1,140.1,6
2024-11-08T20:40:00+00:00,140.0,140.4,139.4,140.3,68
2024-11-08T20:45:00+00:00,140.3,140.3,140.3,140.3,6
2024-11-11T06:55:00+00:00,141.0,141.0,141.0,141.0,33
2024-11-11T07:00:00+00:00,141.95,142.35,141.05,142.25,164
2024-11-11T07:05:00+00:00,142.2,142.8,141.95,141.95,342
2024-11-11T07:10:00+00:00,141.95,142.05,140.15,141.05,843
2024-11-11T07:15:00+00:00,141.0,141.45,140.65,141.4,254
2024-11-11T07:20:00+00:00,141.35,141.35,140.7,141.0,364
2024-11-11T07:25:00+00:00,140.9,141.4,140.65,140.65,303
2024-11-11T07:30:00+00:00,140.8,140.95,140.7,140.9,67
2024-11-11T07:35:00+00:00,141.0,141.0,140.85,140.9,15
2024-11-11T07:40:00+00:00,141.0,141.85,141.0,141.75,103
2024-11-11T07:45:00+00:00,141.7,141.7,141.7,141.7,5
2024-11-11T07:50:00+00:00,141.6,141.6,140.9,141.0,226
2024-11-11T07:55:00+00:00,141.0,141.3,140.85,141.3,155
2024-11-11T08:00:00+00:00,141.3,141.3,140.6,141.05,406
2024-11-11T08:05:00+00:00,141.1,141.6,140.75,141.5,334
2024-11-11T08:10:00+00:00,141.5,141.55,141.0,141.5,112
2024-11-11T08:15:00+00:00,141.5,141.7,141.35,141.35,143
2024-11-11T08:20:00+00:00,141.4,141.5,141.4,141.4,12
2024-11-11T08:25:00+00:00,141.45,141.45,141.45,141.45,1
2024-11-11T08:30:00+00:00,141.5,141.5,141.45,141.5,20
2024-11-11T08:35:00+00:00,141.5,142.6,141.5,142.35,751
2024-11-11T08:40:00+00:00,142.4,142.4,142.0,142.0,53
2024-11-11T08:45:00+00:00,141.9,142.0,141.9,142.0,5
2024-11-11T08:50:00+00:00,142.0,142.0,141.55,141.85,372
2024-11-11T08:55:00+00:00,141.9,141.9,141.9,141.9,1
2024-11-11T09:00:00+00:00,141.8,141.8,141.55,141.55,55
2024-11-11T09:05:00+00:00,141.55,141.75,141.55,141.75,38
2024-11-11T09:10:00+00:00,141.75,141.75,141.45,141.65,78
2024-11-11T09:15:00+00:00,141.6,141.6,141.5,141.5,4
2024-11-11T09:20:00+00:00,141.6,141.7,141.6,141.65,25
2024-11-11T09:25:00+00:00,141.65,141.75,141.5,141.6,84
2024-11-11T09:30:00+00:00,141.6,141.7,141.6,141.7,57
2024-11-11T09:35:00+00:00,141.75,141.75,141.75,141.75,30
2024-11-11T09:40:00+00:00,141.75,141.75,141.75,141.75,5
2024-11-11T09:45:00+00:00,141.6,141.75,141.45,141.75,48
2024-11-11T09:50:00+00:00,141.6,141.6,141.5,141.5,4
2024-11-11T09:55:00+00:00,141.5,141.6,141.5,141.6,3
2024-11-11T10:00:00+00:00,141.6,141.6,141.5,141.5,5
2024-11-11T10:05:00+00:00,141.6,141.6,141.6,141.6,4
2024-11-11T10:10:00+00:00,141.6,141.75,141.6,141.75,126
2024-11-11T10:15:00+00:00,141.75,142.05,141.75,142.05,63
2024-11-11T10:20:00+00:00,142.1,142.1,142.0,142.0,15
2024-11-11T10:25:00+00:00,142.0,142.0,142.0,142.0,6
2024-11-11T10:30:00+00:00,141.9,141.95,141.8,141.8,90
2024-11-11T10:35:00+00:00,141.7,141.8,141.7,141.8,4
2024-11-11T10:45:00+00:00,141.8,142.0,141.8,142.0,17
2024-11-11T10:50:00+00:00,142.0,142.05,142.0,142.05,125
2024-11-11T10:55:00+00:00,142.0,142.0,142.0,142.0,44
2024-11-11T11:05:00+00:00,142.0,142.0,141.95,141.95,5
2024-11-11T11:10:00+00:00,141.95,141.95,141.9,141.95,5
2024-11-11T11:20:00+00:00,141.9,141.95,141.3,141.3,174
2024-11-11T11:25:00+00:00,141.25,141.3,141.2,141.3,43
2024-11-11T11:30:00+00:00,141.2,141.3,141.2,141.3,11
2024-11-11T11:35:00+00:00,141.2,141.3,141.0,141.0,195
2024-11-11T11:40:00+00:00,141.0,141.0,140.5,140.55,400
2024-11-11T11:45:00+00:00,140.55,140.75,140.25,140.25,107
2024-11-11T11:50:00+00:00,140.4,140.55,140.4,140.55,10
2024-11-11T11:55:00+00:00,140.6,141.1,140.6,140.9,128
2024-11-11T12:00:00+00:00,140.9,140.9,140.8,140.8,15
2024-11-11T12:05:00+00:00,140.8,140.9,140.8,140.9,12
2024-11-11T12:15:00+00:00,140.9,140.9,140.8,140.8,22
2024-11-11T12:20:00+00:00,140.8,140.8,140.8,140.8,9
2024-11-11T12:25:00+00:00,140.9,140.9,140.9,140.9,2
2024-11-11T12:30:00+00:00,141.0,141.0,141.0,141.0,1
2024-11-11T12:35:00+00:00,140.9,140.9,140.9,140.9,1
2024-11-11T12:40:00+00:00,141.0,141.25,141.0,141.25,20
2024-11-11T12:50:00+00:00,141.3,141.3,141.3,141.3,1
2024-11-11T12:55:00+00:00,141.3,141.3,141.3,141.3,1
2024-11-11T13:00:00+00:00,141.3,141.3,141.3,141.3,1
2024-11-11T13:05:00+00:00,141.4,141.4,141.4,141.4,2
2024-11-11T13:10:00+00:00,141.4,141.55,141.3,141.5,51
2024-11-11T13:15:00+00:00,141.4,141.6,141.4,141.6,30
2024-11-11T13:20:00+00:00,141.5,141.5,141.2,141.3,32
2024-11-11T13:25:00+00:00,141.2,141.2,141.2,141.2,1
2024-11-11T13:30:00+00:00,141.3,141.3,141.0,141.0,18
2024-11-11T13:35:00+00:00,141.1,141.15,141.1,141.15,36
2024-11-11T13:40:00+00:00,141.15,141.6,141.15,141.6,401
2024-11-11T13:45:00+00:00,141.65,141.65,141.5,141.5,3
2024-11-11T13:50:00+00:00,141.5,141.5,141.5,141.5,3
2024-11-11T13:55:00+00:00,141.5,141.8,141.5,141.8,71
2024-11-11T14:05:00+00:00,141.8,141.85,141.8,141.85,94
2024-11-11T14:10:00+00:00,141.85,141.9,141.85,141.9,5
2024-11-11T14:15:00+00:00,141.9,142.05,141.85,142.05,121
2024-11-11T14:20:00+00:00,142.05,142.15,142.05,142.15,65
2024-11-11T14:25:00+00:00,142.15,142.2,142.1,142.2,38
2024-11-11T14:30:00+00:00,142.25,142.25,142.05,142.05,33
2024-11-11T14:35:00+00:00,142.1,142.2,142.05,142.2,41
2024-11-11T14:40:00+00:00,142.2,142.2,142.2,142.2,1
2024-11-11T14:45:00+00:00,142.2,142.2,142.2,142.2,3
2024-11-11T14:50:00+00:00,142.1,142.1,141.85,142.0,11
2024-11-11T14:55:00+00:00,142.0,142.0,142.0,142.0,1
2024-11-11T15:00:00+00:00,142.0,142.15,142.0,142.15,7
2024-11-11T15:10:00+00:00,142.15,142.15,142.1,142.1,27
2024-11-11T15:15:00+00:00,142.05,142.1,142.05,142.1,8
2024-11-11T15:20:00+00:00,142.1,142.1,141.9,141.9,14
2024-11-11T15:25:00+00:00,142.0,142.0,141.5,142.0,218
2024-11-11T15:30:00+00:00,142.1,142.3,142.1,142.2,27
2024-11-11T15:35:00+00:00,142.2,142.5,142.1,142.5,656
2024-11-11T15:45:00+00:00,142.55,142.55,142.55,142.55,3
2024-11-11T16:00:00+00:00,142.4,142.4,142.4,142.4,12
2024-11-11T16:05:00+00:00,142.4,142.4,142.4,142.4,1
2024-11-11T16:10:00+00:00,142.5,142.5,142.3,142.3,2
2024-11-11T16:15:00+00:00,142.3,142.3,142.2,142.2,5
2024-11-11T16:25:00+00:00,142.15,142.15,142.05,142.05,140
2024-11-11T16:30:00+00:00,142.2,142.2,142.2,142.2,2
2024-11-11T16:35:00+00:00,142.3,142.3,142.3,142.3,2
2024-11-11T16:40:00+00:00,142.3,142.4,142.3,142.3,19
2024-11-11T16:45:00+00:00,142.3,142.3,142.2,142.2,11
2024-11-11T16:50:00+00:00,142.2,142.2,142.1,142.1,3
2024-11-11T16:55:00+00:00,142.15,142.15,142.15,142.15,1
2024-11-11T17:00:00+00:00,142.1,142.1,142.05,142.05,60
2024-11-11T17:05:00+00:00,142.15,142.2,142.15,142.2,21
2024-11-11T17:10:00+00:00,142.2,142.2,142.2,142.2,18
2024-11-11T17:25:00+00:00,142.2,142.2,142.2,142.2,2
2024-11-11T17:30:00+00:00,142.2,142.2,142.2,142.2,5
2024-11-11T17:45:00+00:00,142.2,142.2,142.2,142.2,2
2024-11-11T17:50:00+00:00,142.2,142.2,142.2,142.2,11
2024-11-11T17:55:00+00:00,142.1,142.5,142.1,142.5,7
2024-11-11T18:00:00+00:00,142.5,142.55,142.5,142.55,3
2024-11-11T18:05:00+00:00,142.6,142.7,142.6,142.7,25
2024-11-11T18:15:00+00:00,142.65,142.65,142.65,142.65,41
2024-11-11T18:20:00+00:00,142.6,142.6,142.1,142.1,229
2024-11-11T18:30:00+00:00,142.2,142.2,142.2,142.2,2
2024-11-11T18:35:00+00:00,142.3,142.55,142.3,142.5,13
2024-11-11T18:40:00+00:00,142.5,142.55,142.5,142.55,22
2024-11-11T18:50:00+00:00,142.4,142.4,142.4,142.4,1
2024-11-11T18:55:00+00:00,142.4,142.4,142.4,142.4,2
2024-11-11T19:00:00+00:00,142.3,142.3,142.2,142.2,40
2024-11-11T19:05:00+00:00,142.25,142.25,142.1,142.2,14
2024-11-11T19:10:00+00:00,142.25,142.3,142.25,142.3,7
2024-11-11T19:15:00+00:00,142.3,142.3,142.3,142.3,1
2024-11-11T19:25:00+00:00,142.25,142.25,142.25,142.25,9
2024-11-11T19:30:00+00:00,142.25,142.25,142.25,142.25,1
2024-11-11T19:40:00+00:00,142.25,142.25,142.25,142.25,1
2024-11-11T19:45:00+00:00,142.4,142.4,142.25,142.25,43
2024-11-11T19:50:00+00:00,142.35,142.4,142.35,142.4,22
2024-11-11T19:55:00+00:00,142.4,142.4,142.4,142.4,19
2024-11-11T20:00:00+00:00,142.5,142.6,142.5,142.5,4
2024-11-11T20:05:00+00:00,142.5,142.7,142.5,142.7,67
2024-11-11T20:10:00+00:00,142.7,142.7,142.5,142.6,21
2024-11-11T20:15:00+00:00,142.7,142.7,142.7,142.7,2
2024-11-11T20:20:00+00:00,142.65,142.65,142.65,142.65,50
2024-11-11T20:30:00+00:00,142.65,142.7,142.65,142.7,80
2024-11-11T20:35:00+00:00,142.7,142.7,142.7,142.7,3
2024-11-11T20:40:00+00:00,142.65,142.65,142.5,142.5,30
2024-11-12T06:55:00+00:00,142.8,142.8,142.8,142.8,1
2024-11-12T07:00:00+00:00,142.8,143.2,142.4,142.5,167
2024-11-12T07:05:00+00:00,142.6,142.6,142.6,142.6,8
2024-11-12T07:10:00+00:00,142.95,142.95,142.4,142.6,19
2024-11-12T07:15:00+00:00,142.85,142.9,142.85,142.9,2
2024-11-12T07:20:00+00:00,142.8,142.9,142.7,142.7,12
2024-11-12T07:25:00+00:00,142.7,142.7,142.7,142.7,1
2024-11-12T07:30:00+00:00,142.5,142.6,142.5,142.6,7
2024-11-12T07:35:00+00:00,142.7,142.7,142.2,142.2,71
2024-11-12T07:45:00+00:00,142.4,142.4,142.4,142.4,1
2024-11-12T07:50:00+00:00,142.3,142.4,142.3,142.3,3
2024-11-12T07:55:00+00:00,142.25,142.25,142.25,142.25,2
2024-11-12T08:00:00+00:00,142.25,142.25,142.25,142.25,1
2024-11-12T08:05:00+00:00,142.25,142.4,142.25,142.3,31
2024-11-12T08:10:00+00:00,142.4,142.45,142.3,142.3,12
2024-11-12T08:15:00+00:00,142.4,142.5,142.4,142.5,60
2024-11-12T08:20:00+00:00,142.5,142.5,142.4,142.4,5
2024-11-12T08:35:00+00:00,142.4,142.4,142.25,142.4,7
2024-11-12T08:45:00+00:00,142.45,142.45,142.45,142.45,1
2024-11-12T08:50:00+00:00,142.45,142.55,142.4,142.4,32
2024-11-12T08:55:00+00:00,142.4,142.4,142.15,142.15,32
2024-11-12T09:00:00+00:00,142.15,142.15,142.15,142.15,22
2024-11-12T09:05:00+00:00,142.3,142.4,142.15,142.4,32
2024-11-12T09:10:00+00:00,142.4,142.45,142.3,142.3,7
2024-11-12T09:15:00+00:00,142.2,142.4,142.0,142.2,196
2024-11-12T09:20:00+00:00,142.1,142.4,142.0,142.3,24
2024-11-12T09:25:00+00:00,142.2,142.2,142.2,142.2,2
2024-11-12T09:30:00+00:00,142.3,142.3,142.2,142.2,16
2024-11-12T09:35:00+00:00,142.4,142.4,142.4,142.4,3
2024-11-12T09:45:00+00:00,142.35,142.4,142.35,142.4,10
2024-11-12T09:50:00+00:00,142.3,142.3,142.3,142.3,2
2024-11-12T09:55:00+00:00,142.3,142.3,142.3,142.3,15
2024-11-12T10:00:00+00:00,142.2,142.2,142.2,142.2,40
2024-11-12T10:10:00+00:00,142.2,142.2,142.0,142.0,58
2024-11-12T10:15:00+00:00,142.0,142.1,142.0,142.1,4
2024-11-12T10:20:00+00:00,142.2,142.3,142.2,142.3,17
2024-11-12T10:30:00+00:00,142.3,142.3,142.3,142.3,1
2024-11-12T10:35:00+00:00,142.35,142.4,142.0,142.0,27
2024-11-12T10:40:00+00:00,142.2,142.3,142.2,142.3,4
2024-11-12T10:45:00+00:00,142.3,142.4,142.3,142.4,3
2024-11-12T10:50:00+00:00,142.3,142.3,142.2,142.2,22
2024-11-12T11:00:00+00:00,142.35,142.35,142.3,142.3,11
2024-11-12T11:05:00+00:00,142.35,142.5,142.2,142.2,165
2024-11-12T11:10:00+00:00,142.4,142.45,142.3,142.3,44
2024-11-12T11:15:00+00:00,142.3,142.4,142.2,142.2,140
2024-11-12T11:20:00+00:00,142.2,142.2,141.8,141.8,300
2024-11-12T11:25:00+00:00,141.9,142.1,141.8,142.1,10
2024-11-12T11:30:00+00:00,142.1,142.1,141.8,141.95,24
2024-11-12T11:35:00+00:00,142.0,142.0,141.8,141.8,11
2024-11-12T11:40:00+00:00,141.9,141.9,141.9,141.9,2
2024-11-12T11:45:00+00:00,141.95,141.95,141.95,141.95,7
2024-11-12T11:50:00+00:00,141.95,141.95,141.55,141.7,164
2024-11-12T11:55:00+00:00,141.8,141.85,141.7,141.7,8
2024-11-12T12:05:00+00:00,141.7,141.7,141.7,141.7,2
2024-11-12T12:10:00+00:00,141.85,141.85,141.85,141.85,2
2024-11-12T12:15:00+00:00,141.85,141.9,141.7,141.9,24
2024-11-12T12:20:00+00:00,141.9,141.9,141.9,141.9,36
2024-11-12T12:25:00+00:00,141.9,142.0,141.9,141.95,30
2024-11-12T12:30:00+00:00,141.8,141.95,141.8,141.95,17
2024-11-12T12:35:00+00:00,141.8,142.0,141.75,141.8,41
2024-11-12T12:40:00+00:00,141.9,141.95,141.7,141.7,26
2024-11-12T12:45:00+00:00,141.65,142.0,141.65,142.0,16
2024-11-12T12:55:00+00:00,141.8,141.8,141.8,141.8,6
2024-11-12T13:00:00+00:00,141.75,141.9,141.75,141.9,4
2024-11-12T13:05:00+00:00,141.9,141.95,141.9,141.95,2
2024-11-12T13:10:00+00:00,141.95,142.0,141.95,142.0,4
2024-11-12T13:15:00+00:00,142.0,142.0,142.0,142.0,1
2024-11-12T13:20:00+00:00,142.0,142.0,142.0,142.0,13
2024-11-12T13:25:00+00:00,142.0,142.0,142.0,142.0,14
2024-11-12T13:30:00+00:00,142.0,142.0,142.0,142.0,40
2024-11-12T13:35:00+00:00,142.0,142.0,142.0,142.0,1
2024-11-12T13:40:00+00:00,142.0,142.0,142.0,142.0,2
2024-11-12T13:45:00+00:00,141.9,142.1,141.9,142.1,5
2024-11-12T13:50:00+00:00,142.1,142.25,142.1,142.25,25
2024-11-12T13:55:00+00:00,142.25,142.25,142.2,142.2,15
2024-11-12T14:00:00+00:00,142.25,142.25,142.25,142.25,1
2024-11-12T14:05:00+00:00,142.3,142.3,142.3,142.3,1
2024-11-12T14:10:00+00:00,142.2,142.2,141.75,141.75,52
2024-11-12T14:15:00+00:00,141.9,142.2,141.9,142.2,14
2024-11-12T14:25:00+00:00,142.0,142.1,142.0,142.1,8
2024-11-12T14:35:00+00:00,142.0,142.0,142.0,142.0,5
2024-11-12T14:40:00+00:00,142.0,142.0,142.0,142.0,4
2024-11-12T14:45:00+00:00,142.1,142.15,142.0,142.1,8
2024-11-12T14:50:00+00:00,142.15,142.15,142.1,142.1,12
2024-11-12T14:55:00+00:00,142.0,142.0,141.8,141.8,52
2024-11-12T15:00:00+00:00,141.85,141.85,141.7,141.8,24
2024-11-12T15:05:00+00:00,141.9,142.15,141.9,142.0,16
2024-11-12T15:10:00+00:00,142.1,142.1,141.9,142.0,3
2024-11-12T15:25:00+00:00,142.1,142.1,142.1,142.1,5
2024-11-12T15:30:00+00:00,142.15,142.15,142.15,142.15,2
2024-11-12T15:35:00+00:00,142.15,142.4,142.15,142.2,204
2024-11-12T16:10:00+00:00,142.25,142.25,142.25,142.25,1
2024-11-12T16:20:00+00:00,142.25,142.25,142.25,142.25,50
2024-11-12T16:25:00+00:00,142.25,142.25,142.25,142.25,14
2024-11-12T16:35:00+00:00,142.1,142.1,142.1,142.1,2
2024-11-12T16:50:00+00:00,142.2,142.3,142.2,142.25,5
2024-11-12T16:55:00+00:00,142.3,142.3,142.25,142.3,41
2024-11-12T17:00:00+00:00,142.3,142.3,142.3,142.3,1
2024-11-12T17:20:00+00:00,142.3,142.3,142.3,142.3,20
2024-11-12T17:30:00+00:00,142.3,142.3,142.3,142.3,11
2024-11-12T17:35:00+00:00,142.35,142.35,142.35,142.35,5
2024-11-12T17:50:00+00:00,142.35,142.35,142.35,142.35,1
2024-11-12T17:55:00+00:00,142.35,142.4,142.35,142.4,11
2024-11-12T18:10:00+00:00,142.4,142.5,142.4,142.5,23
2024-11-12T18:15:00+00:00,142.45,142.45,142.45,142.45,10
2024-11-12T18:20:00+00:00,142.4,142.5,142.4,142.4,102
2024-11-12T18:30:00+00:00,142.5,142.5,142.3,142.3,9
2024-11-12T18:40:00+00:00,142.45,142.45,142.45,142.45,2
2024-11-12T18:50:00+00:00,142.3,142.3,142.3,142.3,2
2024-11-12T18:55:00+00:00,142.45,142.5,142.3,142.5,143
2024-11-12T19:00:00+00:00,142.5,142.5,142.3,142.3,15
2024-11-12T19:05:00+00:00,142.3,142.3,142.3,142.3,50
2024-11-12T19:10:00+00:00,142.3,142.3,142.2,142.2,12
2024-11-12T19:20:00+00:00,142.2,142.2,142.2,142.2,2
2024-11-12T19:25:00+00:00,142.2,142.2,142.2,142.2,1
2024-11-12T19:30:00+00:00,142.1,142.2,142.1,142.2,3
2024-11-12T19:45:00+00:00,142.1,142.1,142.1,142.1,1
2024-11-12T19:50:00+00:00,142.1,142.1,142.1,142.1,3
2024-11-12T19:55:00+00:00,142.1,142.1,142.0,142.0,10
2024-11-12T20:00:00+00:00,142.0,142.2,142.0,142.2,42
2024-11-12T20:10:00+00:00,142.2,142.2,142.2,142.2,1
2024-11-12T20:15:00+00:00,142.1,142.1,141.7,141.75,34
2024-11-12T20:25:00+00:00,141.8,141.9,141.8,141.9,3
2024-11-12T20:30:00+00:00,141.95,141.95,141.95,141.95,23
2024-11-12T20:35:00+00:00,142.0,142.0,142.0,142.0,1
2024-11-12T20:40:00+00:00,141.95,141.95,141.95,141.95,367
2024-11-12T20:45:00+00:00,141.95,141.95,141.95,141.95,132
2024-11-13T06:55:00+00:00,142.0,142.0,142.0,142.0,6
2024-11-13T07:05:00+00:00,141.7,142.0,141.6,141.65,75
2024-11-13T07:10:00+00:00,141.65,141.7,141.6,141.7,77
2024-11-13T07:20:00+00:00,141.7,141.7,141.7,141.7,2
2024-11-13T07:25:00+00:00,141.7,141.7,141.7,141.7,18
2024-11-13T07:30:00+00:00,141.7,141.9,141.7,141.7,38
2024-11-13T07:35:00+00:00,141.8,141.95,141.8,141.95,11
2024-11-13T07:40:00+00:00,141.9,141.95,141.75,141.85,22
2024-11-13T07:45:00+00:00,141.9,141.9,141.7,141.8,7
2024-11-13T07:50:00+00:00,141.9,141.95,141.7,141.7,9
2024-11-13T07:55:00+00:00,141.8,142.0,141.7,142.0,38
2024-11-13T08:00:00+00:00,141.95,142.0,141.95,142.0,2
2024-11-13T08:05:00+00:00,142.0,142.0,142.0,142.0,15
2024-11-13T08:10:00+00:00,142.0,142.1,142.0,142.1,29
2024-11-13T08:15:00+00:00,142.2,142.4,142.2,142.4,27
2024-11-13T08:20:00+00:00,142.3,142.35,142.3,142.35,4
2024-11-13T08:25:00+00:00,142.35,142.35,142.3,142.3,18
2024-11-13T08:30:00+00:00,142.3,142.4,142.3,142.4,12
2024-11-13T08:35:00+00:00,142.4,142.4,142.4,142.4,23
2024-11-13T08:40:00+00:00,142.4,142.5,142.4,142.4,10
2024-11-13T08:45:00+00:00,142.5,142.5,142.4,142.4,8
2024-11-13T08:50:00+00:00,142.4,142.4,142.3,142.3,12
2024-11-13T08:55:00+00:00,142.3,142.5,142.3,142.4,15
2024-11-13T09:05:00+00:00,142.3,142.4,142.3,142.4,35
2024-11-13T09:20:00+00:00,142.3,142.3,142.3,142.3,1
2024-11-13T09:25:00+00:00,142.4,142.4,142.4,142.4,2
2024-11-13T09:30:00+00:00,142.4,142.5,142.4,142.5,23
2024-11-13T09:45:00+00:00,142.4,142.5,142.4,142.5,10
2024-11-13T10:00:00+00:00,142.45,142.45,142.45,142.45,8
2024-11-13T10:05:00+00:00,142.45,142.45,142.45,142.45,1
2024-11-13T10:25:00+00:00,142.4,142.45,142.25,142.3,256
2024-11-13T10:30:00+00:00,142.45,142.45,142.45,142.45,1
2024-11-13T10:35:00+00:00,142.45,142.45,142.45,142.45,1
2024-11-13T10:40:00+00:00,142.45,142.5,142.45,142.5,12
2024-11-13T10:45:00+00:00,142.5,142.5,142.5,142.5,12
2024-11-13T10:50:00+00:00,142.4,142.4,142.4,142.4,3
2024-11-13T10:55:00+00:00,142.4,142.5,142.4,142.4,62
2024-11-13T11:00:00+00:00,142.5,142.6,142.5,142.6,20
2024-11-13T11:05:00+00:00,142.55,142.6,142.4,142.4,18
2024-11-13T11:10:00+00:00,142.4,142.4,142.4,142.4,2
2024-11-13T11:15:00+00:00,142.6,142.6,142.35,142.5,139
2024-11-13T11:20:00+00:00,142.4,142.4,142.3,142.35,36
2024-11-13T11:30:00+00:00,142.35,142.35,142.35,142.35,1
2024-11-13T11:35:00+00:00,142.4,142.4,142.4,142.4,1
2024-11-13T11:40:00+00:00,142.35,142.4,142.25,142.4,301
2024-11-13T11:50:00+00:00,142.4,142.5,142.25,142.25,12
2024-11-13T12:00:00+00:00,142.3,142.3,142.25,142.25,4
2024-11-13T12:10:00+00:00,142.4,142.65,142.4,142.5,35
2024-11-13T12:30:00+00:00,142.5,142.5,142.25,142.25,87
2024-11-13T12:45:00+00:00,142.4,142.4,142.4,142.4,2
2024-11-13T12:50:00+00:00,142.35,142.5,142.35,142.4,3
2024-11-13T12:55:00+00:00,142.4,142.4,142.3,142.3,41
2024-11-13T13:00:00+00:00,142.5,142.5,142.5,142.5,3
2024-11-13T13:05:00+00:00,142.45,142.5,142.45,142.5,188
2024-11-13T13:20:00+00:00,142.4,142.55,142.4,142.55,32
2024-11-13T13:25:00+00:00,142.5,142.55,142.5,142.55,28
2024-11-13T13:30:00+00:00,142.55,142.55,142.55,142.55,1
2024-11-13T13:35:00+00:00,142.55,142.55,142.55,142.55,1
2024-11-13T13:45:00+00:00,142.55,142.6,142.55,142.6,2
2024-11-13T13:50:00+00:00,142.6,142.6,142.6,142.6,2
2024-11-13T13:55:00+00:00,142.6,142.6,142.6,142.6,50
2024-11-13T14:00:00+00:00,142.65,142.9,142.65,142.9,64
2024-11-13T14:05:00+00:00,142.9,142.95,142.9,142.95,181
2024-11-13T14:10:00+00:00,142.85,142.95,142.8,142.8,101
2024-11-13T14:15:00+00:00,142.8,142.8,142.7,142.8,93
2024-11-13T14:20:00+00:00,142.85,142.85,142.85,142.85,1
2024-11-13T14:30:00+00:00,142.75,142.8,142.65,142.65,80
2024-11-13T14:35:00+00:00,142.7,142.7,142.7,142.7,1
2024-11-13T14:45:00+00:00,142.7,142.7,142.7,142.7,2
2024-11-13T14:50:00+00:00,142.8,142.95,142.8,142.95,50
2024-11-13T14:55:00+00:00,142.8,142.95,142.7,142.95,33
2024-11-13T15:00:00+00:00,142.85,143.0,142.8,143.0,178
2024-11-13T15:15:00+00:00,142.9,142.9,142.75,142.9,24
2024-11-13T15:20:00+00:00,142.9,142.9,142.9,142.9,6
2024-11-13T15:25:00+00:00,142.85,142.85,142.8,142.85,9
2024-11-13T15:30:00+00:00,142.9,142.95,142.9,142.95,11
2024-11-13T15:35:00+00:00,143.0,143.0,142.95,143.0,22
2024-11-13T15:45:00+00:00,143.0,143.0,143.0,143.0,3
2024-11-13T16:00:00+00:00,142.8,142.8,142.8,142.8,31
2024-11-13T16:05:00+00:00,142.75,143.05,142.7,142.7,132
2024-11-13T16:10:00+00:00,142.6,142.6,142.45,142.55,66
2024-11-13T16:15:00+00:00,142.7,142.7,142.7,142.7,1
2024-11-13T16:20:00+00:00,142.55,142.55,142.55,142.55,1
2024-11-13T16:25:00+00:00,142.7,142.8,142.6,142.6,7
2024-11-13T16:30:00+00:00,142.6,142.6,142.6,142.6,6
2024-11-13T16:40:00+00:00,142.7,142.7,142.6,142.6,2
2024-11-13T16:45:00+00:00,142.7,143.05,142.7,143.05,165
2024-11-13T16:50:00+00:00,143.1,143.15,143.1,143.15,62
2024-11-13T17:00:00+00:00,143.15,143.25,143.0,143.0,23
2024-11-13T17:05:00+00:00,143.1,143.1,143.0,143.0,34
2024-11-13T17:10:00+00:00,143.0,143.0,143.0,143.0,1
2024-11-13T17:15:00+00:00,143.0,143.1,143.0,143.1,6
2024-11-13T17:20:00+00:00,143.0,143.0,143.0,143.0,1
2024-11-13T17:30:00+00:00,143.2,143.3,143.2,143.3,94
2024-11-13T17:35:00+00:00,143.15,143.15,143.0,143.05,67
2024-11-13T17:40:00+00:00,143.05,143.1,143.05,143.1,3
2024-11-13T17:50:00+00:00,143.1,143.1,143.1,143.1,2
2024-11-13T17:55:00+00:00,143.15,143.15,143.15,143.15,20
2024-11-13T18:00:00+00:00,143.2,143.2,143.15,143.15,3
2024-11-13T18:05:00+00:00,143.15,143.15,143.1,143.15,135
2024-11-13T18:10:00+00:00,143.15,143.2,143.15,143.2,26
2024-11-13T18:20:00+00:00,143.3,143.3,143.25,143.25,8
2024-11-13T18:25:00+00:00,143.2,143.2,143.15,143.15,4
2024-11-13T18:30:00+00:00,143.3,143.45,143.3,143.3,8
2024-11-13T18:35:00+00:00,143.3,143.3,143.3,143.3,1
2024-11-13T18:45:00+00:00,143.4,143.4,143.4,143.4,1
2024-11-13T18:50:00+00:00,143.4,143.8,143.4,143.8,69
2024-11-13T19:15:00+00:00,143.75,143.75,143.5,143.5,19
2024-11-13T19:20:00+00:00,143.5,143.5,143.2,143.25,36
2024-11-13T19:25:00+00:00,143.3,143.4,143.3,143.4,3
2024-11-13T19:30:00+00:00,143.3,143.3,143.3,143.3,1
2024-11-13T19:35:00+00:00,143.3,143.3,143.3,143.3,3
2024-11-13T19:40:00+00:00,143.4,143.5,143.4,143.5,3
2024-11-13T19:50:00+00:00,143.5,143.5,143.5,143.5,1
2024-11-13T20:05:00+00:00,143.5,144.0,143.5,143.95,117
2024-11-13T20:10:00+00:00,143.8,143.8,143.8,143.8,2
2024-11-13T20:15:00+00:00,143.75,143.75,143.5,143.5,10
2024-11-13T20:20:00+00:00,143.55,143.55,143.45,143.45,70
2024-11-13T20:25:00+00:00,143.6,143.6,143.6,143.6,2
2024-11-13T20:30:00+00:00,143.7,143.7,143.7,143.7,2
2024-11-13T20:35:00+00:00,143.8,143.8,143.8,143.8,30
2024-11-13T20:40:00+00:00,143.7,143.7,143.5,143.5,9
2024-11-13T20:45:00+00:00,143.6,143.7,143.6,143.7,22
2024-11-14T07:00:00+00:00,143.65,143.8,143.15,143.8,83
2024-11-14T07:05:00+00:00,143.85,144.0,143.75,143.75,18
2024-11-14T07:10:00+00:00,143.45,144.7,143.4,144.7,380
2024-11-14T07:15:00+00:00,144.4,144.65,144.3,144.4,366
2024-11-14T07:20:00+00:00,144.5,144.6,144.4,144.4,7
2024-11-14T07:25:00+00:00,144.5,144.5,144.35,144.35,5
2024-11-14T07:30:00+00:00,144.35,144.35,144.35,144.35,3
2024-11-14T07:35:00+00:00,144.35,144.95,144.35,144.95,247
2024-11-14T07:40:00+00:00,145.0,145.0,144.8,144.8,48
2024-11-14T07:45:00+00:00,144.8,145.0,144.45,144.45,259
2024-11-14T07:50:00+00:00,144.45,144.95,144.3,144.95,162
2024-11-14T07:55:00+00:00,144.9,144.9,144.65,144.65,3
2024-11-14T08:00:00+00:00,144.7,144.7,144.25,144.7,216
2024-11-14T08:05:00+00:00,144.35,144.6,144.3,144.6,22
2024-11-14T08:10:00+00:00,144.5,144.8,144.5,144.7,45
2024-11-14T08:15:00+00:00,144.65,144.65,144.65,144.65,1
2024-11-14T08:20:00+00:00,144.65,144.7,144.65,144.7,10
2024-11-14T08:25:00+00:00,144.7,144.9,144.7,144.9,44
2024-11-14T08:30:00+00:00,144.9,144.95,144.5,144.5,44
2024-11-14T08:40:00+00:00,144.5,144.95,144.5,144.95,20
2024-11-14T08:45:00+00:00,144.95,145.0,144.95,145.0,15
2024-11-14T08:50:00+00:00,144.95,144.95,144.95,144.95,10
2024-11-14T08:55:00+00:00,144.8,145.0,144.8,145.0,53
2024-11-14T09:00:00+00:00,145.0,145.0,144.95,144.95,30
2024-11-14T09:05:00+00:00,144.95,144.95,144.45,144.95,54
2024-11-14T09:15:00+00:00,144.95,145.0,144.95,144.95,145
2024-11-14T09:20:00+00:00,145.0,145.0,145.0,145.0,26
2024-11-14T09:25:00+00:00,145.0,145.0,145.0,145.0,1
2024-11-14T09:30:00+00:00,145.0,145.0,144.95,144.95,12
2024-11-14T09:35:00+00:00,144.95,145.0,144.95,145.0,50
2024-11-14T09:40:00+00:00,144.9,145.0,144.7,145.0,65
2024-11-14T09:45:00+00:00,144.9,144.9,143.9,144.3,1331
2024-11-14T09:50:00+00:00,144.15,144.3,144.15,144.3,8
2024-11-14T10:00:00+00:00,144.1,144.3,144.1,144.3,4
2024-11-14T10:05:00+00:00,144.3,144.45,144.3,144.45,20
2024-11-14T10:10:00+00:00,144.5,144.5,144.3,144.3,3
2024-11-14T10:15:00+00:00,144.25,144.25,144.25,144.25,9
2024-11-14T10:20:00+00:00,144.25,144.25,144.25,144.25,3
2024-11-14T10:25:00+00:00,144.25,144.5,144.25,144.5,6
2024-11-14T10:30:00+00:00,144.45,144.45,144.45,144.45,1
2024-11-14T10:35:00+00:00,144.3,144.3,143.8,143.8,131
2024-11-14T10:40:00+00:00,144.0,144.05,143.9,143.9,4
2024-11-14T10:45:00+00:00,144.0,144.2,144.0,144.1,5
2024-11-14T10:50:00+00:00,144.0,144.0,143.8,143.8,306
2024-11-14T11:00:00+00:00,143.8,143.8,143.8,143.8,10
2024-11-14T11:05:00+00:00,143.8,143.8,143.8,143.8,48
2024-11-14T11:10:00+00:00,143.8,143.8,143.8,143.8,1
2024-11-14T11:15:00+00:00,143.8,143.8,143.7,143.75,5
2024-11-14T11:25:00+00:00,143.75,143.75,143.5,143.5,33
2024-11-14T11:45:00+00:00,143.5,143.5,143.35,143.35,32
2024-11-14T11:50:00+00:00,143.4,143.4,143.4,143.4,12
2024-11-14T11:55:00+00:00,143.35,143.35,143.1,143.1,140
2024-11-14T12:00:00+00:00,143.15,143.15,142.8,142.8,233
2024-11-14T12:05:00+00:00,142.7,143.25,142.7,143.2,171
2024-11-14T12:10:00+00:00,143.1,143.45,143.1,143.45,13
2024-11-14T12:15:00+00:00,143.3,143.3,142.0,142.05,225
2024-11-14T12:20:00+00:00,142.05,142.85,142.05,142.85,279
2024-11-14T12:25:00+00:00,142.7,142.8,142.65,142.8,294
2024-11-14T12:30:00+00:00,142.7,142.7,142.35,142.5,31
2024-11-14T12:35:00+00:00,142.5,142.5,142.5,142.5,2
2024-11-14T12:40:00+00:00,142.6,142.8,142.6,142.8,6
2024-11-14T12:45:00+00:00,142.9,143.3,142.9,143.2,103
2024-11-14T12:50:00+00:00,143.3,143.3,143.3,143.3,2
2024-11-14T13:00:00+00:00,143.4,143.4,143.4,143.4,1
2024-11-14T13:05:00+00:00,143.4,143.5,143.4,143.5,18
2024-11-14T13:15:00+00:00,143.6,143.95,143.6,143.95,20
2024-11-14T13:20:00+00:00,144.0,144.0,143.8,143.8,8
2024-11-14T13:25:00+00:00,143.9,143.9,143.7,143.7,8
2024-11-14T13:30:00+00:00,143.6,143.6,143.6,143.6,1
2024-11-14T13:35:00+00:00,143.7,143.7,143.3,143.3,93
2024-11-14T13:40:00+00:00,143.2,143.2,142.95,143.2,26
2024-11-14T13:50:00+00:00,143.1,143.1,142.8,142.8,10
2024-11-14T13:55:00+00:00,142.7,142.8,142.65,142.8,5
2024-11-14T14:00:00+00:00,142.8,142.8,142.8,142.8,1
2024-11-14T14:05:00+00:00,142.8,143.1,142.8,143.1,73
2024-11-14T14:10:00+00:00,143.1,143.2,143.1,143.2,19
2024-11-14T14:15:00+00:00,143.1,143.4,143.0,143.0,50
2024-11-14T14:20:00+00:00,142.9,142.9,142.9,142.9,2
2024-11-14T14:25:00+00:00,142.9,142.9,142.9,142.9,1
2024-11-14T14:30:00+00:00,142.85,142.85,142.5,142.6,301
2024-11-14T14:35:00+00:00,142.7,142.7,142.7,142.7,2
2024-11-14T14:40:00+00:00,142.8,142.95,142.8,142.95,6
2024-11-14T14:45:00+00:00,143.0,143.0,142.4,142.4,55
2024-11-14T14:50:00+00:00,142.45,142.45,142.4,142.4,20
2024-11-14T14:55:00+00:00,142.6,142.6,142.6,142.6,2
2024-11-14T15:00:00+00:00,142.5,142.5,141.85,142.15,270
2024-11-14T15:05:00+00:00,142.1,142.1,142.05,142.05,5
2024-11-14T15:10:00+00:00,142.05,142.15,142.05,142.15,3
2024-11-14T15:15:00+00:00,142.15,142.15,142.05,142.15,3
2024-11-14T15:20:00+00:00,142.05,142.6,142.05,142.5,32
2024-11-14T15:25:00+00:00,142.6,142.6,142.15,142.15,16
2024-11-14T15:30:00+00:00,142.3,142.6,142.3,142.5,9
2024-11-14T15:35:00+00:00,142.6,142.7,142.6,142.7,8
2024-11-14T15:45:00+00:00,142.6,142.6,142.6,142.6,1
2024-11-14T16:05:00+00:00,142.55,142.55,142.55,142.55,1
2024-11-14T16:10:00+00:00,142.55,142.55,142.55,142.55,2
2024-11-14T16:15:00+00:00,142.6,142.6,142.5,142.5,3
2024-11-14T16:20:00+00:00,142.5,142.5,142.5,142.5,2
2024-11-14T16:45:00+00:00,142.5,142.65,142.5,142.65,194
2024-11-14T16:50:00+00:00,142.65,142.65,142.65,142.65,8
2024-11-14T17:00:00+00:00,142.65,142.65,142.5,142.5,4
2024-11-14T17:05:00+00:00,142.6,142.7,142.6,142.7,34
2024-11-14T17:15:00+00:00,142.65,142.65,142.65,142.65,1
2024-11-14T17:30:00+00:00,142.6,142.6,142.6,142.6,1
2024-11-14T17:40:00+00:00,142.7,142.8,142.7,142.8,3
2024-11-14T18:15:00+00:00,142.75,142.75,142.75,142.75,3
2024-11-14T18:20:00+00:00,142.6,142.6,142.6,142.6,3
2024-11-14T18:30:00+00:00,142.7,142.7,142.7,142.7,9
2024-11-14T18:35:00+00:00,142.8,142.85,142.45,142.7,160
2024-11-14T18:40:00+00:00,142.65,142.8,142.4,142.8,73
2024-11-14T18:45:00+00:00,142.85,142.85,142.85,142.85,5
2024-11-14T18:50:00+00:00,142.8,142.8,142.6,142.6,5
2024-11-14T18:55:00+00:00,142.7,142.7,142.7,142.7,1
2024-11-14T19:20:00+00:00,142.7,142.7,142.7,142.7,1
2024-11-14T19:25:00+00:00,142.6,142.6,142.55,142.55,3
2024-11-14T19:45:00+00:00,142.55,142.85,142.55,142.85,13
2024-11-14T19:55:00+00:00,142.85,142.85,142.6,142.6,16
2024-11-14T20:25:00+00:00,142.5,142.5,142.25,142.25,75
2024-11-14T20:35:00+00:00,142.25,142.4,142.25,142.4,3
2024-11-14T20:45:00+00:00,142.3,142.4,142.25,142.4,23
2024-11-15T07:00:00+00:00,142.05,142.2,142.05,142.2,4
2024-11-15T07:05:00+00:00,142.35,142.4,142.35,142.4,10
2024-11-15T07:10:00+00:00,142.4,142.4,142.4,142.4,1
2024-11-15T07:15:00+00:00,142.4,142.95,142.25,142.8,107
2024-11-15T07:20:00+00:00,142.85,142.85,142.5,142.7,15
2024-11-15T07:30:00+00:00,142.7,142.7,142.05,142.05,95
2024-11-15T07:35:00+00:00,142.2,142.2,142.2,142.2,12
2024-11-15T07:40:00+00:00,142.3,142.6,142.3,142.6,18
2024-11-15T07:45:00+00:00,142.55,142.55,141.55,142.0,740
2024-11-15T07:55:00+00:00,142.05,142.05,142.05,142.05,4
2024-11-15T08:00:00+00:00,142.0,142.0,141.5,141.7,49
2024-11-15T08:05:00+00:00,141.6,142.0,141.45,142.0,455
2024-11-15T08:10:00+00:00,142.1,142.1,142.1,142.1,1
2024-11-15T08:15:00+00:00,142.1,142.1,142.1,142.1,1
2024-11-15T08:35:00+00:00,142.2,142.2,142.2,142.2,2
2024-11-15T08:40:00+00:00,142.25,142.25,142.25,142.25,3
2024-11-15T08:45:00+00:00,142.25,142.3,142.2,142.2,38
2024-11-15T08:50:00+00:00,142.3,142.3,142.3,142.3,1
2024-11-15T08:55:00+00:00,142.4,142.6,142.4,142.5,6
2024-11-15T09:00:00+00:00,142.4,142.4,142.25,142.25,30
2024-11-15T09:05:00+00:00,142.4,142.4,142.4,142.4,1
2024-11-15T09:10:00+00:00,142.4,142.5,142.3,142.3,4
2024-11-15T09:15:00+00:00,142.5,142.6,142.5,142.6,52
2024-11-15T09:20:00+00:00,142.65,142.65,142.25,142.25,260
2024-11-15T09:35:00+00:00,142.3,142.3,142.25,142.25,213
2024-11-15T09:45:00+00:00,142.35,142.35,142.35,142.35,2
2024-11-15T09:50:00+00:00,142.25,142.25,141.9,141.9,244
2024-11-15T09:55:00+00:00,141.9,141.9,141.75,141.75,18
2024-11-15T10:00:00+00:00,141.8,141.9,141.8,141.9,28
2024-11-15T10:05:00+00:00,141.75,141.75,141.75,141.75,3
2024-11-15T10:10:00+00:00,141.9,141.9,141.9,141.9,106
2024-11-15T10:15:00+00:00,142.0,142.0,142.0,142.0,1
2024-11-15T10:25:00+00:00,141.9,141.9,141.9,141.9,2
2024-11-15T10:30:00+00:00,142.0,142.0,142.0,142.0,1
2024-11-15T10:40:00+00:00,141.9,142.0,141.9,141.9,52
2024-11-15T10:55:00+00:00,141.9,141.95,141.85,141.95,56
2024-11-15T11:10:00+00:00,141.9,141.9,141.9,141.9,12
2024-11-15T11:15:00+00:00,141.9,142.1,141.9,142.1,5
2024-11-15T11:25:00+00:00,142.15,142.25,142.15,142.25,7
2024-11-15T11:30:00+00:00,142.15,142.4,142.0,142.3,38
2024-11-15T11:35:00+00:00,142.35,142.35,142.35,142.35,1
2024-11-15T11:50:00+00:00,142.4,142.75,142.3,142.75,197
2024-11-15T11:55:00+00:00,142.7,142.7,142.7,142.7,5
2024-11-15T12:00:00+00:00,142.6,142.6,142.6,142.6,2
2024-11-15T12:10:00+00:00,142.6,142.7,142.6,142.7,11
2024-11-15T12:20:00+00:00,142.7,142.75,142.7,142.75,11
2024-11-15T12:25:00+00:00,142.75,142.75,142.75,142.75,5
2024-11-15T12:30:00+00:00,142.6,142.6,142.3,142.35,53
2024-11-15T12:35:00+00:00,142.5,142.5,142.5,142.5,2
2024-11-15T12:45:00+00:00,142.6,142.7,142.6,142.6,10
2024-11-15T12:50:00+00:00,142.8,142.9,142.8,142.9,25
2024-11-15T12:55:00+00:00,142.9,142.9,142.9,142.9,1
2024-11-15T13:00:00+00:00,142.75,142.75,142.4,142.4,75
2024-11-15T13:05:00+00:00,142.5,142.7,142.5,142.7,236
2024-11-15T13:10:00+00:00,142.6,142.9,142.6,142.9,15
2024-11-15T13:15:00+00:00,142.8,142.85,142.5,142.5,232
2024-11-15T13:20:00+00:00,142.5,142.6,142.45,142.45,217
2024-11-15T13:25:00+00:00,142.45,142.45,141.9,142.1,582
2024-11-15T13:35:00+00:00,142.2,142.4,142.15,142.15,121
2024-11-15T13:40:00+00:00,142.3,142.8,142.3,142.55,46
2024-11-15T13:45:00+00:00,142.6,142.8,142.6,142.6,75
2024-11-15T13:50:00+00:00,142.6,142.6,142.4,142.4,6
2024-11-15T13:55:00+00:00,142.35,142.35,142.3,142.3,8
2024-11-15T14:00:00+00:00,142.3,142.35,142.0,142.35,89
2024-11-15T14:05:00+00:00,142.4,142.4,142.0,142.35,53
2024-11-15T14:10:00+00:00,142.2,142.6,142.0,142.6,226
2024-11-15T14:15:00+00:00,142.7,142.9,142.6,142.9,46
2024-11-15T14:20:00+00:00,142.8,142.95,142.6,142.6,44
2024-11-15T14:25:00+00:00,142.6,143.3,142.6,143.25,32
2024-11-15T14:30:00+00:00,143.2,143.2,142.8,142.8,39
2024-11-15T14:35:00+00:00,142.7,142.7,142.3,142.3,36
2024-11-15T14:40:00+00:00,142.4,142.5,142.2,142.2,24
2024-11-15T14:45:00+00:00,142.25,142.3,142.2,142.3,10
2024-11-15T14:50:00+00:00,142.3,142.6,142.3,142.45,19
2024-11-15T14:55:00+00:00,142.45,142.45,142.45,142.45,1
2024-11-15T15:05:00+00:00,142.4,142.4,142.2,142.2,25
2024-11-15T15:10:00+00:00,142.4,142.4,142.4,142.4,2
2024-11-15T15:15:00+00:00,142.5,142.75,142.5,142.75,70
2024-11-15T15:20:00+00:00,142.6,142.6,142.5,142.6,129
2024-11-15T15:25:00+00:00,142.6,142.6,142.6,142.6,39
2024-11-15T15:30:00+00:00,142.5,142.5,141.6,141.7,258
2024-11-15T15:35:00+00:00,141.7,141.7,141.6,141.7,45
2024-11-15T15:45:00+00:00,141.7,141.7,141.7,141.7,4
2024-11-15T16:00:00+00:00,141.8,141.8,141.8,141.8,2
2024-11-15T16:05:00+00:00,141.9,141.9,141.9,141.9,2
2024-11-15T16:10:00+00:00,142.0,142.3,141.9,142.3,21
2024-11-15T16:15:00+00:00,142.3,142.3,142.3,142.3,2
2024-11-15T16:20:00+00:00,142.3,142.3,142.3,142.3,20
2024-11-15T16:25:00+00:00,142.4,142.7,142.4,142.7,23
2024-11-15T16:35:00+00:00,142.75,142.95,142.75,142.95,54
2024-11-15T16:45:00+00:00,142.95,143.0,142.95,143.0,119
2024-11-15T16:50:00+00:00,143.1,143.1,143.1,143.1,1
2024-11-15T16:55:00+00:00,143.0,143.0,143.0,143.0,5
2024-11-15T17:00:00+00:00,143.1,143.1,143.1,143.1,1
2024-11-15T17:20:00+00:00,143.0,143.35,143.0,143.2,141
2024-11-15T17:25:00+00:00,143.2,143.2,143.2,143.2,2
2024-11-15T17:30:00+00:00,143.2,143.3,143.2,143.3,10
2024-11-15T17:40:00+00:00,143.2,143.2,142.95,142.95,34
2024-11-15T17:45:00+00:00,143.0,143.0,143.0,143.0,8
2024-11-15T17:50:00+00:00,143.0,143.0,143.0,143.0,1
2024-11-15T18:00:00+00:00,143.1,143.2,143.1,143.2,4
2024-11-15T18:05:00+00:00,143.1,143.1,143.1,143.1,1
2024-11-15T18:10:00+00:00,143.2,143.2,143.2,143.2,1
2024-11-15T18:15:00+00:00,143.3,143.5,143.3,143.5,10
2024-11-15T18:20:00+00:00,143.45,143.45,143.45,143.45,9
2024-11-15T18:25:00+00:00,143.45,143.5,143.45,143.5,2
2024-11-15T18:40:00+00:00,143.5,143.5,143.5,143.5,10
2024-11-15T18:45:00+00:00,143.3,143.3,143.3,143.3,1
2024-11-15T18:50:00+00:00,143.3,143.3,143.15,143.15,23
2024-11-15T18:55:00+00:00,143.2,143.2,143.2,143.2,1
2024-11-15T19:05:00+00:00,143.3,143.5,143.3,143.5,44
2024-11-15T19:15:00+00:00,143.6,143.6,143.6,143.6,3
2024-11-15T19:30:00+00:00,143.5,143.5,143.5,143.5,3
2024-11-15T19:40:00+00:00,143.6,143.6,143.6,143.6,1
2024-11-15T19:55:00+00:00,143.6,143.6,143.6,143.6,1
2024-11-15T20:05:00+00:00,143.5,143.5,143.25,143.25,33
2024-11-15T20:10:00+00:00,143.4,143.4,143.4,143.4,1
2024-11-15T20:20:00+00:00,143.4,143.4,143.4,143.4,1
2024-11-15T20:25:00+00:00,143.4,143.5,143.4,143.5,2
2024-11-15T20:30:00+00:00,143.4,143.5,143.4,143.5,54
2024-11-15T20:45:00+00:00,143.6,143.6,143.6,143.6,1
2024-11-18T06:55:00+00:00,141.4,141.4,141.4,141.4,42
2024-11-18T07:00:00+00:00,141.4,141.4,139.4,139.9,442
2024-11-18T07:05:00+00:00,140.05,141.25,139.9,140.4,339
2024-11-18T07:10:00+00:00,140.6,141.35,140.6,141.35,273
2024-11-18T07:15:00+00:00,141.2,141.5,141.1,141.5,86
2024-11-18T07:20:00+00:00,141.3,141.5,141.15,141.5,60
2024-11-18T07:25:00+00:00,141.5,142.2,141.5,142.0,333
2024-11-18T07:30:00+00:00,142.0,142.5,142.0,142.5,94
2024-11-18T07:35:00+00:00,142.4,142.95,142.4,142.95,43
2024-11-18T07:40:00+00:00,142.95,142.95,142.8,142.8,39
2024-11-18T07:45:00+00:00,142.9,142.95,142.2,142.4,248
2024-11-18T07:50:00+00:00,142.2,142.8,142.2,142.7,85
2024-11-18T07:55:00+00:00,142.6,142.6,141.7,141.9,508
2024-11-18T08:00:00+00:00,141.9,141.9,141.7,141.7,13
2024-11-18T08:05:00+00:00,141.8,141.8,141.8,141.8,1
2024-11-18T08:10:00+00:00,141.75,142.1,141.6,142.0,265
2024-11-18T08:15:00+00:00,142.0,142.0,141.9,141.9,46
2024-11-18T08:20:00+00:00,141.85,142.1,141.85,142.1,74
2024-11-18T08:25:00+00:00,142.05,142.2,142.0,142.0,12
2024-11-18T08:30:00+00:00,142.0,142.0,141.85,141.85,11
2024-11-18T08:35:00+00:00,141.9,141.9,141.85,141.9,30
2024-11-18T08:40:00+00:00,142.0,142.1,142.0,142.1,16
2024-11-18T08:45:00+00:00,142.1,142.1,142.1,142.1,1
2024-11-18T08:50:00+00:00,142.15,142.15,142.0,142.0,2
2024-11-18T09:00:00+00:00,142.1,142.1,142.0,142.0,6
2024-11-18T09:05:00+00:00,142.1,142.1,141.4,141.6,304
2024-11-18T09:10:00+00:00,141.7,142.0,141.6,141.8,29
2024-11-18T09:15:00+00:00,141.9,141.95,141.3,141.5,43
2024-11-18T09:20:00+00:00,141.5,141.5,141.1,141.1,219
2024-11-18T09:25:00+00:00,141.1,141.3,141.0,141.1,153
2024-11-18T09:30:00+00:00,141.2,141.3,139.8,140.15,1401
2024-11-18T09:35:00+00:00,140.15,140.2,139.8,140.2,172
2024-11-18T09:40:00+00:00,140.1,140.4,140.0,140.4,207
2024-11-18T09:45:00+00:00,140.4,140.4,140.0,140.0,217
2024-11-18T09:50:00+00:00,140.0,140.25,139.9,140.05,78
2024-11-18T09:55:00+00:00,140.05,140.05,139.75,139.75,141
2024-11-18T10:00:00+00:00,139.85,140.25,139.85,140.2,20
2024-11-18T10:05:00+00:00,140.3,140.5,140.3,140.5,115
2024-11-18T10:15:00+00:00,140.5,140.6,140.4,140.4,25
2024-11-18T10:20:00+00:00,140.3,140.3,139.95,140.3,97
2024-11-18T10:25:00+00:00,140.3,140.35,139.8,139.8,110
2024-11-18T10:30:00+00:00,139.8,139.8,139.75,139.75,30
2024-11-18T10:35:00+00:00,139.8,139.85,139.8,139.85,174
2024-11-18T10:40:00+00:00,139.9,139.95,139.9,139.95,4
2024-11-18T10:45:00+00:00,139.95,140.2,139.95,140.1,24
2024-11-18T10:50:00+00:00,140.0,140.0,140.0,140.0,5
2024-11-18T11:00:00+00:00,140.15,140.15,140.15,140.15,2
2024-11-18T11:05:00+00:00,140.15,140.15,140.15,140.15,3
2024-11-18T11:10:00+00:00,140.15,140.2,140.15,140.2,2
2024-11-18T11:15:00+00:00,140.05,140.1,139.05,140.05,1343
2024-11-18T11:20:00+00:00,140.1,140.2,140.0,140.0,93
2024-11-18T11:25:00+00:00,140.0,140.35,140.0,140.35,175
2024-11-18T11:30:00+00:00,140.35,140.7,140.35,140.7,388
2024-11-18T11:35:00+00:00,140.75,140.75,140.75,140.75,89
2024-11-18T11:40:00+00:00,140.8,141.45,140.8,140.95,244
2024-11-18T11:55:00+00:00,140.95,140.95,139.7,140.0,250
2024-11-18T12:00:00+00:00,140.0,140.0,139.95,139.95,136
2024-11-18T12:05:00+00:00,139.95,139.95,139.9,139.9,74
2024-11-18T12:10:00+00:00,139.95,139.95,139.95,139.95,1
2024-11-18T12:15:00+00:00,139.95,139.95,139.95,139.95,1
2024-11-18T12:25:00+00:00,139.9,139.9,139.9,139.9,1
2024-11-18T12:30:00+00:00,140.0,140.0,139.95,139.95,5
2024-11-18T12:35:00+00:00,139.9,139.9,139.55,139.55,46
2024-11-18T12:40:00+00:00,139.7,139.9,139.7,139.9,11
2024-11-18T12:45:00+00:00,139.7,139.75,139.55,139.6,142
2024-11-18T12:50:00+00:00,139.65,139.8,139.55,139.8,55
2024-11-18T12:55:00+00:00,139.7,139.7,139.55,139.6,82
2024-11-18T13:00:00+00:00,139.7,139.95,139.7,139.75,47
2024-11-18T13:05:00+00:00,139.7,139.7,139.4,139.4,400
2024-11-18T13:10:00+00:00,139.4,139.4,139.35,139.35,29
2024-11-18T13:15:00+00:00,139.4,139.4,139.15,139.15,210
2024-11-18T13:20:00+00:00,139.15,139.4,138.7,138.85,559
2024-11-18T13:25:00+00:00,138.85,138.9,138.7,138.85,164
2024-11-18T13:30:00+00:00,138.85,138.9,138.0,138.0,516
2024-11-18T13:35:00+00:00,138.1,138.2,137.2,138.2,400
2024-11-18T13:40:00+00:00,138.3,138.7,138.1,138.1,179
2024-11-18T13:45:00+00:00,138.05,138.1,138.0,138.05,173
2024-11-18T13:50:00+00:00,138.2,138.9,138.2,138.8,222
2024-11-18T13:55:00+00:00,138.9,139.0,138.9,139.0,123
2024-11-18T14:00:00+00:00,138.8,138.8,138.45,138.5,131
2024-11-18T14:05:00+00:00,138.5,138.5,138.1,138.2,262
2024-11-18T14:10:00+00:00,138.25,138.85,138.25,138.6,113
2024-11-18T14:15:00+00:00,138.6,138.7,138.6,138.7,5
2024-11-18T14:20:00+00:00,138.7,138.7,138.6,138.6,8
2024-11-18T14:25:00+00:00,138.7,138.7,138.7,138.7,13
2024-11-18T14:30:00+00:00,138.8,139.0,138.7,138.9,218
2024-11-18T14:35:00+00:00,138.75,139.8,138.7,139.6,279
2024-11-18T14:40:00+00:00,139.6,140.0,139.5,140.0,399
2024-11-18T14:45:00+00:00,139.85,139.85,139.4,139.5,31
2024-11-18T14:50:00+00:00,139.55,139.6,139.55,139.6,41
2024-11-18T14:55:00+00:00,139.7,140.0,139.7,140.0,61
2024-11-18T15:00:00+00:00,140.0,140.1,140.0,140.1,21
2024-11-18T15:05:00+00:00,140.2,140.5,140.2,140.35,138
2024-11-18T15:10:00+00:00,140.3,140.3,139.6,139.6,159
2024-11-18T15:15:00+00:00,139.7,140.25,139.7,139.9,101
2024-11-18T15:20:00+00:00,139.8,139.8,139.7,139.7,10
2024-11-18T15:25:00+00:00,139.7,140.2,139.6,140.2,138
2024-11-18T15:30:00+00:00,140.1,140.1,140.0,140.0,14
2024-11-18T15:35:00+00:00,140.1,140.2,139.5,140.05,429
2024-11-18T15:45:00+00:00,140.1,140.1,140.1,140.1,4
2024-11-18T16:05:00+00:00,140.1,140.1,139.4,139.7,163
2024-11-18T16:10:00+00:00,139.7,139.85,139.4,139.85,73
2024-11-18T16:15:00+00:00,139.7,140.0,139.7,140.0,157
2024-11-18T16:30:00+00:00,140.1,140.3,140.1,140.1,19
2024-11-18T16:35:00+00:00,140.2,140.35,140.2,140.35,5
2024-11-18T16:40:00+00:00,140.35,140.35,140.1,140.1,5
2024-11-18T16:50:00+00:00,140.1,140.2,140.1,140.2,2
2024-11-18T17:00:00+00:00,140.1,140.1,139.4,139.4,59
2024-11-18T17:05:00+00:00,139.6,139.8,139.6,139.8,6
2024-11-18T17:10:00+00:00,139.8,139.8,139.8,139.8,7
2024-11-18T17:15:00+00:00,139.8,139.8,139.8,139.8,53
2024-11-18T17:20:00+00:00,139.8,139.8,139.8,139.8,1
2024-11-18T17:25:00+00:00,139.8,139.8,138.0,138.8,785
2024-11-18T17:30:00+00:00,138.8,138.9,138.8,138.9,3
2024-11-18T17:35:00+00:00,139.0,139.15,139.0,139.15,5
2024-11-18T17:40:00+00:00,139.1,139.1,139.0,139.1,9
2024-11-18T17:55:00+00:00,139.2,139.55,139.2,139.55,100
2024-11-18T18:00:00+00:00,139.6,139.6,139.6,139.6,1
2024-11-18T18:10:00+00:00,139.6,139.7,139.6,139.6,4
2024-11-18T18:15:00+00:00,139.7,139.7,139.7,139.7,1
2024-11-18T18:20:00+00:00,139.8,139.8,139.8,139.8,1
2024-11-18T18:25:00+00:00,139.8,139.9,139.8,139.9,2
2024-11-18T18:30:00+00:00,139.8,139.8,139.7,139.7,2
2024-11-18T18:40:00+00:00,139.7,139.7,139.7,139.7,1
2024-11-18T18:45:00+00:00,139.8,139.8,139.8,139.8,14
2024-11-18T19:05:00+00:00,139.8,139.9,139.8,139.9,5
2024-11-18T19:10:00+00:00,139.9,139.9,139.9,139.9,5
2024-11-18T19:25:00+00:00,139.9,139.9,139.9,139.9,4
2024-11-18T19:35:00+00:00,140.0,140.0,140.0,140.0,2
2024-11-18T19:40:00+00:00,139.9,139.9,139.9,139.9,1
2024-11-18T19:45:00+00:00,140.0,140.0,140.0,140.0,12
2024-11-18T20:00:00+00:00,140.1,140.1,140.1,140.1,2
2024-11-18T20:15:00+00:00,140.15,140.4,140.15,140.4,55
2024-11-18T20:20:00+00:00,140.4,140.7,140.4,140.7,14
2024-11-18T20:25:00+00:00,140.8,141.1,140.1,140.3,142
2024-11-18T20:30:00+00:00,140.4,140.7,140.4,140.7,9
2024-11-18T20:35:00+00:00,140.6,140.6,140.6,140.6,7
2024-11-18T20:45:00+00:00,140.7,140.7,140.7,140.7,2
2024-11-19T06:55:00+00:00,140.5,140.5,140.5,140.5,3
2024-11-19T07:00:00+00:00,138.55,138.55,137.8,138.1,408
2024-11-19T07:05:00+00:00,138.1,138.1,137.8,138.1,221
2024-11-19T07:10:00+00:00,138.4,138.4,137.6,138.4,650
2024-11-19T07:15:00+00:00,138.4,138.45,138.4,138.4,96
2024-11-19T07:20:00+00:00,138.45,138.7,138.35,138.45,311
2024-11-19T07:25:00+00:00,138.45,138.6,138.35,138.4,24
2024-11-19T07:30:00+00:00,138.3,138.65,138.1,138.55,250
2024-11-19T07:35:00+00:00,138.4,138.6,138.2,138.2,110
2024-11-19T07:40:00+00:00,138.3,138.3,138.0,138.0,173
2024-11-19T07:45:00+00:00,138.0,138.1,137.9,138.0,173
2024-11-19T07:50:00+00:00,138.1,138.25,137.8,138.1,88
2024-11-19T07:55:00+00:00,138.1,138.2,137.85,138.0,41
2024-11-19T08:00:00+00:00,137.9,137.9,137.7,137.8,45
2024-11-19T08:05:00+00:00,137.8,137.8,137.8,137.8,4
2024-11-19T08:10:00+00:00,137.8,137.8,137.75,137.75,44
2024-11-19T08:15:00+00:00,137.75,137.9,137.5,137.9,315
2024-11-19T08:20:00+00:00,137.9,138.1,137.9,138.1,19
2024-11-19T08:25:00+00:00,138.2,138.2,138.2,138.2,1
2024-11-19T08:30:00+00:00,138.2,138.35,137.15,137.15,1492
2024-11-19T08:35:00+00:00,137.15,137.15,137.05,137.15,265
2024-11-19T08:40:00+00:00,137.15,137.15,137.05,137.05,296
2024-11-19T08:45:00+00:00,137.15,137.15,136.4,136.9,225
2024-11-19T08:50:00+00:00,136.95,137.25,136.9,137.25,385
2024-11-19T08:55:00+00:00,137.25,137.35,137.25,137.25,104
2024-11-19T09:00:00+00:00,137.25,137.4,137.2,137.2,148
2024-11-19T09:05:00+00:00,137.2,137.4,137.2,137.35,133
2024-11-19T09:10:00+00:00,137.35,137.35,137.35,137.35,1
2024-11-19T09:15:00+00:00,137.3,137.6,137.1,137.4,102
2024-11-19T09:20:00+00:00,137.4,140.5,136.9,138.45,2907
2024-11-19T09:25:00+00:00,138.4,139.1,137.65,138.2,1668
2024-11-19T09:30:00+00:00,138.2,138.75,138.1,138.2,360
2024-11-19T09:35:00+00:00,138.15,138.3,138.15,138.3,14
2024-11-19T09:40:00+00:00,138.2,138.4,137.9,137.9,291
2024-11-19T09:45:00+00:00,137.9,138.25,137.9,138.0,76
2024-11-19T09:50:00+00:00,138.0,138.1,138.0,138.1,26
2024-11-19T09:55:00+00:00,138.1,138.1,137.3,137.4,143
2024-11-19T10:00:00+00:00,137.4,137.9,137.3,137.9,132
2024-11-19T10:05:00+00:00,138.0,138.1,137.5,137.6,60
2024-11-19T10:10:00+00:00,137.6,137.7,137.2,137.2,210
2024-11-19T10:15:00+00:00,137.2,137.4,137.0,137.05,263
2024-11-19T10:20:00+00:00,137.2,137.4,137.0,137.2,85
2024-11-19T10:25:00+00:00,137.1,137.65,136.95,137.4,273
2024-11-19T10:30:00+00:00,137.3,137.6,136.95,137.5,103
2024-11-19T10:35:00+00:00,137.5,137.65,137.35,137.35,57
2024-11-19T10:40:00+00:00,137.5,137.7,137.2,137.2,88
2024-11-19T10:45:00+00:00,137.2,137.2,136.95,137.2,89
2024-11-19T10:50:00+00:00,137.2,137.2,137.2,137.2,252
2024-11-19T10:55:00+00:00,137.2,137.9,136.9,137.9,687
2024-11-19T11:00:00+00:00,137.9,138.0,137.5,137.5,58
2024-11-19T11:05:00+00:00,137.45,137.45,137.45,137.45,18
2024-11-19T11:10:00+00:00,137.45,137.45,137.35,137.35,58
2024-11-19T11:15:00+00:00,137.5,137.5,137.5,137.5,2
2024-11-19T11:20:00+00:00,137.55,137.55,137.3,137.3,125
2024-11-19T11:25:00+00:00,137.3,137.3,137.3,137.3,12
2024-11-19T11:30:00+00:00,137.4,137.45,137.3,137.3,23
2024-11-19T11:35:00+00:00,137.4,137.95,137.4,137.7,29
2024-11-19T11:40:00+00:00,137.65,137.65,137.5,137.5,26
2024-11-19T11:45:00+00:00,137.5,137.5,137.5,137.5,5
2024-11-19T11:50:00+00:00,137.5,137.6,137.5,137.5,22
2024-11-19T11:55:00+00:00,137.5,137.7,137.5,137.7,56
2024-11-19T12:00:00+00:00,137.6,138.0,137.4,137.75,98
2024-11-19T12:05:00+00:00,137.7,137.7,137.5,137.6,7
2024-11-19T12:10:00+00:00,137.5,137.5,136.95,137.0,205
2024-11-19T12:15:00+00:00,137.1,137.6,136.95,137.35,140
2024-11-19T12:20:00+00:00,137.35,137.35,136.8,136.95,575
2024-11-19T12:25:00+00:00,137.0,137.2,136.9,137.2,55
2024-11-19T12:30:00+00:00,137.0,137.0,136.85,136.85,28
2024-11-19T12:35:00+00:00,137.0,137.1,137.0,137.1,33
2024-11-19T12:40:00+00:00,137.0,137.0,136.9,136.9,61
2024-11-19T12:45:00+00:00,136.9,137.25,136.9,137.1,77
2024-11-19T12:50:00+00:00,137.2,137.2,137.2,137.2,2
2024-11-19T12:55:00+00:00,137.25,137.3,137.25,137.3,12
2024-11-19T13:00:00+00:00,137.2,137.3,137.2,137.2,65
2024-11-19T13:05:00+00:00,137.2,137.2,136.85,137.0,52
2024-11-19T13:10:00+00:00,136.9,137.0,136.8,137.0,125
2024-11-19T13:15:00+00:00,137.1,137.35,136.9,137.0,27
2024-11-19T13:20:00+00:00,137.1,137.1,136.8,137.1,56
2024-11-19T13:25:00+00:00,137.1,137.1,136.8,136.95,85
2024-11-19T13:30:00+00:00,136.85,137.15,136.7,137.15,178
2024-11-19T13:35:00+00:00,137.0,137.0,136.6,136.65,114
2024-11-19T13:40:00+00:00,136.65,136.8,136.65,136.8,94
2024-11-19T13:45:00+00:00,136.8,136.85,136.5,136.85,141
2024-11-19T13:50:00+00:00,136.9,137.0,136.6,136.6,22
2024-11-19T13:55:00+00:00,136.6,136.6,136.3,136.55,406
2024-11-19T14:00:00+00:00,136.55,136.55,136.2,136.4,151
2024-11-19T14:05:00+00:00,136.3,137.0,136.3,137.0,52
2024-11-19T14:10:00+00:00,136.9,136.9,136.3,136.35,144
2024-11-19T14:15:00+00:00,136.35,136.45,136.35,136.45,57
2024-11-19T14:20:00+00:00,136.45,136.95,136.45,136.55,76
2024-11-19T14:25:00+00:00,136.5,136.55,136.5,136.55,5
2024-11-19T14:30:00+00:00,136.5,136.9,136.5,136.9,21
2024-11-19T14:35:00+00:00,136.8,137.1,136.8,137.1,66
2024-11-19T14:40:00+00:00,137.0,137.1,137.0,137.1,77
2024-11-19T14:45:00+00:00,137.1,137.2,137.1,137.2,50
2024-11-19T14:50:00+00:00,137.2,137.2,137.1,137.1,14
2024-11-19T14:55:00+00:00,137.1,137.2,137.0,137.0,12
2024-11-19T15:00:00+00:00,137.1,137.2,137.0,137.2,30
2024-11-19T15:05:00+00:00,137.2,137.4,137.2,137.4,40
2024-11-19T15:10:00+00:00,137.4,137.4,137.4,137.4,1
2024-11-19T15:20:00+00:00,137.3,137.5,137.1,137.1,77
2024-11-19T15:25:00+00:00,137.1,137.1,136.3,136.5,163
2024-11-19T15:30:00+00:00,136.6,137.2,136.6,137.2,17
2024-11-19T15:35:00+00:00,137.2,137.2,137.0,137.0,20
2024-11-19T16:05:00+00:00,137.0,137.0,136.9,136.9,7
2024-11-19T16:10:00+00:00,137.1,137.1,137.1,137.1,2
2024-11-19T16:15:00+00:00,137.1,137.1,137.1,137.1,1
2024-11-19T16:20:00+00:00,137.2,137.4,137.2,137.4,8
2024-11-19T16:25:00+00:00,137.4,137.4,137.2,137.2,5
2024-11-19T16:30:00+00:00,137.3,137.5,137.3,137.5,7
2024-11-19T16:35:00+00:00,137.5,137.5,137.5,137.5,1
2024-11-19T16:40:00+00:00,137.5,137.5,137.5,137.5,3
2024-11-19T16:45:00+00:00,137.4,137.4,137.2,137.2,9
2024-11-19T16:50:00+00:00,137.1,137.1,137.0,137.1,8
2024-11-19T16:55:00+00:00,137.15,137.15,137.15,137.15,5
2024-11-19T17:00:00+00:00,137.2,137.2,137.2,137.2,1
2024-11-19T17:10:00+00:00,137.2,137.2,137.15,137.15,4
2024-11-19T17:15:00+00:00,137.3,137.3,137.3,137.3,1
2024-11-19T17:20:00+00:00,137.3,137.3,137.3,137.3,1
2024-11-19T17:25:00+00:00,137.3,137.5,137.3,137.4,12
2024-11-19T17:30:00+00:00,137.5,137.5,137.5,137.5,1
2024-11-19T17:35:00+00:00,137.4,137.4,137.4,137.4,1
2024-11-19T17:40:00+00:00,137.45,137.5,137.45,137.5,11
2024-11-19T17:45:00+00:00,137.5,137.5,137.5,137.5,1
2024-11-19T17:50:00+00:00,137.5,137.5,137.5,137.5,5
2024-11-19T17:55:00+00:00,137.6,137.6,137.5,137.55,10
2024-11-19T18:00:00+00:00,137.4,137.45,137.2,137.45,38
2024-11-19T18:05:00+00:00,137.45,137.45,137.3,137.4,4
2024-11-19T18:10:00+00:00,137.4,137.4,137.4,137.4,1
2024-11-19T18:35:00+00:00,137.3,137.3,137.3,137.3,3
2024-11-19T18:45:00+00:00,137.4,137.4,137.4,137.4,2
2024-11-19T18:50:00+00:00,137.4,137.4,137.4,137.4,2
2024-11-19T18:55:00+00:00,137.45,137.45,137.45,137.45,14
2024-11-19T19:00:00+00:00,137.4,137.45,137.4,137.45,6
2024-11-19T19:05:00+00:00,137.45,137.45,137.45,137.45,1
2024-11-19T19:10:00+00:00,137.45,137.45,137.45,137.45,10
2024-11-19T19:15:00+00:00,137.45,137.45,137.2,137.2,20
2024-11-19T19:20:00+00:00,137.15,137.15,137.15,137.15,1
2024-11-19T19:30:00+00:00,137.3,137.3,137.3,137.3,12
2024-11-19T19:35:00+00:00,137.3,137.3,137.3,137.3,4
2024-11-19T19:40:00+00:00,137.4,137.4,137.4,137.4,2
2024-11-19T19:50:00+00:00,137.45,137.45,137.45,137.45,1
2024-11-19T19:55:00+00:00,137.45,137.45,137.45,137.45,1
2024-11-19T20:00:00+00:00,137.3,137.3,137.3,137.3,1
2024-11-19T20:05:00+00:00,137.3,137.3,137.3,137.3,2
2024-11-19T20:10:00+00:00,137.35,137.35,137.2,137.2,4
2024-11-19T20:15:00+00:00,137.15,137.15,137.15,137.15,18
2024-11-19T20:20:00+00:00,137.15,137.15,137.1,137.1,4
2024-11-19T20:25:00+00:00,137.1,137.1,137.0,137.0,27
2024-11-19T20:30:00+00:00,136.9,136.9,136.8,136.8,11
2024-11-19T20:45:00+00:00,136.7,136.8,136.7,136.8,21
2024-11-20T07:00:00+00:00,137.4,137.4,136.35,136.35,135
2024-11-20T07:05:00+00:00,136.35,136.95,136.35,136.6,72
2024-11-20T07:10:00+00:00,136.95,138.15,136.95,137.25,302
2024-11-20T07:15:00+00:00,137.35,137.35,137.05,137.35,17
2024-11-20T07:20:00+00:00,137.35,138.15,137.35,138.0,247
2024-11-20T07:25:00+00:00,138.0,139.3,137.9,138.1,140
2024-11-20T07:30:00+00:00,138.0,138.05,137.35,137.7,171
2024-11-20T07:35:00+00:00,137.8,138.0,137.8,137.9,38
2024-11-20T07:40:00+00:00,137.95,138.0,137.65,137.65,207
2024-11-20T07:45:00+00:00,137.8,137.8,137.2,137.6,65
2024-11-20T07:50:00+00:00,137.7,137.7,137.5,137.6,8
2024-11-20T07:55:00+00:00,137.5,137.5,137.5,137.5,2
2024-11-20T08:00:00+00:00,137.6,137.75,137.6,137.6,30
2024-11-20T08:05:00+00:00,137.7,137.7,137.55,137.55,16
2024-11-20T08:10:00+00:00,137.7,137.75,137.4,137.4,168
2024-11-20T08:15:00+00:00,137.3,137.3,136.75,136.9,295
2024-11-20T08:20:00+00:00,137.0,137.4,136.9,137.15,594
2024-11-20T08:25:00+00:00,137.15,137.55,137.15,137.5,230
2024-11-20T08:30:00+00:00,137.4,137.7,137.4,137.4,90
2024-11-20T08:35:00+00:00,137.45,137.55,137.25,137.5,580
2024-11-20T08:40:00+00:00,137.6,137.8,137.6,137.7,185
2024-11-20T08:45:00+00:00,137.6,137.6,137.5,137.55,85
2024-11-20T08:50:00+00:00,137.6,137.6,137.35,137.5,20
2024-11-20T08:55:00+00:00,137.5,137.7,137.45,137.6,73
2024-11-20T09:00:00+00:00,137.65,137.65,137.35,137.35,283
2024-11-20T09:05:00+00:00,137.5,137.5,137.4,137.4,115
2024-11-20T09:10:00+00:00,137.4,137.4,137.4,137.4,1
2024-11-20T09:15:00+00:00,137.4,137.7,137.4,137.6,11
2024-11-20T09:20:00+00:00,137.7,137.75,137.7,137.75,34
2024-11-20T09:25:00+00:00,137.75,137.75,137.7,137.7,111
2024-11-20T09:30:00+00:00,137.6,137.6,137.6,137.6,2
2024-11-20T09:35:00+00:00,137.6,137.6,137.6,137.6,2
2024-11-20T09:40:00+00:00,137.5,137.5,137.5,137.5,2
2024-11-20T09:45:00+00:00,137.4,137.4,136.7,136.8,298
2024-11-20T09:50:00+00:00,136.75,137.15,136.55,136.95,618
2024-11-20T09:55:00+00:00,136.95,136.95,136.95,136.95,108
2024-11-20T10:00:00+00:00,136.95,136.95,136.75,136.75,204
2024-11-20T10:05:00+00:00,136.85,136.85,136.3,136.3,235
2024-11-20T10:10:00+00:00,136.4,136.6,136.15,136.6,150
2024-11-20T10:15:00+00:00,136.7,137.7,136.7,137.65,634
2024-11-20T10:20:00+00:00,137.5,137.5,137.1,137.1,235
2024-11-20T10:25:00+00:00,137.1,137.3,137.1,137.3,6
2024-11-20T10:30:00+00:00,137.3,137.4,137.3,137.4,8
2024-11-20T10:35:00+00:00,137.4,137.45,136.95,137.1,164
2024-11-20T10:45:00+00:00,137.0,137.3,137.0,137.3,25
2024-11-20T10:50:00+00:00,137.35,137.4,137.2,137.2,13
2024-11-20T10:55:00+00:00,137.1,137.1,137.1,137.1,2
2024-11-20T11:00:00+00:00,137.2,137.3,137.2,137.3,7
2024-11-20T11:05:00+00:00,137.35,137.35,137.35,137.35,15
2024-11-20T11:10:00+00:00,137.35,137.35,136.9,136.9,254
2024-11-20T11:20:00+00:00,137.1,137.1,137.0,137.0,152
2024-11-20T11:25:00+00:00,137.0,137.2,137.0,137.2,15
2024-11-20T11:30:00+00:00,137.2,137.35,137.2,137.35,9
2024-11-20T11:35:00+00:00,137.25,137.25,137.25,137.25,1
2024-11-20T11:40:00+00:00,137.4,137.4,137.25,137.4,13
2024-11-20T11:50:00+00:00,137.4,137.4,137.4,137.4,1
2024-11-20T12:00:00+00:00,137.4,137.4,137.3,137.3,2
2024-11-20T12:05:00+00:00,137.25,137.25,137.05,137.05,22
2024-11-20T12:10:00+00:00,137.05,137.05,136.9,136.9,160
2024-11-20T12:15:00+00:00,137.05,137.05,137.05,137.05,4
2024-11-20T12:20:00+00:00,137.1,137.1,136.6,136.8,548
2024-11-20T12:25:00+00:00,136.85,136.9,136.85,136.9,25
2024-11-20T12:30:00+00:00,136.95,137.05,136.95,137.05,7
2024-11-20T12:35:00+00:00,136.95,137.0,136.9,137.0,27
2024-11-20T12:40:00+00:00,137.0,137.0,137.0,137.0,1
2024-11-20T12:45:00+00:00,137.0,137.0,137.0,137.0,1
2024-11-20T12:50:00+00:00,136.9,136.9,136.5,136.6,864
2024-11-20T13:00:00+00:00,136.6,136.75,136.6,136.75,5
2024-11-20T13:05:00+00:00,136.6,136.6,136.6,136.6,1
2024-11-20T13:15:00+00:00,136.7,136.7,136.7,136.7,1
2024-11-20T13:20:00+00:00,136.7,137.05,136.7,136.9,126
2024-11-20T13:25:00+00:00,136.9,136.9,136.9,136.9,1
2024-11-20T13:30:00+00:00,136.8,136.85,136.7,136.7,22
2024-11-20T13:35:00+00:00,136.75,136.75,136.65,136.7,17
2024-11-20T13:40:00+00:00,136.65,136.8,136.5,136.5,61
2024-11-20T13:45:00+00:00,136.5,136.5,136.05,136.5,349
2024-11-20T13:50:00+00:00,136.55,136.75,135.95,136.0,426
2024-11-20T13:55:00+00:00,136.0,136.3,136.0,136.3,18
2024-11-20T14:00:00+00:00,136.2,136.2,136.0,136.2,33
2024-11-20T14:05:00+00:00,136.2,136.2,136.0,136.1,58
2024-11-20T14:15:00+00:00,136.1,136.5,135.65,135.65,248
2024-11-20T14:20:00+00:00,136.0,136.45,136.0,136.45,82
2024-11-20T14:25:00+00:00,136.3,136.4,136.3,136.3,6
2024-11-20T14:30:00+00:00,136.2,136.6,136.2,136.6,74
2024-11-20T14:35:00+00:00,136.55,136.55,136.4,136.4,3
2024-11-20T14:40:00+00:00,136.5,136.5,136.4,136.4,2
2024-11-20T14:45:00+00:00,136.45,136.55,136.45,136.55,3
2024-11-20T14:50:00+00:00,136.55,136.6,136.45,136.45,38
2024-11-20T14:55:00+00:00,136.55,136.55,136.45,136.5,18
2024-11-20T15:00:00+00:00,136.45,136.5,136.45,136.45,43
2024-11-20T15:05:00+00:00,136.45,137.0,136.45,136.8,34
2024-11-20T15:10:00+00:00,136.8,137.1,136.8,136.9,44
2024-11-20T15:15:00+00:00,136.95,136.95,136.7,136.8,24
2024-11-20T15:20:00+00:00,136.7,136.75,136.6,136.6,35
2024-11-20T15:25:00+00:00,136.6,136.75,136.45,136.6,43
2024-11-20T15:30:00+00:00,136.65,136.75,136.45,136.75,42
2024-11-20T15:35:00+00:00,136.7,136.8,136.7,136.8,15
2024-11-20T16:05:00+00:00,136.7,136.7,136.25,136.25,124
2024-11-20T16:10:00+00:00,136.2,136.2,135.6,135.75,210
2024-11-20T16:15:00+00:00,135.75,136.0,135.65,135.9,46
2024-11-20T16:20:00+00:00,136.0,136.35,135.6,135.6,57
2024-11-20T16:25:00+00:00,135.65,135.65,135.6,135.65,30
2024-11-20T16:30:00+00:00,135.65,135.65,135.0,135.0,797
2024-11-20T16:35:00+00:00,135.05,135.2,135.0,135.0,161
2024-11-20T16:40:00+00:00,135.0,135.2,135.0,135.2,40
2024-11-20T16:45:00+00:00,135.2,136.4,135.2,136.4,175
2024-11-20T16:50:00+00:00,136.35,136.4,136.35,136.4,34
2024-11-20T16:55:00+00:00,136.35,136.35,135.8,135.8,34
2024-11-20T17:00:00+00:00,135.7,135.9,135.7,135.9,9
2024-11-20T17:05:00+00:00,135.9,135.9,135.9,135.9,1
2024-11-20T17:10:00+00:00,135.9,136.0,135.9,136.0,3
2024-11-20T17:30:00+00:00,136.0,136.1,136.0,136.1,2
2024-11-20T17:40:00+00:00,136.1,136.1,136.1,136.1,1
2024-11-20T17:55:00+00:00,136.1,136.15,136.1,136.15,3
2024-11-20T18:00:00+00:00,136.1,136.15,136.1,136.15,2
2024-11-20T18:10:00+00:00,136.15,136.15,136.15,136.15,2
2024-11-20T18:20:00+00:00,136.15,136.2,136.15,136.2,13
2024-11-20T18:25:00+00:00,136.15,136.15,136.15,136.15,1
2024-11-20T18:35:00+00:00,136.15,136.15,136.15,136.15,1
2024-11-20T18:45:00+00:00,136.2,136.2,136.2,136.2,22
2024-11-20T18:50:00+00:00,136.15,136.2,135.9,135.9,112
2024-11-20T18:55:00+00:00,135.85,136.15,135.5,136.15,87
2024-11-20T19:00:00+00:00,136.0,136.0,135.35,135.35,120
2024-11-20T19:05:00+00:00,135.5,136.0,135.5,135.9,23
2024-11-20T19:15:00+00:00,135.9,135.95,135.6,135.95,14
2024-11-20T19:20:00+00:00,135.8,135.8,135.6,135.6,6
2024-11-20T19:25:00+00:00,135.7,135.8,135.7,135.8,4
2024-11-20T19:30:00+00:00,135.7,135.7,135.7,135.7,1
2024-11-20T19:35:00+00:00,135.8,135.8,135.8,135.8,1
2024-11-20T19:50:00+00:00,135.9,136.0,135.9,136.0,27
2024-11-20T20:00:00+00:00,136.05,136.05,135.9,136.0,7
2024-11-20T20:05:00+00:00,135.9,136.2,135.9,136.2,32
2024-11-20T20:10:00+00:00,136.15,136.2,136.15,136.2,20
2024-11-20T20:25:00+00:00,136.15,136.2,136.0,136.0,121
2024-11-20T20:30:00+00:00,135.9,135.9,135.45,135.45,53
2024-11-20T20:35:00+00:00,135.6,136.05,135.6,135.9,13
2024-11-20T20:40:00+00:00,135.85,135.9,135.85,135.9,2
2024-11-20T20:45:00+00:00,135.9,135.9,135.9,135.9,1
2024-11-21T07:00:00+00:00,137.0,137.0,135.3,135.65,57
2024-11-21T07:05:00+00:00,136.9,136.9,136.9,136.9,5
2024-11-21T07:10:00+00:00,136.1,136.1,136.1,136.1,124
2024-11-21T07:15:00+00:00,136.2,136.45,136.2,136.4,127
2024-11-21T07:20:00+00:00,136.4,136.4,136.4,136.4,7
2024-11-21T07:25:00+00:00,136.4,136.4,136.4,136.4,1
2024-11-21T07:30:00+00:00,136.4,136.4,136.2,136.2,28
2024-11-21T07:35:00+00:00,136.1,136.1,136.1,136.1,2
2024-11-21T07:40:00+00:00,136.05,136.05,135.25,135.35,154
2024-11-21T07:45:00+00:00,135.35,135.35,134.05,134.05,577
2024-11-21T07:50:00+00:00,134.05,134.15,132.55,133.25,1319
2024-11-21T07:55:00+00:00,133.25,133.7,133.1,133.7,145
2024-11-21T08:00:00+00:00,133.6,133.75,133.15,133.65,288
2024-11-21T08:05:00+00:00,133.65,134.5,133.65,134.4,437
2024-11-21T08:10:00+00:00,134.4,134.4,134.1,134.1,132
2024-11-21T08:15:00+00:00,134.1,134.1,133.6,134.0,119
2024-11-21T08:20:00+00:00,133.9,133.95,133.7,133.9,83
2024-11-21T08:25:00+00:00,133.8,133.8,133.7,133.8,78
2024-11-21T08:30:00+00:00,133.75,133.75,133.55,133.55,70
2024-11-21T08:35:00+00:00,133.5,133.55,133.2,133.5,200
2024-11-21T08:40:00+00:00,133.55,133.55,133.55,133.55,66
2024-11-21T08:45:00+00:00,133.55,133.55,133.5,133.5,4
2024-11-21T08:50:00+00:00,133.5,133.55,133.5,133.5,26
2024-11-21T08:55:00+00:00,133.5,133.55,133.5,133.5,5
2024-11-21T09:00:00+00:00,133.55,133.55,133.5,133.55,111
2024-11-21T09:05:00+00:00,133.5,133.5,133.15,133.2,240
2024-11-21T09:10:00+00:00,133.25,133.3,133.2,133.25,106
2024-11-21T09:15:00+00:00,133.2,133.25,133.0,133.05,330
2024-11-21T09:20:00+00:00,133.25,133.3,133.25,133.3,219
2024-11-21T09:25:00+00:00,133.3,133.3,133.1,133.1,95
2024-11-21T09:30:00+00:00,133.1,133.4,133.0,133.4,234
2024-11-21T09:35:00+00:00,133.4,133.45,133.1,133.1,73
2024-11-21T09:40:00+00:00,133.2,133.2,133.15,133.15,26
2024-11-21T09:45:00+00:00,133.15,133.15,132.55,132.85,190
2024-11-21T09:50:00+00:00,132.8,132.9,132.65,132.9,142
2024-11-21T09:55:00+00:00,132.95,132.95,132.65,132.85,92
2024-11-21T10:00:00+00:00,132.9,132.9,132.6,132.85,38
2024-11-21T10:05:00+00:00,132.85,133.25,132.65,133.25,46
2024-11-21T10:10:00+00:00,133.15,133.15,133.15,133.15,5
2024-11-21T10:15:00+00:00,133.15,133.15,133.15,133.15,5
2024-11-21T10:20:00+00:00,133.25,133.4,133.25,133.25,7
2024-11-21T10:25:00+00:00,133.25,133.35,133.25,133.35,3
2024-11-21T10:30:00+00:00,133.4,133.5,133.4,133.45,12
2024-11-21T10:35:00+00:00,133.5,133.5,133.45,133.45,2
2024-11-21T10:40:00+00:00,133.45,133.5,133.2,133.2,91
2024-11-21T10:45:00+00:00,133.25,133.35,133.2,133.35,19
2024-11-21T10:50:00+00:00,133.3,133.3,132.75,132.8,197
2024-11-21T10:55:00+00:00,132.8,133.05,132.8,133.05,253
2024-11-21T11:00:00+00:00,133.05,133.15,132.85,133.15,95
2024-11-21T11:05:00+00:00,133.25,133.4,133.25,133.3,52
2024-11-21T11:10:00+00:00,133.35,134.0,133.35,133.75,441
2024-11-21T11:15:00+00:00,133.7,133.7,133.65,133.65,49
2024-11-21T11:20:00+00:00,133.65,133.7,133.65,133.65,18
2024-11-21T11:25:00+00:00,133.6,133.6,133.6,133.6,6
2024-11-21T11:30:00+00:00,133.65,133.65,133.65,133.65,1
2024-11-21T11:40:00+00:00,133.75,133.75,133.7,133.7,3
2024-11-21T11:45:00+00:00,133.8,133.95,133.8,133.95,6
2024-11-21T11:50:00+00:00,133.85,133.85,133.75,133.8,18
2024-11-21T11:55:00+00:00,133.85,134.0,133.85,133.85,12
2024-11-21T12:00:00+00:00,133.75,133.75,133.3,133.4,150
2024-11-21T12:05:00+00:00,133.4,133.4,133.4,133.4,50
2024-11-21T12:10:00+00:00,133.3,133.3,133.25,133.3,32
2024-11-21T12:15:00+00:00,133.3,133.3,132.85,132.95,130
2024-11-21T12:20:00+00:00,132.9,132.9,132.85,132.9,91
2024-11-21T12:25:00+00:00,132.9,132.9,132.9,132.9,16
2024-11-21T12:30:00+00:00,132.85,132.85,132.55,132.6,148
2024-11-21T12:35:00+00:00,132.6,132.65,132.6,132.6,16
2024-11-21T12:40:00+00:00,132.55,132.55,132.35,132.35,209
2024-11-21T12:45:00+00:00,132.35,132.35,132.1,132.3,194
2024-11-21T12:50:00+00:00,132.3,132.45,132.25,132.25,95
2024-11-21T12:55:00+00:00,132.25,132.45,132.1,132.25,139
2024-11-21T13:00:00+00:00,132.3,132.4,131.95,132.05,277
2024-11-21T13:05:00+00:00,132.05,132.15,132.0,132.05,185
2024-11-21T13:10:00+00:00,132.15,132.3,132.15,132.3,35
2024-11-21T13:15:00+00:00,132.3,132.35,131.95,131.95,58
2024-11-21T13:20:00+00:00,131.95,132.0,131.9,131.9,25
2024-11-21T13:25:00+00:00,132.05,132.05,131.95,131.95,59
2024-11-21T13:30:00+00:00,132.05,132.45,132.05,132.45,41
2024-11-21T13:35:00+00:00,132.35,132.35,132.25,132.25,5
2024-11-21T13:40:00+00:00,132.35,132.35,132.35,132.35,12
2024-11-21T13:45:00+00:00,132.4,132.55,132.4,132.55,201
2024-11-21T13:50:00+00:00,132.45,132.45,131.85,131.85,68
2024-11-21T13:55:00+00:00,131.95,132.25,131.9,132.25,86
2024-11-21T14:00:00+00:00,132.25,132.25,132.05,132.15,62
2024-11-21T14:05:00+00:00,132.15,132.55,132.15,132.45,78
2024-11-21T14:10:00+00:00,132.4,132.55,132.2,132.35,68
2024-11-21T14:15:00+00:00,132.25,132.3,132.05,132.3,61
2024-11-21T14:20:00+00:00,132.2,132.2,132.1,132.2,13
2024-11-21T14:25:00+00:00,132.2,132.2,131.9,132.05,36
2024-11-21T14:30:00+00:00,131.95,132.05,131.5,131.9,209
2024-11-21T14:35:00+00:00,131.85,131.85,131.65,131.65,23
2024-11-21T14:40:00+00:00,131.65,131.85,131.45,131.8,217
2024-11-21T14:45:00+00:00,131.7,132.15,131.7,132.15,45
2024-11-21T14:50:00+00:00,132.2,132.25,131.85,132.15,68
2024-11-21T14:55:00+00:00,132.15,132.15,131.9,132.0,59
2024-11-21T15:00:00+00:00,132.05,132.35,132.05,132.2,161
2024-11-21T15:05:00+00:00,132.3,132.65,132.3,132.6,159
2024-11-21T15:10:00+00:00,132.7,132.9,132.4,132.6,158
2024-11-21T15:15:00+00:00,132.6,132.85,132.15,132.15,86
2024-11-21T15:20:00+00:00,132.15,132.45,132.15,132.45,36
2024-11-21T15:25:00+00:00,132.45,132.85,132.45,132.65,59
2024-11-21T15:30:00+00:00,132.55,132.9,132.45,132.45,333
2024-11-21T15:35:00+00:00,132.4,132.7,132.4,132.7,18
2024-11-21T15:45:00+00:00,132.55,132.55,132.55,132.55,3
2024-11-21T16:05:00+00:00,132.7,132.85,132.7,132.8,12
2024-11-21T16:10:00+00:00,132.75,132.75,132.75,132.75,3
2024-11-21T16:15:00+00:00,132.7,132.7,132.65,132.65,4
2024-11-21T16:20:00+00:00,132.6,132.6,132.55,132.55,5
2024-11-21T16:25:00+00:00,132.45,132.5,132.4,132.5,17
2024-11-21T16:35:00+00:00,132.4,132.4,132.35,132.35,100
2024-11-21T16:50:00+00:00,132.4,132.6,132.0,132.6,660
2024-11-21T16:55:00+00:00,132.45,132.5,132.45,132.5,7
2024-11-21T17:05:00+00:00,132.35,132.35,132.2,132.2,10
2024-11-21T17:10:00+00:00,132.15,132.15,132.15,132.15,4
2024-11-21T17:15:00+00:00,132.15,132.15,132.15,132.15,1
2024-11-21T17:20:00+00:00,132.15,132.45,132.0,132.45,63
2024-11-21T17:25:00+00:00,132.55,132.95,132.35,132.35,223
2024-11-21T17:35:00+00:00,132.4,132.4,132.4,132.4,3
2024-11-21T17:40:00+00:00,132.45,132.5,132.4,132.4,15
2024-11-21T17:45:00+00:00,132.4,132.5,132.4,132.5,10
2024-11-21T17:50:00+00:00,132.55,132.55,132.55,132.55,2
2024-11-21T17:55:00+00:00,132.55,132.55,132.55,132.55,47
2024-11-21T18:00:00+00:00,132.55,132.55,132.55,132.55,1
2024-11-21T18:05:00+00:00,132.45,132.65,132.45,132.65,8
2024-11-21T18:10:00+00:00,132.7,132.7,132.7,132.7,1
2024-11-21T18:20:00+00:00,132.7,132.7,132.7,132.7,1
2024-11-21T18:30:00+00:00,132.7,132.7,132.7,132.7,8
2024-11-21T18:35:00+00:00,132.55,132.9,132.55,132.9,166
2024-11-21T18:40:00+00:00,132.95,132.95,132.95,132.95,1
2024-11-21T18:45:00+00:00,132.95,132.95,132.9,132.9,159
2024-11-21T18:50:00+00:00,132.85,132.85,132.85,132.85,1
2024-11-21T19:05:00+00:00,132.9,132.95,132.9,132.95,204
2024-11-21T19:10:00+00:00,132.95,132.95,132.95,132.95,14
2024-11-21T19:15:00+00:00,132.95,132.95,132.9,132.95,59
2024-11-21T19:20:00+00:00,132.95,132.95,132.95,132.95,702
2024-11-21T19:30:00+00:00,133.05,134.15,133.05,134.15,609
2024-11-21T19:35:00+00:00,134.05,134.65,134.05,134.55,31
2024-11-21T19:40:00+00:00,134.45,134.55,133.5,133.85,711
2024-11-21T19:45:00+00:00,133.95,133.95,133.75,133.75,4
2024-11-21T19:50:00+00:00,133.7,134.55,133.7,134.55,393
2024-11-21T19:55:00+00:00,134.3,134.75,133.6,133.6,530
2024-11-21T20:00:00+00:00,133.85,133.95,133.85,133.95,4
2024-11-21T20:05:00+00:00,133.9,133.9,133.9,133.9,3
2024-11-21T20:10:00+00:00,134.05,134.45,133.75,133.9,68
2024-11-21T20:15:00+00:00,133.85,133.95,133.7,133.7,24
2024-11-21T20:20:00+00:00,133.7,133.75,133.45,133.45,17
2024-11-21T20:30:00+00:00,133.45,133.85,133.45,133.75,17
2024-11-21T20:35:00+00:00,133.7,133.7,133.4,133.4,40
2024-11-21T20:40:00+00:00,133.45,133.8,133.45,133.75,32
2024-11-21T20:45:00+00:00,133.85,134.35,133.65,133.65,99
2024-11-22T06:55:00+00:00,138.25,138.25,138.25,138.25,1
2024-11-22T07:00:00+00:00,133.85,136.0,133.85,135.1,500
2024-11-22T07:05:00+00:00,135.25,135.3,133.85,133.85,599
2024-11-22T07:10:00+00:00,133.85,134.1,133.8,134.1,103
2024-11-22T07:15:00+00:00,134.0,134.0,133.9,134.0,124
2024-11-22T07:20:00+00:00,134.0,134.0,133.95,134.0,669
2024-11-22T07:25:00+00:00,134.0,134.05,134.0,134.05,343
2024-11-22T07:30:00+00:00,134.15,134.25,133.65,134.1,185
2024-11-22T07:35:00+00:00,134.1,134.1,133.85,133.85,62
2024-11-22T07:40:00+00:00,133.85,134.15,133.65,134.15,47
2024-11-22T07:45:00+00:00,134.15,134.15,134.15,134.15,54
2024-11-22T07:50:00+00:00,134.15,134.15,134.05,134.05,7
2024-11-22T07:55:00+00:00,134.1,134.25,134.05,134.25,50
2024-11-22T08:00:00+00:00,134.35,134.4,134.35,134.4,4
2024-11-22T08:05:00+00:00,134.25,134.25,134.0,134.0,101
2024-11-22T08:10:00+00:00,134.1,134.1,133.85,133.85,29
2024-11-22T08:15:00+00:00,133.95,134.15,133.75,133.75,44
2024-11-22T08:20:00+00:00,133.7,133.7,133.25,133.25,246
2024-11-22T08:25:00+00:00,133.2,133.4,133.2,133.4,112
2024-11-22T08:30:00+00:00,133.4,133.7,133.3,133.3,241
2024-11-22T08:35:00+00:00,133.45,133.65,133.45,133.55,8
2024-11-22T08:40:00+00:00,133.6,133.6,133.6,133.6,4
2024-11-22T08:45:00+00:00,133.6,133.75,133.6,133.7,81
2024-11-22T08:50:00+00:00,133.75,134.0,133.4,133.55,66
2024-11-22T08:55:00+00:00,133.65,134.05,133.65,134.05,54
2024-11-22T09:00:00+00:00,134.05,134.05,133.95,133.95,17
2024-11-22T09:05:00+00:00,134.0,134.0,132.85,132.95,755
2024-11-22T09:10:00+00:00,132.9,133.15,132.6,133.15,117
2024-11-22T09:15:00+00:00,133.1,133.6,133.1,133.35,90
2024-11-22T09:20:00+00:00,133.45,133.8,133.45,133.8,13
2024-11-22T09:25:00+00:00,133.8,133.8,133.55,133.55,6
2024-11-22T09:30:00+00:00,133.5,133.55,133.5,133.55,27
2024-11-22T09:35:00+00:00,133.55,133.55,133.55,133.55,4
2024-11-22T09:40:00+00:00,133.55,133.55,133.45,133.55,43
2024-11-22T09:45:00+00:00,133.55,133.65,133.45,133.55,282
2024-11-22T09:50:00+00:00,133.55,133.55,133.55,133.55,4
2024-11-22T09:55:00+00:00,133.7,133.7,133.7,133.7,2
2024-11-22T10:00:00+00:00,133.7,136.55,133.7,136.0,1241
2024-11-22T10:05:00+00:00,136.0,136.15,135.75,135.75,22
2024-11-22T10:10:00+00:00,135.8,136.8,135.8,136.8,1738
2024-11-22T10:15:00+00:00,136.65,136.65,135.95,135.95,273
2024-11-22T10:20:00+00:00,136.05,136.25,136.0,136.0,10
2024-11-22T10:25:00+00:00,136.05,136.4,136.0,136.25,87
2024-11-22T10:30:00+00:00,136.25,136.4,136.25,136.4,25
2024-11-22T10:35:00+00:00,136.45,136.5,136.45,136.5,16
2024-11-22T10:40:00+00:00,136.45,136.45,136.0,136.0,233
2024-11-22T10:50:00+00:00,136.0,136.0,136.0,136.0,4
2024-11-22T10:55:00+00:00,136.05,136.05,135.8,135.8,31
2024-11-22T11:00:00+00:00,135.8,136.3,135.8,136.3,103
2024-11-22T11:05:00+00:00,136.35,136.8,136.35,136.8,51
2024-11-22T11:10:00+00:00,136.65,136.65,136.65,136.65,1
2024-11-22T11:20:00+00:00,136.75,136.75,136.75,136.75,4
2024-11-22T11:25:00+00:00,136.7,136.7,136.7,136.7,35
2024-11-22T11:30:00+00:00,136.7,136.8,136.7,136.8,7
2024-11-22T11:35:00+00:00,136.65,136.65,135.85,135.85,208
2024-11-22T11:40:00+00:00,135.75,136.05,135.75,136.05,51
2024-11-22T11:45:00+00:00,136.05,136.05,136.05,136.05,1
2024-11-22T11:50:00+00:00,135.95,135.95,135.95,135.95,2
2024-11-22T11:55:00+00:00,136.0,136.0,136.0,136.0,23
2024-11-22T12:05:00+00:00,136.0,136.0,135.85,135.85,3
2024-11-22T12:10:00+00:00,135.85,135.85,135.2,135.2,179
2024-11-22T12:15:00+00:00,135.15,135.15,134.75,135.15,36
2024-11-22T12:20:00+00:00,135.1,135.1,133.05,133.45,1296
2024-11-22T12:25:00+00:00,133.55,133.75,133.55,133.75,36
2024-11-22T12:30:00+00:00,133.75,133.85,133.35,133.35,212
2024-11-22T12:35:00+00:00,133.35,133.55,133.25,133.35,44
2024-11-22T12:40:00+00:00,133.35,133.35,133.1,133.1,102
2024-11-22T12:45:00+00:00,133.15,133.15,132.75,132.75,243
2024-11-22T12:50:00+00:00,132.7,132.7,132.15,132.15,412
2024-11-22T12:55:00+00:00,132.15,132.25,131.85,131.95,119
2024-11-22T13:00:00+00:00,131.9,132.05,131.9,132.05,64
2024-11-22T13:05:00+00:00,132.05,132.05,132.05,132.05,1
2024-11-22T13:10:00+00:00,132.05,132.1,131.95,132.1,66
2024-11-22T13:15:00+00:00,132.0,132.05,131.9,132.0,119
2024-11-22T13:20:00+00:00,132.0,132.15,132.0,132.15,38
2024-11-22T13:25:00+00:00,132.25,132.25,131.9,132.05,55
2024-11-22T13:30:00+00:00,132.15,132.25,132.15,132.25,3
2024-11-22T13:35:00+00:00,132.25,132.65,132.05,132.65,57
2024-11-22T13:40:00+00:00,132.55,132.55,132.55,132.55,2
2024-11-22T13:45:00+00:00,132.45,132.45,132.35,132.35,4
2024-11-22T13:50:00+00:00,132.3,132.45,132.25,132.4,15
2024-11-22T13:55:00+00:00,132.4,132.4,132.05,132.05,36
2024-11-22T14:00:00+00:00,132.0,132.0,131.85,131.85,100
2024-11-22T14:05:00+00:00,132.0,132.05,132.0,132.05,34
2024-11-22T14:10:00+00:00,131.9,131.95,131.85,131.95,28
2024-11-22T14:15:00+00:00,132.05,132.15,132.05,132.15,6
2024-11-22T14:20:00+00:00,132.15,132.4,132.05,132.05,89
2024-11-22T14:25:00+00:00,132.05,132.05,131.6,131.75,149
2024-11-22T14:30:00+00:00,131.75,131.75,131.75,131.75,77
2024-11-22T14:35:00+00:00,131.85,132.05,131.7,131.75,381
2024-11-22T14:40:00+00:00,131.85,132.05,131.2,131.4,715
2024-11-22T14:45:00+00:00,131.45,131.7,131.4,131.7,124
2024-11-22T14:50:00+00:00,131.7,131.7,131.4,131.65,100
2024-11-22T14:55:00+00:00,131.7,131.7,131.65,131.7,25
2024-11-22T15:00:00+00:00,131.65,131.65,131.35,131.35,65
2024-11-22T15:05:00+00:00,131.35,131.35,131.25,131.3,139
2024-11-22T15:10:00+00:00,131.3,132.6,131.3,132.05,330
2024-11-22T15:15:00+00:00,132.1,132.2,132.1,132.2,10
2024-11-22T15:20:00+00:00,132.05,132.1,131.6,131.95,73
2024-11-22T15:25:00+00:00,131.95,131.95,131.65,131.95,29
2024-11-22T15:30:00+00:00,131.95,131.95,131.95,131.95,1
2024-11-22T15:35:00+00:00,132.05,132.05,132.05,132.05,5
2024-11-22T15:45:00+00:00,132.15,132.15,132.15,132.15,6
2024-11-22T16:05:00+00:00,132.25,132.25,132.25,132.25,10
2024-11-22T16:10:00+00:00,132.25,132.3,131.7,131.9,55
2024-11-22T16:15:00+00:00,131.9,131.95,131.9,131.9,3
2024-11-22T16:20:00+00:00,131.95,131.95,131.95,131.95,1
2024-11-22T16:25:00+00:00,132.05,132.15,132.05,132.05,9
2024-11-22T16:35:00+00:00,132.15,133.0,132.15,132.75,1298
2024-11-22T16:40:00+00:00,132.85,132.95,132.85,132.95,3
2024-11-22T16:45:00+00:00,132.95,133.0,132.8,132.8,5
2024-11-22T16:50:00+00:00,132.75,132.85,132.65,132.85,5
2024-11-22T16:55:00+00:00,132.75,132.95,132.55,132.95,13
2024-11-22T17:00:00+00:00,133.0,133.15,132.75,132.75,21
2024-11-22T17:05:00+00:00,132.75,132.75,132.75,132.75,1
2024-11-22T17:10:00+00:00,132.65,132.65,132.1,132.35,103
2024-11-22T17:15:00+00:00,132.35,132.4,132.35,132.4,10
2024-11-22T17:20:00+00:00,132.25,132.4,132.25,132.4,26
2024-11-22T17:25:00+00:00,132.25,132.25,132.1,132.1,17
2024-11-22T17:35:00+00:00,132.25,132.25,132.25,132.25,2
2024-11-22T17:40:00+00:00,132.35,132.35,132.35,132.35,2
2024-11-22T17:45:00+00:00,132.45,132.7,132.45,132.7,52
2024-11-22T18:00:00+00:00,132.55,132.55,132.55,132.55,2
2024-11-22T18:05:00+00:00,132.55,132.55,132.55,132.55,2
2024-11-22T18:10:00+00:00,132.55,132.6,132.55,132.55,59
2024-11-22T18:30:00+00:00,132.65,132.65,132.55,132.55,10
2024-11-22T18:40:00+00:00,132.55,132.55,132.55,132.55,50
2024-11-22T18:45:00+00:00,132.5,132.5,132.45,132.45,4
2024-11-22T18:50:00+00:00,132.45,132.45,132.45,132.45,7
2024-11-22T19:00:00+00:00,132.45,132.55,132.45,132.55,41
2024-11-22T19:05:00+00:00,132.5,132.55,132.5,132.55,46
2024-11-22T19:15:00+00:00,132.55,132.55,132.55,132.55,1
2024-11-22T19:25:00+00:00,132.4,132.4,132.4,132.4,1
2024-11-22T19:30:00+00:00,132.4,132.4,132.4,132.4,3
2024-11-22T19:40:00+00:00,132.55,132.55,132.55,132.55,2
2024-11-22T19:45:00+00:00,132.45,132.45,132.45,132.45,2
2024-11-22T19:50:00+00:00,132.55,132.55,132.55,132.55,8
2024-11-22T19:55:00+00:00,132.45,132.45,132.35,132.35,43
2024-11-22T20:00:00+00:00,132.35,132.35,132.35,132.35,1
2024-11-22T20:05:00+00:00,132.25,132.35,132.25,132.35,2
2024-11-22T20:10:00+00:00,132.35,132.35,132.35,132.35,10
2024-11-22T20:15:00+00:00,132.35,132.35,132.35,132.35,25
2024-11-22T20:20:00+00:00,132.25,132.25,131.95,132.15,42
2024-11-22T20:25:00+00:00,132.15,132.15,132.15,132.15,3
2024-11-22T20:40:00+00:00,132.25,132.25,132.25,132.25,2
2024-11-22T20:45:00+00:00,132.25,132.45,132.25,132.25,34
2024-11-25T06:55:00+00:00,135.1,135.1,135.1,135.1,1
2024-11-25T07:00:00+00:00,135.5,135.5,128.7,131.8,1342
2024-11-25T07:05:00+00:00,131.05,132.2,131.05,132.2,82
2024-11-25T07:10:00+00:00,132.0,132.15,132.0,132.15,8
2024-11-25T07:15:00+00:00,131.75,132.05,130.4,131.65,89
2024-11-25T07:20:00+00:00,131.6,131.6,130.1,130.3,119
2024-11-25T07:25:00+00:00,130.3,130.55,129.75,129.75,259
2024-11-25T07:30:00+00:00,129.9,131.0,129.9,130.75,359
2024-11-25T07:35:00+00:00,130.9,131.6,130.9,131.4,81
2024-11-25T07:40:00+00:00,131.4,131.4,131.1,131.1,82
2024-11-25T07:45:00+00:00,131.1,131.3,130.9,131.05,131
2024-11-25T07:50:00+00:00,130.9,130.9,130.15,130.15,469
2024-11-25T07:55:00+00:00,130.3,130.3,129.35,129.8,899
2024-11-25T08:00:00+00:00,129.9,130.1,129.9,130.1,42
2024-11-25T08:05:00+00:00,130.05,130.55,130.05,130.05,155
2024-11-25T08:10:00+00:00,130.1,130.3,130.0,130.0,44
2024-11-25T08:15:00+00:00,130.05,130.1,129.4,130.1,512
2024-11-25T08:20:00+00:00,130.0,130.5,130.0,130.5,248
2024-11-25T08:25:00+00:00,130.55,131.0,130.5,130.65,145
2024-11-25T08:30:00+00:00,130.8,131.1,130.7,130.85,122
2024-11-25T08:35:00+00:00,130.9,131.05,130.5,130.5,212
2024-11-25T08:40:00+00:00,130.6,130.9,130.6,130.9,13
2024-11-25T08:45:00+00:00,130.9,130.9,130.7,130.7,42
2024-11-25T08:50:00+00:00,130.6,131.2,130.6,131.2,187
2024-11-25T08:55:00+00:00,131.2,131.3,131.2,131.2,63
2024-11-25T09:00:00+00:00,131.4,131.4,131.4,131.4,1
2024-11-25T09:05:00+00:00,131.4,131.4,131.4,131.4,9
2024-11-25T09:10:00+00:00,131.2,131.35,131.2,131.35,48
2024-11-25T09:15:00+00:00,131.35,131.35,131.35,131.35,2
2024-11-25T09:20:00+00:00,131.35,131.35,131.35,131.35,122
2024-11-25T09:25:00+00:00,131.4,131.4,131.1,131.1,21
2024-11-25T09:30:00+00:00,131.1,131.1,131.1,131.1,1
2024-11-25T09:35:00+00:00,131.2,131.2,131.0,131.0,552
2024-11-25T09:40:00+00:00,131.0,132.1,131.0,132.1,478
2024-11-25T09:45:00+00:00,132.05,132.05,132.0,132.0,12
2024-11-25T09:50:00+00:00,132.0,132.3,132.0,132.3,56
2024-11-25T09:55:00+00:00,132.2,132.3,132.2,132.3,4
2024-11-25T10:00:00+00:00,132.1,132.2,132.1,132.1,3
2024-11-25T10:05:00+00:00,132.3,132.5,132.3,132.5,11
2024-11-25T10:10:00+00:00,132.5,133.2,132.5,133.1,54
2024-11-25T10:15:00+00:00,133.1,133.1,132.2,132.3,91
2024-11-25T10:20:00+00:00,132.4,132.5,131.0,131.3,1551
2024-11-25T10:25:00+00:00,131.4,131.4,131.05,131.2,122
2024-11-25T10:30:00+00:00,131.25,135.0,131.25,134.8,5412
2024-11-25T10:35:00+00:00,134.8,138.45,134.2,138.15,5986
2024-11-25T10:40:00+00:00,138.15,139.95,137.05,139.2,7611
2024-11-25T10:45:00+00:00,139.2,139.2,136.95,138.1,1894
2024-11-25T10:50:00+00:00,138.15,138.15,136.8,136.8,1114
2024-11-25T10:55:00+00:00,136.9,137.4,135.65,135.65,1851
2024-11-25T11:00:00+00:00,136.1,136.4,135.0,135.9,682
2024-11-25T11:05:00+00:00,135.9,135.9,135.0,135.4,383
2024-11-25T11:10:00+00:00,135.5,135.6,134.45,134.5,365
2024-11-25T11:15:00+00:00,134.75,135.35,134.75,135.3,257
2024-11-25T11:20:00+00:00,134.95,135.35,134.8,134.85,303
2024-11-25T11:25:00+00:00,134.85,135.2,134.75,135.0,87
2024-11-25T11:30:00+00:00,134.75,134.75,133.35,134.0,556
2024-11-25T11:35:00+00:00,134.0,134.0,133.05,133.45,388
2024-11-25T11:40:00+00:00,133.15,134.1,133.05,133.55,365
2024-11-25T11:45:00+00:00,133.9,134.0,133.7,134.0,121
2024-11-25T11:50:00+00:00,134.0,134.35,134.0,134.3,62
2024-11-25T11:55:00+00:00,134.3,134.35,134.05,134.05,36
2024-11-25T12:00:00+00:00,134.05,134.65,133.9,134.6,97
2024-11-25T12:05:00+00:00,134.6,134.6,134.0,134.2,71
2024-11-25T12:10:00+00:00,134.15,134.2,134.0,134.1,40
2024-11-25T12:15:00+00:00,134.15,134.15,134.15,134.15,1
2024-11-25T12:20:00+00:00,134.15,134.5,134.15,134.45,57
2024-11-25T12:25:00+00:00,134.45,134.5,134.2,134.2,37
2024-11-25T12:30:00+00:00,134.45,135.0,134.45,135.0,154
2024-11-25T12:35:00+00:00,135.4,135.4,135.0,135.0,118
2024-11-25T12:40:00+00:00,134.95,134.95,134.8,134.95,35
2024-11-25T12:45:00+00:00,134.95,134.95,134.85,134.9,27
2024-11-25T12:50:00+00:00,134.9,134.9,133.55,133.55,373
2024-11-25T12:55:00+00:00,133.55,133.55,132.55,132.6,501
2024-11-25T13:00:00+00:00,132.6,132.6,131.6,132.15,190
2024-11-25T13:05:00+00:00,132.3,132.9,132.3,132.9,54
2024-11-25T13:10:00+00:00,132.9,132.9,132.5,132.6,24
2024-11-25T13:15:00+00:00,132.5,132.9,131.6,131.8,405
2024-11-25T13:20:00+00:00,131.8,132.55,131.55,132.55,298
2024-11-25T13:25:00+00:00,132.45,132.45,131.0,132.25,988
2024-11-25T13:30:00+00:00,131.95,132.0,131.35,132.0,66
2024-11-25T13:35:00+00:00,132.0,132.3,131.75,132.1,67
2024-11-25T13:40:00+00:00,132.3,132.3,131.3,131.3,195
2024-11-25T13:45:00+00:00,131.75,131.8,131.45,131.45,80
2024-11-25T13:50:00+00:00,131.75,132.2,131.1,132.2,273
2024-11-25T13:55:00+00:00,132.2,132.2,131.1,131.75,105
2024-11-25T14:00:00+00:00,131.8,131.8,131.15,131.4,75
2024-11-25T14:05:00+00:00,131.4,132.05,131.15,131.75,124
2024-11-25T14:10:00+00:00,131.95,131.95,131.7,131.7,54
2024-11-25T14:15:00+00:00,131.65,131.7,131.1,131.7,268
2024-11-25T14:20:00+00:00,131.7,131.75,131.1,131.45,281
2024-11-25T14:25:00+00:00,131.4,131.7,131.05,131.05,184
2024-11-25T14:30:00+00:00,131.1,131.2,131.05,131.05,157
2024-11-25T14:35:00+00:00,131.2,131.4,131.1,131.1,21
2024-11-25T14:40:00+00:00,131.1,131.35,131.0,131.2,375
2024-11-25T14:45:00+00:00,131.3,131.45,131.3,131.45,42
2024-11-25T14:50:00+00:00,131.5,131.8,131.4,131.4,119
2024-11-25T14:55:00+00:00,131.4,132.15,131.35,132.15,221
2024-11-25T15:00:00+00:00,131.75,132.25,131.7,132.2,42
2024-11-25T15:05:00+00:00,132.2,132.2,131.7,132.1,13
2024-11-25T15:10:00+00:00,132.1,132.1,131.7,131.75,17
2024-11-25T15:15:00+00:00,132.05,132.4,131.8,131.8,400
2024-11-25T15:20:00+00:00,131.8,131.8,131.7,131.8,56
2024-11-25T15:25:00+00:00,131.8,132.0,131.6,132.0,265
2024-11-25T15:30:00+00:00,132.0,132.3,132.0,132.1,18
2024-11-25T15:35:00+00:00,132.25,132.25,132.25,132.25,16
2024-11-25T15:45:00+00:00,131.6,131.6,131.6,131.6,120
2024-11-25T16:05:00+00:00,131.7,131.8,131.7,131.8,5
2024-11-25T16:10:00+00:00,131.9,132.15,131.9,132.15,21
2024-11-25T16:15:00+00:00,132.15,132.15,132.0,132.0,43
2024-11-25T16:20:00+00:00,132.0,132.1,132.0,132.1,63
2024-11-25T16:25:00+00:00,132.0,132.15,132.0,132.15,69
2024-11-25T16:30:00+00:00,132.15,132.15,131.55,131.8,100
2024-11-25T16:35:00+00:00,131.9,132.0,131.8,131.9,118
2024-11-25T16:40:00+00:00,131.95,132.0,131.95,132.0,11
2024-11-25T16:45:00+00:00,132.0,132.0,131.7,131.7,44
2024-11-25T16:50:00+00:00,131.7,131.7,131.7,131.7,5
2024-11-25T16:55:00+00:00,131.6,131.8,131.55,131.8,138
2024-11-25T17:00:00+00:00,131.8,131.8,131.7,131.8,12
2024-11-25T17:05:00+00:00,131.8,131.9,131.7,131.9,18
2024-11-25T17:10:00+00:00,131.9,131.9,131.9,131.9,8
2024-11-25T17:15:00+00:00,131.9,131.9,131.6,131.8,18
2024-11-25T17:20:00+00:00,131.8,131.8,131.65,131.65,52
2024-11-25T17:25:00+00:00,131.65,132.25,131.65,132.25,381
2024-11-25T17:30:00+00:00,132.25,132.25,131.9,132.0,81
2024-11-25T17:35:00+00:00,131.9,132.0,131.8,132.0,43
2024-11-25T17:40:00+00:00,131.9,131.9,131.75,131.75,26
2024-11-25T17:45:00+00:00,131.9,131.9,131.3,131.9,165
2024-11-25T17:50:00+00:00,131.9,131.9,131.7,131.7,13
2024-11-25T17:55:00+00:00,131.8,131.9,131.8,131.9,13
2024-11-25T18:00:00+00:00,131.9,131.9,131.75,131.75,15
2024-11-25T18:05:00+00:00,131.7,131.7,131.65,131.65,13
2024-11-25T18:10:00+00:00,131.65,131.9,131.65,131.9,60
2024-11-25T18:15:00+00:00,131.85,131.95,131.85,131.95,7
2024-11-25T18:20:00+00:00,131.95,132.45,131.95,132.45,104
2024-11-25T18:25:00+00:00,132.3,132.3,131.9,132.0,11
2024-11-25T18:30:00+00:00,131.9,132.2,131.8,132.2,19
2024-11-25T18:35:00+00:00,132.2,132.2,132.1,132.2,52
2024-11-25T18:40:00+00:00,132.2,132.2,132.15,132.15,49
2024-11-25T18:45:00+00:00,132.2,132.2,132.2,132.2,4
2024-11-25T18:50:00+00:00,132.2,132.2,132.2,132.2,2
2024-11-25T18:55:00+00:00,132.2,132.2,132.15,132.15,26
2024-11-25T19:00:00+00:00,132.1,132.15,132.1,132.15,34
2024-11-25T19:05:00+00:00,132.1,132.15,131.95,132.15,53
2024-11-25T19:10:00+00:00,132.1,132.1,132.0,132.1,6
2024-11-25T19:15:00+00:00,131.95,131.95,131.9,131.9,12
2024-11-25T19:20:00+00:00,132.0,132.1,132.0,132.0,12
2024-11-25T19:25:00+00:00,132.0,132.15,132.0,132.15,24
2024-11-25T19:30:00+00:00,132.15,133.1,132.15,132.5,1011
2024-11-25T19:35:00+00:00,133.0,133.2,132.8,133.2,18
2024-11-25T19:40:00+00:00,133.3,133.7,133.3,133.7,18
2024-11-25T19:45:00+00:00,133.8,134.35,133.8,134.1,72
2024-11-25T19:50:00+00:00,134.1,134.4,134.0,134.0,98
2024-11-25T19:55:00+00:00,134.1,134.1,134.1,134.1,4
2024-11-25T20:00:00+00:00,134.0,134.1,132.85,133.3,368
2024-11-25T20:05:00+00:00,133.2,133.2,133.2,133.2,6
2024-11-25T20:10:00+00:00,133.2,133.2,133.2,133.2,2
2024-11-25T20:15:00+00:00,133.2,133.2,133.0,133.0,15
2024-11-25T20:25:00+00:00,133.0,133.0,132.85,133.0,7
2024-11-25T20:30:00+00:00,132.8,133.2,132.2,133.0,229
2024-11-25T20:35:00+00:00,133.0,133.0,132.8,132.8,7
2024-11-25T20:45:00+00:00,132.9,132.9,132.8,132.9,7
2024-11-26T06:55:00+00:00,133.0,133.0,133.0,133.0,21
2024-11-26T07:00:00+00:00,132.9,133.35,132.2,133.0,58
2024-11-26T07:05:00+00:00,132.8,132.8,131.3,132.45,137
2024-11-26T07:10:00+00:00,131.9,134.45,131.8,133.75,383
2024-11-26T07:15:00+00:00,133.75,135.65,133.75,135.5,640
2024-11-26T07:20:00+00:00,135.4,135.4,130.5,133.4,1275
2024-11-26T07:25:00+00:00,133.5,133.5,133.4,133.45,32
2024-11-26T07:30:00+00:00,133.45,133.65,133.35,133.4,91
2024-11-26T07:35:00+00:00,133.45,133.95,133.4,133.95,157
2024-11-26T07:40:00+00:00,134.0,134.65,134.0,134.1,182
2024-11-26T07:45:00+00:00,134.1,134.1,133.9,133.9,45
2024-11-26T07:50:00+00:00,133.9,134.0,133.8,133.8,86
2024-11-26T07:55:00+00:00,133.8,133.8,133.7,133.7,11
2024-11-26T08:00:00+00:00,133.65,134.1,133.6,134.1,210
2024-11-26T08:05:00+00:00,133.95,133.95,133.5,133.75,166
2024-11-26T08:10:00+00:00,133.9,134.4,131.5,131.55,1054
2024-11-26T08:15:00+00:00,131.7,133.1,131.7,132.6,165
2024-11-26T08:20:00+00:00,132.5,133.2,131.75,133.2,458
2024-11-26T08:25:00+00:00,133.25,134.5,133.1,134.5,215
2024-11-26T08:30:00+00:00,134.5,134.5,134.25,134.25,12
2024-11-26T08:35:00+00:00,134.25,134.3,134.1,134.1,39
2024-11-26T08:40:00+00:00,134.0,134.25,133.6,134.25,66
2024-11-26T08:45:00+00:00,134.1,134.1,133.7,133.8,16
2024-11-26T08:50:00+00:00,133.9,134.1,133.9,134.1,8
2024-11-26T08:55:00+00:00,134.05,134.05,133.9,133.9,30
2024-11-26T09:00:00+00:00,133.85,133.85,133.4,133.8,36
2024-11-26T09:05:00+00:00,133.7,133.7,133.2,133.6,85
2024-11-26T09:10:00+00:00,133.5,133.5,133.15,133.3,62
2024-11-26T09:15:00+00:00,133.3,133.3,133.0,133.0,36
2024-11-26T09:20:00+00:00,133.0,133.0,133.0,133.0,11
2024-11-26T09:25:00+00:00,133.0,133.3,133.0,133.3,47
2024-11-26T09:30:00+00:00,133.25,133.3,133.25,133.3,2
2024-11-26T09:35:00+00:00,133.25,133.3,133.25,133.3,170
2024-11-26T09:40:00+00:00,133.3,133.4,133.2,133.4,19
2024-11-26T09:45:00+00:00,133.4,133.4,133.4,133.4,2
2024-11-26T09:50:00+00:00,133.5,133.7,133.3,133.3,17
2024-11-26T09:55:00+00:00,133.3,133.3,133.0,133.0,30
2024-11-26T10:00:00+00:00,133.05,133.05,133.05,133.05,1
2024-11-26T10:05:00+00:00,133.0,133.2,132.2,133.2,283
2024-11-26T10:10:00+00:00,133.3,134.1,133.3,134.05,136
2024-11-26T10:15:00+00:00,133.9,134.05,133.9,134.05,36
2024-11-26T10:20:00+00:00,134.05,134.05,134.0,134.0,41
2024-11-26T10:25:00+00:00,134.0,134.0,134.0,134.0,35
2024-11-26T10:30:00+00:00,134.0,134.0,133.9,133.9,24
2024-11-26T10:35:00+00:00,133.9,134.0,133.9,134.0,18
2024-11-26T10:40:00+00:00,133.95,133.95,133.95,133.95,37
2024-11-26T10:45:00+00:00,133.8,133.8,133.8,133.8,6
2024-11-26T10:50:00+00:00,133.8,133.8,133.8,133.8,2
2024-11-26T10:55:00+00:00,133.8,133.8,133.5,133.5,111
2024-11-26T11:00:00+00:00,133.6,133.6,133.2,133.2,25
2024-11-26T11:05:00+00:00,133.2,133.6,133.2,133.6,43
2024-11-26T11:10:00+00:00,133.6,133.6,133.6,133.6,17
2024-11-26T11:20:00+00:00,133.4,133.4,132.1,132.2,112
2024-11-26T11:25:00+00:00,132.1,132.2,132.05,132.2,11
2024-11-26T11:30:00+00:00,132.1,132.1,131.75,132.0,54
2024-11-26T11:35:00+00:00,131.9,131.9,131.2,131.35,398
2024-11-26T11:40:00+00:00,131.4,132.25,131.3,132.25,135
2024-11-26T11:45:00+00:00,132.1,133.05,132.1,132.9,351
2024-11-26T11:50:00+00:00,133.0,133.0,132.55,132.55,14
2024-11-26T11:55:00+00:00,132.5,133.3,132.5,133.0,36
2024-11-26T12:00:00+00:00,133.0,133.0,132.3,132.3,28
2024-11-26T12:05:00+00:00,132.3,132.3,132.15,132.15,4
2024-11-26T12:10:00+00:00,132.1,132.1,130.65,130.8,726
2024-11-26T12:15:00+00:00,130.8,130.8,130.55,130.55,78
2024-11-26T12:20:00+00:00,130.55,130.6,129.3,129.4,699
2024-11-26T12:25:00+00:00,129.4,130.05,129.25,129.4,229
2024-11-26T12:30:00+00:00,129.4,130.1,129.35,130.0,49
2024-11-26T12:35:00+00:00,130.05,130.25,129.6,130.0,219
2024-11-26T12:40:00+00:00,129.9,130.2,129.55,130.1,280
2024-11-26T12:45:00+00:00,130.2,130.75,130.2,130.75,91
2024-11-26T12:50:00+00:00,130.75,130.9,130.7,130.9,91
2024-11-26T12:55:00+00:00,130.9,130.9,130.2,130.7,78
2024-11-26T13:00:00+00:00,130.5,130.5,130.1,130.4,62
2024-11-26T13:05:00+00:00,130.4,131.75,130.4,131.75,269
2024-11-26T13:10:00+00:00,131.6,131.8,131.4,131.4,52
2024-11-26T13:15:00+00:00,131.5,131.6,131.4,131.4,8
2024-11-26T13:20:00+00:00,131.4,131.6,131.2,131.6,20
2024-11-26T13:25:00+00:00,131.5,131.9,131.4,131.8,56
2024-11-26T13:30:00+00:00,131.7,131.7,130.8,130.8,117
2024-11-26T13:35:00+00:00,130.75,130.75,130.3,130.5,79
2024-11-26T13:40:00+00:00,130.6,130.9,130.6,130.8,19
2024-11-26T13:45:00+00:00,130.95,131.25,130.8,131.25,32
2024-11-26T13:50:00+00:00,131.25,131.25,131.2,131.25,18
2024-11-26T13:55:00+00:00,131.3,131.4,131.3,131.4,13
2024-11-26T14:00:00+00:00,131.4,131.4,131.25,131.25,159
2024-11-26T14:05:00+00:00,131.4,131.5,131.4,131.5,5
2024-11-26T14:10:00+00:00,131.5,131.5,131.4,131.5,16
2024-11-26T14:15:00+00:00,131.5,131.7,131.5,131.6,128
2024-11-26T14:20:00+00:00,131.6,131.6,131.45,131.6,45
2024-11-26T14:25:00+00:00,131.45,131.45,131.25,131.25,59
2024-11-26T14:30:00+00:00,131.25,131.4,131.25,131.4,35
2024-11-26T14:35:00+00:00,131.3,131.45,131.25,131.25,105
2024-11-26T14:40:00+00:00,131.25,131.4,130.7,131.0,105
2024-11-26T14:45:00+00:00,130.9,131.5,130.8,131.0,143
2024-11-26T14:50:00+00:00,130.9,131.4,130.7,130.7,217
2024-11-26T14:55:00+00:00,130.7,130.7,130.05,130.2,78
2024-11-26T15:00:00+00:00,130.1,130.7,130.0,130.7,140
2024-11-26T15:05:00+00:00,130.5,130.5,130.0,130.5,62
2024-11-26T15:10:00+00:00,130.4,130.45,129.85,130.0,252
2024-11-26T15:15:00+00:00,130.1,130.3,130.1,130.2,44
2024-11-26T15:20:00+00:00,130.4,130.5,130.4,130.5,20
2024-11-26T15:25:00+00:00,130.45,130.45,129.6,129.8,202
2024-11-26T15:30:00+00:00,129.85,130.3,129.55,129.7,342
2024-11-26T15:35:00+00:00,129.8,129.9,129.6,129.9,95
2024-11-26T15:45:00+00:00,130.0,130.0,130.0,130.0,11
2024-11-26T16:00:00+00:00,130.3,130.3,130.3,130.3,1
2024-11-26T16:05:00+00:00,130.0,130.0,129.35,130.0,206
2024-11-26T16:10:00+00:00,130.1,130.15,130.1,130.1,15
2024-11-26T16:15:00+00:00,130.1,130.6,130.1,130.5,57
2024-11-26T16:20:00+00:00,130.5,130.6,130.3,130.3,18
2024-11-26T16:25:00+00:00,130.2,130.2,130.1,130.1,9
2024-11-26T16:30:00+00:00,130.3,130.4,130.3,130.4,7
2024-11-26T16:35:00+00:00,130.5,130.5,130.5,130.5,2
2024-11-26T16:40:00+00:00,130.6,130.6,130.4,130.4,3
2024-11-26T16:45:00+00:00,130.6,130.7,130.5,130.5,6
2024-11-26T16:50:00+00:00,130.6,131.0,130.6,131.0,15
2024-11-26T16:55:00+00:00,131.0,131.0,130.9,130.9,17
2024-11-26T17:00:00+00:00,131.0,131.0,131.0,131.0,3
2024-11-26T17:05:00+00:00,131.1,131.1,131.1,131.1,1
2024-11-26T17:10:00+00:00,131.0,131.0,130.9,130.9,9
2024-11-26T17:15:00+00:00,131.0,131.0,131.0,131.0,1
2024-11-26T17:20:00+00:00,131.0,131.1,131.0,131.1,3
2024-11-26T17:30:00+00:00,131.05,131.05,131.0,131.0,8
2024-11-26T17:35:00+00:00,131.0,131.05,130.9,131.05,5
2024-11-26T17:40:00+00:00,131.05,131.05,131.05,131.05,13
2024-11-26T17:45:00+00:00,131.05,131.05,131.05,131.05,26
2024-11-26T17:55:00+00:00,131.1,131.3,131.1,131.3,5
2024-11-26T18:00:00+00:00,131.3,131.3,131.3,131.3,1
2024-11-26T18:05:00+00:00,131.3,131.3,131.25,131.25,3
2024-11-26T18:10:00+00:00,131.2,131.3,131.2,131.3,8
2024-11-26T18:15:00+00:00,131.1,131.2,131.1,131.2,4
2024-11-26T18:20:00+00:00,131.2,131.2,130.4,130.4,52
2024-11-26T18:25:00+00:00,130.3,130.3,130.3,130.3,1
2024-11-26T18:30:00+00:00,130.3,130.4,130.25,130.4,8
2024-11-26T18:35:00+00:00,130.25,130.4,130.25,130.4,15
2024-11-26T18:40:00+00:00,130.25,130.25,130.25,130.25,1
2024-11-26T18:45:00+00:00,130.25,130.25,130.25,130.25,1
2024-11-26T19:05:00+00:00,130.4,130.4,130.4,130.4,1
2024-11-26T19:10:00+00:00,130.4,130.4,130.4,130.4,12
2024-11-26T19:15:00+00:00,130.4,130.4,130.25,130.4,84
2024-11-26T19:20:00+00:00,130.4,130.5,130.3,130.5,27
2024-11-26T19:35:00+00:00,130.5,130.5,130.5,130.5,33
2024-11-26T19:40:00+00:00,130.4,130.5,130.2,130.2,28
2024-11-26T19:45:00+00:00,130.3,130.5,130.3,130.5,7
2024-11-26T19:50:00+00:00,130.5,130.5,130.5,130.5,2
2024-11-26T19:55:00+00:00,130.5,130.5,130.5,130.5,15
2024-11-26T20:05:00+00:00,130.3,130.5,130.3,130.5,71
2024-11-26T20:10:00+00:00,130.3,130.5,130.3,130.5,10
2024-11-26T20:15:00+00:00,130.3,130.3,130.0,130.0,23
2024-11-26T20:20:00+00:00,130.0,130.0,130.0,130.0,24
2024-11-26T20:25:00+00:00,130.0,130.0,129.4,129.7,47
2024-11-26T20:30:00+00:00,129.65,130.1,129.65,130.1,10
2024-11-26T20:35:00+00:00,130.2,130.2,130.2,130.2,2
2024-11-26T20:40:00+00:00,130.3,130.3,130.3,130.3,2
2024-11-26T20:45:00+00:00,130.35,130.35,130.35,130.35,7
2024-11-27T06:55:00+00:00,129.8,129.8,129.8,129.8,13
2024-11-27T07:00:00+00:00,131.5,131.5,129.4,130.7,119
2024-11-27T07:05:00+00:00,130.7,130.7,130.25,130.25,39
2024-11-27T07:10:00+00:00,130.25,130.25,130.25,130.25,5
2024-11-27T07:15:00+00:00,130.25,130.25,129.8,129.8,16
2024-11-27T07:20:00+00:00,129.8,129.8,128.0,128.8,447
2024-11-27T07:25:00+00:00,128.8,128.8,128.1,128.2,126
2024-11-27T07:30:00+00:00,128.2,128.4,128.2,128.4,112
2024-11-27T07:35:00+00:00,128.3,128.4,127.5,128.0,546
2024-11-27T07:40:00+00:00,128.1,128.4,128.0,128.2,126
2024-11-27T07:45:00+00:00,128.1,128.3,127.9,128.1,46
2024-11-27T07:50:00+00:00,128.1,128.1,127.7,127.75,112
2024-11-27T07:55:00+00:00,127.7,127.75,127.5,127.6,264
2024-11-27T08:00:00+00:00,127.7,127.8,127.3,127.8,246
2024-11-27T08:05:00+00:00,127.8,128.2,127.8,128.2,57
2024-11-27T08:10:00+00:00,128.2,128.5,127.75,128.5,153
2024-11-27T08:15:00+00:00,128.4,129.75,128.4,129.65,289
2024-11-27T08:20:00+00:00,129.0,129.0,127.55,128.35,1435
2024-11-27T08:25:00+00:00,128.3,128.4,128.3,128.4,11
2024-11-27T08:30:00+00:00,128.4,128.4,127.7,127.9,67
2024-11-27T08:35:00+00:00,128.0,128.1,127.9,127.9,72
2024-11-27T08:40:00+00:00,127.8,128.1,127.6,127.65,74
2024-11-27T08:45:00+00:00,127.65,128.0,127.5,128.0,87
2024-11-27T08:50:00+00:00,128.1,128.2,128.0,128.0,133
2024-11-27T08:55:00+00:00,128.0,128.0,127.6,128.0,341
2024-11-27T09:00:00+00:00,128.0,128.0,128.0,128.0,20
2024-11-27T09:05:00+00:00,128.0,128.5,128.0,128.5,518
2024-11-27T09:10:00+00:00,128.5,128.5,128.5,128.5,110
2024-11-27T09:15:00+00:00,128.5,128.8,128.5,128.8,96
2024-11-27T09:20:00+00:00,128.7,129.45,128.65,129.45,71
2024-11-27T09:25:00+00:00,129.45,129.5,129.0,129.2,56
2024-11-27T09:30:00+00:00,129.1,129.1,128.9,129.0,104
2024-11-27T09:35:00+00:00,129.0,129.75,129.0,129.75,45
2024-11-27T09:40:00+00:00,129.7,129.7,129.1,129.3,55
2024-11-27T09:45:00+00:00,129.4,129.8,129.1,129.1,121
2024-11-27T09:50:00+00:00,129.1,129.1,128.5,129.0,180
2024-11-27T09:55:00+00:00,129.0,129.0,128.9,129.0,25
2024-11-27T10:00:00+00:00,129.0,129.0,129.0,129.0,27
2024-11-27T10:05:00+00:00,129.0,129.0,128.9,129.0,16
2024-11-27T10:10:00+00:00,128.9,128.9,128.7,128.9,13
2024-11-27T10:15:00+00:00,129.0,129.0,128.8,128.9,89
2024-11-27T10:20:00+00:00,129.0,129.0,129.0,129.0,2
2024-11-27T10:25:00+00:00,129.0,129.1,129.0,129.1,4
2024-11-27T10:30:00+00:00,129.1,129.1,128.85,128.85,8
2024-11-27T10:35:00+00:00,129.0,129.2,129.0,129.2,29
2024-11-27T10:40:00+00:00,129.2,129.2,129.2,129.2,35
2024-11-27T10:45:00+00:00,129.1,129.1,128.85,129.0,41
2024-11-27T10:50:00+00:00,129.0,129.0,129.0,129.0,1
2024-11-27T10:55:00+00:00,129.1,129.15,129.1,129.15,3
2024-11-27T11:00:00+00:00,129.0,129.15,129.0,129.0,52
2024-11-27T11:05:00+00:00,129.0,129.2,129.0,129.15,56
2024-11-27T11:10:00+00:00,129.1,129.15,129.1,129.15,36
2024-11-27T11:15:00+00:00,129.15,129.15,129.0,129.1,20
2024-11-27T11:20:00+00:00,129.1,129.2,128.9,129.2,71
2024-11-27T11:25:00+00:00,129.3,129.35,129.3,129.35,32
2024-11-27T11:30:00+00:00,129.4,129.4,129.4,129.4,28
2024-11-27T11:35:00+00:00,129.4,129.4,129.4,129.4,5
2024-11-27T11:40:00+00:00,129.4,129.4,129.4,129.4,6
2024-11-27T11:45:00+00:00,129.4,129.4,129.4,129.4,19
2024-11-27T11:50:00+00:00,129.4,129.4,129.4,129.4,1
2024-11-27T11:55:00+00:00,129.4,129.5,129.4,129.5,38
2024-11-27T12:00:00+00:00,129.5,129.5,129.5,129.5,31
2024-11-27T12:05:00+00:00,129.5,129.5,129.5,129.5,3
2024-11-27T12:10:00+00:00,129.4,129.5,129.05,129.05,35
2024-11-27T12:15:00+00:00,129.2,129.5,129.2,129.45,45
2024-11-27T12:20:00+00:00,129.45,130.0,129.45,130.0,242
2024-11-27T12:25:00+00:00,130.0,130.3,130.0,130.2,29
2024-11-27T12:30:00+00:00,130.1,130.1,129.55,129.55,150
2024-11-27T12:35:00+00:00,129.5,129.5,129.15,129.15,185
2024-11-27T12:40:00+00:00,129.1,129.15,129.0,129.0,13
2024-11-27T12:45:00+00:00,129.1,129.1,129.0,129.0,61
2024-11-27T12:50:00+00:00,129.1,129.1,128.3,128.3,396
2024-11-27T12:55:00+00:00,128.45,128.45,128.45,128.45,4
2024-11-27T13:00:00+00:00,128.4,128.4,128.35,128.35,10
2024-11-27T13:05:00+00:00,128.35,128.4,128.35,128.4,16
2024-11-27T13:10:00+00:00,128.4,129.15,128.4,129.15,390
2024-11-27T13:15:00+00:00,129.0,129.1,129.0,129.0,29
2024-11-27T13:20:00+00:00,129.1,129.15,129.1,129.15,18
2024-11-27T13:25:00+00:00,129.15,129.15,128.9,128.9,24
2024-11-27T13:30:00+00:00,128.9,128.9,128.8,128.9,4
2024-11-27T13:35:00+00:00,128.9,128.9,128.8,128.8,11
2024-11-27T13:45:00+00:00,129.0,129.15,129.0,129.0,17
2024-11-27T13:50:00+00:00,129.0,129.15,129.0,129.15,8
2024-11-27T14:00:00+00:00,129.05,129.05,128.0,128.0,1057
2024-11-27T14:05:00+00:00,128.05,128.25,128.0,128.1,139
2024-11-27T14:10:00+00:00,128.1,128.1,128.0,128.1,17
2024-11-27T14:15:00+00:00,128.1,128.2,128.1,128.2,2
2024-11-27T14:20:00+00:00,128.2,128.25,128.2,128.25,5
2024-11-27T14:25:00+00:00,128.25,128.25,128.25,128.25,1
2024-11-27T14:30:00+00:00,128.1,128.3,128.1,128.1,7
2024-11-27T14:35:00+00:00,128.2,128.3,128.0,128.25,38
2024-11-27T14:40:00+00:00,128.25,128.25,127.8,127.85,41
2024-11-27T14:45:00+00:00,127.85,128.0,127.85,128.0,16
2024-11-27T14:50:00+00:00,128.0,128.0,127.95,127.95,9
2024-11-27T14:55:00+00:00,127.95,128.1,127.95,128.1,51
2024-11-27T15:00:00+00:00,128.0,128.1,128.0,128.0,8
2024-11-27T15:05:00+00:00,127.95,128.1,127.95,128.1,5
2024-11-27T15:10:00+00:00,128.2,128.3,128.0,128.2,62
2024-11-27T15:15:00+00:00,128.3,128.4,128.0,128.0,113
2024-11-27T15:20:00+00:00,128.1,128.3,128.1,128.25,7
2024-11-27T15:25:00+00:00,128.3,128.4,128.3,128.4,11
2024-11-27T15:30:00+00:00,128.4,128.4,128.35,128.35,50
2024-11-27T15:35:00+00:00,128.35,128.35,127.65,128.1,308
2024-11-27T15:45:00+00:00,128.1,128.1,128.1,128.1,2
2024-11-27T16:00:00+00:00,128.1,128.1,128.1,128.1,5
2024-11-27T16:05:00+00:00,128.1,128.1,128.1,128.1,51
2024-11-27T16:10:00+00:00,128.05,128.35,128.05,128.35,161
2024-11-27T16:15:00+00:00,128.4,128.5,128.4,128.5,101
2024-11-27T16:20:00+00:00,128.5,128.5,128.3,128.3,29
2024-11-27T16:25:00+00:00,128.5,129.15,128.5,129.15,64
2024-11-27T16:30:00+00:00,129.0,129.15,128.45,129.15,38
2024-11-27T16:35:00+00:00,129.15,129.2,129.0,129.0,511
2024-11-27T16:40:00+00:00,129.1,129.55,129.1,129.55,922
2024-11-27T16:45:00+00:00,129.55,130.75,129.55,130.1,253
2024-11-27T16:50:00+00:00,130.2,131.15,130.1,130.1,143
2024-11-27T16:55:00+00:00,130.0,130.1,130.0,130.1,180
2024-11-27T17:00:00+00:00,130.2,130.5,129.9,130.3,56
2024-11-27T17:05:00+00:00,130.4,130.4,130.4,130.4,40
2024-11-27T17:10:00+00:00,130.4,130.5,129.7,129.9,132
2024-11-27T17:15:00+00:00,129.9,130.1,129.9,130.0,15
2024-11-27T17:20:00+00:00,130.0,130.3,129.8,129.8,29
2024-11-27T17:25:00+00:00,129.7,130.2,129.05,129.7,148
2024-11-27T17:30:00+00:00,129.7,130.2,129.7,130.2,21
2024-11-27T17:35:00+00:00,130.1,130.45,129.9,130.0,67
2024-11-27T17:40:00+00:00,130.0,130.45,130.0,130.2,38
2024-11-27T17:45:00+00:00,130.1,130.5,130.0,130.5,37
2024-11-27T17:50:00+00:00,130.3,130.4,130.0,130.0,27
2024-11-27T17:55:00+00:00,130.1,130.5,129.9,130.0,48
2024-11-27T18:00:00+00:00,130.0,130.45,129.9,130.45,41
2024-11-27T18:05:00+00:00,130.3,130.3,130.0,130.0,20
2024-11-27T18:10:00+00:00,130.0,130.0,129.0,129.3,583
2024-11-27T18:15:00+00:00,129.3,129.4,129.3,129.4,122
2024-11-27T18:20:00+00:00,129.4,129.4,129.2,129.25,35
2024-11-27T18:25:00+00:00,129.4,129.6,129.4,129.6,17
2024-11-27T18:30:00+00:00,129.5,129.7,128.9,129.7,54
2024-11-27T18:35:00+00:00,129.6,129.9,129.6,129.9,10
2024-11-27T18:40:00+00:00,130.0,130.75,130.0,130.75,81
2024-11-27T18:45:00+00:00,130.7,131.6,130.7,131.6,230
2024-11-27T18:50:00+00:00,131.6,131.6,131.6,131.6,52
2024-11-27T18:55:00+00:00,131.5,131.5,131.1,131.1,11
2024-11-27T19:05:00+00:00,131.15,131.15,131.1,131.1,16
2024-11-27T19:10:00+00:00,131.1,131.1,131.1,131.1,9
2024-11-27T19:15:00+00:00,131.2,131.7,131.1,131.7,21
2024-11-27T19:35:00+00:00,131.6,131.75,131.6,131.75,6
2024-11-27T19:40:00+00:00,131.75,131.75,130.8,130.8,101
2024-11-27T19:45:00+00:00,130.9,131.2,130.9,131.2,8
2024-11-27T19:50:00+00:00,131.1,131.1,130.7,130.7,143
2024-11-27T19:55:00+00:00,130.7,130.7,130.7,130.7,44
2024-11-27T20:00:00+00:00,130.7,130.8,130.7,130.8,16
2024-11-27T20:05:00+00:00,130.9,131.0,130.9,131.0,3
2024-11-27T20:10:00+00:00,131.0,131.3,131.0,131.3,7
2024-11-27T20:15:00+00:00,131.4,132.3,131.4,132.3,72
2024-11-27T20:20:00+00:00,132.2,132.2,131.6,131.6,25
2024-11-27T20:25:00+00:00,131.6,131.6,131.6,131.6,1
2024-11-27T20:30:00+00:00,131.7,131.9,131.7,131.9,6
2024-11-27T20:35:00+00:00,131.9,131.9,131.9,131.9,1
2024-11-27T20:45:00+00:00,131.9,132.2,131.9,132.2,7
2024-11-28T06:55:00+00:00,132.8,132.8,132.8,132.8,48
2024-11-28T07:00:00+00:00,132.8,132.8,129.65,131.35,388
2024-11-28T07:05:00+00:00,130.8,132.1,130.8,132.1,20
2024-11-28T07:10:00+00:00,131.55,131.55,130.95,130.95,42
2024-11-28T07:15:00+00:00,130.95,130.95,130.95,130.95,6
2024-11-28T07:20:00+00:00,131.45,131.45,130.5,130.8,60
2024-11-28T07:25:00+00:00,131.45,131.6,131.45,131.6,32
2024-11-28T07:30:00+00:00,131.5,131.5,130.9,131.2,547
2024-11-28T07:35:00+00:00,131.05,131.4,130.65,131.05,158
2024-11-28T07:40:00+00:00,130.65,131.25,130.35,130.8,140
2024-11-28T07:45:00+00:00,130.8,131.4,130.4,131.1,174
2024-11-28T07:50:00+00:00,131.4,131.4,131.4,131.4,9
2024-11-28T07:55:00+00:00,131.45,131.45,131.45,131.45,1
2024-11-28T08:00:00+00:00,131.4,131.45,131.4,131.45,65
2024-11-28T08:05:00+00:00,131.7,132.95,131.45,131.45,61
2024-11-28T08:10:00+00:00,131.85,132.6,131.7,132.3,38
2024-11-28T08:15:00+00:00,132.8,132.8,132.8,132.8,5
2024-11-28T08:20:00+00:00,133.0,133.25,132.55,132.95,222
2024-11-28T08:25:00+00:00,132.95,133.2,132.35,132.35,268
2024-11-28T08:30:00+00:00,132.35,133.1,132.15,133.0,44
2024-11-28T08:35:00+00:00,133.25,133.25,133.0,133.0,135
2024-11-28T08:40:00+00:00,132.6,132.95,132.55,132.55,4
2024-11-28T08:45:00+00:00,132.85,132.85,132.15,132.15,35
2024-11-28T08:50:00+00:00,132.3,132.8,132.15,132.8,30
2024-11-28T08:55:00+00:00,132.55,132.55,131.5,131.8,616
2024-11-28T09:00:00+00:00,131.8,131.8,131.4,131.55,41
2024-11-28T09:05:00+00:00,131.4,131.4,130.55,130.55,310
2024-11-28T09:10:00+00:00,130.5,130.9,130.5,130.9,130
2024-11-28T09:15:00+00:00,130.95,130.95,130.45,130.5,15
2024-11-28T09:20:00+00:00,130.65,130.75,130.65,130.75,31
2024-11-28T09:25:00+00:00,130.85,130.95,130.55,130.8,61
2024-11-28T09:30:00+00:00,130.9,130.95,130.55,130.95,40
2024-11-28T09:35:00+00:00,130.8,130.8,130.5,130.5,26
2024-11-28T09:40:00+00:00,130.7,130.7,130.7,130.7,1
2024-11-28T09:45:00+00:00,130.7,130.7,130.7,130.7,1
2024-11-28T09:50:00+00:00,130.75,130.75,130.75,130.75,200
2024-11-28T09:55:00+00:00,130.7,130.7,129.85,129.95,457
2024-11-28T10:00:00+00:00,129.95,130.0,129.85,129.95,52
2024-11-28T10:05:00+00:00,129.95,130.0,129.95,130.0,291
2024-11-28T10:10:00+00:00,130.0,130.0,130.0,130.0,6
2024-11-28T10:15:00+00:00,129.9,129.9,129.55,129.65,142
2024-11-28T10:20:00+00:00,129.6,129.7,129.55,129.55,85
2024-11-28T10:25:00+00:00,129.55,129.7,129.5,129.7,85
2024-11-28T10:30:00+00:00,129.7,129.7,129.6,129.7,17
2024-11-28T10:35:00+00:00,129.6,129.7,129.6,129.7,4
2024-11-28T10:40:00+00:00,129.75,129.8,129.7,129.7,75
2024-11-28T10:45:00+00:00,129.8,129.8,129.8,129.8,18
2024-11-28T10:50:00+00:00,129.8,129.95,129.7,129.7,68
2024-11-28T10:55:00+00:00,129.7,129.7,129.7,129.7,3
2024-11-28T11:00:00+00:00,129.7,129.7,129.7,129.7,2
2024-11-28T11:05:00+00:00,129.7,129.95,129.7,129.95,61
2024-11-28T11:15:00+00:00,129.95,130.0,129.95,130.0,49
2024-11-28T11:20:00+00:00,130.0,130.0,130.0,130.0,2
2024-11-28T11:25:00+00:00,130.0,130.0,130.0,130.0,22
2024-11-28T11:30:00+00:00,129.95,129.95,129.7,129.7,10
2024-11-28T11:35:00+00:00,129.7,129.7,129.7,129.7,1
2024-11-28T11:40:00+00:00,129.7,129.7,129.7,129.7,20
2024-11-28T11:45:00+00:00,129.7,129.7,129.6,129.6,143
2024-11-28T11:50:00+00:00,129.6,129.6,129.6,129.6,3
2024-11-28T11:55:00+00:00,129.65,129.95,129.65,129.95,49
2024-11-28T12:00:00+00:00,130.0,130.0,129.95,129.95,10
2024-11-28T12:10:00+00:00,129.8,129.8,129.8,129.8,1
2024-11-28T12:15:00+00:00,129.9,130.0,129.9,130.0,50
2024-11-28T12:20:00+00:00,130.0,130.0,130.0,130.0,13
2024-11-28T12:25:00+00:00,130.0,130.0,129.75,129.75,103
2024-11-28T12:30:00+00:00,129.9,129.9,129.9,129.9,2
2024-11-28T12:35:00+00:00,129.9,129.9,129.9,129.9,1
2024-11-28T12:40:00+00:00,129.8,129.95,129.75,129.95,39
2024-11-28T12:45:00+00:00,129.95,129.95,129.9,129.9,12
2024-11-28T12:50:00+00:00,130.0,130.0,130.0,130.0,30
2024-11-28T12:55:00+00:00,130.0,130.0,130.0,130.0,2
2024-11-28T13:00:00+00:00,130.0,130.35,130.0,130.35,310
2024-11-28T13:05:00+00:00,130.4,130.4,130.4,130.4,2
2024-11-28T13:10:00+00:00,130.4,130.4,130.35,130.35,251
2024-11-28T13:15:00+00:00,130.5,130.5,130.45,130.5,29
2024-11-28T13:20:00+00:00,130.5,130.5,130.3,130.5,20
2024-11-28T13:25:00+00:00,130.5,130.5,130.5,130.5,1
2024-11-28T13:30:00+00:00,130.3,130.4,130.3,130.4,2
2024-11-28T13:35:00+00:00,130.5,130.5,130.45,130.45,3
2024-11-28T13:40:00+00:00,130.4,130.4,130.4,130.4,2
2024-11-28T13:45:00+00:00,130.3,130.5,130.3,130.5,12
2024-11-28T13:50:00+00:00,130.45,130.45,130.45,130.45,2
2024-11-28T13:55:00+00:00,130.4,130.4,130.4,130.4,2
2024-11-28T14:00:00+00:00,130.4,130.4,130.0,130.3,27
2024-11-28T14:10:00+00:00,130.35,130.35,130.0,130.0,12
2024-11-28T14:15:00+00:00,130.2,130.3,130.2,130.3,3
2024-11-28T14:20:00+00:00,130.2,130.2,130.2,130.2,1
2024-11-28T14:25:00+00:00,130.15,130.15,129.95,129.95,13
2024-11-28T14:30:00+00:00,129.95,129.95,129.9,129.9,56
2024-11-28T14:35:00+00:00,129.9,129.9,129.85,129.85,16
2024-11-28T14:40:00+00:00,129.8,129.85,129.8,129.85,12
2024-11-28T14:45:00+00:00,129.8,130.15,129.75,130.15,124
2024-11-28T14:50:00+00:00,130.2,130.3,130.2,130.25,27
2024-11-28T14:55:00+00:00,130.25,130.85,130.2,130.85,146
2024-11-28T15:05:00+00:00,130.7,130.7,130.4,130.6,13
2024-11-28T15:10:00+00:00,130.6,130.6,130.3,130.3,12
2024-11-28T15:15:00+00:00,130.5,130.8,130.3,130.6,88
2024-11-28T15:20:00+00:00,130.7,130.85,130.7,130.8,18
2024-11-28T15:25:00+00:00,130.85,131.0,130.85,131.0,224
2024-11-28T15:30:00+00:00,131.0,131.0,131.0,131.0,13
2024-11-28T15:35:00+00:00,131.0,131.0,130.7,130.7,24
2024-11-28T15:45:00+00:00,130.15,130.15,130.15,130.15,150
2024-11-28T16:05:00+00:00,130.3,130.8,130.3,130.8,11
2024-11-28T16:10:00+00:00,130.8,131.0,130.8,131.0,260
2024-11-28T16:15:00+00:00,131.0,131.0,131.0,131.0,17
2024-11-28T16:20:00+00:00,131.0,131.0,130.9,131.0,57
2024-11-28T16:25:00+00:00,131.0,131.0,131.0,131.0,7
2024-11-28T16:30:00+00:00,131.0,131.0,131.0,131.0,202
2024-11-28T16:35:00+00:00,131.0,131.0,131.0,131.0,5
2024-11-28T16:40:00+00:00,131.0,131.2,131.0,131.2,68
2024-11-28T16:45:00+00:00,131.2,131.2,131.2,131.2,1
2024-11-28T16:50:00+00:00,131.1,131.3,131.0,131.25,89
2024-11-28T16:55:00+00:00,131.25,131.25,131.25,131.25,6
2024-11-28T17:00:00+00:00,131.25,131.4,131.25,131.4,46
2024-11-28T17:05:00+00:00,131.4,131.65,131.4,131.65,51
2024-11-28T17:10:00+00:00,131.65,131.65,131.65,131.65,3
2024-11-28T17:15:00+00:00,131.65,131.65,131.65,131.65,10
2024-11-28T17:20:00+00:00,131.65,131.65,131.65,131.65,77
2024-11-28T17:25:00+00:00,131.7,131.7,131.7,131.7,41
2024-11-28T17:30:00+00:00,131.7,131.7,131.7,131.7,2
2024-11-28T17:35:00+00:00,131.65,131.65,131.5,131.65,576
2024-11-28T17:40:00+00:00,131.6,131.8,131.6,131.8,101
2024-11-28T17:45:00+00:00,131.6,131.6,131.6,131.6,1
2024-11-28T17:50:00+00:00,131.7,131.8,131.4,131.4,31
2024-11-28T17:55:00+00:00,131.5,131.9,131.5,131.9,102
2024-11-28T18:00:00+00:00,131.7,131.7,131.7,131.7,2
2024-11-28T18:05:00+00:00,131.6,131.8,131.5,131.8,11
2024-11-28T18:10:00+00:00,131.7,131.7,131.3,131.3,10
2024-11-28T18:15:00+00:00,131.4,131.9,131.4,131.9,47
2024-11-28T18:20:00+00:00,131.8,132.2,131.8,132.2,27
2024-11-28T18:25:00+00:00,132.2,132.45,132.2,132.4,9
2024-11-28T18:30:00+00:00,132.45,132.45,132.45,132.45,3
2024-11-28T18:35:00+00:00,132.45,132.45,132.45,132.45,1
2024-11-28T18:40:00+00:00,132.45,132.45,132.4,132.4,42
2024-11-28T18:50:00+00:00,132.4,132.4,132.4,132.4,9
2024-11-28T19:00:00+00:00,132.3,132.4,132.3,132.4,12
2024-11-28T19:05:00+00:00,132.3,132.3,132.0,132.0,30
2024-11-28T19:10:00+00:00,132.1,132.1,132.1,132.1,2
2024-11-28T19:15:00+00:00,132.2,132.4,132.2,132.4,23
2024-11-28T19:20:00+00:00,132.45,132.45,132.45,132.45,1
2024-11-28T19:25:00+00:00,132.4,132.45,132.4,132.45,2
2024-11-28T19:30:00+00:00,132.4,132.4,132.3,132.3,50
2024-11-28T19:35:00+00:00,132.4,132.45,132.3,132.45,20
2024-11-28T19:40:00+00:00,132.3,132.45,132.3,132.45,20
2024-11-28T19:45:00+00:00,132.45,132.45,132.45,132.45,2
2024-11-28T19:50:00+00:00,132.45,132.5,132.45,132.5,101
2024-11-28T19:55:00+00:00,132.5,132.5,132.5,132.5,2
2024-11-28T20:05:00+00:00,132.5,132.5,132.45,132.45,3
2024-11-28T20:10:00+00:00,132.45,132.5,132.45,132.5,12
2024-11-28T20:15:00+00:00,132.5,132.5,132.5,132.5,120
2024-11-28T20:20:00+00:00,132.45,132.5,132.45,132.5,3
2024-11-28T20:25:00+00:00,132.5,132.55,132.5,132.55,96
2024-11-28T20:30:00+00:00,132.55,132.55,132.55,132.55,2
2024-11-28T20:35:00+00:00,132.6,132.6,132.6,132.6,2
2024-11-28T20:40:00+00:00,132.6,132.6,132.6,132.6,3
2024-11-28T20:45:00+00:00,132.55,132.55,131.4,131.8,258
2024-11-29T06:55:00+00:00,131.8,131.8,131.8,131.8,30
2024-11-29T07:00:00+00:00,131.8,132.45,131.3,131.6,179
2024-11-29T07:05:00+00:00,131.6,131.6,130.05,130.6,268
2024-11-29T07:10:00+00:00,130.9,131.65,130.9,131.05,135
2024-11-29T07:15:00+00:00,131.05,131.7,131.05,131.3,49
2024-11-29T07:20:00+00:00,131.3,132.6,131.3,132.0,286
2024-11-29T07:25:00+00:00,132.7,132.7,131.35,132.25,157
2024-11-29T07:30:00+00:00,132.4,132.7,131.35,131.35,307
2024-11-29T07:35:00+00:00,131.35,131.6,131.3,131.6,16
2024-11-29T07:40:00+00:00,131.6,131.6,131.0,131.35,140
2024-11-29T07:45:00+00:00,131.55,131.6,131.55,131.6,20
2024-11-29T07:50:00+00:00,131.65,131.65,131.65,131.65,27
2024-11-29T07:55:00+00:00,131.65,131.65,131.65,131.65,10
2024-11-29T08:00:00+00:00,131.65,131.65,131.65,131.65,39
2024-11-29T08:05:00+00:00,131.65,131.65,131.6,131.65,54
2024-11-29T08:10:00+00:00,131.65,131.65,131.6,131.6,3
2024-11-29T08:20:00+00:00,131.6,131.65,131.5,131.65,15
2024-11-29T08:25:00+00:00,131.65,132.0,131.65,132.0,264
2024-11-29T08:30:00+00:00,131.85,132.0,131.85,132.0,50
2024-11-29T08:35:00+00:00,132.0,132.0,131.55,132.0,25
2024-11-29T08:40:00+00:00,132.0,132.2,132.0,132.2,48
2024-11-29T08:45:00+00:00,132.3,132.6,132.3,132.5,38
2024-11-29T08:50:00+00:00,132.5,132.8,132.5,132.8,59
2024-11-29T08:55:00+00:00,132.9,133.5,132.9,133.5,62
2024-11-29T09:00:00+00:00,133.5,133.5,133.5,133.5,115
2024-11-29T09:05:00+00:00,133.6,133.8,132.2,132.2,568
2024-11-29T09:10:00+00:00,132.3,132.35,132.1,132.1,17
2024-11-29T09:15:00+00:00,132.15,132.45,132.0,132.4,59
2024-11-29T09:20:00+00:00,132.5,132.5,132.0,132.3,14
2024-11-29T09:25:00+00:00,132.3,132.6,132.25,132.6,86
2024-11-29T09:30:00+00:00,132.5,132.6,132.4,132.6,5
2024-11-29T09:35:00+00:00,132.6,132.6,132.5,132.5,116
2024-11-29T09:40:00+00:00,132.55,132.6,132.55,132.6,4
2024-11-29T09:45:00+00:00,132.6,132.6,132.6,132.6,5
2024-11-29T09:50:00+00:00,132.6,132.6,132.2,132.2,43
2024-11-29T09:55:00+00:00,132.1,132.1,131.75,131.75,95
2024-11-29T10:00:00+00:00,131.75,131.9,131.75,131.9,19
2024-11-29T10:05:00+00:00,132.0,132.0,132.0,132.0,4
2024-11-29T10:10:00+00:00,132.0,132.2,132.0,132.2,20
2024-11-29T10:20:00+00:00,132.0,132.15,132.0,132.15,17
2024-11-29T10:25:00+00:00,132.15,132.15,132.15,132.15,2
2024-11-29T10:30:00+00:00,132.15,132.15,132.0,132.0,40
2024-11-29T10:35:00+00:00,132.15,132.15,132.1,132.1,14
2024-11-29T10:40:00+00:00,132.1,132.2,132.1,132.15,9
2024-11-29T10:45:00+00:00,132.15,132.15,132.15,132.15,3
2024-11-29T10:50:00+00:00,132.15,132.2,132.15,132.15,52
2024-11-29T10:55:00+00:00,132.2,132.2,132.15,132.15,19
2024-11-29T11:00:00+00:00,132.15,132.2,132.15,132.2,178
2024-11-29T11:05:00+00:00,132.2,132.7,132.2,132.7,97
2024-11-29T11:10:00+00:00,132.7,132.7,132.7,132.7,5
2024-11-29T11:15:00+00:00,132.65,132.65,132.65,132.65,2
2024-11-29T11:20:00+00:00,132.6,132.65,132.6,132.65,31
2024-11-29T11:25:00+00:00,132.65,132.65,132.65,132.65,5
2024-11-29T11:30:00+00:00,132.55,132.65,132.55,132.65,18
2024-11-29T11:35:00+00:00,132.65,132.7,132.65,132.7,10
2024-11-29T11:40:00+00:00,132.65,132.7,132.65,132.65,46
2024-11-29T11:45:00+00:00,132.55,132.7,132.55,132.7,6
2024-11-29T11:50:00+00:00,132.7,133.5,132.7,133.5,634
2024-11-29T11:55:00+00:00,133.5,133.5,133.45,133.45,3
2024-11-29T12:00:00+00:00,133.45,133.45,133.45,133.45,2
2024-11-29T12:05:00+00:00,133.45,133.45,133.45,133.45,1
2024-11-29T12:10:00+00:00,133.45,133.45,133.45,133.45,1
2024-11-29T12:15:00+00:00,133.4,133.5,133.4,133.5,9
2024-11-29T12:20:00+00:00,133.5,133.5,133.45,133.45,67
2024-11-29T12:25:00+00:00,133.45,133.5,133.45,133.5,29
2024-11-29T12:30:00+00:00,133.5,133.5,133.45,133.45,27
2024-11-29T12:35:00+00:00,133.45,133.45,133.45,133.45,2
2024-11-29T12:40:00+00:00,133.45,133.45,133.05,133.05,161
2024-11-29T12:45:00+00:00,133.05,133.05,133.05,133.05,4
2024-11-29T12:55:00+00:00,133.0,133.0,133.0,133.0,27
2024-11-29T13:00:00+00:00,133.0,133.4,133.0,133.3,112
2024-11-29T13:05:00+00:00,133.3,133.5,133.3,133.5,81
2024-11-29T13:10:00+00:00,133.45,133.5,133.3,133.3,24
2024-11-29T13:15:00+00:00,133.4,133.8,133.4,133.8,183
2024-11-29T13:20:00+00:00,133.8,133.8,133.6,133.8,46
2024-11-29T13:25:00+00:00,133.8,133.8,133.65,133.8,46
2024-11-29T13:30:00+00:00,133.8,133.8,132.7,132.8,173
2024-11-29T13:35:00+00:00,132.9,133.75,132.9,133.75,113
2024-11-29T13:40:00+00:00,133.8,133.8,132.9,132.9,40
2024-11-29T13:45:00+00:00,133.0,133.1,132.7,132.7,73
2024-11-29T13:50:00+00:00,132.8,133.35,132.8,133.35,51
2024-11-29T13:55:00+00:00,133.4,133.8,133.4,133.8,155
2024-11-29T14:00:00+00:00,133.8,133.8,133.0,133.0,186
2024-11-29T14:05:00+00:00,133.0,133.1,132.7,133.1,48
2024-11-29T14:10:00+00:00,133.2,133.2,132.8,132.8,8
2024-11-29T14:15:00+00:00,132.85,132.85,132.65,132.65,14
2024-11-29T14:20:00+00:00,132.65,133.35,132.55,133.1,173
2024-11-29T14:25:00+00:00,133.15,133.4,133.15,133.4,21
2024-11-29T14:30:00+00:00,133.4,133.75,133.4,133.55,64
2024-11-29T14:35:00+00:00,133.7,133.9,133.7,133.9,37
2024-11-29T14:40:00+00:00,133.95,133.95,133.7,133.8,6
2024-11-29T14:45:00+00:00,133.7,133.7,132.9,132.95,374
2024-11-29T14:50:00+00:00,132.95,133.0,132.9,133.0,53
2024-11-29T14:55:00+00:00,133.6,133.8,132.8,133.8,96
2024-11-29T15:00:00+00:00,133.8,133.8,133.65,133.8,12
2024-11-29T15:05:00+00:00,133.65,133.75,133.65,133.75,2
2024-11-29T15:10:00+00:00,133.75,133.75,133.0,133.05,59
2024-11-29T15:15:00+00:00,133.6,133.65,133.05,133.1,110
2024-11-29T15:20:00+00:00,133.0,133.4,132.95,133.4,44
2024-11-29T15:25:00+00:00,133.5,133.75,133.25,133.75,45
2024-11-29T15:30:00+00:00,133.75,133.75,133.75,133.75,16
2024-11-29T15:35:00+00:00,133.3,133.3,133.3,133.3,1
2024-11-29T15:45:00+00:00,133.0,133.0,133.0,133.0,5
2024-11-29T16:00:00+00:00,133.8,133.8,133.8,133.8,1
2024-11-29T16:05:00+00:00,133.1,133.75,133.1,133.75,125
2024-11-29T16:10:00+00:00,133.75,133.75,133.75,133.75,1
2024-11-29T16:20:00+00:00,133.65,133.75,133.65,133.75,2
2024-11-29T16:25:00+00:00,133.75,133.8,133.0,133.0,137
2024-11-29T16:35:00+00:00,133.2,133.2,133.2,133.2,1
2024-11-29T16:40:00+00:00,133.2,133.2,133.2,133.2,1
2024-11-29T16:45:00+00:00,133.3,133.3,133.3,133.3,1
2024-11-29T16:50:00+00:00,133.3,133.3,133.3,133.3,2
2024-11-29T17:00:00+00:00,133.3,133.3,133.3,133.3,1
2024-11-29T17:05:00+00:00,133.3,133.3,133.3,133.3,5
2024-11-29T17:15:00+00:00,133.3,133.3,133.3,133.3,1
2024-11-29T17:20:00+00:00,133.3,133.4,133.3,133.4,5
2024-11-29T17:25:00+00:00,133.4,133.75,133.4,133.75,52
2024-11-29T17:35:00+00:00,133.75,133.8,133.75,133.8,22
2024-11-29T17:40:00+00:00,133.8,133.95,133.8,133.95,20
2024-11-29T17:45:00+00:00,133.95,133.95,133.8,133.8,2
2024-11-29T17:55:00+00:00,133.8,133.8,133.8,133.8,1
2024-11-29T18:00:00+00:00,133.75,133.75,133.6,133.6,24
2024-11-29T18:05:00+00:00,133.7,133.95,133.7,133.95,12
2024-11-29T18:10:00+00:00,133.8,133.8,132.55,132.55,248
2024-11-29T18:15:00+00:00,132.7,132.8,132.6,132.6,19
2024-11-29T18:20:00+00:00,132.8,132.8,132.8,132.8,2
2024-11-29T18:30:00+00:00,132.9,133.0,132.9,133.0,3
2024-11-29T18:35:00+00:00,133.0,133.2,133.0,133.2,5
2024-11-29T18:40:00+00:00,133.1,133.1,133.1,133.1,5
2024-11-29T18:45:00+00:00,133.1,133.8,133.1,133.5,51
2024-11-29T18:50:00+00:00,133.6,133.7,133.6,133.7,17
2024-11-29T18:55:00+00:00,133.6,133.6,133.05,133.2,22
2024-11-29T19:00:00+00:00,133.2,133.6,133.2,133.6,9
2024-11-29T19:05:00+00:00,133.6,134.0,133.6,134.0,56
2024-11-29T19:10:00+00:00,134.0,134.0,133.8,133.9,13
2024-11-29T19:20:00+00:00,133.9,134.0,133.9,134.0,13
2024-11-29T19:25:00+00:00,134.0,134.0,133.35,133.35,29
2024-11-29T19:30:00+00:00,133.5,133.7,133.5,133.7,6
2024-11-29T19:35:00+00:00,133.8,134.05,133.8,134.0,21
2024-11-29T19:40:00+00:00,134.0,134.05,134.0,134.05,14
2024-11-29T19:45:00+00:00,134.0,134.0,134.0,134.0,37
2024-11-29T19:50:00+00:00,134.0,134.2,134.0,134.2,209
2024-11-29T19:55:00+00:00,134.0,134.2,134.0,134.15,56
2024-11-29T20:00:00+00:00,134.15,134.15,134.15,134.15,2
2024-11-29T20:05:00+00:00,134.05,134.15,134.05,134.15,2
2024-11-29T20:10:00+00:00,134.2,134.2,134.2,134.2,3
2024-11-29T20:15:00+00:00,134.0,134.0,134.0,134.0,1
2024-11-29T20:20:00+00:00,134.05,134.05,134.05,134.05,1
2024-11-29T20:25:00+00:00,134.15,134.15,134.15,134.15,3
2024-11-29T20:30:00+00:00,134.15,134.15,134.15,134.15,3
2024-11-29T20:35:00+00:00,134.0,134.15,134.0,134.15,2
2024-11-29T20:40:00+00:00,134.15,134.15,134.0,134.15,4
2024-11-29T20:45:00+00:00,134.15,134.15,133.3,133.7,84
2024-12-02T07:00:00+00:00,133.7,135.55,130.35,133.7,1042
2024-12-02T07:05:00+00:00,133.45,133.95,133.45,133.8,153
2024-12-02T07:10:00+00:00,133.95,135.4,133.9,133.95,281
2024-12-02T07:15:00+00:00,134.3,135.3,134.3,135.1,41
2024-12-02T07:20:00+00:00,135.05,135.1,134.9,134.9,13
2024-12-02T07:25:00+00:00,135.0,135.0,134.9,134.9,61
2024-12-02T07:30:00+00:00,134.9,135.0,134.6,134.6,38
2024-12-02T07:35:00+00:00,134.9,135.1,134.9,135.1,65
2024-12-02T07:40:00+00:00,135.0,135.1,135.0,135.1,75
2024-12-02T07:45:00+00:00,135.1,135.5,135.1,135.15,86
2024-12-02T07:50:00+00:00,135.5,135.55,135.3,135.35,85
2024-12-02T07:55:00+00:00,135.35,135.35,134.05,134.1,1015
2024-12-02T08:00:00+00:00,134.1,134.2,134.05,134.2,5
2024-12-02T08:05:00+00:00,134.25,134.25,134.25,134.25,4
2024-12-02T08:10:00+00:00,134.2,134.55,134.2,134.4,45
2024-12-02T08:15:00+00:00,134.5,134.75,134.0,134.3,33
2024-12-02T08:20:00+00:00,134.05,134.25,133.55,133.55,157
2024-12-02T08:25:00+00:00,133.5,133.55,133.5,133.55,12
2024-12-02T08:30:00+00:00,133.5,133.55,133.05,133.55,34
2024-12-02T08:35:00+00:00,133.55,133.55,133.5,133.5,40
2024-12-02T08:40:00+00:00,133.55,133.55,133.55,133.55,8
2024-12-02T08:45:00+00:00,133.55,133.9,133.5,133.9,25
2024-12-02T08:50:00+00:00,133.9,134.1,133.9,134.1,7
2024-12-02T08:55:00+00:00,134.2,134.2,134.2,134.2,2
2024-12-02T09:00:00+00:00,134.1,134.3,134.1,134.3,23
2024-12-02T09:05:00+00:00,134.3,134.3,134.2,134.2,15
2024-12-02T09:10:00+00:00,134.1,134.15,134.1,134.15,9
2024-12-02T09:15:00+00:00,134.15,134.2,134.15,134.2,3
2024-12-02T09:20:00+00:00,134.2,134.3,134.2,134.3,21
2024-12-02T09:25:00+00:00,134.3,134.35,134.3,134.35,10
2024-12-02T09:30:00+00:00,134.4,134.4,134.3,134.3,26
2024-12-02T09:35:00+00:00,134.3,134.3,134.2,134.2,3
2024-12-02T09:40:00+00:00,134.2,134.25,134.1,134.1,3
2024-12-02T09:45:00+00:00,134.3,134.3,134.3,134.3,1
2024-12-02T09:50:00+00:00,134.3,134.3,134.3,134.3,45
2024-12-02T09:55:00+00:00,134.2,134.3,134.2,134.2,7
2024-12-02T10:05:00+00:00,134.4,134.5,134.2,134.2,21
2024-12-02T10:10:00+00:00,134.4,134.4,134.4,134.4,1
2024-12-02T10:15:00+00:00,134.4,134.4,134.3,134.4,3
2024-12-02T10:20:00+00:00,134.3,134.5,134.3,134.5,3
2024-12-02T10:25:00+00:00,134.5,134.5,134.2,134.4,59
2024-12-02T10:30:00+00:00,134.3,134.3,134.2,134.2,14
2024-12-02T10:35:00+00:00,134.1,134.1,134.0,134.0,35
2024-12-02T10:40:00+00:00,133.9,134.0,133.9,133.9,4
2024-12-02T10:50:00+00:00,133.85,134.1,133.85,134.1,17
2024-12-02T10:55:00+00:00,134.2,134.2,134.2,134.2,2
2024-12-02T11:00:00+00:00,134.3,134.3,134.3,134.3,2
2024-12-02T11:05:00+00:00,134.4,134.55,134.4,134.45,20
2024-12-02T11:10:00+00:00,134.5,134.55,134.5,134.5,5
2024-12-02T11:15:00+00:00,134.6,134.65,134.4,134.65,11
2024-12-02T11:20:00+00:00,134.5,134.5,134.4,134.4,6
2024-12-02T11:25:00+00:00,134.4,134.85,134.4,134.85,96
2024-12-02T11:35:00+00:00,134.8,135.0,134.8,135.0,14
2024-12-02T11:40:00+00:00,134.8,134.8,134.5,134.5,9
2024-12-02T11:45:00+00:00,134.6,134.7,134.6,134.7,3
2024-12-02T11:50:00+00:00,134.7,134.7,134.6,134.7,3
2024-12-02T11:55:00+00:00,134.7,134.8,134.7,134.8,2
2024-12-02T12:05:00+00:00,134.7,134.7,134.7,134.7,4
2024-12-02T12:10:00+00:00,134.6,134.7,134.5,134.7,6
2024-12-02T12:15:00+00:00,134.7,134.7,134.7,134.7,1
2024-12-02T12:20:00+00:00,134.75,134.75,134.75,134.75,10
2024-12-02T12:25:00+00:00,134.75,134.75,134.75,134.75,1
2024-12-02T12:30:00+00:00,134.8,134.8,134.6,134.6,21
2024-12-02T12:35:00+00:00,134.65,134.65,134.65,134.65,1
2024-12-02T12:40:00+00:00,134.65,134.65,134.65,134.65,3
2024-12-02T12:45:00+00:00,134.5,134.5,134.4,134.5,6
2024-12-02T12:50:00+00:00,134.6,134.6,134.4,134.4,15
2024-12-02T12:55:00+00:00,134.3,134.3,134.2,134.2,5
2024-12-02T13:00:00+00:00,134.2,134.3,134.1,134.3,8
2024-12-02T13:05:00+00:00,134.3,134.3,134.3,134.3,1
2024-12-02T13:10:00+00:00,134.4,134.4,134.4,134.4,2
2024-12-02T13:15:00+00:00,134.5,134.6,134.5,134.6,4
2024-12-02T13:20:00+00:00,134.5,134.5,134.45,134.45,3
2024-12-02T13:30:00+00:00,134.5,134.5,134.5,134.5,1
2024-12-02T13:35:00+00:00,134.5,134.5,134.5,134.5,1
2024-12-02T13:40:00+00:00,134.55,134.55,134.55,134.55,1
2024-12-02T13:45:00+00:00,134.45,134.55,134.45,134.55,7
2024-12-02T13:55:00+00:00,134.55,134.55,134.5,134.5,19
2024-12-02T14:00:00+00:00,134.45,134.45,134.3,134.3,32
2024-12-02T14:05:00+00:00,134.3,134.3,134.0,134.0,118
2024-12-02T14:10:00+00:00,134.0,134.1,134.0,134.1,9
2024-12-02T14:15:00+00:00,134.1,134.2,134.1,134.2,7
2024-12-02T14:20:00+00:00,134.1,134.1,134.0,134.0,50
2024-12-02T14:25:00+00:00,134.0,134.0,134.0,134.0,1
2024-12-02T14:30:00+00:00,134.1,134.1,134.1,134.1,2
2024-12-02T14:35:00+00:00,134.15,134.15,134.1,134.1,34
2024-12-02T14:40:00+00:00,134.0,134.05,134.0,134.0,21
2024-12-02T14:45:00+00:00,134.0,134.0,133.9,133.9,19
2024-12-02T14:50:00+00:00,133.9,133.9,133.3,133.3,134
2024-12-02T14:55:00+00:00,133.25,133.25,133.25,133.25,1
2024-12-02T15:00:00+00:00,133.2,133.3,133.15,133.3,15
2024-12-02T15:05:00+00:00,133.4,133.4,133.2,133.4,8
2024-12-02T15:10:00+00:00,133.4,133.4,133.4,133.4,30
2024-12-02T15:15:00+00:00,133.3,133.65,133.3,133.4,13
2024-12-02T15:20:00+00:00,133.3,133.3,133.05,133.2,79
2024-12-02T15:25:00+00:00,133.3,133.6,133.3,133.6,51
2024-12-02T15:30:00+00:00,133.6,133.7,133.0,133.5,404
2024-12-02T15:35:00+00:00,133.55,133.55,133.4,133.4,4
2024-12-02T15:45:00+00:00,133.5,133.5,133.5,133.5,2
2024-12-02T16:05:00+00:00,133.55,133.55,133.55,133.55,10
2024-12-02T16:10:00+00:00,133.5,133.5,133.5,133.5,11
2024-12-02T16:15:00+00:00,133.5,133.7,133.5,133.5,66
2024-12-02T16:25:00+00:00,133.6,133.7,133.5,133.7,26
2024-12-02T16:30:00+00:00,133.7,133.9,133.7,133.9,30
2024-12-02T16:35:00+00:00,133.7,133.7,133.0,133.0,50
2024-12-02T16:40:00+00:00,133.05,133.05,132.9,132.9,39
2024-12-02T16:55:00+00:00,133.1,133.2,133.1,133.2,4
2024-12-02T17:05:00+00:00,133.3,133.3,133.3,133.3,2
2024-12-02T17:15:00+00:00,133.4,133.5,133.4,133.4,4
2024-12-02T17:20:00+00:00,133.3,133.3,133.3,133.3,32
2024-12-02T17:25:00+00:00,133.3,133.3,133.3,133.3,13
2024-12-02T17:30:00+00:00,133.3,133.3,133.0,133.0,8
2024-12-02T17:35:00+00:00,133.1,133.1,133.1,133.1,1
2024-12-02T17:40:00+00:00,133.1,133.25,133.1,133.25,4
2024-12-02T17:45:00+00:00,133.3,133.75,133.3,133.75,40
2024-12-02T18:00:00+00:00,133.75,133.75,133.75,133.75,1
2024-12-02T18:10:00+00:00,133.8,133.9,133.8,133.9,43
2024-12-02T18:15:00+00:00,133.9,133.9,133.9,133.9,23
2024-12-02T18:25:00+00:00,133.85,133.85,133.85,133.85,2
2024-12-02T18:30:00+00:00,133.85,133.85,133.85,133.85,1
2024-12-02T18:40:00+00:00,133.8,133.8,133.8,133.8,1
2024-12-02T19:00:00+00:00,133.8,133.8,133.8,133.8,3
2024-12-02T19:05:00+00:00,133.75,133.75,133.75,133.75,1
2024-12-02T19:20:00+00:00,133.8,133.8,133.8,133.8,1
2024-12-02T19:25:00+00:00,133.8,133.8,133.7,133.7,4
2024-12-02T19:30:00+00:00,133.7,133.7,133.6,133.6,5
2024-12-02T19:35:00+00:00,133.5,133.5,133.5,133.5,2
2024-12-02T19:40:00+00:00,133.55,133.55,133.55,133.55,1
2024-12-02T19:45:00+00:00,133.55,133.55,133.55,133.55,1
2024-12-02T19:50:00+00:00,133.55,133.55,133.55,133.55,2
2024-12-02T19:55:00+00:00,133.55,133.6,133.55,133.6,4
2024-12-02T20:00:00+00:00,133.65,133.65,132.7,132.7,118
2024-12-02T20:05:00+00:00,132.7,133.15,132.7,133.15,12
2024-12-02T20:10:00+00:00,133.15,133.15,133.15,133.15,20
2024-12-02T20:15:00+00:00,133.15,133.15,133.0,133.0,6
2024-12-02T20:30:00+00:00,133.0,133.0,133.0,133.0,40
2024-12-02T20:35:00+00:00,133.0,133.0,131.65,131.8,104
2024-12-02T20:40:00+00:00,131.9,133.2,131.9,133.1,32
2024-12-02T20:45:00+00:00,133.2,133.2,133.2,133.2,1
2024-12-03T07:00:00+00:00,134.5,134.5,132.45,133.0,7
2024-12-03T07:05:00+00:00,132.7,133.05,132.7,133.05,91
2024-12-03T07:10:00+00:00,133.1,133.3,133.05,133.1,47
2024-12-03T07:15:00+00:00,133.1,133.7,133.1,133.65,13
2024-12-03T07:20:00+00:00,133.65,134.0,133.25,133.7,57
2024-12-03T07:25:00+00:00,133.35,133.4,133.3,133.3,30
2024-12-03T07:30:00+00:00,133.3,133.4,133.15,133.35,162
2024-12-03T07:35:00+00:00,133.2,133.4,133.2,133.4,31
2024-12-03T07:40:00+00:00,133.4,133.4,133.3,133.3,9
2024-12-03T07:45:00+00:00,133.2,133.3,133.2,133.2,12
2024-12-03T07:50:00+00:00,133.3,133.3,133.1,133.3,56
2024-12-03T07:55:00+00:00,133.3,133.3,133.3,133.3,4
2024-12-03T08:05:00+00:00,133.1,133.1,132.6,132.6,182
2024-12-03T08:10:00+00:00,132.6,132.6,132.15,132.2,234
2024-12-03T08:15:00+00:00,132.15,132.15,131.7,131.9,127
2024-12-03T08:20:00+00:00,131.9,131.9,131.9,131.9,4
2024-12-03T08:25:00+00:00,131.8,131.8,131.7,131.7,173
2024-12-03T08:30:00+00:00,131.65,131.7,131.65,131.7,128
2024-12-03T08:35:00+00:00,131.65,131.7,131.65,131.65,506
2024-12-03T08:40:00+00:00,131.7,131.7,131.65,131.7,529
2024-12-03T08:45:00+00:00,131.7,131.7,131.65,131.65,1955
2024-12-03T08:50:00+00:00,131.65,131.7,131.65,131.65,1119
2024-12-03T08:55:00+00:00,131.65,131.7,131.0,131.0,1125
2024-12-03T09:00:00+00:00,131.0,132.45,130.8,130.9,962
2024-12-03T09:05:00+00:00,130.9,131.0,130.9,131.0,1066
2024-12-03T09:10:00+00:00,130.9,130.9,129.6,129.7,493
2024-12-03T09:15:00+00:00,129.8,129.8,129.4,129.65,138
2024-12-03T09:20:00+00:00,129.7,129.85,128.9,128.95,471
2024-12-03T09:25:00+00:00,128.95,129.0,128.9,128.95,98
2024-12-03T09:30:00+00:00,128.9,129.2,128.85,129.0,88
2024-12-03T09:35:00+00:00,129.1,129.3,129.1,129.3,7
2024-12-03T09:40:00+00:00,129.35,129.4,129.35,129.4,8
2024-12-03T09:45:00+00:00,129.4,129.4,129.35,129.4,58
2024-12-03T09:50:00+00:00,129.4,129.85,129.4,129.85,112
2024-12-03T09:55:00+00:00,129.85,129.9,129.85,129.85,580
2024-12-03T10:00:00+00:00,129.75,129.9,129.7,129.9,107
2024-12-03T10:05:00+00:00,129.85,129.85,129.85,129.85,6
2024-12-03T10:10:00+00:00,129.85,129.85,129.8,129.8,40
2024-12-03T10:15:00+00:00,129.8,129.8,129.55,129.55,50
2024-12-03T10:20:00+00:00,129.55,129.7,129.55,129.7,3
2024-12-03T10:25:00+00:00,129.6,129.85,129.5,129.65,150
2024-12-03T10:30:00+00:00,129.8,129.85,129.8,129.85,11
2024-12-03T10:35:00+00:00,129.8,129.8,129.8,129.8,1
2024-12-03T10:40:00+00:00,129.7,129.7,129.7,129.7,1
2024-12-03T10:45:00+00:00,129.8,129.8,129.55,129.8,53
2024-12-03T10:50:00+00:00,129.75,129.85,129.75,129.85,33
2024-12-03T10:55:00+00:00,129.85,129.9,129.85,129.9,27
2024-12-03T11:00:00+00:00,129.9,129.9,129.9,129.9,45
2024-12-03T11:05:00+00:00,129.9,129.9,129.9,129.9,100
2024-12-03T11:10:00+00:00,129.85,129.9,129.85,129.9,78
2024-12-03T11:15:00+00:00,129.9,129.9,129.9,129.9,52
2024-12-03T11:20:00+00:00,129.9,129.9,129.9,129.9,9
2024-12-03T11:25:00+00:00,129.9,129.9,129.9,129.9,102
2024-12-03T11:30:00+00:00,129.9,129.9,129.85,129.85,124
2024-12-03T11:35:00+00:00,129.85,129.85,129.85,129.85,2
2024-12-03T11:40:00+00:00,129.85,129.85,129.85,129.85,31
2024-12-03T11:45:00+00:00,129.9,129.9,129.85,129.9,76
2024-12-03T11:50:00+00:00,129.9,130.3,129.9,130.0,2054
2024-12-03T11:55:00+00:00,130.0,130.2,130.0,130.2,65
2024-12-03T12:00:00+00:00,130.15,130.15,130.15,130.15,5
2024-12-03T12:05:00+00:00,130.1,130.15,130.05,130.15,11
2024-12-03T12:10:00+00:00,130.15,130.15,130.15,130.15,21
2024-12-03T12:15:00+00:00,130.0,130.1,130.0,130.0,140
2024-12-03T12:20:00+00:00,130.1,130.15,130.1,130.15,3
2024-12-03T12:25:00+00:00,130.15,130.15,130.1,130.1,49
2024-12-03T12:30:00+00:00,130.1,130.1,129.7,130.0,123
2024-12-03T12:35:00+00:00,129.9,129.9,129.7,129.7,38
2024-12-03T12:40:00+00:00,129.7,129.7,129.55,129.55,65
2024-12-03T12:45:00+00:00,129.55,130.05,129.55,130.0,35
2024-12-03T12:55:00+00:00,129.9,130.0,129.9,130.0,3
2024-12-03T13:00:00+00:00,129.9,130.1,129.9,130.1,29
2024-12-03T13:05:00+00:00,130.1,130.1,130.0,130.0,14
2024-12-03T13:10:00+00:00,130.0,130.4,129.9,129.9,46
2024-12-03T13:15:00+00:00,129.8,129.8,129.75,129.75,4
2024-12-03T13:20:00+00:00,129.7,129.75,129.7,129.75,7
2024-12-03T13:25:00+00:00,129.75,129.9,129.75,129.9,19
2024-12-03T13:30:00+00:00,129.9,129.9,129.9,129.9,10
2024-12-03T13:35:00+00:00,129.9,129.9,129.75,129.9,24
2024-12-03T13:40:00+00:00,129.75,129.9,129.75,129.9,61
2024-12-03T13:45:00+00:00,129.75,129.9,129.75,129.9,17
2024-12-03T13:50:00+00:00,129.9,129.9,129.8,129.8,124
2024-12-03T13:55:00+00:00,129.85,130.6,129.85,130.6,133
2024-12-03T14:00:00+00:00,130.6,130.6,130.0,130.0,51
2024-12-03T14:05:00+00:00,130.1,130.65,130.1,130.4,56
2024-12-03T14:10:00+00:00,130.4,130.4,129.9,129.9,128
2024-12-03T14:15:00+00:00,129.9,130.45,129.9,130.45,135
2024-12-03T14:20:00+00:00,130.45,130.65,130.45,130.65,16
2024-12-03T14:25:00+00:00,130.65,130.7,130.0,130.0,108
2024-12-03T14:30:00+00:00,130.0,130.0,129.9,129.9,14
2024-12-03T14:35:00+00:00,129.9,129.9,129.8,129.9,33
2024-12-03T14:40:00+00:00,129.9,129.9,129.8,129.8,14
2024-12-03T14:45:00+00:00,129.9,130.45,129.55,129.8,415
2024-12-03T14:50:00+00:00,129.8,130.0,129.5,129.5,710
2024-12-03T14:55:00+00:00,129.55,129.7,129.5,129.7,4
2024-12-03T15:00:00+00:00,129.8,130.0,129.8,130.0,5
2024-12-03T15:05:00+00:00,130.0,130.15,130.0,130.15,6
2024-12-03T15:10:00+00:00,130.0,130.15,129.9,130.15,14
2024-12-03T15:15:00+00:00,130.15,130.15,130.05,130.05,11
2024-12-03T15:20:00+00:00,130.0,130.2,130.0,130.2,23
2024-12-03T15:25:00+00:00,130.2,130.2,130.2,130.2,6
2024-12-03T15:30:00+00:00,130.2,130.2,130.2,130.2,8
2024-12-03T15:35:00+00:00,130.2,130.2,130.1,130.1,11
2024-12-03T16:05:00+00:00,130.2,130.2,130.2,130.2,2
2024-12-03T16:10:00+00:00,130.2,130.2,130.2,130.2,20
2024-12-03T16:15:00+00:00,130.2,130.2,130.1,130.1,6
2024-12-03T16:30:00+00:00,130.1,130.2,130.1,130.2,16
2024-12-03T16:35:00+00:00,130.2,130.2,130.2,130.2,3
2024-12-03T16:45:00+00:00,130.1,130.1,130.1,130.1,3
2024-12-03T16:55:00+00:00,130.1,130.3,130.1,130.25,4
2024-12-03T17:00:00+00:00,130.2,130.2,130.2,130.2,2
2024-12-03T17:10:00+00:00,130.2,130.2,130.2,130.2,3
2024-12-03T17:15:00+00:00,130.2,130.3,130.2,130.25,39
2024-12-03T17:20:00+00:00,130.2,130.2,130.0,130.0,13
2024-12-03T17:25:00+00:00,130.2,130.2,130.2,130.2,2
2024-12-03T17:30:00+00:00,130.25,130.25,130.25,130.25,4
2024-12-03T17:35:00+00:00,130.2,130.2,130.2,130.2,2
2024-12-03T17:40:00+00:00,130.3,130.3,130.3,130.3,1
2024-12-03T17:45:00+00:00,130.3,130.3,129.6,129.8,262
2024-12-03T17:55:00+00:00,129.8,129.8,129.6,129.6,8
2024-12-03T18:00:00+00:00,129.7,129.8,129.7,129.8,3
2024-12-03T18:05:00+00:00,129.8,129.8,129.8,129.8,2
2024-12-03T18:10:00+00:00,129.8,129.9,129.8,129.9,4
2024-12-03T18:15:00+00:00,130.0,130.0,129.9,129.9,2
2024-12-03T18:20:00+00:00,130.0,130.1,130.0,130.1,4
2024-12-03T18:30:00+00:00,130.1,130.1,130.1,130.1,1
2024-12-03T18:35:00+00:00,130.1,130.1,130.1,130.1,4
2024-12-03T18:40:00+00:00,130.0,130.0,130.0,130.0,51
2024-12-03T18:45:00+00:00,130.0,130.2,130.0,130.2,91
2024-12-03T18:55:00+00:00,130.2,130.2,130.2,130.2,2
2024-12-03T19:00:00+00:00,130.2,130.6,130.2,130.6,100
2024-12-03T19:05:00+00:00,130.6,130.9,130.6,130.8,117
2024-12-03T19:10:00+00:00,130.8,130.8,130.8,130.8,2
2024-12-03T19:15:00+00:00,130.8,130.8,130.8,130.8,1
2024-12-03T19:20:00+00:00,130.8,130.8,130.7,130.7,4
2024-12-03T19:25:00+00:00,130.7,130.7,130.7,130.7,6
2024-12-03T19:35:00+00:00,130.7,130.8,130.7,130.8,2
2024-12-03T19:40:00+00:00,130.8,130.8,130.6,130.6,3
2024-12-03T19:50:00+00:00,130.5,130.5,130.3,130.4,12
2024-12-03T19:55:00+00:00,130.4,130.4,130.3,130.3,3
2024-12-03T20:05:00+00:00,130.4,130.4,130.3,130.3,5
2024-12-03T20:15:00+00:00,130.2,130.25,130.2,130.25,2
2024-12-03T20:20:00+00:00,130.25,130.25,130.25,130.25,2
2024-12-03T20:25:00+00:00,130.2,130.3,130.05,130.05,11
2024-12-03T20:30:00+00:00,130.2,130.2,130.2,130.2,2
2024-12-03T20:35:00+00:00,130.1,130.2,130.05,130.1,10
2024-12-03T20:40:00+00:00,130.0,130.2,130.0,130.2,17
2024-12-03T20:45:00+00:00,130.3,130.3,130.1,130.1,10
2024-12-04T06:55:00+00:00,130.1,130.1,130.1,130.1,2
2024-12-04T07:00:00+00:00,130.1,130.95,127.0,129.55,842
2024-12-04T07:05:00+00:00,130.1,130.3,129.95,130.0,117
2024-12-04T07:10:00+00:00,130.05,130.05,129.95,130.05,16
2024-12-04T07:15:00+00:00,130.05,130.05,129.8,129.8,50
2024-12-04T07:20:00+00:00,129.95,129.95,129.95,129.95,4
2024-12-04T07:25:00+00:00,130.0,130.0,129.95,129.95,9
2024-12-04T07:30:00+00:00,130.0,130.0,129.75,129.85,102
2024-12-04T07:35:00+00:00,129.95,129.95,128.95,128.95,438
2024-12-04T07:40:00+00:00,128.95,128.95,128.55,128.65,69
2024-12-04T07:45:00+00:00,128.65,128.85,128.4,128.55,163
2024-12-04T07:50:00+00:00,128.65,128.65,128.65,128.65,2
2024-12-04T07:55:00+00:00,128.55,128.85,128.55,128.85,9
2024-12-04T08:00:00+00:00,128.9,129.15,128.9,129.15,29
2024-12-04T08:05:00+00:00,129.15,129.7,129.15,129.7,32
2024-12-04T08:10:00+00:00,129.75,129.75,129.55,129.55,11
2024-12-04T08:15:00+00:00,129.55,129.65,129.55,129.65,4
2024-12-04T08:20:00+00:00,129.65,129.9,129.45,129.5,705
2024-12-04T08:25:00+00:00,129.65,129.65,129.65,129.65,1
2024-12-04T08:30:00+00:00,129.65,129.75,129.6,129.65,23
2024-12-04T08:35:00+00:00,129.65,129.65,129.65,129.65,1
2024-12-04T08:40:00+00:00,129.6,129.65,129.6,129.65,3
2024-12-04T08:45:00+00:00,129.65,129.7,129.65,129.7,7
2024-12-04T08:50:00+00:00,129.7,129.7,129.7,129.7,12
2024-12-04T09:00:00+00:00,129.75,130.0,129.75,129.85,252
2024-12-04T09:05:00+00:00,129.85,130.0,129.85,129.85,5
2024-12-04T09:10:00+00:00,129.85,129.85,129.85,129.85,3
2024-12-04T09:20:00+00:00,129.95,129.95,129.95,129.95,3
2024-12-04T09:25:00+00:00,129.95,129.95,129.85,129.95,25
2024-12-04T09:30:00+00:00,129.85,129.85,129.85,129.85,24
2024-12-04T09:35:00+00:00,129.8,129.8,129.5,129.5,97
2024-12-04T09:40:00+00:00,129.5,129.5,129.5,129.5,1
2024-12-04T09:45:00+00:00,129.5,129.5,129.5,129.5,57
2024-12-04T09:50:00+00:00,129.65,129.95,129.65,129.95,35
2024-12-04T09:55:00+00:00,129.85,129.95,129.85,129.95,2
2024-12-04T10:00:00+00:00,129.95,130.3,129.95,130.1,245
2024-12-04T10:05:00+00:00,130.15,130.25,130.15,130.25,23
2024-12-04T10:10:00+00:00,130.25,130.35,130.1,130.2,32
2024-12-04T10:15:00+00:00,130.2,130.2,130.05,130.05,41
2024-12-04T10:20:00+00:00,130.15,130.3,130.15,130.15,16
2024-12-04T10:25:00+00:00,130.05,130.3,130.05,130.3,23
2024-12-04T10:30:00+00:00,130.3,130.3,130.3,130.3,40
2024-12-04T10:35:00+00:00,130.3,130.3,130.15,130.15,6
2024-12-04T10:40:00+00:00,130.15,130.25,130.15,130.15,11
2024-12-04T10:55:00+00:00,130.25,130.25,130.25,130.25,3
2024-12-04T11:00:00+00:00,130.25,130.3,130.25,130.3,47
2024-12-04T11:05:00+00:00,130.2,130.2,130.15,130.15,37
2024-12-04T11:15:00+00:00,130.25,130.4,130.25,130.4,20
2024-12-04T11:20:00+00:00,130.4,130.4,130.3,130.3,9
2024-12-04T11:25:00+00:00,130.3,130.4,130.15,130.4,59
2024-12-04T11:30:00+00:00,130.4,130.4,130.4,130.4,5
2024-12-04T11:35:00+00:00,130.4,130.4,130.4,130.4,31
2024-12-04T11:40:00+00:00,130.4,130.4,130.25,130.25,13
2024-12-04T11:45:00+00:00,130.35,130.4,130.35,130.4,7
2024-12-04T11:50:00+00:00,130.25,130.35,130.15,130.35,30
2024-12-04T11:55:00+00:00,130.35,130.35,130.35,130.35,5
2024-12-04T12:00:00+00:00,130.35,130.35,130.35,130.35,1
2024-12-04T12:05:00+00:00,130.35,130.35,130.35,130.35,5
2024-12-04T12:10:00+00:00,130.25,130.25,130.25,130.25,6
2024-12-04T12:15:00+00:00,130.35,130.35,130.2,130.35,61
2024-12-04T12:20:00+00:00,130.35,130.35,130.2,130.2,6
2024-12-04T12:25:00+00:00,130.2,130.2,130.2,130.2,1
2024-12-04T12:30:00+00:00,130.35,130.35,130.15,130.35,6
2024-12-04T12:35:00+00:00,130.35,130.35,130.15,130.15,12
2024-12-04T12:40:00+00:00,130.35,130.35,130.35,130.35,3
2024-12-04T12:45:00+00:00,130.2,130.2,129.95,129.95,435
2024-12-04T12:50:00+00:00,129.95,129.95,129.85,129.85,16
2024-12-04T12:55:00+00:00,129.95,130.2,129.55,129.65,208
2024-12-04T13:00:00+00:00,129.65,129.85,129.65,129.85,10
2024-12-04T13:05:00+00:00,129.75,129.95,129.75,129.95,4
2024-12-04T13:10:00+00:00,129.95,129.95,129.95,129.95,3
2024-12-04T13:15:00+00:00,130.05,130.05,130.05,130.05,1
2024-12-04T13:20:00+00:00,130.05,130.15,130.05,130.05,3
2024-12-04T13:25:00+00:00,130.05,130.15,130.05,130.15,3
2024-12-04T13:30:00+00:00,130.05,130.05,130.05,130.05,11
2024-12-04T13:35:00+00:00,130.05,130.1,130.05,130.1,4
2024-12-04T13:40:00+00:00,130.0,130.0,129.95,129.95,84
2024-12-04T13:45:00+00:00,130.05,130.05,130.05,130.05,1
2024-12-04T13:50:00+00:00,130.05,130.05,130.05,130.05,1
2024-12-04T13:55:00+00:00,130.0,130.0,130.0,130.0,3
2024-12-04T14:00:00+00:00,130.05,130.05,130.05,130.05,1
2024-12-04T14:05:00+00:00,130.05,130.05,130.0,130.0,6
2024-12-04T14:10:00+00:00,130.0,130.05,130.0,130.05,31
2024-12-04T14:15:00+00:00,130.05,130.05,130.05,130.05,3
2024-12-04T14:20:00+00:00,130.0,130.0,129.55,129.75,122
2024-12-04T14:25:00+00:00,129.85,130.05,129.85,130.05,59
2024-12-04T14:30:00+00:00,130.05,130.05,129.6,129.6,78
2024-12-04T14:35:00+00:00,129.65,129.65,129.65,129.65,35
2024-12-04T14:40:00+00:00,129.7,129.7,129.65,129.65,19
2024-12-04T14:45:00+00:00,129.65,129.95,129.65,129.95,13
2024-12-04T14:55:00+00:00,130.05,130.05,130.05,130.05,3
2024-12-04T15:00:00+00:00,130.05,130.05,129.7,130.0,22
2024-12-04T15:05:00+00:00,129.95,129.95,129.9,129.9,9
2024-12-04T15:10:00+00:00,129.9,130.1,129.75,129.75,27
2024-12-04T15:15:00+00:00,129.8,130.3,129.8,130.05,129
2024-12-04T15:20:00+00:00,129.75,130.2,129.75,130.2,6
2024-12-04T15:25:00+00:00,129.85,130.0,129.85,130.0,69
2024-12-04T15:30:00+00:00,130.05,130.05,129.7,129.75,21
2024-12-04T15:35:00+00:00,129.65,129.65,129.45,129.45,100
2024-12-04T15:45:00+00:00,129.45,129.45,129.45,129.45,3
2024-12-04T16:00:00+00:00,129.15,129.15,129.15,129.15,121
2024-12-04T16:05:00+00:00,129.05,129.05,128.7,128.7,121
2024-12-04T16:10:00+00:00,128.7,128.7,128.7,128.7,10
2024-12-04T16:15:00+00:00,128.65,128.65,128.5,128.5,75
2024-12-04T16:20:00+00:00,128.45,128.75,128.35,128.35,82
2024-12-04T16:25:00+00:00,128.4,128.4,128.4,128.4,9
2024-12-04T16:30:00+00:00,128.4,128.95,128.4,128.85,114
2024-12-04T16:35:00+00:00,128.8,128.8,128.75,128.8,120
2024-12-04T16:40:00+00:00,128.85,128.85,128.85,128.85,2
2024-12-04T16:45:00+00:00,128.8,128.85,128.8,128.8,23
2024-12-04T16:50:00+00:00,128.8,128.8,128.65,128.65,35
2024-12-04T16:55:00+00:00,128.75,128.75,128.6,128.6,28
2024-12-04T17:00:00+00:00,128.6,128.6,128.5,128.5,31
2024-12-04T17:05:00+00:00,128.65,128.75,128.65,128.75,4
2024-12-04T17:10:00+00:00,128.7,128.7,128.7,128.7,2
2024-12-04T17:15:00+00:00,128.75,128.75,128.75,128.75,3
2024-12-04T17:20:00+00:00,128.75,128.75,128.5,128.5,58
2024-12-04T17:25:00+00:00,128.5,128.65,128.45,128.65,86
2024-12-04T17:30:00+00:00,128.65,128.85,128.65,128.85,22
2024-12-04T17:40:00+00:00,128.85,128.9,128.85,128.9,2
2024-12-04T17:45:00+00:00,128.95,129.05,128.95,129.05,4
2024-12-04T17:50:00+00:00,129.05,129.15,129.05,129.15,2
2024-12-04T17:55:00+00:00,129.15,129.25,129.15,129.15,5
2024-12-04T18:00:00+00:00,129.2,129.25,129.2,129.25,6
2024-12-04T18:10:00+00:00,129.25,129.25,129.25,129.25,1
2024-12-04T18:15:00+00:00,129.25,129.25,129.25,129.25,1
2024-12-04T18:20:00+00:00,129.25,129.25,129.25,129.25,3
2024-12-04T18:25:00+00:00,129.2,129.25,129.2,129.25,3
2024-12-04T18:30:00+00:00,129.35,129.65,129.35,129.65,8
2024-12-04T18:35:00+00:00,129.55,129.65,129.55,129.65,2
2024-12-04T18:40:00+00:00,129.75,130.0,129.75,130.0,11
2024-12-04T18:45:00+00:00,129.85,129.85,129.3,129.3,20
2024-12-04T18:50:00+00:00,129.25,129.25,129.25,129.25,10
2024-12-04T18:55:00+00:00,129.25,129.25,129.25,129.25,1
2024-12-04T19:00:00+00:00,129.25,129.35,129.25,129.35,3
2024-12-04T19:05:00+00:00,129.45,129.45,129.45,129.45,1
2024-12-04T19:10:00+00:00,129.35,129.35,129.3,129.3,3
2024-12-04T19:15:00+00:00,129.3,129.3,129.25,129.25,13
2024-12-04T19:20:00+00:00,129.45,129.45,129.45,129.45,1
2024-12-04T19:30:00+00:00,129.45,129.7,129.45,129.7,15
2024-12-04T19:35:00+00:00,129.7,130.0,129.7,130.0,35
2024-12-04T19:40:00+00:00,129.95,129.95,129.95,129.95,10
2024-12-04T19:50:00+00:00,129.85,129.85,129.2,129.35,82
2024-12-04T19:55:00+00:00,129.25,129.25,129.15,129.15,3
2024-12-04T20:15:00+00:00,129.35,129.35,129.35,129.35,7
2024-12-04T20:20:00+00:00,129.45,129.45,129.45,129.45,5
2024-12-04T20:25:00+00:00,129.35,129.35,129.35,129.35,2
2024-12-04T20:30:00+00:00,129.35,129.45,129.35,129.45,2
2024-12-04T20:35:00+00:00,129.55,129.55,129.45,129.55,1002
2024-12-04T20:40:00+00:00,129.45,129.45,129.45,129.45,2
2024-12-04T20:45:00+00:00,129.45,129.45,129.45,129.45,6
2024-12-05T07:00:00+00:00,129.3,129.4,129.0,129.4,39
2024-12-05T07:05:00+00:00,129.3,129.55,128.6,129.55,222
2024-12-05T07:10:00+00:00,129.55,129.7,129.55,129.55,20
2024-12-05T07:15:00+00:00,129.75,129.8,129.55,129.75,67
2024-12-05T07:20:00+00:00,129.75,130.0,129.6,129.6,22
2024-12-05T07:25:00+00:00,129.55,129.55,129.15,129.2,46
2024-12-05T07:30:00+00:00,129.15,129.4,129.15,129.15,9
2024-12-05T07:35:00+00:00,129.3,129.4,129.3,129.4,4
2024-12-05T07:40:00+00:00,129.5,129.6,129.5,129.6,4
2024-12-05T07:45:00+00:00,129.65,129.9,129.65,129.9,37
2024-12-05T07:50:00+00:00,129.9,130.2,129.9,130.2,57
2024-12-05T07:55:00+00:00,130.1,130.2,130.1,130.2,37
2024-12-05T08:05:00+00:00,130.3,130.4,130.3,130.4,9
2024-12-05T08:10:00+00:00,130.4,130.4,130.3,130.35,14
2024-12-05T08:15:00+00:00,130.35,130.35,130.3,130.3,9
2024-12-05T08:20:00+00:00,130.35,130.45,130.35,130.45,118
2024-12-05T08:25:00+00:00,130.4,130.4,130.4,130.4,3
2024-12-05T08:30:00+00:00,130.3,130.4,130.3,130.3,12
2024-12-05T08:35:00+00:00,130.3,130.3,130.3,130.3,7
2024-12-05T08:40:00+00:00,130.3,130.3,130.2,130.2,15
2024-12-05T08:45:00+00:00,130.1,130.1,129.95,129.95,64
2024-12-05T08:50:00+00:00,129.95,129.95,129.95,129.95,2
2024-12-05T08:55:00+00:00,129.95,129.95,129.0,129.0,980
2024-12-05T09:00:00+00:00,129.05,129.05,129.0,129.0,13
2024-12-05T09:05:00+00:00,129.05,129.05,129.0,129.0,23
2024-12-05T09:10:00+00:00,129.05,129.35,129.05,129.35,71
2024-12-05T09:15:00+00:00,129.4,129.5,129.4,129.5,6
2024-12-05T09:20:00+00:00,129.5,129.6,129.4,129.4,6
2024-12-05T09:30:00+00:00,129.5,129.9,129.5,129.9,79
2024-12-05T09:35:00+00:00,129.9,129.95,129.9,129.95,129
2024-12-05T09:40:00+00:00,129.95,129.95,129.8,129.8,27
2024-12-05T09:45:00+00:00,129.8,129.8,129.7,129.7,22
2024-12-05T09:50:00+00:00,129.7,129.7,129.6,129.6,2
2024-12-05T09:55:00+00:00,129.7,129.7,129.7,129.7,10
2024-12-05T10:00:00+00:00,129.6,129.6,129.5,129.5,4
2024-12-05T10:05:00+00:00,129.65,129.65,129.4,129.4,9
2024-12-05T10:10:00+00:00,129.6,129.6,129.6,129.6,1
2024-12-05T10:15:00+00:00,129.6,129.6,129.6,129.6,1
2024-12-05T10:20:00+00:00,129.7,129.8,129.7,129.8,12
2024-12-05T10:30:00+00:00,129.8,129.8,129.3,129.3,54
2024-12-05T10:40:00+00:00,129.4,129.4,129.4,129.4,1
2024-12-05T10:50:00+00:00,129.35,129.35,129.35,129.35,3
2024-12-05T11:00:00+00:00,129.35,129.35,129.35,129.35,1
2024-12-05T11:05:00+00:00,129.35,129.35,129.15,129.25,16
2024-12-05T11:10:00+00:00,129.25,129.25,129.25,129.25,3
2024-12-05T11:15:00+00:00,129.25,129.25,129.25,129.25,2
2024-12-05T11:20:00+00:00,129.15,129.3,129.15,129.3,12
2024-12-05T11:30:00+00:00,129.4,129.5,129.4,129.5,3
2024-12-05T11:35:00+00:00,129.5,129.8,129.5,129.8,18
2024-12-05T11:40:00+00:00,129.8,129.8,129.7,129.7,12
2024-12-05T11:50:00+00:00,129.7,129.7,129.0,129.2,403
2024-12-05T11:55:00+00:00,129.1,129.1,129.1,129.1,2
2024-12-05T12:00:00+00:00,129.0,129.1,129.0,129.1,25
2024-12-05T12:05:00+00:00,129.1,129.2,129.1,129.2,5
2024-12-05T12:10:00+00:00,129.3,129.3,129.3,129.3,2
2024-12-05T12:15:00+00:00,129.4,129.4,129.25,129.25,6
2024-12-05T12:20:00+00:00,129.25,129.25,129.2,129.2,2
2024-12-05T12:25:00+00:00,129.2,129.25,129.05,129.05,24
2024-12-05T12:30:00+00:00,129.05,129.35,129.0,129.35,48
2024-12-05T12:35:00+00:00,129.25,129.25,129.0,129.1,228
2024-12-05T12:40:00+00:00,129.15,129.15,129.0,129.0,61
2024-12-05T12:45:00+00:00,128.95,128.95,128.5,128.7,165
2024-12-05T12:50:00+00:00,128.7,128.7,128.7,128.7,13
2024-12-05T12:55:00+00:00,128.6,128.75,128.5,128.75,67
2024-12-05T13:00:00+00:00,128.75,128.75,128.75,128.75,5
2024-12-05T13:05:00+00:00,128.8,128.8,128.8,128.8,12
2024-12-05T13:10:00+00:00,128.8,128.85,128.8,128.85,128
2024-12-05T13:15:00+00:00,128.85,129.35,128.85,129.35,35
2024-12-05T13:20:00+00:00,129.4,129.55,129.4,129.4,33
2024-12-05T13:25:00+00:00,129.55,129.55,129.55,129.55,12
2024-12-05T13:30:00+00:00,129.55,129.55,129.55,129.55,2
2024-12-05T13:35:00+00:00,129.55,129.6,129.5,129.5,6
2024-12-05T13:40:00+00:00,129.6,129.7,129.5,129.5,11
2024-12-05T13:45:00+00:00,129.5,129.5,129.4,129.45,16
2024-12-05T13:50:00+00:00,129.3,129.4,129.3,129.4,3
2024-12-05T13:55:00+00:00,129.3,129.3,129.05,129.2,14
2024-12-05T14:00:00+00:00,129.3,129.5,129.3,129.5,5
2024-12-05T14:05:00+00:00,129.5,129.5,129.5,129.5,3
2024-12-05T14:10:00+00:00,129.6,129.6,129.5,129.5,7
2024-12-05T14:15:00+00:00,129.65,129.65,129.6,129.6,3
2024-12-05T14:20:00+00:00,129.7,129.9,129.7,129.75,52
2024-12-05T14:25:00+00:00,129.8,129.95,129.65,129.65,56
2024-12-05T14:30:00+00:00,129.6,129.65,129.5,129.65,202
2024-12-05T14:35:00+00:00,129.65,129.8,129.65,129.75,15
2024-12-05T14:40:00+00:00,129.85,130.0,129.65,129.8,84
2024-12-05T14:45:00+00:00,129.8,129.8,129.55,129.75,49
2024-12-05T14:50:00+00:00,129.85,129.85,129.85,129.85,1
2024-12-05T14:55:00+00:00,129.8,129.8,129.8,129.8,13
2024-12-05T15:00:00+00:00,129.8,129.8,129.8,129.8,6
2024-12-05T15:05:00+00:00,129.75,129.9,129.15,129.15,147
2024-12-05T15:10:00+00:00,129.05,129.7,129.05,129.7,44
2024-12-05T15:15:00+00:00,129.2,129.2,129.2,129.2,2
2024-12-05T15:20:00+00:00,129.4,129.4,129.4,129.4,1
2024-12-05T15:25:00+00:00,129.5,129.5,129.5,129.5,3
2024-12-05T15:30:00+00:00,129.3,129.55,129.15,129.55,15
2024-12-05T15:35:00+00:00,129.45,129.5,129.15,129.15,7
2024-12-05T15:45:00+00:00,129.45,129.45,129.45,129.45,1
2024-12-05T16:00:00+00:00,129.55,129.55,129.55,129.55,33
2024-12-05T16:05:00+00:00,129.55,129.6,129.55,129.6,9
2024-12-05T16:10:00+00:00,129.6,129.95,129.6,129.95,15
2024-12-05T16:15:00+00:00,130.0,130.0,130.0,130.0,17
2024-12-05T16:20:00+00:00,130.0,130.0,129.9,129.9,17
2024-12-05T16:25:00+00:00,130.0,130.0,129.95,130.0,37
2024-12-05T16:30:00+00:00,130.1,130.7,130.1,130.65,426
2024-12-05T16:35:00+00:00,130.5,130.85,130.5,130.85,403
2024-12-05T16:40:00+00:00,130.85,130.85,130.5,130.6,10
2024-12-05T16:45:00+00:00,130.7,130.7,130.65,130.65,41
2024-12-05T16:50:00+00:00,130.6,130.65,130.6,130.65,5
2024-12-05T16:55:00+00:00,130.65,130.65,130.5,130.6,13
2024-12-05T17:00:00+00:00,130.6,130.6,130.5,130.5,19
2024-12-05T17:05:00+00:00,130.4,130.5,130.4,130.5,22
2024-12-05T17:15:00+00:00,130.5,130.5,130.35,130.35,107
2024-12-05T17:25:00+00:00,130.35,130.35,130.35,130.35,8
2024-12-05T17:40:00+00:00,130.35,130.35,130.35,130.35,4
2024-12-05T17:45:00+00:00,130.5,130.5,130.5,130.5,1
2024-12-05T17:50:00+00:00,130.5,130.5,130.5,130.5,1
2024-12-05T18:00:00+00:00,130.4,130.4,130.2,130.2,6
2024-12-05T18:05:00+00:00,130.3,130.4,130.0,130.0,17
2024-12-05T18:10:00+00:00,130.2,130.2,130.2,130.2,2
2024-12-05T18:25:00+00:00,130.3,130.3,130.3,130.3,1
2024-12-05T18:35:00+00:00,130.2,130.3,130.2,130.3,14
2024-12-05T18:40:00+00:00,130.4,130.4,130.4,130.4,1
2024-12-05T18:45:00+00:00,130.35,130.35,130.3,130.3,10
2024-12-05T18:55:00+00:00,130.4,130.4,130.4,130.4,2
2024-12-05T19:00:00+00:00,130.4,130.5,130.4,130.5,51
2024-12-05T19:05:00+00:00,130.5,130.5,130.5,130.5,160
2024-12-05T19:10:00+00:00,130.5,130.5,130.5,130.5,7
2024-12-05T19:15:00+00:00,130.5,130.5,130.5,130.5,1
2024-12-05T19:20:00+00:00,130.5,130.5,130.4,130.4,13
2024-12-05T19:35:00+00:00,130.35,130.65,130.25,130.65,260
2024-12-05T19:45:00+00:00,130.5,130.5,130.35,130.35,5
2024-12-05T19:55:00+00:00,130.5,130.65,130.5,130.65,50
2024-12-05T20:05:00+00:00,130.65,130.65,130.3,130.3,17
2024-12-05T20:20:00+00:00,130.35,130.65,130.35,130.65,19
2024-12-05T20:25:00+00:00,130.65,130.65,130.65,130.65,5
2024-12-05T20:30:00+00:00,130.65,130.65,130.65,130.65,1
2024-12-05T20:40:00+00:00,130.5,130.5,130.35,130.35,10
2024-12-06T07:00:00+00:00,130.4,130.5,130.4,130.5,42
2024-12-06T07:05:00+00:00,130.35,130.55,130.25,130.45,145
2024-12-06T07:10:00+00:00,130.2,130.2,130.15,130.15,4
2024-12-06T07:15:00+00:00,130.4,130.5,130.4,130.5,4
2024-12-06T07:20:00+00:00,130.5,130.5,130.15,130.15,103
2024-12-06T07:25:00+00:00,130.15,130.15,130.15,130.15,15
2024-12-06T07:30:00+00:00,130.3,130.4,130.3,130.4,3
2024-12-06T07:35:00+00:00,130.3,130.55,130.1,130.1,74
2024-12-06T07:40:00+00:00,130.1,130.3,130.1,130.3,35
2024-12-06T07:45:00+00:00,130.3,130.7,130.3,130.55,109
2024-12-06T07:50:00+00:00,130.55,130.7,130.55,130.7,70
2024-12-06T07:55:00+00:00,130.7,130.8,130.7,130.8,47
2024-12-06T08:00:00+00:00,130.8,131.0,130.7,130.95,122
2024-12-06T08:05:00+00:00,130.8,130.8,130.25,130.65,261
2024-12-06T08:10:00+00:00,130.65,130.65,130.65,130.65,11
2024-12-06T08:15:00+00:00,130.65,130.7,130.15,130.3,104
2024-12-06T08:25:00+00:00,130.25,130.4,130.15,130.15,27
2024-12-06T08:30:00+00:00,130.3,130.6,130.3,130.6,15
2024-12-06T08:35:00+00:00,130.6,130.95,130.6,130.95,248
2024-12-06T08:40:00+00:00,130.8,130.85,130.55,130.85,18
2024-12-06T08:45:00+00:00,130.85,130.85,130.85,130.85,2
2024-12-06T08:50:00+00:00,130.7,130.8,130.7,130.8,7
2024-12-06T08:55:00+00:00,130.8,130.85,130.4,130.4,49
2024-12-06T09:00:00+00:00,130.4,130.4,130.4,130.4,1
2024-12-06T09:05:00+00:00,130.4,130.4,130.2,130.2,19
2024-12-06T09:15:00+00:00,130.2,130.2,130.1,130.1,75
2024-12-06T09:20:00+00:00,130.1,130.1,130.05,130.05,64
2024-12-06T09:25:00+00:00,130.05,130.1,130.05,130.1,2
2024-12-06T09:30:00+00:00,130.05,130.05,130.0,130.0,88
2024-12-06T09:35:00+00:00,130.1,130.1,130.1,130.1,5
2024-12-06T09:40:00+00:00,130.15,130.15,130.15,130.15,4
2024-12-06T09:50:00+00:00,130.2,130.2,130.2,130.2,8
2024-12-06T09:55:00+00:00,130.2,130.2,130.2,130.2,2
2024-12-06T10:00:00+00:00,130.2,130.2,130.2,130.2,27
2024-12-06T10:05:00+00:00,130.2,130.2,130.2,130.2,13
2024-12-06T10:20:00+00:00,130.2,130.2,130.2,130.2,1
2024-12-06T10:25:00+00:00,130.15,130.15,130.15,130.15,1
2024-12-06T10:30:00+00:00,130.2,130.2,130.15,130.15,2
2024-12-06T10:40:00+00:00,130.3,130.5,130.25,130.25,15
2024-12-06T10:45:00+00:00,130.4,130.4,130.4,130.4,1
2024-12-06T10:55:00+00:00,130.4,130.5,130.2,130.5,51
2024-12-06T11:00:00+00:00,130.4,130.5,130.2,130.5,34
2024-12-06T11:10:00+00:00,130.55,130.55,130.55,130.55,4
2024-12-06T11:15:00+00:00,130.55,130.55,130.55,130.55,3
2024-12-06T11:20:00+00:00,130.5,130.55,130.5,130.55,5
2024-12-06T11:30:00+00:00,130.55,130.55,130.45,130.55,9
2024-12-06T11:35:00+00:00,130.55,130.6,130.1,130.1,107
2024-12-06T11:40:00+00:00,130.1,130.2,130.0,130.2,24
2024-12-06T11:45:00+00:00,130.2,130.5,130.2,130.5,128
2024-12-06T11:55:00+00:00,130.6,130.7,130.6,130.7,5
2024-12-06T12:00:00+00:00,130.75,130.75,130.65,130.65,12
2024-12-06T12:10:00+00:00,130.75,130.75,130.75,130.75,9
2024-12-06T12:15:00+00:00,130.8,130.8,130.8,130.8,5
2024-12-06T12:20:00+00:00,130.8,130.8,130.8,130.8,1
2024-12-06T12:30:00+00:00,130.8,130.8,130.8,130.8,40
2024-12-06T12:35:00+00:00,130.8,130.8,130.75,130.75,64
2024-12-06T12:50:00+00:00,130.75,130.75,130.35,130.35,28
2024-12-06T12:55:00+00:00,130.35,130.35,130.3,130.3,3
2024-12-06T13:00:00+00:00,130.3,130.3,130.3,130.3,1
2024-12-06T13:05:00+00:00,130.25,130.25,130.25,130.25,2
2024-12-06T13:10:00+00:00,130.3,130.35,130.3,130.35,44
2024-12-06T13:15:00+00:00,130.35,130.35,130.2,130.3,62
2024-12-06T13:20:00+00:00,130.3,130.3,130.3,130.3,26
2024-12-06T13:25:00+00:00,130.3,130.35,130.3,130.35,13
2024-12-06T13:30:00+00:00,130.35,130.35,130.35,130.35,36
2024-12-06T13:35:00+00:00,130.3,130.35,130.3,130.3,113
2024-12-06T13:40:00+00:00,130.35,130.35,130.35,130.35,14
2024-12-06T13:45:00+00:00,130.35,130.35,130.35,130.35,22
2024-12-06T13:50:00+00:00,130.35,130.35,130.35,130.35,117
2024-12-06T13:55:00+00:00,130.35,130.4,130.35,130.4,45
2024-12-06T14:00:00+00:00,130.35,130.5,130.35,130.5,3
2024-12-06T14:15:00+00:00,130.7,130.7,130.7,130.7,18
2024-12-06T14:20:00+00:00,130.7,130.7,130.65,130.65,2
2024-12-06T14:25:00+00:00,130.65,130.65,130.65,130.65,1
2024-12-06T14:30:00+00:00,130.65,130.75,130.5,130.75,13
2024-12-06T14:35:00+00:00,130.75,130.75,130.7,130.7,15
2024-12-06T14:40:00+00:00,130.8,130.8,130.8,130.8,27
2024-12-06T14:45:00+00:00,130.8,130.8,130.75,130.75,25
2024-12-06T14:50:00+00:00,130.8,130.8,130.8,130.8,7
2024-12-06T14:55:00+00:00,130.8,130.8,130.8,130.8,2
2024-12-06T15:00:00+00:00,130.8,130.8,130.7,130.7,50
2024-12-06T15:05:00+00:00,130.8,130.8,130.8,130.8,1
2024-12-06T15:10:00+00:00,130.8,130.8,130.7,130.8,11
2024-12-06T15:15:00+00:00,130.85,130.85,130.7,130.7,53
2024-12-06T15:20:00+00:00,130.85,130.9,130.8,130.8,20
2024-12-06T15:25:00+00:00,130.85,130.95,130.85,130.9,309
2024-12-06T15:30:00+00:00,130.85,130.85,130.85,130.85,4
2024-12-06T15:35:00+00:00,130.85,130.9,130.85,130.85,62
2024-12-06T15:45:00+00:00,130.7,130.7,130.7,130.7,2
2024-12-06T16:00:00+00:00,130.9,130.9,130.9,130.9,1
2024-12-06T16:05:00+00:00,130.85,130.85,130.8,130.8,39
2024-12-06T16:10:00+00:00,130.7,130.7,130.7,130.7,1
2024-12-06T16:15:00+00:00,130.8,130.8,130.7,130.75,6
2024-12-06T16:20:00+00:00,130.7,130.8,130.7,130.75,12
2024-12-06T16:25:00+00:00,130.75,130.75,130.75,130.75,2
2024-12-06T16:30:00+00:00,130.7,130.7,130.6,130.6,25
2024-12-06T16:40:00+00:00,130.65,130.65,130.65,130.65,1
2024-12-06T16:45:00+00:00,130.65,130.65,130.65,130.65,2
2024-12-06T16:50:00+00:00,130.65,130.65,130.55,130.55,2
2024-12-06T17:00:00+00:00,130.55,130.55,130.4,130.5,61
2024-12-06T17:10:00+00:00,130.6,130.9,130.6,130.9,9
2024-12-06T17:25:00+00:00,130.9,130.9,130.9,130.9,3
2024-12-06T17:35:00+00:00,130.9,130.9,130.9,130.9,7
2024-12-06T17:55:00+00:00,130.9,130.9,130.9,130.9,1
2024-12-06T18:00:00+00:00,130.9,130.9,130.9,130.9,10
2024-12-06T18:10:00+00:00,130.8,130.9,130.8,130.9,4
2024-12-06T18:15:00+00:00,130.9,130.9,130.8,130.9,4
2024-12-06T18:25:00+00:00,130.8,130.8,130.8,130.8,23
2024-12-06T18:40:00+00:00,130.9,130.9,130.9,130.9,10
2024-12-06T18:50:00+00:00,130.8,130.8,130.8,130.8,28
2024-12-06T19:15:00+00:00,130.8,130.8,130.8,130.8,17
2024-12-06T19:20:00+00:00,130.9,130.9,130.9,130.9,71
2024-12-06T19:25:00+00:00,130.9,130.9,130.9,130.9,1
2024-12-06T19:30:00+00:00,130.8,130.8,130.8,130.8,2
2024-12-06T19:40:00+00:00,130.8,130.8,130.8,130.8,40
2024-12-06T19:55:00+00:00,130.7,130.7,130.7,130.7,4
2024-12-06T20:00:00+00:00,130.8,130.8,130.8,130.8,2
2024-12-06T20:05:00+00:00,130.7,130.8,130.7,130.8,4
2024-12-06T20:10:00+00:00,130.65,130.65,130.6,130.6,10
2024-12-06T20:15:00+00:00,130.7,130.8,130.7,130.8,4
2024-12-06T20:20:00+00:00,130.8,130.8,130.8,130.8,1
2024-12-06T20:35:00+00:00,130.8,130.8,130.8,130.8,2
2024-12-06T20:40:00+00:00,130.8,130.8,130.8,130.8,2
2024-12-06T20:45:00+00:00,130.8,130.8,130.8,130.8,1
2024-12-09T06:55:00+00:00,130.95,130.95,130.95,130.95,1
2024-12-09T07:00:00+00:00,130.9,131.2,130.9,130.95,247
2024-12-09T07:05:00+00:00,131.15,131.15,130.0,130.35,701
2024-12-09T07:10:00+00:00,130.05,130.4,130.0,130.0,280
2024-12-09T07:15:00+00:00,130.35,131.05,130.1,130.85,308
2024-12-09T07:20:00+00:00,130.85,130.9,130.8,130.9,29
2024-12-09T07:25:00+00:00,130.6,131.1,130.45,131.1,79
2024-12-09T07:30:00+00:00,130.95,131.15,130.9,130.9,107
2024-12-09T07:35:00+00:00,131.1,131.1,130.9,131.05,11
2024-12-09T07:40:00+00:00,131.05,131.05,130.9,131.05,10
2024-12-09T07:45:00+00:00,131.05,131.1,130.7,130.7,49
2024-12-09T07:50:00+00:00,130.9,131.1,130.9,131.1,34
2024-12-09T07:55:00+00:00,131.1,131.1,130.9,131.05,60
2024-12-09T08:00:00+00:00,130.9,131.1,130.85,131.1,7
2024-12-09T08:05:00+00:00,131.05,131.05,130.85,130.85,5
2024-12-09T08:10:00+00:00,130.85,131.8,130.85,131.5,1133
2024-12-09T08:15:00+00:00,131.5,131.5,131.2,131.35,72
2024-12-09T08:20:00+00:00,131.25,131.25,130.95,131.25,62
2024-12-09T08:25:00+00:00,131.25,131.25,131.05,131.15,4
2024-12-09T08:30:00+00:00,131.05,131.05,131.05,131.05,10
2024-12-09T08:35:00+00:00,131.1,131.25,131.05,131.25,60
2024-12-09T08:40:00+00:00,131.2,131.3,131.05,131.3,77
2024-12-09T08:45:00+00:00,131.35,131.35,131.2,131.2,3
2024-12-09T08:50:00+00:00,131.25,131.35,131.2,131.35,8
2024-12-09T08:55:00+00:00,131.2,131.35,131.2,131.35,4
2024-12-09T09:00:00+00:00,131.2,131.2,131.2,131.2,1
2024-12-09T09:05:00+00:00,131.35,131.35,131.35,131.35,16
2024-12-09T09:10:00+00:00,131.25,131.25,131.25,131.25,7
2024-12-09T09:15:00+00:00,131.25,131.25,131.2,131.25,5
2024-12-09T09:20:00+00:00,131.15,131.15,131.15,131.15,13
2024-12-09T09:25:00+00:00,131.2,131.2,131.1,131.1,4
2024-12-09T09:30:00+00:00,131.1,131.25,131.1,131.25,36
2024-12-09T09:40:00+00:00,131.25,131.25,131.25,131.25,7
2024-12-09T09:45:00+00:00,131.25,131.25,131.15,131.15,6
2024-12-09T09:50:00+00:00,131.2,131.2,131.2,131.2,1
2024-12-09T09:55:00+00:00,131.2,131.2,131.2,131.2,17
2024-12-09T10:00:00+00:00,131.15,131.15,131.0,131.1,93
2024-12-09T10:05:00+00:00,131.15,131.15,131.15,131.15,6
2024-12-09T10:10:00+00:00,131.15,131.15,131.0,131.0,40
2024-12-09T10:15:00+00:00,131.05,131.05,130.85,130.85,28
2024-12-09T10:20:00+00:00,130.95,131.0,130.85,130.95,26
2024-12-09T10:25:00+00:00,130.95,130.95,130.9,130.95,15
2024-12-09T10:30:00+00:00,130.9,130.95,130.9,130.95,5
2024-12-09T10:35:00+00:00,130.95,130.95,130.95,130.95,13
2024-12-09T10:40:00+00:00,130.95,130.95,130.95,130.95,3
2024-12-09T10:45:00+00:00,130.95,130.95,130.85,130.85,16
2024-12-09T10:55:00+00:00,130.85,130.9,130.85,130.85,25
2024-12-09T11:00:00+00:00,130.85,130.9,130.85,130.9,12
2024-12-09T11:05:00+00:00,130.85,130.85,130.75,130.75,28
2024-12-09T11:10:00+00:00,130.7,130.7,130.65,130.65,12
2024-12-09T11:15:00+00:00,130.65,130.65,130.65,130.65,10
2024-12-09T11:20:00+00:00,130.7,130.7,130.7,130.7,2
2024-12-09T11:25:00+00:00,130.75,130.75,130.75,130.75,2
2024-12-09T11:30:00+00:00,130.85,130.85,130.85,130.85,1
2024-12-09T11:35:00+00:00,130.85,130.9,130.85,130.9,2
2024-12-09T11:40:00+00:00,130.9,130.9,130.9,130.9,1
2024-12-09T11:45:00+00:00,130.9,130.9,130.7,130.7,8
2024-12-09T11:50:00+00:00,130.8,130.85,130.8,130.85,5
2024-12-09T11:55:00+00:00,130.85,130.85,130.85,130.85,1
2024-12-09T12:00:00+00:00,130.85,130.85,130.85,130.85,28
2024-12-09T12:05:00+00:00,130.85,130.9,130.85,130.9,3
2024-12-09T12:15:00+00:00,130.9,130.9,130.9,130.9,2
2024-12-09T12:25:00+00:00,130.85,130.9,130.85,130.9,2
2024-12-09T12:30:00+00:00,130.9,130.95,130.9,130.95,21
2024-12-09T12:35:00+00:00,130.9,130.9,130.9,130.9,1
2024-12-09T12:40:00+00:00,130.85,130.85,130.85,130.85,10
2024-12-09T12:45:00+00:00,130.75,130.75,130.55,130.6,87
2024-12-09T12:50:00+00:00,130.6,130.8,130.6,130.8,31
2024-12-09T13:00:00+00:00,130.85,130.85,130.65,130.65,12
2024-12-09T13:05:00+00:00,130.75,130.75,130.75,130.75,1
2024-12-09T13:15:00+00:00,130.75,130.9,130.65,130.9,62
2024-12-09T13:20:00+00:00,130.85,130.95,130.85,130.9,24
2024-12-09T13:25:00+00:00,130.95,131.0,130.95,131.0,99
2024-12-09T13:30:00+00:00,130.95,130.95,130.95,130.95,2
2024-12-09T13:40:00+00:00,131.0,131.0,131.0,131.0,70
2024-12-09T13:45:00+00:00,131.0,131.1,131.0,131.1,371
2024-12-09T13:50:00+00:00,131.1,131.15,131.1,131.15,5
2024-12-09T13:55:00+00:00,131.15,131.25,131.1,131.1,207
2024-12-09T14:00:00+00:00,131.2,131.25,131.2,131.25,6
2024-12-09T14:05:00+00:00,131.1,131.1,131.1,131.1,10
2024-12-09T14:15:00+00:00,131.2,131.25,131.2,131.2,47
2024-12-09T14:20:00+00:00,131.25,131.35,131.25,131.35,52
2024-12-09T14:25:00+00:00,131.35,131.45,131.35,131.45,35
2024-12-09T14:30:00+00:00,131.5,131.5,131.4,131.4,26
2024-12-09T14:35:00+00:00,131.4,131.4,131.4,131.4,5
2024-12-09T14:40:00+00:00,131.3,131.3,131.3,131.3,2
2024-12-09T14:45:00+00:00,131.4,131.4,131.35,131.35,6
2024-12-09T14:50:00+00:00,131.5,133.45,131.5,133.15,2499
2024-12-09T14:55:00+00:00,133.15,133.3,133.15,133.25,57
2024-12-09T15:00:00+00:00,133.3,133.3,133.25,133.25,16
2024-12-09T15:05:00+00:00,133.1,133.25,133.05,133.05,58
2024-12-09T15:10:00+00:00,133.25,133.25,133.0,133.25,123
2024-12-09T15:15:00+00:00,133.25,133.25,133.05,133.05,35
2024-12-09T15:20:00+00:00,133.05,133.05,133.05,133.05,8
2024-12-09T15:25:00+00:00,133.05,133.05,133.0,133.0,109
2024-12-09T15:30:00+00:00,133.05,133.25,133.0,133.0,54
2024-12-09T15:35:00+00:00,133.05,133.05,133.0,133.05,20
2024-12-09T15:45:00+00:00,133.0,133.0,133.0,133.0,755
2024-12-09T16:00:00+00:00,133.0,133.0,133.0,133.0,3
2024-12-09T16:05:00+00:00,133.05,133.05,133.05,133.05,31
2024-12-09T16:10:00+00:00,133.05,133.05,133.0,133.0,327
2024-12-09T16:15:00+00:00,133.0,133.0,132.9,133.0,108
2024-12-09T16:20:00+00:00,133.05,133.05,133.05,133.05,11
2024-12-09T16:25:00+00:00,133.05,133.05,133.05,133.05,51
2024-12-09T16:40:00+00:00,133.05,133.1,133.0,133.0,13
2024-12-09T16:45:00+00:00,133.0,133.25,133.0,133.15,30
2024-12-09T16:50:00+00:00,133.1,133.1,132.9,132.9,5
2024-12-09T16:55:00+00:00,132.9,133.0,132.9,133.0,4
2024-12-09T17:00:00+00:00,133.0,133.15,133.0,133.15,11
2024-12-09T17:05:00+00:00,133.15,133.15,132.9,133.15,31
2024-12-09T17:10:00+00:00,133.15,133.2,133.15,133.2,70
2024-12-09T17:15:00+00:00,133.1,133.1,133.1,133.1,1
2024-12-09T17:20:00+00:00,133.2,133.2,133.2,133.2,1
2024-12-09T17:25:00+00:00,133.2,134.0,133.15,133.6,332
2024-12-09T17:30:00+00:00,133.65,133.65,133.65,133.65,5
2024-12-09T17:35:00+00:00,133.7,133.8,133.65,133.8,8
2024-12-09T17:40:00+00:00,133.9,133.9,133.9,133.9,3
2024-12-09T17:50:00+00:00,133.8,133.8,133.8,133.8,1
2024-12-09T18:00:00+00:00,133.8,133.8,133.8,133.8,2
2024-12-09T18:05:00+00:00,133.9,134.4,133.9,134.25,401
2024-12-09T18:10:00+00:00,134.25,134.45,134.25,134.3,348
2024-12-09T18:15:00+00:00,134.3,134.3,134.2,134.2,7
2024-12-09T18:20:00+00:00,134.2,134.2,134.2,134.2,41
2024-12-09T18:25:00+00:00,134.1,134.1,134.1,134.1,3
2024-12-09T18:30:00+00:00,134.1,134.1,134.1,134.1,7
2024-12-09T18:35:00+00:00,134.2,134.45,134.2,134.45,54
2024-12-09T18:40:00+00:00,134.3,134.4,134.3,134.4,5
2024-12-09T18:45:00+00:00,134.4,134.5,134.4,134.5,64
2024-12-09T18:55:00+00:00,134.5,134.5,134.5,134.5,4
2024-12-09T19:00:00+00:00,134.5,134.75,134.45,134.75,17
2024-12-09T19:05:00+00:00,134.7,135.0,134.7,134.95,43
2024-12-09T19:10:00+00:00,134.95,134.95,134.7,134.7,8
2024-12-09T19:15:00+00:00,134.7,134.7,134.7,134.7,23
2024-12-09T19:20:00+00:00,134.7,134.7,134.5,134.7,14
2024-12-09T19:30:00+00:00,134.5,134.5,134.3,134.3,6
2024-12-09T19:35:00+00:00,134.3,134.3,134.3,134.3,4
2024-12-09T19:40:00+00:00,134.4,134.5,134.1,134.5,35
2024-12-09T19:45:00+00:00,134.4,134.4,134.4,134.4,5
2024-12-09T19:50:00+00:00,134.45,134.45,134.1,134.1,7
2024-12-09T19:55:00+00:00,134.1,134.1,134.0,134.0,6
2024-12-09T20:00:00+00:00,134.0,134.0,134.0,134.0,3
2024-12-09T20:10:00+00:00,134.0,134.0,134.0,134.0,9
2024-12-09T20:15:00+00:00,133.9,133.9,133.9,133.9,8
2024-12-09T20:20:00+00:00,133.8,133.8,133.8,133.8,2
2024-12-09T20:30:00+00:00,133.9,134.0,133.9,134.0,4
2024-12-09T20:35:00+00:00,134.0,134.4,134.0,134.4,20
2024-12-09T20:40:00+00:00,134.3,134.45,134.3,134.45,7
2024-12-10T07:00:00+00:00,134.95,135.0,133.8,134.5,52
2024-12-10T07:05:00+00:00,134.4,134.55,134.05,134.25,87
2024-12-10T07:10:00+00:00,134.1,134.1,132.6,132.6,342
2024-12-10T07:15:00+00:00,132.8,133.1,132.6,132.6,73
2024-12-10T07:20:00+00:00,132.6,132.65,132.6,132.6,43
2024-12-10T07:25:00+00:00,132.6,133.75,132.6,133.5,125
2024-12-10T07:30:00+00:00,133.5,134.0,133.5,133.9,63
2024-12-10T07:35:00+00:00,133.95,134.0,133.95,134.0,3
2024-12-10T07:40:00+00:00,133.8,133.8,133.6,133.6,7
2024-12-10T07:45:00+00:00,133.6,133.6,133.6,133.6,3
2024-12-10T07:50:00+00:00,133.6,133.8,133.1,133.2,134
2024-12-10T07:55:00+00:00,133.3,133.8,133.0,133.4,158
2024-12-10T08:00:00+00:00,133.4,133.5,133.4,133.5,3
2024-12-10T08:05:00+00:00,133.4,133.4,133.35,133.4,17
2024-12-10T08:10:00+00:00,133.35,133.35,133.35,133.35,1
2024-12-10T08:15:00+00:00,133.3,133.3,133.3,133.3,9
2024-12-10T08:20:00+00:00,133.2,133.35,133.2,133.35,11
2024-12-10T08:25:00+00:00,133.35,133.4,133.2,133.4,8
2024-12-10T08:35:00+00:00,133.4,133.4,133.4,133.4,1
2024-12-10T08:40:00+00:00,133.4,133.4,133.35,133.4,11
2024-12-10T08:45:00+00:00,133.35,133.35,133.35,133.35,1
2024-12-10T08:50:00+00:00,133.35,133.5,133.25,133.3,106
2024-12-10T08:55:00+00:00,133.4,133.5,133.4,133.5,2
2024-12-10T09:00:00+00:00,133.3,133.3,133.05,133.05,73
2024-12-10T09:10:00+00:00,133.05,133.05,133.0,133.0,66
2024-12-10T09:15:00+00:00,133.0,133.0,133.0,133.0,35
2024-12-10T09:20:00+00:00,133.0,133.0,132.8,133.0,82
2024-12-10T09:25:00+00:00,132.8,132.8,132.55,132.55,115
2024-12-10T09:30:00+00:00,132.55,132.55,132.05,132.05,200
2024-12-10T09:35:00+00:00,132.05,132.05,132.05,132.05,13
2024-12-10T09:40:00+00:00,132.2,132.2,132.2,132.2,2
2024-12-10T09:45:00+00:00,132.3,132.4,132.3,132.4,5
2024-12-10T09:50:00+00:00,132.4,132.5,132.4,132.5,10
2024-12-10T09:55:00+00:00,132.4,132.4,132.4,132.4,1
2024-12-10T10:00:00+00:00,132.45,132.45,132.45,132.45,1
2024-12-10T10:05:00+00:00,132.45,132.5,132.4,132.5,32
2024-12-10T10:10:00+00:00,132.45,132.9,132.45,132.9,27
2024-12-10T10:15:00+00:00,132.95,133.4,132.95,133.35,109
2024-12-10T10:20:00+00:00,133.2,133.2,133.2,133.2,1
2024-12-10T10:25:00+00:00,133.3,133.3,132.95,133.1,16
2024-12-10T10:30:00+00:00,133.0,133.0,132.9,133.0,16
2024-12-10T10:35:00+00:00,132.9,132.9,132.9,132.9,2
2024-12-10T10:40:00+00:00,133.0,133.0,133.0,133.0,5
2024-12-10T10:45:00+00:00,133.0,133.0,133.0,133.0,50
2024-12-10T10:50:00+00:00,132.9,133.0,132.9,133.0,10
2024-12-10T10:55:00+00:00,133.0,133.0,133.0,133.0,4
2024-12-10T11:00:00+00:00,133.0,133.0,132.9,132.9,3
2024-12-10T11:10:00+00:00,132.95,132.95,132.95,132.95,13
2024-12-10T11:15:00+00:00,132.9,132.9,132.9,132.9,1
2024-12-10T11:20:00+00:00,132.85,132.85,132.8,132.8,23
2024-12-10T11:30:00+00:00,132.8,132.95,132.8,132.8,40
2024-12-10T11:35:00+00:00,132.8,132.8,132.8,132.8,2
2024-12-10T11:40:00+00:00,132.8,132.8,132.8,132.8,2
2024-12-10T11:45:00+00:00,132.7,132.7,132.6,132.6,4
2024-12-10T11:50:00+00:00,132.5,132.6,132.5,132.6,117
2024-12-10T11:55:00+00:00,132.7,132.7,132.7,132.7,2
2024-12-10T12:00:00+00:00,132.7,132.7,132.7,132.7,1
2024-12-10T12:05:00+00:00,132.8,132.8,132.6,132.6,17
2024-12-10T12:10:00+00:00,132.75,132.9,132.75,132.9,63
2024-12-10T12:15:00+00:00,132.8,132.9,132.8,132.9,9
2024-12-10T12:20:00+00:00,132.9,133.1,132.9,133.1,121
2024-12-10T12:25:00+00:00,133.1,133.1,132.9,132.9,6
2024-12-10T12:30:00+00:00,133.0,133.1,133.0,133.1,19
2024-12-10T12:35:00+00:00,133.1,133.1,133.1,133.1,1
2024-12-10T12:40:00+00:00,133.1,133.1,132.75,132.75,96
2024-12-10T12:50:00+00:00,132.75,132.75,132.75,132.75,7
2024-12-10T13:00:00+00:00,132.75,132.9,132.75,132.9,12
2024-12-10T13:05:00+00:00,132.9,132.9,132.75,132.8,13
2024-12-10T13:10:00+00:00,132.9,132.9,132.9,132.9,33
2024-12-10T13:15:00+00:00,132.95,133.0,132.95,133.0,82
2024-12-10T13:20:00+00:00,133.05,133.05,132.75,132.8,82
2024-12-10T13:25:00+00:00,132.9,133.0,132.9,132.9,5
2024-12-10T13:30:00+00:00,133.0,133.2,133.0,133.2,55
2024-12-10T13:35:00+00:00,133.2,133.25,133.15,133.15,47
2024-12-10T13:40:00+00:00,133.25,133.25,133.25,133.25,6
2024-12-10T13:45:00+00:00,133.25,133.25,133.25,133.25,1
2024-12-10T13:50:00+00:00,133.25,133.25,133.15,133.25,34
2024-12-10T13:55:00+00:00,133.25,133.25,133.15,133.15,41
2024-12-10T14:00:00+00:00,133.25,133.25,133.25,133.25,35
2024-12-10T14:10:00+00:00,133.25,133.3,133.25,133.3,13
2024-12-10T14:15:00+00:00,133.25,133.35,133.25,133.25,78
2024-12-10T14:20:00+00:00,133.3,133.3,133.3,133.3,51
2024-12-10T14:25:00+00:00,133.3,133.6,133.3,133.6,131
2024-12-10T14:30:00+00:00,133.6,133.8,133.6,133.8,159
2024-12-10T14:35:00+00:00,133.8,133.85,133.5,133.5,102
2024-12-10T14:40:00+00:00,133.5,133.5,133.5,133.5,2
2024-12-10T14:45:00+00:00,133.45,133.5,133.45,133.5,3
2024-12-10T14:50:00+00:00,133.5,133.5,133.5,133.5,1
2024-12-10T14:55:00+00:00,133.45,133.45,133.0,133.0,123
2024-12-10T15:00:00+00:00,133.0,133.0,133.0,133.0,30
2024-12-10T15:05:00+00:00,133.0,133.8,133.0,133.05,97
2024-12-10T15:10:00+00:00,133.45,133.8,133.4,133.4,27
2024-12-10T15:15:00+00:00,133.5,133.8,133.5,133.8,10
2024-12-10T15:20:00+00:00,133.8,133.8,133.5,133.5,42
2024-12-10T15:25:00+00:00,133.65,133.8,133.65,133.8,16
2024-12-10T15:30:00+00:00,133.8,133.8,133.8,133.8,1
2024-12-10T15:35:00+00:00,133.8,133.85,133.8,133.85,2
2024-12-10T15:45:00+00:00,133.85,133.85,133.85,133.85,1
2024-12-10T16:05:00+00:00,133.8,133.8,133.8,133.8,2
2024-12-10T16:10:00+00:00,133.7,133.7,132.8,133.0,364
2024-12-10T16:15:00+00:00,133.0,133.0,132.9,133.0,7
2024-12-10T16:20:00+00:00,133.0,133.0,133.0,133.0,103
2024-12-10T16:25:00+00:00,132.9,132.9,132.9,132.9,1
2024-12-10T16:30:00+00:00,133.0,133.05,133.0,133.05,39
2024-12-10T16:35:00+00:00,133.1,133.1,132.8,132.8,112
2024-12-10T16:40:00+00:00,132.75,132.8,132.75,132.8,3
2024-12-10T16:45:00+00:00,132.8,132.8,132.8,132.8,5
2024-12-10T16:50:00+00:00,132.8,132.9,132.75,132.75,31
2024-12-10T17:00:00+00:00,132.75,132.75,132.75,132.75,3
2024-12-10T17:05:00+00:00,132.9,132.9,132.9,132.9,1
2024-12-10T17:10:00+00:00,132.8,132.8,132.75,132.75,2
2024-12-10T17:15:00+00:00,132.75,132.75,132.75,132.75,9
2024-12-10T17:25:00+00:00,132.9,133.0,132.7,133.0,69
2024-12-10T17:30:00+00:00,133.0,133.1,132.9,133.1,22
2024-12-10T17:40:00+00:00,133.1,133.1,133.1,133.1,5
2024-12-10T18:10:00+00:00,132.9,133.1,132.9,133.1,9
2024-12-10T18:20:00+00:00,133.1,133.1,133.1,133.1,6
2024-12-10T18:30:00+00:00,132.95,132.95,132.95,132.95,34
2024-12-10T18:35:00+00:00,133.0,133.0,133.0,133.0,1
2024-12-10T18:50:00+00:00,133.1,133.1,133.1,133.1,30
2024-12-10T19:20:00+00:00,133.2,133.2,133.0,133.2,15
2024-12-10T19:25:00+00:00,133.2,133.2,132.75,132.75,11
2024-12-10T19:30:00+00:00,132.9,132.9,132.9,132.9,3
2024-12-10T19:35:00+00:00,133.2,133.2,133.2,133.2,1
2024-12-10T19:50:00+00:00,133.15,133.15,133.15,133.15,1
2024-12-10T19:55:00+00:00,133.15,133.15,133.15,133.15,1
2024-12-10T20:00:00+00:00,133.2,133.2,133.2,133.2,24
2024-12-10T20:05:00+00:00,132.9,132.9,132.9,132.9,1
2024-12-10T20:10:00+00:00,133.15,133.15,133.15,133.15,2
2024-12-10T20:25:00+00:00,133.15,133.15,133.15,133.15,6
2024-12-10T20:30:00+00:00,132.9,132.9,132.7,132.7,13
2024-12-10T20:45:00+00:00,132.7,132.7,132.7,132.7,5
2024-12-11T07:00:00+00:00,133.2,133.45,132.9,132.95,56
2024-12-11T07:05:00+00:00,132.85,132.85,132.85,132.85,1
2024-12-11T07:10:00+00:00,132.85,132.85,132.85,132.85,16
2024-12-11T07:15:00+00:00,132.7,132.7,132.2,132.2,195
2024-12-11T07:20:00+00:00,132.5,132.5,132.3,132.4,491
2024-12-11T07:25:00+00:00,132.35,132.4,132.35,132.35,61
2024-12-11T07:30:00+00:00,132.4,132.4,132.4,132.4,6
2024-12-11T07:35:00+00:00,132.4,132.4,132.4,132.4,102
2024-12-11T07:40:00+00:00,132.4,132.4,132.4,132.4,13
2024-12-11T07:45:00+00:00,132.4,132.4,132.35,132.35,55
2024-12-11T07:50:00+00:00,132.35,132.35,132.3,132.3,70
2024-12-11T07:55:00+00:00,132.3,132.3,132.3,132.3,17
2024-12-11T08:00:00+00:00,132.3,132.3,132.2,132.2,77
2024-12-11T08:10:00+00:00,132.4,132.4,132.4,132.4,7
2024-12-11T08:15:00+00:00,132.2,132.4,132.2,132.4,31
2024-12-11T08:20:00+00:00,132.4,132.4,132.2,132.2,13
2024-12-11T08:25:00+00:00,132.15,132.15,132.1,132.1,5
2024-12-11T08:30:00+00:00,132.2,132.4,132.2,132.4,36
2024-12-11T08:35:00+00:00,132.4,132.4,132.4,132.4,15
2024-12-11T08:40:00+00:00,132.25,132.4,132.25,132.4,4
2024-12-11T08:45:00+00:00,132.4,132.4,132.4,132.4,5
2024-12-11T08:50:00+00:00,132.25,132.25,132.2,132.2,10
2024-12-11T08:55:00+00:00,132.35,132.4,132.2,132.35,16
2024-12-11T09:00:00+00:00,132.2,132.35,132.05,132.35,124
2024-12-11T09:05:00+00:00,132.2,132.35,132.2,132.35,4
2024-12-11T09:15:00+00:00,132.4,132.4,132.4,132.4,1
2024-12-11T09:20:00+00:00,132.2,132.35,132.2,132.35,8
2024-12-11T09:25:00+00:00,132.3,132.3,132.3,132.3,8
2024-12-11T09:30:00+00:00,132.2,132.4,132.05,132.3,80
2024-12-11T09:35:00+00:00,132.4,132.4,132.4,132.4,2
2024-12-11T09:40:00+00:00,132.35,132.35,132.0,132.2,106
2024-12-11T09:45:00+00:00,132.3,132.35,132.2,132.35,56
2024-12-11T09:55:00+00:00,132.35,132.35,132.35,132.35,90
2024-12-11T10:00:00+00:00,132.3,132.3,132.3,132.3,30
2024-12-11T10:10:00+00:00,132.3,132.3,132.3,132.3,20
2024-12-11T10:15:00+00:00,132.2,132.2,132.2,132.2,4
2024-12-11T10:20:00+00:00,132.3,132.35,132.3,132.35,4
2024-12-11T10:25:00+00:00,132.2,132.2,132.2,132.2,21
2024-12-11T10:30:00+00:00,132.2,132.2,132.2,132.2,10
2024-12-11T10:35:00+00:00,132.15,132.15,132.15,132.15,14
2024-12-11T10:40:00+00:00,132.1,132.15,132.1,132.15,4
2024-12-11T10:45:00+00:00,132.15,132.15,131.55,131.8,249
2024-12-11T10:50:00+00:00,131.9,132.15,131.9,131.9,21
2024-12-11T10:55:00+00:00,132.0,132.15,132.0,132.15,6
2024-12-11T11:00:00+00:00,132.15,132.15,132.15,132.15,5
2024-12-11T11:05:00+00:00,132.15,132.15,132.0,132.0,68
2024-12-11T11:10:00+00:00,132.0,132.25,132.0,132.25,10
2024-12-11T11:15:00+00:00,132.25,132.25,132.0,132.0,61
2024-12-11T11:20:00+00:00,132.1,132.1,132.1,132.1,1
2024-12-11T11:25:00+00:00,132.1,132.1,132.1,132.1,1
2024-12-11T11:30:00+00:00,132.0,132.0,131.85,131.85,14
2024-12-11T11:35:00+00:00,131.85,132.25,131.85,132.25,23
2024-12-11T11:40:00+00:00,132.25,132.25,132.25,132.25,2
2024-12-11T11:45:00+00:00,132.25,132.25,132.25,132.25,4
2024-12-11T11:50:00+00:00,132.25,132.25,132.25,132.25,7
2024-12-11T11:55:00+00:00,132.25,132.25,131.85,131.85,25
2024-12-11T12:05:00+00:00,131.85,131.85,131.85,131.85,1
2024-12-11T12:10:00+00:00,131.85,132.0,131.85,132.0,42
2024-12-11T12:15:00+00:00,132.0,132.0,132.0,132.0,3
2024-12-11T12:20:00+00:00,132.1,132.2,132.1,132.2,5
2024-12-11T12:25:00+00:00,132.2,132.35,132.2,132.3,84
2024-12-11T12:30:00+00:00,132.4,132.4,132.4,132.4,4
2024-12-11T12:35:00+00:00,132.3,132.3,132.25,132.25,30
2024-12-11T13:00:00+00:00,132.35,132.35,132.35,132.35,1
2024-12-11T13:05:00+00:00,132.4,132.4,132.4,132.4,2
2024-12-11T13:10:00+00:00,132.25,132.4,132.25,132.4,7
2024-12-11T13:15:00+00:00,132.3,132.3,132.3,132.3,1
2024-12-11T13:20:00+00:00,132.3,132.3,132.3,132.3,52
2024-12-11T13:25:00+00:00,132.25,132.25,132.25,132.25,1
2024-12-11T13:35:00+00:00,132.3,132.3,132.3,132.3,1
2024-12-11T13:55:00+00:00,132.3,132.3,132.25,132.3,15
2024-12-11T14:00:00+00:00,132.3,132.3,132.3,132.3,2
2024-12-11T14:05:00+00:00,132.3,132.3,132.3,132.3,1
2024-12-11T14:10:00+00:00,132.25,132.25,132.25,132.25,1
2024-12-11T14:15:00+00:00,132.3,132.3,132.3,132.3,3
2024-12-11T14:25:00+00:00,132.3,132.3,132.3,132.3,3
2024-12-11T14:30:00+00:00,132.25,132.25,132.25,132.25,45
2024-12-11T14:35:00+00:00,132.25,132.25,132.25,132.25,2
2024-12-11T14:40:00+00:00,132.3,132.3,132.25,132.25,20
2024-12-11T14:45:00+00:00,132.3,132.3,132.0,132.0,186
2024-12-11T14:55:00+00:00,132.0,132.0,132.0,132.0,1
2024-12-11T15:00:00+00:00,131.85,131.85,131.8,131.8,3
2024-12-11T15:05:00+00:00,131.85,132.0,131.85,132.0,7
2024-12-11T15:10:00+00:00,132.0,132.0,131.8,131.8,28
2024-12-11T15:15:00+00:00,131.75,131.95,131.7,131.7,13
2024-12-11T15:20:00+00:00,131.7,131.9,131.7,131.7,55
2024-12-11T15:25:00+00:00,131.7,131.8,131.7,131.8,82
2024-12-11T15:30:00+00:00,131.8,131.9,131.7,131.7,9
2024-12-11T15:35:00+00:00,131.7,131.85,131.6,131.85,84
2024-12-11T16:00:00+00:00,131.7,131.7,131.7,131.7,2
2024-12-11T16:05:00+00:00,131.6,131.6,131.55,131.55,13
2024-12-11T16:10:00+00:00,131.55,131.85,131.55,131.6,46
2024-12-11T16:15:00+00:00,131.7,132.3,131.5,132.3,426
2024-12-11T16:20:00+00:00,132.3,132.3,132.1,132.1,21
2024-12-11T16:25:00+00:00,132.2,132.3,132.2,132.2,23
2024-12-11T16:30:00+00:00,132.3,132.3,132.0,132.0,19
2024-12-11T16:35:00+00:00,132.0,132.1,132.0,132.1,3
2024-12-11T16:40:00+00:00,132.0,132.1,132.0,132.1,2
2024-12-11T16:45:00+00:00,132.0,132.1,132.0,132.1,2
2024-12-11T16:50:00+00:00,132.1,132.4,132.1,132.4,24
2024-12-11T16:55:00+00:00,132.4,132.4,132.4,132.4,1
2024-12-11T17:00:00+00:00,132.4,132.4,131.65,132.4,52
2024-12-11T17:05:00+00:00,132.4,132.4,132.4,132.4,1
2024-12-11T17:10:00+00:00,132.4,132.4,132.4,132.4,10
2024-12-11T17:15:00+00:00,132.2,132.2,131.65,131.65,18
2024-12-11T17:20:00+00:00,131.8,131.9,131.8,131.9,4
2024-12-11T17:25:00+00:00,132.0,132.4,132.0,132.4,10
2024-12-11T17:35:00+00:00,132.4,132.5,132.4,132.5,11
2024-12-11T17:40:00+00:00,132.5,132.5,132.5,132.5,2
2024-12-11T17:45:00+00:00,132.4,132.4,132.4,132.4,1
2024-12-11T17:55:00+00:00,132.5,132.85,132.5,132.85,10
2024-12-11T18:05:00+00:00,132.7,132.7,132.7,132.7,1
2024-12-11T18:10:00+00:00,132.7,132.7,132.7,132.7,1
2024-12-11T18:20:00+00:00,132.7,132.8,132.7,132.8,4
2024-12-11T18:25:00+00:00,132.9,132.9,132.9,132.9,1
2024-12-11T18:30:00+00:00,132.9,132.95,132.9,132.95,4
2024-12-11T18:40:00+00:00,132.95,132.95,132.95,132.95,5
2024-12-11T18:50:00+00:00,132.8,132.8,132.8,132.8,1
2024-12-11T18:55:00+00:00,132.9,132.9,132.9,132.9,1
2024-12-11T19:00:00+00:00,132.8,132.8,132.8,132.8,1
2024-12-11T19:05:00+00:00,132.9,132.95,132.9,132.95,4
2024-12-11T19:15:00+00:00,132.8,132.8,132.35,132.35,15
2024-12-11T19:20:00+00:00,132.5,132.5,132.5,132.5,2
2024-12-11T19:25:00+00:00,132.6,132.6,132.6,132.6,1
2024-12-11T19:40:00+00:00,132.6,133.0,132.6,133.0,201
2024-12-11T19:50:00+00:00,132.9,132.9,132.7,132.7,5
2024-12-11T20:00:00+00:00,132.8,132.8,132.8,132.8,1
2024-12-11T20:10:00+00:00,133.0,133.0,133.0,133.0,2
2024-12-11T20:15:00+00:00,133.0,133.0,133.0,133.0,12
2024-12-11T20:30:00+00:00,133.0,133.0,133.0,133.0,11
2024-12-11T20:35:00+00:00,133.05,133.05,133.05,133.05,2
2024-12-11T20:40:00+00:00,133.1,133.15,133.1,133.15,30
2024-12-12T07:00:00+00:00,133.15,133.15,133.15,133.15,5
2024-12-12T07:05:00+00:00,132.95,132.95,132.35,132.7,74
2024-12-12T07:10:00+00:00,132.75,132.75,132.0,132.65,180
2024-12-12T07:15:00+00:00,132.65,132.65,132.55,132.55,2
2024-12-12T07:20:00+00:00,132.6,132.6,131.55,131.8,257
2024-12-12T07:25:00+00:00,131.85,132.05,131.55,131.55,118
2024-12-12T07:35:00+00:00,131.8,131.8,131.65,131.65,8
2024-12-12T07:40:00+00:00,131.65,131.75,130.7,131.6,447
2024-12-12T07:45:00+00:00,131.8,132.3,131.8,132.05,57
2024-12-12T07:50:00+00:00,132.0,132.35,132.0,132.35,43
2024-12-12T07:55:00+00:00,132.35,132.4,132.35,132.4,2
2024-12-12T08:00:00+00:00,132.35,132.35,132.0,132.0,66
2024-12-12T08:05:00+00:00,132.2,132.4,132.2,132.3,163
2024-12-12T08:10:00+00:00,132.3,132.3,132.1,132.1,7
2024-12-12T08:15:00+00:00,132.2,132.3,132.2,132.3,46
2024-12-12T08:20:00+00:00,132.4,132.4,132.4,132.4,2
2024-12-12T08:25:00+00:00,132.4,132.4,132.4,132.4,8
2024-12-12T08:30:00+00:00,132.45,132.5,132.3,132.3,12
2024-12-12T08:35:00+00:00,132.3,132.5,132.3,132.5,38
2024-12-12T08:40:00+00:00,132.3,132.5,132.3,132.5,11
2024-12-12T08:55:00+00:00,132.5,132.5,132.3,132.3,62
2024-12-12T09:00:00+00:00,132.5,132.5,132.5,132.5,1
2024-12-12T09:05:00+00:00,132.3,132.4,132.3,132.4,5
2024-12-12T09:10:00+00:00,132.3,132.4,132.3,132.3,8
2024-12-12T09:15:00+00:00,132.3,132.5,132.3,132.5,17
2024-12-12T09:20:00+00:00,132.4,132.5,132.4,132.5,26
2024-12-12T09:25:00+00:00,132.5,132.5,132.4,132.4,8
2024-12-12T09:30:00+00:00,132.5,132.5,132.0,132.0,125
2024-12-12T09:35:00+00:00,132.0,132.0,131.2,131.6,273
2024-12-12T09:40:00+00:00,131.6,131.7,131.6,131.7,8
2024-12-12T09:50:00+00:00,131.5,131.8,131.5,131.8,14
2024-12-12T09:55:00+00:00,131.85,131.85,131.85,131.85,1
2024-12-12T10:00:00+00:00,131.85,131.9,131.85,131.9,3
2024-12-12T10:05:00+00:00,131.85,131.85,131.85,131.85,100
2024-12-12T10:15:00+00:00,131.9,132.0,131.9,132.0,10
2024-12-12T10:20:00+00:00,131.95,132.0,131.95,132.0,136
2024-12-12T10:25:00+00:00,132.1,132.3,132.1,132.3,16
2024-12-12T10:30:00+00:00,132.2,132.2,132.2,132.2,1
2024-12-12T10:40:00+00:00,132.2,132.2,132.2,132.2,1
2024-12-12T10:45:00+00:00,132.3,132.4,132.3,132.4,10
2024-12-12T10:50:00+00:00,132.3,132.3,132.15,132.3,17
2024-12-12T10:55:00+00:00,132.3,132.3,132.3,132.3,1
2024-12-12T11:00:00+00:00,132.3,132.3,132.3,132.3,1
2024-12-12T11:05:00+00:00,132.4,132.4,132.4,132.4,5
2024-12-12T11:10:00+00:00,132.4,132.5,132.3,132.3,81
2024-12-12T11:15:00+00:00,132.45,132.45,132.45,132.45,4
2024-12-12T11:25:00+00:00,132.45,132.45,132.3,132.3,2
2024-12-12T11:30:00+00:00,132.3,132.3,132.1,132.1,504
2024-12-12T11:35:00+00:00,132.1,132.3,132.1,132.3,17
2024-12-12T11:55:00+00:00,132.2,132.2,132.2,132.2,3
2024-12-12T12:00:00+00:00,132.3,132.3,132.1,132.1,101
2024-12-12T12:05:00+00:00,132.1,132.1,132.1,132.1,217
2024-12-12T12:10:00+00:00,132.3,132.35,132.3,132.35,3
2024-12-12T12:15:00+00:00,132.35,132.35,132.35,132.35,1
2024-12-12T12:20:00+00:00,132.3,132.5,132.2,132.5,194
2024-12-12T12:25:00+00:00,132.4,132.4,132.2,132.2,5
2024-12-12T12:30:00+00:00,132.3,132.5,132.3,132.5,172
2024-12-12T12:45:00+00:00,132.3,132.45,132.3,132.45,18
2024-12-12T12:55:00+00:00,132.5,132.5,132.5,132.5,12
2024-12-12T13:05:00+00:00,132.45,132.45,132.2,132.2,27
2024-12-12T13:10:00+00:00,132.3,132.3,132.2,132.2,3
2024-12-12T13:15:00+00:00,132.2,132.35,132.2,132.35,9
2024-12-12T13:20:00+00:00,132.2,132.2,132.2,132.2,3
2024-12-12T13:30:00+00:00,132.2,132.4,132.2,132.4,3
2024-12-12T13:35:00+00:00,132.4,132.4,132.4,132.4,4
2024-12-12T13:55:00+00:00,132.2,132.2,132.2,132.2,4
2024-12-12T14:00:00+00:00,132.35,132.35,132.35,132.35,18
2024-12-12T14:05:00+00:00,132.45,132.45,132.45,132.45,37
2024-12-12T14:10:00+00:00,132.35,132.5,132.35,132.5,10
2024-12-12T14:15:00+00:00,132.35,132.35,132.35,132.35,2
2024-12-12T14:25:00+00:00,132.35,132.35,132.35,132.35,27
2024-12-12T14:30:00+00:00,132.35,132.4,132.35,132.4,3
2024-12-12T14:40:00+00:00,132.4,132.4,132.4,132.4,1
2024-12-12T14:45:00+00:00,132.4,132.4,132.35,132.35,7
2024-12-12T14:50:00+00:00,132.35,132.4,132.35,132.4,71
2024-12-12T15:05:00+00:00,132.4,132.4,132.35,132.35,10
2024-12-12T15:10:00+00:00,132.35,132.35,132.15,132.15,41
2024-12-12T15:15:00+00:00,132.35,132.35,132.35,132.35,2
2024-12-12T15:20:00+00:00,132.35,132.35,132.15,132.15,4
2024-12-12T15:25:00+00:00,132.15,132.15,132.15,132.15,1
2024-12-12T15:30:00+00:00,132.15,132.4,132.15,132.15,63
2024-12-12T15:35:00+00:00,132.4,132.4,132.1,132.1,71
2024-12-12T16:05:00+00:00,132.15,132.15,132.1,132.1,20
2024-12-12T16:10:00+00:00,132.25,132.45,132.25,132.45,12
2024-12-12T16:15:00+00:00,132.35,132.35,132.3,132.3,18
2024-12-12T16:20:00+00:00,132.25,132.25,132.1,132.1,41
2024-12-12T16:25:00+00:00,132.1,132.1,132.1,132.1,3
2024-12-12T16:30:00+00:00,132.1,132.1,132.1,132.1,4
2024-12-12T16:35:00+00:00,132.1,132.1,132.1,132.1,1
2024-12-12T16:50:00+00:00,132.25,132.25,132.25,132.25,1
2024-12-12T16:55:00+00:00,132.25,132.25,132.25,132.25,1
2024-12-12T17:10:00+00:00,132.25,132.25,132.1,132.1,11
2024-12-12T17:15:00+00:00,132.25,132.3,132.25,132.3,3
2024-12-12T17:25:00+00:00,132.3,132.3,132.3,132.3,3
2024-12-12T17:30:00+00:00,132.15,132.15,132.15,132.15,2
2024-12-12T17:35:00+00:00,132.15,132.15,132.15,132.15,7
2024-12-12T17:40:00+00:00,132.15,132.15,132.15,132.15,1
2024-12-12T17:45:00+00:00,132.25,132.3,132.25,132.3,7
2024-12-12T17:55:00+00:00,132.15,132.15,132.15,132.15,4
2024-12-12T18:00:00+00:00,132.15,132.15,132.15,132.15,1
2024-12-12T18:15:00+00:00,132.15,132.15,132.15,132.15,38
2024-12-12T18:30:00+00:00,132.25,132.25,132.1,132.1,101
2024-12-12T18:35:00+00:00,132.25,132.45,132.15,132.15,177
2024-12-12T18:40:00+00:00,132.3,132.5,132.3,132.5,82
2024-12-12T18:45:00+00:00,132.5,132.5,132.15,132.25,19
2024-12-12T18:55:00+00:00,132.15,132.35,132.15,132.35,2
2024-12-12T19:00:00+00:00,132.35,132.35,132.35,132.35,1
2024-12-12T19:05:00+00:00,132.45,132.45,132.45,132.45,1
2024-12-12T19:10:00+00:00,132.45,132.45,132.45,132.45,1
2024-12-12T19:20:00+00:00,132.35,132.35,132.25,132.35,5
2024-12-12T19:25:00+00:00,132.25,132.25,132.1,132.1,10
2024-12-12T19:30:00+00:00,132.15,132.15,132.15,132.15,12
2024-12-12T19:45:00+00:00,132.25,132.25,132.25,132.25,2
2024-12-12T20:05:00+00:00,132.25,132.25,132.15,132.15,12
2024-12-12T20:10:00+00:00,132.25,132.45,132.25,132.35,29
2024-12-12T20:15:00+00:00,132.35,132.35,132.35,132.35,1
2024-12-12T20:20:00+00:00,132.3,132.3,132.3,132.3,1
2024-12-12T20:25:00+00:00,132.25,132.25,132.25,132.25,3
2024-12-12T20:40:00+00:00,132.15,132.15,132.15,132.15,41
2024-12-12T20:45:00+00:00,132.15,132.15,132.15,132.15,1
2024-12-13T07:00:00+00:00,131.95,131.95,131.95,131.95,3
2024-12-13T07:05:00+00:00,131.95,132.25,131.95,132.25,28
2024-12-13T07:10:00+00:00,132.3,133.0,132.3,133.0,135
2024-12-13T07:15:00+00:00,133.0,133.1,132.7,132.7,50
2024-12-13T07:20:00+00:00,133.1,133.2,133.0,133.15,103
2024-12-13T07:25:00+00:00,133.15,133.15,133.15,133.15,18
2024-12-13T07:30:00+00:00,132.9,132.95,132.7,132.95,15
2024-12-13T07:35:00+00:00,132.65,132.65,132.4,132.45,72
2024-12-13T07:40:00+00:00,132.5,132.7,132.35,132.65,107
2024-12-13T07:45:00+00:00,132.55,132.8,132.55,132.8,26
2024-12-13T07:50:00+00:00,132.75,132.75,132.5,132.5,5
2024-12-13T07:55:00+00:00,132.5,132.75,132.5,132.75,21
2024-12-13T08:00:00+00:00,132.45,132.65,132.45,132.65,6
2024-12-13T08:05:00+00:00,132.65,132.85,132.5,132.75,44
2024-12-13T08:10:00+00:00,132.7,132.7,132.7,132.7,1
2024-12-13T08:15:00+00:00,132.6,132.65,132.45,132.65,11
2024-12-13T08:20:00+00:00,132.45,132.55,132.4,132.55,31
2024-12-13T08:25:00+00:00,132.55,132.55,131.7,132.15,1002
2024-12-13T08:30:00+00:00,131.9,132.0,131.5,131.85,137
2024-12-13T08:35:00+00:00,131.55,131.8,131.55,131.8,2
2024-12-13T08:40:00+00:00,131.8,131.8,131.55,131.55,7
2024-12-13T08:45:00+00:00,131.65,131.75,131.65,131.75,45
2024-12-13T08:50:00+00:00,131.85,131.85,131.85,131.85,2
2024-12-13T08:55:00+00:00,131.8,131.8,131.75,131.75,5
2024-12-13T09:05:00+00:00,131.75,131.95,131.75,131.95,10
2024-12-13T09:10:00+00:00,131.95,131.95,131.95,131.95,1
2024-12-13T09:15:00+00:00,131.95,132.05,131.95,132.05,5
2024-12-13T09:20:00+00:00,132.05,132.05,131.85,131.95,5
2024-12-13T09:25:00+00:00,132.0,132.0,132.0,132.0,1
2024-12-13T09:30:00+00:00,131.95,131.95,131.95,131.95,4
2024-12-13T09:35:00+00:00,132.05,132.05,132.05,132.05,2
2024-12-13T09:45:00+00:00,132.1,132.1,132.1,132.1,1
2024-12-13T09:50:00+00:00,132.15,132.3,131.75,132.0,83
2024-12-13T09:55:00+00:00,132.05,132.15,132.05,132.15,3
2024-12-13T10:05:00+00:00,132.15,132.15,132.15,132.15,1
2024-12-13T10:10:00+00:00,132.2,132.25,132.2,132.25,2
2024-12-13T10:15:00+00:00,132.25,132.35,132.25,132.25,8
2024-12-13T10:20:00+00:00,132.25,132.3,132.25,132.3,26
2024-12-13T10:25:00+00:00,132.3,132.3,132.0,132.0,65
2024-12-13T10:30:00+00:00,132.0,132.0,131.95,132.0,49
2024-12-13T10:35:00+00:00,131.85,131.85,131.2,131.2,330
2024-12-13T10:40:00+00:00,131.2,131.2,131.2,131.2,9
2024-12-13T10:45:00+00:00,131.2,131.2,131.2,131.2,6
2024-12-13T10:50:00+00:00,131.2,131.35,131.2,131.35,465
2024-12-13T10:55:00+00:00,131.4,131.4,131.4,131.4,4
2024-12-13T11:00:00+00:00,131.4,131.4,131.4,131.4,2
2024-12-13T11:05:00+00:00,131.4,131.4,131.4,131.4,2
2024-12-13T11:10:00+00:00,131.4,131.4,131.4,131.4,2
2024-12-13T11:15:00+00:00,131.45,131.65,131.45,131.65,6
2024-12-13T11:20:00+00:00,131.55,131.65,131.55,131.65,3
2024-12-13T11:25:00+00:00,131.55,131.55,131.55,131.55,2
2024-12-13T11:30:00+00:00,131.6,131.6,131.6,131.6,10
2024-12-13T11:35:00+00:00,131.6,131.6,131.6,131.6,3
2024-12-13T11:40:00+00:00,131.6,131.6,131.6,131.6,4
2024-12-13T11:45:00+00:00,131.6,131.6,131.6,131.6,1
2024-12-13T11:50:00+00:00,131.55,131.55,131.55,131.55,2
2024-12-13T11:55:00+00:00,131.55,131.55,131.55,131.55,5
2024-12-13T12:05:00+00:00,131.5,131.55,131.45,131.55,21
2024-12-13T12:10:00+00:00,131.55,131.55,131.55,131.55,1
2024-12-13T12:15:00+00:00,131.45,131.65,131.4,131.4,44
2024-12-13T12:20:00+00:00,131.35,131.35,130.9,131.05,614
2024-12-13T12:25:00+00:00,131.05,131.3,131.05,131.3,20
2024-12-13T12:35:00+00:00,131.3,131.45,131.3,131.45,45
2024-12-13T12:40:00+00:00,131.45,131.45,131.45,131.45,1
2024-12-13T12:50:00+00:00,131.45,131.45,131.15,131.15,6
2024-12-13T12:55:00+00:00,131.15,131.15,131.0,131.0,176
2024-12-13T13:00:00+00:00,131.0,131.0,130.95,130.95,9
2024-12-13T13:05:00+00:00,130.95,130.95,130.95,130.95,41
2024-12-13T13:10:00+00:00,130.95,130.95,130.95,130.95,1
2024-12-13T13:15:00+00:00,130.95,130.95,130.9,130.95,14
2024-12-13T13:20:00+00:00,130.95,131.0,130.95,131.0,101
2024-12-13T13:25:00+00:00,131.0,131.0,130.9,131.0,25
2024-12-13T13:30:00+00:00,130.9,131.0,130.9,131.0,202
2024-12-13T13:35:00+00:00,131.0,131.0,131.0,131.0,87
2024-12-13T13:45:00+00:00,131.0,131.0,130.95,130.95,4
2024-12-13T13:50:00+00:00,130.95,131.0,130.95,130.95,40
2024-12-13T13:55:00+00:00,130.95,130.95,130.85,130.95,28
2024-12-13T14:00:00+00:00,130.95,131.0,130.95,130.95,4
2024-12-13T14:05:00+00:00,130.95,130.95,130.95,130.95,3
2024-12-13T14:10:00+00:00,131.0,131.05,130.95,130.95,3
2024-12-13T14:15:00+00:00,131.05,131.3,131.05,131.3,9
2024-12-13T14:20:00+00:00,131.35,131.45,131.35,131.45,23
2024-12-13T14:25:00+00:00,131.4,131.4,131.4,131.4,5
2024-12-13T14:30:00+00:00,131.4,131.4,131.4,131.4,1
2024-12-13T14:35:00+00:00,131.1,131.1,131.1,131.1,1
2024-12-13T14:40:00+00:00,131.25,131.35,131.25,131.35,3
2024-12-13T14:45:00+00:00,131.35,131.45,131.35,131.45,40
2024-12-13T14:55:00+00:00,131.15,131.15,130.55,130.55,540
2024-12-13T15:00:00+00:00,130.85,131.3,130.85,131.3,31
2024-12-13T15:05:00+00:00,130.85,130.85,130.6,130.6,50
2024-12-13T15:10:00+00:00,131.0,131.6,130.55,131.3,96
2024-12-13T15:15:00+00:00,131.3,131.3,130.9,130.9,19
2024-12-13T15:20:00+00:00,130.85,131.0,130.6,130.85,168
2024-12-13T15:25:00+00:00,130.6,130.6,130.6,130.6,7
2024-12-13T15:35:00+00:00,130.8,130.8,130.75,130.75,3
2024-12-13T15:45:00+00:00,130.8,130.8,130.8,130.8,2
2024-12-13T16:05:00+00:00,130.7,130.9,130.7,130.9,6
2024-12-13T16:10:00+00:00,130.9,130.9,130.9,130.9,5
2024-12-13T16:20:00+00:00,130.95,130.95,130.95,130.95,1
2024-12-13T16:40:00+00:00,130.9,130.9,130.9,130.9,1
2024-12-13T16:45:00+00:00,130.95,130.95,130.9,130.9,3
2024-12-13T17:10:00+00:00,130.95,130.95,130.95,130.95,12
2024-12-13T17:20:00+00:00,130.95,130.95,130.95,130.95,3
2024-12-13T17:30:00+00:00,130.8,130.8,130.5,130.8,153
2024-12-13T17:35:00+00:00,130.85,130.85,130.85,130.85,2
2024-12-13T17:45:00+00:00,130.85,130.85,130.85,130.85,1
2024-12-13T17:55:00+00:00,130.8,130.8,130.05,130.6,429
2024-12-13T18:00:00+00:00,130.7,130.85,130.7,130.85,10
2024-12-13T18:10:00+00:00,130.85,130.85,130.85,130.85,10
2024-12-13T18:15:00+00:00,130.85,130.9,130.85,130.9,6
2024-12-13T18:20:00+00:00,130.95,131.0,130.95,131.0,6
2024-12-13T18:25:00+00:00,131.05,131.05,130.45,130.8,51
2024-12-13T18:30:00+00:00,130.9,130.9,130.9,130.9,1
2024-12-13T18:45:00+00:00,130.8,130.8,130.8,130.8,1
2024-12-13T18:55:00+00:00,130.9,130.9,130.9,130.9,1
2024-12-13T19:00:00+00:00,130.8,130.95,130.8,130.95,77
2024-12-13T19:05:00+00:00,130.95,131.0,130.9,131.0,85
2024-12-13T19:10:00+00:00,131.0,131.1,130.9,131.0,40
2024-12-13T19:20:00+00:00,131.1,131.1,131.1,131.1,7
2024-12-13T19:25:00+00:00,131.1,131.1,131.1,131.1,42
2024-12-13T19:30:00+00:00,131.1,131.1,130.9,130.9,2
2024-12-13T19:35:00+00:00,130.9,130.9,130.9,130.9,7
2024-12-13T19:45:00+00:00,130.8,130.8,130.8,130.8,2
2024-12-13T19:50:00+00:00,130.7,130.7,130.4,130.4,9
2024-12-13T20:00:00+00:00,130.5,130.5,130.5,130.5,1
2024-12-13T20:10:00+00:00,130.55,130.8,130.55,130.8,6
2024-12-13T20:15:00+00:00,130.8,130.8,130.8,130.8,1
2024-12-13T20:20:00+00:00,130.9,131.05,130.9,131.05,35
2024-12-13T20:25:00+00:00,131.1,131.1,131.1,131.1,20
2024-12-13T20:35:00+00:00,130.9,130.9,130.9,130.9,3
2024-12-13T20:40:00+00:00,130.85,130.85,130.55,130.8,22
2024-12-13T20:45:00+00:00,130.9,130.9,130.9,130.9,2
2024-12-16T06:55:00+00:00,130.05,130.05,130.05,130.05,10
2024-12-16T07:00:00+00:00,130.85,130.95,130.5,130.7,127
2024-12-16T07:05:00+00:00,130.8,131.1,130.35,130.45,71
2024-12-16T07:10:00+00:00,130.8,130.9,130.45,130.9,37
2024-12-16T07:20:00+00:00,130.9,130.95,130.9,130.95,24
2024-12-16T07:25:00+00:00,130.85,130.95,130.85,130.95,6
2024-12-16T07:30:00+00:00,130.95,130.95,130.65,130.65,17
2024-12-16T07:35:00+00:00,130.65,130.65,130.5,130.5,78
2024-12-16T07:40:00+00:00,130.5,130.65,130.15,130.4,48
2024-12-16T07:45:00+00:00,130.15,130.35,130.1,130.1,40
2024-12-16T07:50:00+00:00,130.4,130.75,130.25,130.25,91
2024-12-16T07:55:00+00:00,130.5,130.65,130.4,130.4,8
2024-12-16T08:00:00+00:00,130.65,130.75,130.45,130.45,47
2024-12-16T08:05:00+00:00,130.45,130.8,130.35,130.55,131
2024-12-16T08:10:00+00:00,130.9,131.75,130.9,131.4,1395
2024-12-16T08:15:00+00:00,131.4,131.4,131.4,131.4,4
2024-12-16T08:20:00+00:00,131.35,131.35,131.15,131.3,4
2024-12-16T08:25:00+00:00,131.15,131.15,131.15,131.15,1
2024-12-16T08:30:00+00:00,131.15,131.3,130.95,131.3,168
2024-12-16T08:35:00+00:00,131.25,131.25,130.9,130.9,23
2024-12-16T08:40:00+00:00,130.8,130.8,130.55,130.6,24
2024-12-16T08:45:00+00:00,130.55,130.75,130.45,130.75,18
2024-12-16T08:50:00+00:00,130.85,130.95,130.85,130.85,4
2024-12-16T08:55:00+00:00,130.8,130.8,130.75,130.75,289
2024-12-16T09:00:00+00:00,130.75,130.75,130.75,130.75,3
2024-12-16T09:05:00+00:00,130.75,130.75,130.75,130.75,4
2024-12-16T09:15:00+00:00,130.95,131.05,130.95,131.05,7
2024-12-16T09:20:00+00:00,131.05,131.3,131.05,131.3,58
2024-12-16T09:25:00+00:00,131.3,131.3,131.3,131.3,1
2024-12-16T09:30:00+00:00,131.3,131.3,131.3,131.3,4
2024-12-16T09:35:00+00:00,131.15,131.15,131.05,131.15,12
2024-12-16T09:40:00+00:00,131.05,131.15,131.0,131.15,27
2024-12-16T09:45:00+00:00,131.2,131.2,131.2,131.2,1
2024-12-16T09:50:00+00:00,131.2,131.2,131.0,131.0,35
2024-12-16T09:55:00+00:00,130.95,131.0,130.65,131.0,59
2024-12-16T10:00:00+00:00,130.95,130.95,130.95,130.95,1
2024-12-16T10:05:00+00:00,130.95,131.0,130.95,130.95,7
2024-12-16T10:15:00+00:00,131.0,131.0,131.0,131.0,1
2024-12-16T10:20:00+00:00,131.0,131.0,130.95,130.95,42
2024-12-16T10:25:00+00:00,130.95,130.95,130.95,130.95,16
2024-12-16T10:30:00+00:00,130.95,130.95,130.95,130.95,1
2024-12-16T10:35:00+00:00,131.0,131.0,130.7,130.7,13
2024-12-16T10:40:00+00:00,130.85,131.0,130.85,131.0,51
2024-12-16T10:45:00+00:00,131.0,131.1,130.75,131.05,57
2024-12-16T10:55:00+00:00,130.95,130.95,130.95,130.95,4
2024-12-16T11:00:00+00:00,130.95,130.95,130.95,130.95,12
2024-12-16T11:05:00+00:00,130.95,130.95,130.85,130.85,4
2024-12-16T11:10:00+00:00,130.85,130.95,130.7,130.7,20
2024-12-16T11:15:00+00:00,130.85,130.9,130.85,130.9,7
2024-12-16T11:20:00+00:00,130.95,131.25,130.95,131.05,204
2024-12-16T11:25:00+00:00,131.0,131.0,130.65,130.85,62
2024-12-16T11:30:00+00:00,130.85,131.0,130.85,131.0,5
2024-12-16T11:35:00+00:00,130.85,130.95,130.5,130.5,151
2024-12-16T11:40:00+00:00,130.45,130.45,130.4,130.4,4
2024-12-16T11:45:00+00:00,130.45,130.5,130.4,130.5,16
2024-12-16T11:50:00+00:00,130.5,130.5,130.5,130.5,7
2024-12-16T11:55:00+00:00,130.55,130.55,130.4,130.4,15
2024-12-16T12:00:00+00:00,130.55,130.55,130.55,130.55,7
2024-12-16T12:05:00+00:00,130.55,130.55,130.35,130.35,17
2024-12-16T12:10:00+00:00,130.35,130.55,130.3,130.55,47
2024-12-16T12:15:00+00:00,130.5,130.5,130.3,130.3,45
2024-12-16T12:20:00+00:00,130.3,130.45,130.3,130.45,50
2024-12-16T12:25:00+00:00,130.35,130.35,130.2,130.35,61
2024-12-16T12:35:00+00:00,130.25,130.25,130.25,130.25,1
2024-12-16T12:40:00+00:00,130.25,130.35,130.05,130.05,83
2024-12-16T12:45:00+00:00,130.15,130.55,130.0,130.35,169
2024-12-16T12:50:00+00:00,130.35,130.35,130.05,130.05,12
2024-12-16T12:55:00+00:00,130.0,130.0,129.85,129.95,47
2024-12-16T13:00:00+00:00,129.85,129.9,129.85,129.9,76
2024-12-16T13:05:00+00:00,129.95,130.0,129.95,130.0,3
2024-12-16T13:10:00+00:00,130.0,130.0,130.0,130.0,33
2024-12-16T13:15:00+00:00,130.05,130.05,130.0,130.0,7
2024-12-16T13:20:00+00:00,130.05,130.05,130.05,130.05,8
2024-12-16T13:25:00+00:00,130.15,130.65,130.15,130.65,110
2024-12-16T13:30:00+00:00,130.45,130.55,130.45,130.45,3
2024-12-16T13:35:00+00:00,130.45,130.5,130.45,130.5,4
2024-12-16T13:40:00+00:00,130.45,130.45,130.45,130.45,8
2024-12-16T13:45:00+00:00,130.4,130.4,130.4,130.4,2
2024-12-16T13:50:00+00:00,130.4,130.4,130.35,130.35,7
2024-12-16T13:55:00+00:00,130.45,130.45,130.45,130.45,16
2024-12-16T14:00:00+00:00,130.45,130.45,130.45,130.45,17
2024-12-16T14:05:00+00:00,130.35,130.35,130.35,130.35,1
2024-12-16T14:10:00+00:00,130.45,130.45,130.15,130.15,24
2024-12-16T14:15:00+00:00,130.25,130.25,130.25,130.25,1
2024-12-16T14:25:00+00:00,130.25,130.35,130.25,130.35,2
2024-12-16T14:30:00+00:00,130.35,130.35,130.35,130.35,1
2024-12-16T14:35:00+00:00,130.45,130.45,130.45,130.45,8
2024-12-16T14:40:00+00:00,130.3,130.3,130.0,130.25,112
2024-12-16T14:45:00+00:00,130.0,130.0,129.8,129.8,76
2024-12-16T14:50:00+00:00,129.8,130.05,129.8,130.05,40
2024-12-16T14:55:00+00:00,130.1,130.1,130.1,130.1,3
2024-12-16T15:00:00+00:00,129.85,129.85,129.85,129.85,4
2024-12-16T15:05:00+00:00,129.85,129.85,129.85,129.85,2
2024-12-16T15:10:00+00:00,129.85,129.85,129.4,129.4,148
2024-12-16T15:15:00+00:00,129.45,130.0,129.2,129.6,168
2024-12-16T15:20:00+00:00,129.7,129.7,129.7,129.7,1
2024-12-16T15:25:00+00:00,129.7,129.75,129.2,129.35,1003
2024-12-16T15:30:00+00:00,129.6,130.35,129.6,130.35,92
2024-12-16T15:35:00+00:00,130.2,130.2,130.1,130.1,11
2024-12-16T15:45:00+00:00,130.15,130.15,130.15,130.15,1
2024-12-16T16:00:00+00:00,130.05,130.05,130.05,130.05,1
2024-12-16T16:05:00+00:00,130.05,130.05,130.0,130.05,19
2024-12-16T16:10:00+00:00,130.05,130.05,130.05,130.05,3
2024-12-16T16:15:00+00:00,130.0,130.0,130.0,130.0,1
2024-12-16T16:20:00+00:00,130.05,130.05,130.0,130.0,3
2024-12-16T16:25:00+00:00,129.95,129.95,129.8,129.8,7
2024-12-16T16:30:00+00:00,129.9,129.95,129.45,129.6,133
2024-12-16T16:35:00+00:00,129.55,129.6,129.45,129.6,6
2024-12-16T16:40:00+00:00,129.6,129.7,129.55,129.6,14
2024-12-16T16:45:00+00:00,129.65,129.95,129.65,129.95,40
2024-12-16T16:50:00+00:00,129.95,129.95,129.95,129.95,2
2024-12-16T16:55:00+00:00,129.95,129.95,129.8,129.9,5
2024-12-16T17:00:00+00:00,129.85,129.85,129.85,129.85,10
2024-12-16T17:10:00+00:00,129.85,129.95,129.7,129.95,14
2024-12-16T17:20:00+00:00,129.95,130.0,129.95,130.0,38
2024-12-16T17:25:00+00:00,129.95,129.95,129.95,129.95,3
2024-12-16T17:30:00+00:00,129.95,130.0,129.95,130.0,3
2024-12-16T17:35:00+00:00,129.9,130.0,129.9,129.9,35
2024-12-16T17:45:00+00:00,129.9,129.95,129.9,129.95,4
2024-12-16T17:50:00+00:00,129.95,130.0,129.9,130.0,52
2024-12-16T18:00:00+00:00,129.95,129.95,129.8,129.8,15
2024-12-16T18:05:00+00:00,129.9,129.9,129.9,129.9,1
2024-12-16T18:15:00+00:00,129.8,129.8,129.75,129.75,5
2024-12-16T18:25:00+00:00,129.75,129.75,129.35,129.35,179
2024-12-16T18:30:00+00:00,129.5,129.9,129.5,129.9,28
2024-12-16T18:40:00+00:00,129.8,129.8,129.6,129.75,111
2024-12-16T18:45:00+00:00,129.6,129.75,129.45,129.75,70
2024-12-16T19:00:00+00:00,129.75,129.75,129.75,129.75,15
2024-12-16T19:05:00+00:00,129.75,129.75,129.75,129.75,2
2024-12-16T19:10:00+00:00,129.75,129.8,129.75,129.75,570
2024-12-16T19:15:00+00:00,129.75,129.75,129.7,129.7,42
2024-12-16T19:20:00+00:00,129.75,129.75,129.75,129.75,50
2024-12-16T19:25:00+00:00,129.75,129.75,129.75,129.75,8
2024-12-16T19:30:00+00:00,129.75,129.75,129.75,129.75,3
2024-12-16T19:40:00+00:00,129.75,129.75,129.7,129.7,2
2024-12-16T19:45:00+00:00,129.7,129.7,129.5,129.6,42
2024-12-16T19:50:00+00:00,129.5,129.5,129.35,129.35,151
2024-12-16T19:55:00+00:00,129.35,129.35,129.35,129.35,3
2024-12-16T20:00:00+00:00,129.35,129.4,129.35,129.4,24
2024-12-16T20:05:00+00:00,129.3,129.3,129.3,129.3,102
2024-12-16T20:10:00+00:00,129.3,129.3,129.15,129.15,10
2024-12-16T20:15:00+00:00,129.25,129.3,129.25,129.3,207
2024-12-16T20:25:00+00:00,129.2,129.2,129.2,129.2,3
2024-12-16T20:30:00+00:00,129.15,129.3,129.15,129.3,5
2024-12-16T20:35:00+00:00,129.3,129.3,129.3,129.3,1
2024-12-16T20:40:00+00:00,129.4,129.4,129.4,129.4,82
2024-12-16T20:45:00+00:00,129.3,129.3,129.15,129.15,21
2024-12-17T07:00:00+00:00,129.45,130.4,129.45,130.25,69
2024-12-17T07:05:00+00:00,130.4,130.4,130.4,130.4,23
2024-12-17T07:10:00+00:00,130.4,130.4,130.2,130.2,20
2024-12-17T07:15:00+00:00,130.05,130.3,130.05,130.3,4
2024-12-17T07:20:00+00:00,130.15,130.3,130.15,130.3,3
2024-12-17T07:25:00+00:00,130.25,130.3,130.0,130.05,53
2024-12-17T07:30:00+00:00,130.05,130.3,129.8,130.0,522
2024-12-17T07:35:00+00:00,129.95,130.15,129.8,129.9,65
2024-12-17T07:40:00+00:00,129.85,129.85,129.8,129.8,4
2024-12-17T07:45:00+00:00,129.85,129.9,129.85,129.9,72
2024-12-17T07:50:00+00:00,130.0,130.25,130.0,130.25,583
2024-12-17T07:55:00+00:00,130.25,130.25,130.2,130.25,23
2024-12-17T08:00:00+00:00,130.3,130.3,130.3,130.3,53
2024-12-17T08:05:00+00:00,130.3,130.35,130.3,130.3,166
2024-12-17T08:10:00+00:00,130.2,130.3,130.0,130.25,202
2024-12-17T08:15:00+00:00,130.2,130.2,130.2,130.2,3
2024-12-17T08:20:00+00:00,130.25,130.25,129.95,130.05,8
2024-12-17T08:25:00+00:00,130.05,130.05,129.9,129.9,225
2024-12-17T08:30:00+00:00,130.05,130.25,129.9,129.95,140
2024-12-17T08:35:00+00:00,129.9,129.9,129.9,129.9,2
2024-12-17T08:40:00+00:00,130.0,130.05,130.0,130.0,202
2024-12-17T08:50:00+00:00,130.0,130.0,130.0,130.0,100
2024-12-17T08:55:00+00:00,130.15,130.15,130.15,130.15,1
2024-12-17T09:05:00+00:00,130.15,130.15,130.15,130.15,16
2024-12-17T09:10:00+00:00,130.1,130.15,130.1,130.15,2
2024-12-17T09:15:00+00:00,130.15,130.15,130.15,130.15,5
2024-12-17T09:20:00+00:00,130.25,130.25,130.2,130.2,3
2024-12-17T09:25:00+00:00,130.2,130.25,130.2,130.25,7
2024-12-17T09:30:00+00:00,130.3,130.3,130.25,130.25,44
2024-12-17T09:35:00+00:00,130.25,130.25,130.15,130.15,7
2024-12-17T09:40:00+00:00,130.25,130.25,130.25,130.25,11
2024-12-17T09:45:00+00:00,130.15,130.15,130.15,130.15,10
2024-12-17T09:50:00+00:00,130.15,130.25,130.15,130.25,4
2024-12-17T09:55:00+00:00,130.25,130.45,130.25,130.45,79
2024-12-17T10:00:00+00:00,130.45,130.45,130.15,130.15,43
2024-12-17T10:05:00+00:00,130.25,130.25,130.25,130.25,6
2024-12-17T10:10:00+00:00,130.15,130.15,130.15,130.15,1
2024-12-17T10:15:00+00:00,130.25,130.25,130.25,130.25,13
2024-12-17T10:20:00+00:00,130.25,130.25,130.25,130.25,1
2024-12-17T10:25:00+00:00,130.25,130.25,130.25,130.25,1
2024-12-17T10:35:00+00:00,130.2,130.2,130.2,130.2,2
2024-12-17T10:40:00+00:00,130.15,130.15,130.1,130.1,6
2024-12-17T10:50:00+00:00,130.15,130.15,130.15,130.15,1
2024-12-17T10:55:00+00:00,130.15,130.15,130.15,130.15,1
2024-12-17T11:05:00+00:00,130.2,130.2,130.2,130.2,1
2024-12-17T11:10:00+00:00,130.2,130.25,130.2,130.25,42
2024-12-17T11:15:00+00:00,130.25,130.25,130.25,130.25,2
2024-12-17T11:20:00+00:00,130.25,130.25,130.1,130.1,25
2024-12-17T11:25:00+00:00,130.1,130.25,130.05,130.05,75
2024-12-17T11:30:00+00:00,130.1,130.1,130.1,130.1,1
2024-12-17T11:35:00+00:00,130.1,130.25,130.1,130.25,56
2024-12-17T11:40:00+00:00,130.25,130.25,130.25,130.25,6
2024-12-17T11:45:00+00:00,130.1,130.4,130.1,130.3,26
2024-12-17T11:50:00+00:00,130.45,130.45,130.45,130.45,21
2024-12-17T11:55:00+00:00,130.25,130.25,130.1,130.1,24
2024-12-17T12:00:00+00:00,130.25,130.35,130.25,130.3,7
2024-12-17T12:05:00+00:00,130.3,130.35,130.3,130.3,11
2024-12-17T12:10:00+00:00,130.35,130.35,130.35,130.35,3
2024-12-17T12:15:00+00:00,130.35,130.35,130.35,130.35,2
2024-12-17T12:25:00+00:00,130.35,130.35,130.35,130.35,1
2024-12-17T12:30:00+00:00,130.35,130.35,130.0,130.15,231
2024-12-17T12:35:00+00:00,130.15,130.15,130.15,130.15,1
2024-12-17T12:40:00+00:00,130.25,130.25,130.25,130.25,2
2024-12-17T12:45:00+00:00,130.2,130.2,130.2,130.2,3
2024-12-17T12:50:00+00:00,130.25,130.25,130.25,130.25,1
2024-12-17T12:55:00+00:00,130.25,130.25,130.0,130.0,9
2024-12-17T13:00:00+00:00,130.0,130.05,129.9,130.05,16
2024-12-17T13:05:00+00:00,130.15,130.2,130.15,130.2,3
2024-12-17T13:10:00+00:00,130.2,130.2,130.05,130.05,6
2024-12-17T13:15:00+00:00,130.05,130.25,129.9,129.9,57
2024-12-17T13:20:00+00:00,129.9,130.05,129.9,130.05,4
2024-12-17T13:25:00+00:00,130.05,130.1,129.85,130.1,82
2024-12-17T13:30:00+00:00,130.0,130.0,129.95,129.95,3
2024-12-17T13:35:00+00:00,130.0,130.0,129.85,129.85,16
2024-12-17T13:40:00+00:00,129.8,129.95,129.8,129.95,107
2024-12-17T13:45:00+00:00,129.95,130.0,129.9,130.0,33
2024-12-17T13:50:00+00:00,129.85,130.0,129.85,130.0,29
2024-12-17T13:55:00+00:00,130.0,130.1,130.0,130.1,236
2024-12-17T14:00:00+00:00,130.15,130.15,130.15,130.15,1
2024-12-17T14:05:00+00:00,130.15,130.15,130.15,130.15,5
2024-12-17T14:10:00+00:00,130.05,130.05,129.8,130.05,50
2024-12-17T14:15:00+00:00,130.05,130.15,129.95,130.05,400
2024-12-17T14:20:00+00:00,130.15,132.5,130.15,132.15,1095
2024-12-17T14:25:00+00:00,132.2,132.2,131.85,131.85,31
2024-12-17T14:30:00+00:00,131.85,131.9,131.45,131.5,58
2024-12-17T14:35:00+00:00,131.15,131.15,131.0,131.0,34
2024-12-17T14:40:00+00:00,131.15,131.15,131.15,131.15,70
2024-12-17T14:45:00+00:00,131.15,131.15,131.15,131.15,1
2024-12-17T14:50:00+00:00,131.15,131.15,131.15,131.15,14
2024-12-17T14:55:00+00:00,131.15,131.15,131.15,131.15,1
2024-12-17T15:00:00+00:00,131.0,131.1,131.0,131.0,4
2024-12-17T15:05:00+00:00,131.0,131.0,130.75,131.0,15
2024-12-17T15:10:00+00:00,131.0,131.35,130.9,131.25,184
2024-12-17T15:15:00+00:00,131.25,131.75,131.25,131.75,255
2024-12-17T15:20:00+00:00,131.7,131.8,131.5,131.65,23
2024-12-17T15:25:00+00:00,131.7,132.15,131.05,131.05,223
2024-12-17T15:30:00+00:00,131.2,131.3,130.9,130.9,86
2024-12-17T15:35:00+00:00,131.15,131.2,130.15,130.35,96
2024-12-17T15:45:00+00:00,129.6,129.6,129.6,129.6,392
2024-12-17T16:00:00+00:00,130.05,130.05,130.05,130.05,1
2024-12-17T16:05:00+00:00,130.0,130.35,130.0,130.35,31
2024-12-17T16:10:00+00:00,129.8,129.8,129.6,129.8,11
2024-12-17T16:15:00+00:00,129.8,130.0,129.8,130.0,5
2024-12-17T16:20:00+00:00,130.1,130.6,130.1,130.4,14
2024-12-17T16:25:00+00:00,130.3,131.0,130.0,131.0,220
2024-12-17T16:30:00+00:00,131.0,131.1,131.0,131.0,4
2024-12-17T16:35:00+00:00,131.1,131.2,131.1,131.2,2
2024-12-17T16:40:00+00:00,131.2,131.2,131.2,131.2,1
2024-12-17T16:55:00+00:00,131.3,131.5,131.3,131.5,16
2024-12-17T17:00:00+00:00,131.6,131.6,131.0,131.0,21
2024-12-17T17:05:00+00:00,131.1,131.2,131.1,131.2,3
2024-12-17T17:10:00+00:00,131.2,131.4,131.2,131.4,20
2024-12-17T17:15:00+00:00,131.5,131.5,131.5,131.5,1
2024-12-17T17:20:00+00:00,131.5,131.5,131.5,131.5,1
2024-12-17T17:25:00+00:00,131.5,131.5,131.5,131.5,9
2024-12-17T17:35:00+00:00,131.4,131.4,131.4,131.4,1
2024-12-17T17:40:00+00:00,131.4,131.4,131.4,131.4,1
2024-12-17T17:45:00+00:00,131.4,131.4,131.4,131.4,1
2024-12-17T17:50:00+00:00,131.4,131.4,131.3,131.4,3
2024-12-17T17:55:00+00:00,131.4,131.5,131.4,131.5,22
2024-12-17T18:00:00+00:00,131.3,131.5,131.3,131.5,8
2024-12-17T18:10:00+00:00,131.5,131.5,131.5,131.5,7
2024-12-17T18:15:00+00:00,131.4,132.0,131.4,132.0,31
2024-12-17T18:20:00+00:00,131.8,131.9,131.8,131.9,2
2024-12-17T18:25:00+00:00,131.9,131.9,131.9,131.9,2
2024-12-17T18:30:00+00:00,132.0,132.15,132.0,132.15,36
2024-12-17T18:35:00+00:00,132.15,132.15,132.15,132.15,26
2024-12-17T18:40:00+00:00,132.15,132.15,132.0,132.0,6
2024-12-17T18:50:00+00:00,132.0,132.0,132.0,132.0,7
2024-12-17T18:55:00+00:00,132.1,132.1,132.1,132.1,1
2024-12-17T19:00:00+00:00,132.0,132.1,132.0,132.0,9
2024-12-17T19:05:00+00:00,131.9,131.9,131.7,131.7,12
2024-12-17T19:10:00+00:00,131.6,131.6,131.4,131.4,44
2024-12-17T19:15:00+00:00,131.5,131.5,131.5,131.5,1
2024-12-17T19:20:00+00:00,131.5,131.7,131.5,131.7,12
2024-12-17T19:30:00+00:00,131.7,131.8,131.7,131.7,21
2024-12-17T19:35:00+00:00,131.7,131.8,131.7,131.8,2
2024-12-17T19:45:00+00:00,131.8,132.1,131.8,132.1,7
2024-12-17T19:50:00+00:00,132.15,132.15,132.15,132.15,3
2024-12-17T19:55:00+00:00,132.0,132.0,132.0,132.0,2
2024-12-17T20:00:00+00:00,132.0,132.0,132.0,132.0,14
2024-12-17T20:10:00+00:00,131.9,131.9,131.5,131.5,15
2024-12-17T20:15:00+00:00,131.4,131.4,131.4,131.4,1
2024-12-17T20:25:00+00:00,131.5,131.5,131.4,131.4,3
2024-12-17T20:30:00+00:00,131.4,131.4,131.4,131.4,5
2024-12-17T20:45:00+00:00,131.4,131.4,131.4,131.4,5
2024-12-18T06:55:00+00:00,131.4,131.4,131.4,131.4,11
2024-12-18T07:00:00+00:00,131.5,131.65,131.5,131.65,40
2024-12-18T07:05:00+00:00,131.7,132.4,131.7,131.85,122
2024-12-18T07:10:00+00:00,131.85,131.85,131.85,131.85,2
2024-12-18T07:15:00+00:00,131.75,131.75,131.6,131.75,5
2024-12-18T07:20:00+00:00,131.45,131.75,131.4,131.75,7
2024-12-18T07:30:00+00:00,131.8,131.8,131.4,131.4,26
2024-12-18T07:35:00+00:00,131.4,131.7,131.4,131.7,13
2024-12-18T07:40:00+00:00,131.65,131.7,131.4,131.4,73
2024-12-18T07:45:00+00:00,131.4,131.8,131.4,131.8,12
2024-12-18T07:50:00+00:00,131.6,131.6,131.6,131.6,1
2024-12-18T07:55:00+00:00,131.65,131.65,131.45,131.65,37
2024-12-18T08:00:00+00:00,131.7,131.75,131.65,131.75,4
2024-12-18T08:05:00+00:00,131.75,131.75,131.5,131.5,8
2024-12-18T08:10:00+00:00,131.4,131.45,130.9,130.9,175
2024-12-18T08:15:00+00:00,130.8,131.0,130.8,130.95,67
2024-12-18T08:20:00+00:00,130.9,130.9,130.9,130.9,1
2024-12-18T08:25:00+00:00,130.9,130.9,130.9,130.9,7
2024-12-18T08:30:00+00:00,130.95,130.95,130.95,130.95,9
2024-12-18T08:35:00+00:00,130.95,130.95,130.75,130.75,12
2024-12-18T08:40:00+00:00,130.9,130.9,130.9,130.9,11
2024-12-18T08:45:00+00:00,130.95,130.95,130.95,130.95,2
2024-12-18T08:50:00+00:00,130.85,130.95,130.7,130.75,49
2024-12-18T08:55:00+00:00,130.85,131.0,130.85,131.0,200
2024-12-18T09:00:00+00:00,131.05,131.15,131.05,131.15,3
2024-12-18T09:10:00+00:00,131.15,131.25,131.15,131.25,3
2024-12-18T09:15:00+00:00,131.35,131.6,131.35,131.6,49
2024-12-18T09:20:00+00:00,131.65,131.65,131.65,131.65,1
2024-12-18T09:25:00+00:00,131.6,131.8,131.6,131.8,12
2024-12-18T09:35:00+00:00,131.8,131.8,131.8,131.8,33
2024-12-18T09:40:00+00:00,131.8,131.85,131.8,131.85,5
2024-12-18T09:45:00+00:00,131.8,131.85,131.8,131.85,21
2024-12-18T09:55:00+00:00,131.65,131.75,131.6,131.75,4
2024-12-18T10:00:00+00:00,131.65,131.65,131.1,131.45,22
2024-12-18T10:05:00+00:00,131.55,132.1,131.45,131.85,660
2024-12-18T10:10:00+00:00,132.05,132.05,132.05,132.05,1
2024-12-18T10:15:00+00:00,132.1,132.1,132.1,132.1,1
2024-12-18T10:20:00+00:00,132.0,132.1,132.0,132.05,24
2024-12-18T10:25:00+00:00,132.15,133.45,132.15,133.3,524
2024-12-18T10:30:00+00:00,133.35,133.5,133.25,133.3,73
2024-12-18T10:35:00+00:00,133.4,133.55,133.4,133.55,102
2024-12-18T10:40:00+00:00,133.5,133.55,133.0,133.0,119
2024-12-18T10:45:00+00:00,133.0,133.0,132.95,132.95,11
2024-12-18T10:50:00+00:00,133.05,133.25,133.05,133.25,15
2024-12-18T10:55:00+00:00,133.15,133.15,133.05,133.05,3
2024-12-18T11:05:00+00:00,133.15,133.15,133.15,133.15,1
2024-12-18T11:10:00+00:00,133.05,133.05,133.05,133.05,10
2024-12-18T11:15:00+00:00,133.05,133.05,133.05,133.05,46
2024-12-18T11:20:00+00:00,133.05,133.15,133.05,133.15,25
2024-12-18T11:25:00+00:00,133.15,133.15,132.95,132.95,128
2024-12-18T11:30:00+00:00,132.85,132.85,132.85,132.85,1
2024-12-18T11:35:00+00:00,132.95,132.95,132.85,132.85,3
2024-12-18T11:40:00+00:00,132.95,132.95,132.65,132.65,13
2024-12-18T11:50:00+00:00,132.7,132.8,132.7,132.8,30
2024-12-18T11:55:00+00:00,132.65,132.65,132.65,132.65,1
2024-12-18T12:00:00+00:00,132.75,132.8,132.65,132.65,27
2024-12-18T12:05:00+00:00,132.65,132.75,132.05,132.1,259
2024-12-18T12:10:00+00:00,132.15,132.15,132.15,132.15,1
2024-12-18T12:15:00+00:00,132.1,132.1,131.85,131.85,33
2024-12-18T12:20:00+00:00,131.75,131.75,131.75,131.75,1
2024-12-18T12:25:00+00:00,131.85,131.85,131.75,131.85,4
2024-12-18T12:30:00+00:00,131.85,131.85,131.85,131.85,31
2024-12-18T12:35:00+00:00,131.85,131.85,131.65,131.65,6
2024-12-18T12:40:00+00:00,131.65,131.65,131.55,131.55,28
2024-12-18T12:45:00+00:00,131.5,131.65,131.5,131.65,19
2024-12-18T12:50:00+00:00,131.65,131.65,131.65,131.65,1
2024-12-18T12:55:00+00:00,131.65,131.65,131.5,131.65,16
2024-12-18T13:10:00+00:00,131.65,131.65,131.65,131.65,1
2024-12-18T13:20:00+00:00,131.6,131.6,131.6,131.6,13
2024-12-18T13:25:00+00:00,131.65,131.65,131.65,131.65,2
2024-12-18T13:30:00+00:00,131.5,131.5,131.45,131.45,14
2024-12-18T13:35:00+00:00,131.4,131.4,131.4,131.4,5
2024-12-18T13:40:00+00:00,131.4,131.4,131.4,131.4,3
2024-12-18T13:45:00+00:00,131.4,131.4,131.4,131.4,1
2024-12-18T13:55:00+00:00,131.4,131.4,131.4,131.4,7
2024-12-18T14:00:00+00:00,131.4,131.4,131.4,131.4,4
2024-12-18T14:05:00+00:00,131.4,131.5,131.4,131.5,7
2024-12-18T14:10:00+00:00,131.5,131.5,131.35,131.35,5
2024-12-18T14:20:00+00:00,131.3,131.4,131.3,131.4,57
2024-12-18T14:25:00+00:00,131.35,131.35,131.35,131.35,18
2024-12-18T14:30:00+00:00,131.25,131.25,131.1,131.1,230
2024-12-18T14:35:00+00:00,131.2,131.2,131.0,131.0,84
2024-12-18T14:40:00+00:00,131.1,131.1,130.9,130.9,25
2024-12-18T14:45:00+00:00,131.1,131.1,131.1,131.1,2
2024-12-18T14:50:00+00:00,131.0,131.0,130.6,130.6,29
2024-12-18T14:55:00+00:00,130.8,131.05,130.6,130.75,19
2024-12-18T15:00:00+00:00,131.1,131.3,131.1,131.1,7
2024-12-18T15:10:00+00:00,131.1,131.1,131.1,131.1,1
2024-12-18T15:15:00+00:00,131.35,131.4,131.35,131.4,25
2024-12-18T15:20:00+00:00,131.3,131.4,131.1,131.1,16
2024-12-18T15:25:00+00:00,131.4,131.4,131.35,131.4,192
2024-12-18T15:30:00+00:00,131.4,131.4,131.15,131.4,249
2024-12-18T15:35:00+00:00,131.4,131.4,131.15,131.15,87
2024-12-18T15:45:00+00:00,131.4,131.4,131.4,131.4,10
2024-12-18T16:00:00+00:00,131.4,131.4,131.4,131.4,21
2024-12-18T16:05:00+00:00,131.25,131.4,131.25,131.4,13
2024-12-18T16:10:00+00:00,131.4,131.4,131.35,131.4,19
2024-12-18T16:15:00+00:00,131.4,131.4,131.4,131.4,3
2024-12-18T16:20:00+00:00,131.4,131.4,131.4,131.4,32
2024-12-18T16:35:00+00:00,131.4,131.4,131.4,131.4,6
2024-12-18T16:45:00+00:00,131.4,131.65,131.4,131.65,875
2024-12-18T16:50:00+00:00,131.6,131.6,131.6,131.6,25
2024-12-18T16:55:00+00:00,131.6,131.65,131.55,131.55,44
2024-12-18T17:00:00+00:00,131.5,131.55,131.5,131.55,5
2024-12-18T17:05:00+00:00,131.55,131.65,131.55,131.65,11
2024-12-18T17:10:00+00:00,131.65,131.65,131.65,131.65,5
2024-12-18T17:15:00+00:00,131.65,131.65,131.65,131.65,6
2024-12-18T17:20:00+00:00,131.65,131.65,131.65,131.65,2
2024-12-18T17:25:00+00:00,131.6,131.6,131.6,131.6,20
2024-12-18T17:35:00+00:00,131.65,131.65,131.65,131.65,6
2024-12-18T17:40:00+00:00,131.65,131.65,131.65,131.65,2
2024-12-18T17:45:00+00:00,131.65,131.65,131.6,131.6,24
2024-12-18T18:00:00+00:00,131.6,131.75,131.55,131.75,23
2024-12-18T18:05:00+00:00,131.75,131.75,131.75,131.75,1
2024-12-18T18:10:00+00:00,131.8,131.95,131.8,131.95,40
2024-12-18T18:15:00+00:00,131.95,132.4,131.95,132.4,42
2024-12-18T18:20:00+00:00,132.25,132.25,132.25,132.25,3
2024-12-18T18:25:00+00:00,132.15,132.15,132.15,132.15,2
2024-12-18T18:40:00+00:00,132.2,132.2,132.2,132.2,1
2024-12-18T18:45:00+00:00,132.05,132.15,132.05,132.15,2
2024-12-18T19:00:00+00:00,132.2,132.4,132.2,132.4,53
2024-12-18T19:05:00+00:00,132.35,132.35,132.25,132.35,20
2024-12-18T19:15:00+00:00,132.3,132.4,132.3,132.4,51
2024-12-18T19:20:00+00:00,132.4,132.4,132.4,132.4,5
2024-12-18T19:25:00+00:00,132.4,132.4,132.4,132.4,4
2024-12-18T19:35:00+00:00,132.4,132.45,132.4,132.45,6
2024-12-18T19:40:00+00:00,132.4,132.4,132.4,132.4,3
2024-12-18T19:50:00+00:00,132.4,132.4,132.4,132.4,3
2024-12-18T20:00:00+00:00,132.4,132.4,132.4,132.4,3
2024-12-18T20:25:00+00:00,132.45,132.45,132.45,132.45,1
2024-12-18T20:30:00+00:00,132.25,132.25,132.15,132.15,37
2024-12-18T20:35:00+00:00,132.05,132.05,132.05,132.05,1
2024-12-18T20:45:00+00:00,132.15,132.15,132.0,132.0,18
2024-12-19T07:00:00+00:00,132.05,132.65,132.05,132.55,32
2024-12-19T07:05:00+00:00,132.8,134.0,132.8,134.0,120
2024-12-19T07:10:00+00:00,132.8,134.0,132.2,132.9,93
2024-12-19T07:15:00+00:00,132.9,133.0,132.9,133.0,7
2024-12-19T07:20:00+00:00,132.9,132.9,132.2,132.75,102
2024-12-19T07:25:00+00:00,132.4,132.7,132.1,132.7,8
2024-12-19T07:30:00+00:00,132.7,132.7,132.7,132.7,5
2024-12-19T07:35:00+00:00,132.05,132.05,132.05,132.05,19
2024-12-19T07:40:00+00:00,132.35,132.35,132.35,132.35,1
2024-12-19T07:45:00+00:00,132.05,132.05,132.0,132.0,15
2024-12-19T07:50:00+00:00,132.0,132.0,132.0,132.0,2
2024-12-19T07:55:00+00:00,132.0,132.0,131.95,132.0,11
2024-12-19T08:00:00+00:00,131.9,131.9,131.9,131.9,30
2024-12-19T08:05:00+00:00,131.95,132.0,131.95,132.0,5
2024-12-19T08:15:00+00:00,132.0,132.05,132.0,132.05,11
2024-12-19T08:20:00+00:00,132.05,132.05,132.05,132.05,1
2024-12-19T08:25:00+00:00,132.0,132.0,132.0,132.0,7
2024-12-19T08:30:00+00:00,131.95,132.0,131.95,132.0,4
2024-12-19T08:35:00+00:00,131.95,132.0,131.9,131.9,12
2024-12-19T08:40:00+00:00,132.05,132.05,132.05,132.05,1
2024-12-19T08:45:00+00:00,132.05,132.15,132.05,132.15,15
2024-12-19T08:50:00+00:00,132.1,132.45,132.1,132.45,13
2024-12-19T08:55:00+00:00,132.45,132.45,132.05,132.25,68
2024-12-19T09:00:00+00:00,132.35,132.35,132.15,132.35,10
2024-12-19T09:05:00+00:00,132.25,132.35,132.25,132.35,2
2024-12-19T09:10:00+00:00,132.45,132.45,132.45,132.45,2
2024-12-19T09:15:00+00:00,132.45,132.8,132.45,132.8,74
2024-12-19T09:20:00+00:00,132.85,132.85,132.25,132.25,51
2024-12-19T09:25:00+00:00,132.45,132.55,132.45,132.55,4
2024-12-19T09:30:00+00:00,132.45,132.6,132.25,132.6,34
2024-12-19T09:35:00+00:00,132.6,132.6,132.6,132.6,2
2024-12-19T09:40:00+00:00,132.65,132.65,132.15,132.15,39
2024-12-19T09:45:00+00:00,132.15,132.55,132.15,132.55,37
2024-12-19T09:55:00+00:00,132.55,132.55,132.55,132.55,2
2024-12-19T10:00:00+00:00,132.65,132.65,132.65,132.65,13
2024-12-19T10:05:00+00:00,132.65,132.85,132.65,132.75,48
2024-12-19T10:10:00+00:00,132.75,132.85,132.65,132.65,21
2024-12-19T10:20:00+00:00,132.55,132.65,132.55,132.65,10
2024-12-19T10:25:00+00:00,132.55,132.55,132.55,132.55,1
2024-12-19T10:30:00+00:00,132.55,132.55,132.55,132.55,5
2024-12-19T10:35:00+00:00,132.55,132.55,132.55,132.55,10
2024-12-19T10:40:00+00:00,132.55,132.55,131.9,131.9,477
2024-12-19T10:45:00+00:00,132.0,132.05,132.0,132.05,41
2024-12-19T10:50:00+00:00,132.05,132.05,132.05,132.05,1
2024-12-19T10:55:00+00:00,132.15,132.15,131.95,132.1,9
2024-12-19T11:00:00+00:00,132.1,132.1,132.1,132.1,6
2024-12-19T11:05:00+00:00,132.15,132.25,132.15,132.25,5
2024-12-19T11:10:00+00:00,132.35,132.45,132.3,132.45,60
2024-12-19T11:15:00+00:00,132.45,132.45,132.35,132.35,10
2024-12-19T11:20:00+00:00,132.35,132.45,132.25,132.25,14
2024-12-19T11:25:00+00:00,132.15,132.15,131.9,131.9,12
2024-12-19T11:35:00+00:00,131.9,131.9,131.9,131.9,1
2024-12-19T11:40:00+00:00,132.05,132.05,132.05,132.05,3
2024-12-19T11:45:00+00:00,132.1,132.1,131.9,132.05,50
2024-12-19T11:50:00+00:00,131.95,132.15,131.8,131.8,29
2024-12-19T11:55:00+00:00,131.8,131.8,131.8,131.8,1
2024-12-19T12:00:00+00:00,131.95,131.95,131.95,131.95,2
2024-12-19T12:05:00+00:00,132.05,132.2,131.95,132.2,53
2024-12-19T12:10:00+00:00,132.2,132.25,132.2,132.25,31
2024-12-19T12:15:00+00:00,132.15,132.15,132.05,132.05,4
2024-12-19T12:20:00+00:00,132.05,132.15,131.9,132.15,24
2024-12-19T12:25:00+00:00,132.15,132.2,132.15,132.2,3
2024-12-19T12:35:00+00:00,132.15,132.15,132.05,132.05,18
2024-12-19T12:40:00+00:00,132.05,132.05,132.0,132.0,19
2024-12-19T12:45:00+00:00,132.0,132.2,132.0,132.05,23
2024-12-19T12:50:00+00:00,132.05,132.05,132.0,132.0,20
2024-12-19T12:55:00+00:00,132.0,132.15,132.0,132.0,21
2024-12-19T13:05:00+00:00,132.15,132.15,132.15,132.15,2
2024-12-19T13:15:00+00:00,132.05,132.15,132.0,132.0,9
2024-12-19T13:20:00+00:00,132.0,132.15,132.0,132.0,149
2024-12-19T13:25:00+00:00,132.0,132.15,132.0,132.15,59
2024-12-19T13:40:00+00:00,132.2,132.2,132.2,132.2,2
2024-12-19T13:45:00+00:00,132.2,132.2,132.05,132.05,3
2024-12-19T13:55:00+00:00,132.15,132.25,132.15,132.25,55
2024-12-19T14:00:00+00:00,132.05,132.05,132.0,132.0,20
2024-12-19T14:05:00+00:00,132.15,132.15,131.75,131.75,67
2024-12-19T14:15:00+00:00,131.85,131.85,131.85,131.85,11
2024-12-19T14:20:00+00:00,132.1,132.2,132.1,132.2,110
2024-12-19T14:25:00+00:00,132.2,132.2,132.2,132.2,61
2024-12-19T14:30:00+00:00,132.15,132.2,131.95,131.95,73
2024-12-19T14:35:00+00:00,131.9,131.9,131.85,131.85,40
2024-12-19T14:40:00+00:00,131.85,131.95,131.75,131.75,268
2024-12-19T14:45:00+00:00,131.95,131.95,131.95,131.95,3
2024-12-19T14:50:00+00:00,131.8,132.0,131.75,132.0,9
2024-12-19T15:00:00+00:00,131.8,132.0,131.75,131.75,50
2024-12-19T15:05:00+00:00,131.75,131.75,131.75,131.75,79
2024-12-19T15:10:00+00:00,131.75,131.75,131.75,131.75,20
2024-12-19T15:15:00+00:00,131.75,132.0,131.75,131.75,27
2024-12-19T15:20:00+00:00,131.75,132.0,131.75,131.75,21
2024-12-19T15:25:00+00:00,131.75,131.75,131.75,131.75,18
2024-12-19T15:30:00+00:00,132.1,132.1,132.0,132.0,4
2024-12-19T15:35:00+00:00,132.1,132.1,131.8,132.1,18
2024-12-19T15:45:00+00:00,132.1,132.1,132.1,132.1,2
2024-12-19T16:00:00+00:00,132.05,132.05,132.05,132.05,2
2024-12-19T16:05:00+00:00,132.1,132.1,132.1,132.1,9
2024-12-19T16:10:00+00:00,132.05,132.15,132.05,132.15,10
2024-12-19T16:15:00+00:00,132.2,132.3,132.05,132.3,435
2024-12-19T16:20:00+00:00,132.3,132.3,132.3,132.3,4
2024-12-19T16:25:00+00:00,132.3,132.3,132.3,132.3,2
2024-12-19T16:40:00+00:00,132.15,132.3,132.15,132.3,24
2024-12-19T16:45:00+00:00,132.3,132.3,132.3,132.3,1
2024-12-19T16:55:00+00:00,132.3,132.3,132.3,132.3,20
2024-12-19T17:00:00+00:00,132.3,132.3,132.3,132.3,2
2024-12-19T17:05:00+00:00,132.3,132.3,132.3,132.3,1
2024-12-19T17:10:00+00:00,132.15,132.25,132.15,132.25,2
2024-12-19T17:15:00+00:00,132.15,132.15,132.15,132.15,3
2024-12-19T17:25:00+00:00,132.05,132.05,131.65,131.75,42
2024-12-19T17:30:00+00:00,131.75,131.75,131.75,131.75,1
2024-12-19T17:35:00+00:00,131.85,131.85,131.85,131.85,2
2024-12-19T17:45:00+00:00,131.95,131.95,131.95,131.95,1
2024-12-19T17:55:00+00:00,131.85,131.85,131.85,131.85,1
2024-12-19T18:00:00+00:00,131.75,131.75,131.75,131.75,1
2024-12-19T18:25:00+00:00,131.95,131.95,131.75,131.75,15
2024-12-19T18:30:00+00:00,131.75,131.75,131.75,131.75,11
2024-12-19T18:40:00+00:00,131.65,131.75,131.6,131.75,50
2024-12-19T18:45:00+00:00,131.85,131.85,131.85,131.85,1
2024-12-19T18:50:00+00:00,131.85,131.95,131.85,131.95,5
2024-12-19T19:05:00+00:00,131.95,131.95,131.95,131.95,4
2024-12-19T19:10:00+00:00,132.0,132.0,132.0,132.0,1
2024-12-19T19:15:00+00:00,132.05,132.05,132.05,132.05,1
2024-12-19T19:25:00+00:00,131.95,131.95,131.95,131.95,10
2024-12-19T19:35:00+00:00,132.05,132.05,132.05,132.05,1
2024-12-19T19:45:00+00:00,131.95,132.05,131.95,132.05,5
2024-12-19T19:55:00+00:00,132.1,132.1,131.6,131.85,20
2024-12-19T20:00:00+00:00,131.75,131.75,131.65,131.75,6
2024-12-19T20:05:00+00:00,131.65,131.65,131.65,131.65,1
2024-12-19T20:10:00+00:00,131.65,131.65,131.5,131.65,156
2024-12-19T20:15:00+00:00,131.55,131.65,131.5,131.5,31
2024-12-19T20:20:00+00:00,131.65,131.8,131.65,131.8,5
2024-12-19T20:40:00+00:00,131.8,131.8,131.8,131.8,1
2024-12-19T20:45:00+00:00,131.65,131.8,131.65,131.8,3
2024-12-20T07:00:00+00:00,132.1,132.45,131.65,132.45,35
2024-12-20T07:05:00+00:00,132.5,132.6,131.75,131.75,135
2024-12-20T07:10:00+00:00,132.1,132.1,131.75,131.75,10
2024-12-20T07:15:00+00:00,131.75,132.05,131.75,132.05,7
2024-12-20T07:20:00+00:00,132.05,132.3,131.95,132.3,52
2024-12-20T07:25:00+00:00,132.3,132.3,132.15,132.2,3
2024-12-20T07:30:00+00:00,132.2,132.2,132.2,132.2,6
2024-12-20T07:35:00+00:00,132.15,132.15,131.85,132.15,42
2024-12-20T07:45:00+00:00,132.2,132.2,132.2,132.2,2
2024-12-20T07:50:00+00:00,132.05,132.35,132.05,132.35,126
2024-12-20T07:55:00+00:00,132.4,132.5,132.35,132.5,106
2024-12-20T08:00:00+00:00,132.5,133.0,132.35,133.0,307
2024-12-20T08:05:00+00:00,132.9,133.0,132.85,132.85,105
2024-12-20T08:10:00+00:00,132.9,133.25,132.65,133.25,121
2024-12-20T08:15:00+00:00,133.3,133.45,133.05,133.45,170
2024-12-20T08:20:00+00:00,133.35,133.85,133.25,133.8,212
2024-12-20T08:25:00+00:00,133.85,133.85,133.65,133.65,38
2024-12-20T08:30:00+00:00,133.75,133.85,133.75,133.85,21
2024-12-20T08:35:00+00:00,133.65,133.8,133.65,133.8,11
2024-12-20T08:40:00+00:00,133.65,133.75,133.65,133.65,5
2024-12-20T08:45:00+00:00,133.8,133.8,133.65,133.65,3
2024-12-20T08:50:00+00:00,133.55,133.55,133.25,133.25,9
2024-12-20T08:55:00+00:00,133.35,133.35,133.35,133.35,1
2024-12-20T09:00:00+00:00,133.35,133.45,133.35,133.45,3
2024-12-20T09:05:00+00:00,133.55,133.65,133.35,133.35,26
2024-12-20T09:10:00+00:00,133.45,133.45,133.35,133.45,6
2024-12-20T09:20:00+00:00,133.4,133.4,132.45,132.55,425
2024-12-20T09:25:00+00:00,132.45,132.45,132.3,132.3,564
2024-12-20T09:30:00+00:00,132.4,132.7,132.4,132.7,103
2024-12-20T09:35:00+00:00,132.55,132.55,132.45,132.55,23
2024-12-20T09:45:00+00:00,132.6,132.6,132.55,132.55,20
2024-12-20T09:50:00+00:00,132.55,132.75,132.35,132.75,23
2024-12-20T09:55:00+00:00,132.65,132.8,132.55,132.8,6
2024-12-20T10:00:00+00:00,132.8,133.05,132.8,133.05,17
2024-12-20T10:10:00+00:00,133.05,133.05,132.95,133.05,3
2024-12-20T10:15:00+00:00,133.05,133.1,132.55,133.0,33
2024-12-20T10:25:00+00:00,132.7,132.85,132.35,132.85,30
2024-12-20T10:30:00+00:00,132.9,134.2,132.9,134.2,345
2024-12-20T10:35:00+00:00,134.15,138.65,134.15,138.0,908
2024-12-20T10:40:00+00:00,138.05,138.3,135.5,135.8,1022
2024-12-20T10:45:00+00:00,135.8,136.3,135.15,136.3,589
2024-12-20T10:50:00+00:00,136.3,136.3,136.0,136.1,56
2024-12-20T10:55:00+00:00,136.1,136.1,135.35,135.8,204
2024-12-20T11:00:00+00:00,135.8,136.1,135.5,135.65,61
2024-12-20T11:05:00+00:00,135.65,137.25,135.65,137.25,510
2024-12-20T11:10:00+00:00,137.1,137.7,136.9,137.7,217
2024-12-20T11:15:00+00:00,137.6,138.0,137.4,137.8,177
2024-12-20T11:20:00+00:00,137.7,137.75,137.3,137.75,140
2024-12-20T11:25:00+00:00,137.75,137.8,137.35,137.7,91
2024-12-20T11:30:00+00:00,137.8,137.8,137.0,137.0,255
2024-12-20T11:35:00+00:00,137.0,137.2,136.8,137.0,28
2024-12-20T11:40:00+00:00,137.0,137.4,137.0,137.4,72
2024-12-20T11:45:00+00:00,137.4,138.25,137.3,138.25,1191
2024-12-20T11:50:00+00:00,138.15,138.5,138.15,138.25,53
2024-12-20T11:55:00+00:00,138.25,138.25,138.0,138.0,10
2024-12-20T12:00:00+00:00,138.2,138.4,138.2,138.2,50
2024-12-20T12:05:00+00:00,138.2,138.3,138.2,138.3,3
2024-12-20T12:10:00+00:00,138.25,138.25,138.0,138.0,157
2024-12-20T12:15:00+00:00,137.9,138.5,137.9,138.5,168
2024-12-20T12:20:00+00:00,138.3,138.3,137.7,137.8,172
2024-12-20T12:25:00+00:00,137.8,138.5,137.8,137.9,478
2024-12-20T12:30:00+00:00,138.0,138.65,138.0,138.65,476
2024-12-20T12:35:00+00:00,138.6,138.65,138.15,138.15,201
2024-12-20T12:40:00+00:00,138.3,138.3,138.2,138.2,4
2024-12-20T12:45:00+00:00,138.1,138.1,138.0,138.1,77
2024-12-20T12:50:00+00:00,138.0,138.2,138.0,138.0,40
2024-12-20T12:55:00+00:00,138.1,138.2,138.0,138.2,15
2024-12-20T13:00:00+00:00,138.0,138.3,138.0,138.3,93
2024-12-20T13:05:00+00:00,138.3,138.3,138.2,138.2,24
2024-12-20T13:10:00+00:00,138.25,138.5,138.2,138.5,93
2024-12-20T13:15:00+00:00,138.5,138.65,138.5,138.65,115
2024-12-20T13:20:00+00:00,138.65,138.7,138.6,138.6,156
2024-12-20T13:25:00+00:00,138.7,138.7,138.5,138.65,205
2024-12-20T13:30:00+00:00,138.5,138.7,138.45,138.7,172
2024-12-20T13:35:00+00:00,138.7,138.9,138.7,138.75,293
2024-12-20T13:40:00+00:00,138.75,139.0,138.7,139.0,457
2024-12-20T13:45:00+00:00,139.0,139.0,138.55,138.55,25
2024-12-20T13:50:00+00:00,138.85,139.95,138.6,139.05,590
2024-12-20T13:55:00+00:00,139.25,139.25,139.05,139.25,13
2024-12-20T14:00:00+00:00,139.25,139.5,139.05,139.05,54
2024-12-20T14:05:00+00:00,139.45,139.45,138.95,139.35,119
2024-12-20T14:10:00+00:00,139.5,139.5,139.35,139.4,15
2024-12-20T14:15:00+00:00,139.4,139.5,139.4,139.4,21
2024-12-20T14:20:00+00:00,139.4,139.55,139.4,139.4,16
2024-12-20T14:25:00+00:00,139.6,139.7,139.4,139.4,63
2024-12-20T14:30:00+00:00,139.7,139.75,139.7,139.75,12
2024-12-20T14:35:00+00:00,139.75,139.75,139.25,139.45,39
2024-12-20T14:40:00+00:00,139.25,139.6,139.25,139.55,149
2024-12-20T14:45:00+00:00,139.55,139.55,139.3,139.55,80
2024-12-20T14:50:00+00:00,139.3,139.3,139.0,139.3,26
2024-12-20T14:55:00+00:00,139.45,139.45,139.45,139.45,5
2024-12-20T15:00:00+00:00,139.1,139.1,139.1,139.1,11
2024-12-20T15:05:00+00:00,139.1,139.4,139.1,139.4,18
2024-12-20T15:10:00+00:00,139.4,139.4,138.95,138.95,150
2024-12-20T15:15:00+00:00,138.95,138.95,138.55,138.75,65
2024-12-20T15:20:00+00:00,138.7,138.9,138.7,138.9,176
2024-12-20T15:25:00+00:00,138.95,138.95,138.95,138.95,1
2024-12-20T15:30:00+00:00,138.95,139.0,138.4,138.65,41
2024-12-20T15:35:00+00:00,138.65,139.0,138.6,139.0,15
2024-12-20T15:45:00+00:00,139.0,139.0,139.0,139.0,9
2024-12-20T16:00:00+00:00,139.0,139.0,139.0,139.0,3
2024-12-20T16:05:00+00:00,139.1,139.1,139.0,139.0,2
2024-12-20T16:10:00+00:00,139.1,139.2,139.1,139.2,2
2024-12-20T16:15:00+00:00,139.1,139.1,138.6,138.7,27
2024-12-20T16:20:00+00:00,138.65,138.7,138.6,138.7,17
2024-12-20T16:25:00+00:00,138.7,138.7,138.65,138.65,25
2024-12-20T16:30:00+00:00,138.65,138.65,138.65,138.65,16
2024-12-20T16:35:00+00:00,138.65,138.7,138.4,138.4,66
2024-12-20T16:40:00+00:00,138.35,138.35,138.05,138.05,71
2024-12-20T16:45:00+00:00,138.2,139.0,138.2,139.0,45
2024-12-20T16:50:00+00:00,138.8,138.8,138.7,138.7,6
2024-12-20T16:55:00+00:00,138.6,138.6,138.6,138.6,6
2024-12-20T17:00:00+00:00,138.5,138.5,138.3,138.3,5
2024-12-20T17:05:00+00:00,138.3,138.3,138.2,138.2,6
2024-12-20T17:10:00+00:00,138.1,138.3,138.0,138.3,10
2024-12-20T17:15:00+00:00,138.3,138.3,138.1,138.1,16
2024-12-20T17:20:00+00:00,138.1,138.1,138.1,138.1,1
2024-12-20T17:25:00+00:00,138.1,138.1,138.1,138.1,2
2024-12-20T17:30:00+00:00,138.05,138.05,138.0,138.0,18
2024-12-20T17:35:00+00:00,138.0,138.2,138.0,138.2,4
2024-12-20T17:40:00+00:00,138.2,138.3,138.2,138.3,4
2024-12-20T17:45:00+00:00,138.2,138.2,138.2,138.2,4
2024-12-20T17:50:00+00:00,138.3,138.5,138.2,138.2,55
2024-12-20T17:55:00+00:00,138.2,138.2,138.1,138.2,9
2024-12-20T18:00:00+00:00,138.2,138.2,138.2,138.2,11
2024-12-20T18:05:00+00:00,138.2,138.2,138.1,138.1,12
2024-12-20T18:10:00+00:00,138.1,138.2,138.1,138.2,4
2024-12-20T18:15:00+00:00,138.1,138.1,138.1,138.1,26
2024-12-20T18:20:00+00:00,138.2,138.2,138.2,138.2,16
2024-12-20T18:25:00+00:00,138.3,138.45,138.3,138.45,23
2024-12-20T18:30:00+00:00,138.3,138.4,138.3,138.4,2
2024-12-20T18:35:00+00:00,138.35,138.35,138.0,138.0,20
2024-12-20T18:40:00+00:00,138.2,138.65,138.0,138.0,93
2024-12-20T18:45:00+00:00,138.1,138.1,138.1,138.1,1
2024-12-20T18:50:00+00:00,138.1,138.2,138.1,138.2,3
2024-12-20T19:00:00+00:00,138.3,138.5,138.3,138.5,36
2024-12-20T19:05:00+00:00,138.6,138.6,138.6,138.6,2
2024-12-20T19:10:00+00:00,138.7,138.7,138.7,138.7,70
2024-12-20T19:15:00+00:00,138.8,138.85,138.8,138.85,11
2024-12-20T19:20:00+00:00,138.85,138.85,138.8,138.8,3
2024-12-20T19:25:00+00:00,138.8,138.85,138.8,138.85,5
2024-12-20T19:30:00+00:00,138.8,138.8,138.8,138.8,1
2024-12-20T19:35:00+00:00,138.85,138.85,138.85,138.85,3
2024-12-20T19:40:00+00:00,138.9,138.9,138.8,138.8,8
2024-12-20T19:45:00+00:00,138.8,139.0,138.8,139.0,10
2024-12-20T19:50:00+00:00,139.0,139.0,138.8,138.8,2
2024-12-20T20:00:00+00:00,138.85,138.85,138.8,138.8,2
2024-12-20T20:10:00+00:00,138.7,138.8,138.7,138.8,2
2024-12-20T20:25:00+00:00,138.8,138.8,138.75,138.75,3
2024-12-20T20:35:00+00:00,138.7,138.7,138.7,138.7,4
2024-12-20T20:40:00+00:00,138.7,138.7,138.7,138.7,3
2024-12-20T20:45:00+00:00,138.7,138.7,138.6,138.6,30
2024-12-23T06:55:00+00:00,139.95,139.95,139.95,139.95,43
2024-12-23T07:00:00+00:00,139.45,142.45,139.45,142.25,509
2024-12-23T07:05:00+00:00,142.35,142.35,140.85,141.55,944
2024-12-23T07:10:00+00:00,141.8,144.95,141.8,143.5,1147
2024-12-23T07:15:00+00:00,143.5,144.1,142.95,144.1,257
2024-12-23T07:20:00+00:00,144.1,144.55,144.05,144.55,164
2024-12-23T07:25:00+00:00,144.55,144.65,144.0,144.1,183
2024-12-23T07:30:00+00:00,144.05,144.25,144.0,144.15,309
2024-12-23T07:35:00+00:00,144.15,144.15,142.9,143.05,814
2024-12-23T07:40:00+00:00,143.25,144.3,143.25,144.3,515
2024-12-23T07:45:00+00:00,144.25,144.3,143.9,144.25,217
2024-12-23T07:50:00+00:00,144.25,144.25,144.2,144.2,126
2024-12-23T07:55:00+00:00,144.25,144.25,144.15,144.25,178
2024-12-23T08:00:00+00:00,144.3,144.95,144.3,144.7,127
2024-12-23T08:05:00+00:00,144.7,145.0,144.7,144.95,705
2024-12-23T08:10:00+00:00,144.7,144.7,143.65,143.65,402
2024-12-23T08:15:00+00:00,143.7,143.75,143.25,143.25,192
2024-12-23T08:20:00+00:00,143.4,143.4,142.55,142.95,591
2024-12-23T08:25:00+00:00,142.95,143.15,142.9,142.9,107
2024-12-23T08:30:00+00:00,142.9,142.95,142.7,142.7,60
2024-12-23T08:35:00+00:00,142.7,142.75,142.5,142.5,63
2024-12-23T08:40:00+00:00,142.5,142.75,142.5,142.7,82
2024-12-23T08:45:00+00:00,142.7,143.35,142.7,143.1,42
2024-12-23T08:50:00+00:00,143.2,144.05,143.2,144.0,349
2024-12-23T08:55:00+00:00,143.9,143.9,143.4,143.4,33
2024-12-23T09:00:00+00:00,143.3,143.3,142.0,142.0,127
2024-12-23T09:05:00+00:00,142.0,142.0,141.4,141.8,290
2024-12-23T09:10:00+00:00,141.8,142.0,141.8,142.0,26
2024-12-23T09:15:00+00:00,142.0,142.25,142.0,142.25,22
2024-12-23T09:20:00+00:00,142.1,142.2,142.1,142.2,11
2024-12-23T09:25:00+00:00,142.2,142.25,141.9,142.25,127
2024-12-23T09:30:00+00:00,142.25,142.5,142.1,142.2,82
2024-12-23T09:35:00+00:00,142.1,142.1,141.55,141.7,74
2024-12-23T09:40:00+00:00,141.8,141.8,141.6,141.7,115
2024-12-23T09:45:00+00:00,141.7,141.8,141.6,141.6,73
2024-12-23T09:50:00+00:00,141.5,141.5,140.0,140.4,475
2024-12-23T09:55:00+00:00,140.3,140.5,140.3,140.4,41
2024-12-23T10:00:00+00:00,140.3,140.3,137.0,138.7,2338
2024-12-23T10:05:00+00:00,138.7,139.6,138.7,139.5,392
2024-12-23T10:10:00+00:00,139.5,139.7,139.05,139.55,249
2024-12-23T10:15:00+00:00,139.5,139.6,139.05,139.05,279
2024-12-23T10:20:00+00:00,139.1,139.45,139.1,139.2,94
2024-12-23T10:25:00+00:00,139.25,139.35,139.1,139.1,61
2024-12-23T10:30:00+00:00,139.3,139.4,139.1,139.35,509
2024-12-23T10:35:00+00:00,139.3,139.4,139.2,139.25,38
2024-12-23T10:40:00+00:00,139.25,139.4,139.25,139.4,5
2024-12-23T10:45:00+00:00,139.4,139.4,139.2,139.25,35
2024-12-23T10:50:00+00:00,139.4,139.5,139.4,139.5,158
2024-12-23T10:55:00+00:00,139.45,139.7,139.45,139.7,180
2024-12-23T11:00:00+00:00,139.7,139.7,139.7,139.7,66
2024-12-23T11:05:00+00:00,139.7,140.4,139.7,140.4,166
2024-12-23T11:10:00+00:00,140.4,140.6,140.4,140.6,4
2024-12-23T11:15:00+00:00,140.6,140.8,140.45,140.6,61
2024-12-23T11:20:00+00:00,140.6,141.0,140.6,140.9,143
2024-12-23T11:25:00+00:00,141.0,141.0,140.7,140.7,8
2024-12-23T11:30:00+00:00,140.7,140.85,140.7,140.85,8
2024-12-23T11:35:00+00:00,140.75,140.75,140.35,140.35,239
2024-12-23T11:40:00+00:00,140.35,140.45,140.35,140.45,6
2024-12-23T11:50:00+00:00,140.45,140.5,140.4,140.4,12
2024-12-23T11:55:00+00:00,140.4,140.4,140.2,140.2,20
2024-12-23T12:00:00+00:00,140.3,140.3,140.3,140.3,1
2024-12-23T12:05:00+00:00,140.2,140.2,140.0,140.2,160
2024-12-23T12:10:00+00:00,140.2,140.2,140.2,140.2,3
2024-12-23T12:15:00+00:00,140.25,140.25,140.25,140.25,4
2024-12-23T12:20:00+00:00,140.3,140.75,140.3,140.75,204
2024-12-23T12:25:00+00:00,140.8,140.8,140.45,140.5,44
2024-12-23T12:30:00+00:00,140.5,140.5,140.0,140.0,81
2024-12-23T12:35:00+00:00,140.05,140.05,133.8,134.9,7664
2024-12-23T12:40:00+00:00,135.0,135.8,135.0,135.75,662
2024-12-23T12:45:00+00:00,135.75,136.1,134.7,135.35,659
2024-12-23T12:50:00+00:00,135.55,136.15,135.45,135.85,920
2024-12-23T12:55:00+00:00,135.9,136.8,135.9,136.5,2044
2024-12-23T13:00:00+00:00,136.5,136.95,136.3,136.65,1586
2024-12-23T13:05:00+00:00,136.65,136.9,136.65,136.9,104
2024-12-23T13:10:00+00:00,136.7,137.15,136.7,137.15,237
2024-12-23T13:15:00+00:00,137.1,137.15,132.55,135.05,2729
2024-12-23T13:20:00+00:00,135.7,136.5,134.95,135.35,1161
2024-12-23T13:25:00+00:00,135.6,136.1,134.6,135.7,1076
2024-12-23T13:30:00+00:00,135.8,137.15,135.7,137.0,642
2024-12-23T13:35:00+00:00,137.0,137.2,137.0,137.05,344
2024-12-23T13:40:00+00:00,137.25,137.5,137.05,137.5,832
2024-12-23T13:45:00+00:00,137.5,138.0,136.9,137.75,886
2024-12-23T13:50:00+00:00,137.6,137.8,137.4,137.4,104
2024-12-23T13:55:00+00:00,137.75,137.9,137.7,137.9,3
2024-12-23T14:00:00+00:00,137.7,137.9,137.25,137.25,286
2024-12-23T14:05:00+00:00,137.25,137.7,136.55,137.1,736
2024-12-23T14:10:00+00:00,137.2,137.55,137.2,137.55,67
2024-12-23T14:15:00+00:00,137.8,138.05,136.8,137.2,602
2024-12-23T14:20:00+00:00,137.55,137.95,137.2,137.2,189
2024-12-23T14:25:00+00:00,137.25,137.25,137.25,137.25,2
2024-12-23T14:30:00+00:00,137.3,137.85,137.2,137.2,395
2024-12-23T14:35:00+00:00,137.7,137.9,137.7,137.7,17
2024-12-23T14:40:00+00:00,137.9,138.4,137.25,138.4,1080
2024-12-23T14:45:00+00:00,138.2,138.8,135.0,136.75,3972
2024-12-23T14:50:00+00:00,136.6,137.85,136.5,137.1,628
2024-12-23T14:55:00+00:00,137.2,137.95,137.15,137.95,397
2024-12-23T15:00:00+00:00,137.9,138.5,137.2,137.75,342
2024-12-23T15:05:00+00:00,137.9,139.15,137.9,139.15,293
2024-12-23T15:10:00+00:00,138.6,139.15,138.45,138.45,149
2024-12-23T15:15:00+00:00,138.25,138.55,138.0,138.0,50
2024-12-23T15:20:00+00:00,138.6,138.95,138.6,138.6,12
2024-12-23T15:25:00+00:00,138.25,138.6,138.2,138.6,39
2024-12-23T15:30:00+00:00,138.6,139.05,138.6,138.8,38
2024-12-23T15:35:00+00:00,138.25,138.6,138.0,138.45,236
2024-12-23T15:45:00+00:00,138.5,138.5,138.5,138.5,12
2024-12-23T16:00:00+00:00,138.35,138.35,138.35,138.35,2
2024-12-23T16:05:00+00:00,138.45,139.4,138.45,139.35,606
2024-12-23T16:10:00+00:00,139.4,139.45,139.05,139.35,63
2024-12-23T16:15:00+00:00,139.4,139.4,139.15,139.15,6
2024-12-23T16:20:00+00:00,139.25,139.35,139.25,139.25,6
2024-12-23T16:25:00+00:00,139.25,139.25,139.05,139.05,17
2024-12-23T16:30:00+00:00,139.15,139.25,139.15,139.25,4
2024-12-23T16:35:00+00:00,139.05,139.05,139.05,139.05,1
2024-12-23T16:40:00+00:00,139.05,139.05,139.05,139.05,3
2024-12-23T16:45:00+00:00,139.05,139.05,138.75,138.75,131
2024-12-23T16:50:00+00:00,138.65,138.95,138.65,138.85,46
2024-12-23T16:55:00+00:00,138.95,139.05,138.95,139.05,18
2024-12-23T17:00:00+00:00,139.1,139.4,139.1,139.25,108
2024-12-23T17:05:00+00:00,139.25,139.25,139.25,139.25,2
2024-12-23T17:10:00+00:00,139.25,139.25,139.25,139.25,8
2024-12-23T17:15:00+00:00,139.25,139.4,139.25,139.4,53
2024-12-23T17:20:00+00:00,139.4,139.4,139.4,139.4,2
2024-12-23T17:25:00+00:00,139.35,139.4,139.35,139.4,120
2024-12-23T17:30:00+00:00,139.25,139.25,138.9,139.05,72
2024-12-23T17:35:00+00:00,139.15,139.15,139.15,139.15,1
2024-12-23T17:40:00+00:00,139.15,139.15,139.15,139.15,1
2024-12-23T17:45:00+00:00,139.15,139.15,139.15,139.15,1
2024-12-23T17:50:00+00:00,139.15,139.15,139.15,139.15,9
2024-12-23T17:55:00+00:00,139.15,139.15,139.15,139.15,3
2024-12-23T18:00:00+00:00,139.05,139.05,138.75,138.85,11
2024-12-23T18:05:00+00:00,138.85,138.95,138.85,138.95,2
2024-12-23T18:20:00+00:00,138.95,138.95,138.95,138.95,2
2024-12-23T18:25:00+00:00,138.85,138.85,138.25,138.45,426
2024-12-23T18:30:00+00:00,138.55,138.55,138.55,138.55,1
2024-12-23T18:35:00+00:00,138.45,138.45,138.45,138.45,1
2024-12-23T18:40:00+00:00,138.45,138.6,138.45,138.55,12
2024-12-23T18:45:00+00:00,138.55,138.65,138.55,138.65,32
2024-12-23T18:50:00+00:00,138.65,138.65,138.65,138.65,5
2024-12-23T19:00:00+00:00,138.6,138.65,138.6,138.6,22
2024-12-23T19:10:00+00:00,138.6,138.6,138.25,138.25,84
2024-12-23T19:15:00+00:00,138.3,138.45,138.25,138.45,21
2024-12-23T19:20:00+00:00,138.45,138.65,138.45,138.65,9
2024-12-23T19:25:00+00:00,138.65,139.05,138.65,139.0,53
2024-12-23T19:30:00+00:00,139.1,139.15,139.1,139.15,10
2024-12-23T19:40:00+00:00,139.1,139.1,139.1,139.1,2
2024-12-23T19:45:00+00:00,139.1,139.3,139.1,139.3,100
2024-12-23T19:50:00+00:00,139.3,139.35,139.25,139.35,232
2024-12-23T19:55:00+00:00,139.4,139.4,139.4,139.4,4
2024-12-23T20:00:00+00:00,138.75,138.75,138.75,138.75,1
2024-12-23T20:05:00+00:00,139.4,139.4,139.4,139.4,3
2024-12-23T20:10:00+00:00,139.4,139.4,139.4,139.4,1
2024-12-23T20:20:00+00:00,139.35,139.35,139.35,139.35,6
2024-12-23T20:25:00+00:00,139.35,139.35,139.35,139.35,16
2024-12-23T20:30:00+00:00,139.4,139.45,139.35,139.45,57
2024-12-23T20:40:00+00:00,139.2,139.4,139.05,139.05,627
2024-12-23T20:45:00+00:00,139.15,139.15,139.0,139.0,5
2024-12-24T06:55:00+00:00,137.65,137.65,137.65,137.65,37
2024-12-24T07:00:00+00:00,138.0,139.5,135.0,136.95,3681
2024-12-24T07:05:00+00:00,137.25,137.9,136.8,137.6,1499
2024-12-24T07:10:00+00:00,137.55,137.9,133.0,135.05,6384
2024-12-24T07:15:00+00:00,135.05,135.55,134.8,135.2,538
2024-12-24T07:20:00+00:00,135.45,136.1,135.15,136.1,1538
2024-12-24T07:25:00+00:00,136.0,136.5,135.1,135.5,1283
2024-12-24T07:30:00+00:00,135.5,135.5,134.45,135.15,1039
2024-12-24T07:35:00+00:00,135.15,135.5,134.85,135.2,363
2024-12-24T07:40:00+00:00,135.25,135.55,135.15,135.55,16
2024-12-24T07:45:00+00:00,135.55,135.65,135.05,135.05,122
2024-12-24T07:50:00+00:00,135.2,135.7,135.2,135.25,53
2024-12-24T07:55:00+00:00,135.25,135.55,134.8,135.15,730
2024-12-24T08:00:00+00:00,135.2,135.4,135.15,135.3,34
2024-12-24T08:05:00+00:00,135.35,135.4,134.8,135.1,118
2024-12-24T08:10:00+00:00,135.05,135.1,134.7,135.0,158
2024-12-24T08:15:00+00:00,135.0,135.0,133.9,134.35,1644
2024-12-24T08:20:00+00:00,134.5,134.85,134.5,134.65,108
2024-12-24T08:25:00+00:00,134.65,135.0,134.65,134.75,172
2024-12-24T08:30:00+00:00,134.85,135.15,134.7,135.1,427
2024-12-24T08:35:00+00:00,135.2,135.2,133.9,134.25,1497
2024-12-24T08:40:00+00:00,134.35,134.4,132.85,133.95,2628
2024-12-24T08:45:00+00:00,134.0,134.35,133.75,134.3,216
2024-12-24T08:50:00+00:00,134.15,134.15,133.7,133.9,323
2024-12-24T08:55:00+00:00,133.95,134.2,133.95,134.1,144
2024-12-24T09:00:00+00:00,134.25,134.35,134.15,134.3,90
2024-12-24T09:05:00+00:00,134.3,134.35,134.2,134.3,141
2024-12-24T09:10:00+00:00,134.35,135.45,134.05,134.8,2149
2024-12-24T09:15:00+00:00,134.95,134.95,133.95,134.4,1519
2024-12-24T09:20:00+00:00,134.4,134.75,134.4,134.75,177
2024-12-24T09:25:00+00:00,134.85,134.95,134.7,134.85,195
2024-12-24T09:30:00+00:00,134.75,135.05,134.75,134.85,214
2024-12-24T09:35:00+00:00,134.85,135.05,134.6,134.75,211
2024-12-24T09:40:00+00:00,134.85,135.25,134.6,135.2,157
2024-12-24T09:45:00+00:00,135.2,135.25,135.05,135.2,56
2024-12-24T09:50:00+00:00,135.15,135.2,134.6,134.75,120
2024-12-24T09:55:00+00:00,134.75,135.05,134.5,134.65,303
2024-12-24T10:00:00+00:00,134.75,134.95,134.75,134.95,14
2024-12-24T10:05:00+00:00,134.95,135.15,134.75,134.75,208
2024-12-24T10:10:00+00:00,134.8,134.85,134.3,134.65,524
2024-12-24T10:15:00+00:00,134.7,134.85,134.7,134.85,16
2024-12-24T10:20:00+00:00,134.85,134.85,134.6,134.75,237
2024-12-24T10:25:00+00:00,134.8,134.8,133.05,134.2,3299
2024-12-24T10:30:00+00:00,134.2,134.55,133.9,134.55,77
2024-12-24T10:35:00+00:00,134.5,134.9,134.5,134.75,99
2024-12-24T10:40:00+00:00,134.7,134.7,134.1,134.25,261
2024-12-24T10:45:00+00:00,134.25,134.35,134.25,134.35,7
2024-12-24T10:50:00+00:00,134.25,134.8,134.1,134.1,288
2024-12-24T10:55:00+00:00,134.25,134.8,134.25,134.8,25
2024-12-24T11:00:00+00:00,134.7,134.75,134.45,134.5,51
2024-12-24T11:05:00+00:00,134.5,134.95,134.45,134.85,205
2024-12-24T11:10:00+00:00,134.9,135.3,134.7,134.7,291
2024-12-24T11:15:00+00:00,135.15,135.35,134.7,134.7,430
2024-12-24T11:20:00+00:00,135.15,135.25,134.8,135.15,101
2024-12-24T11:25:00+00:00,135.15,135.3,135.05,135.05,69
2024-12-24T11:30:00+00:00,135.2,135.75,135.2,135.6,463
2024-12-24T11:35:00+00:00,135.85,135.95,135.65,135.65,245
2024-12-24T11:40:00+00:00,135.65,135.8,135.6,135.6,218
2024-12-24T11:45:00+00:00,135.8,136.15,135.7,135.8,155
2024-12-24T11:50:00+00:00,135.7,135.8,135.7,135.8,39
2024-12-24T11:55:00+00:00,135.8,135.8,135.65,135.7,97
2024-12-24T12:00:00+00:00,135.8,135.8,135.65,135.65,134
2024-12-24T12:05:00+00:00,135.75,135.8,134.75,135.0,1369
2024-12-24T12:10:00+00:00,134.8,135.15,134.1,134.4,471
2024-12-24T12:15:00+00:00,134.8,135.0,134.4,134.4,69
2024-12-24T12:20:00+00:00,134.4,134.4,133.25,134.15,1539
2024-12-24T12:25:00+00:00,134.1,134.15,134.05,134.05,14
2024-12-24T12:30:00+00:00,134.05,134.1,133.55,133.8,65
2024-12-24T12:35:00+00:00,133.8,133.95,133.5,133.55,279
2024-12-24T12:40:00+00:00,133.85,133.85,133.35,133.75,197
2024-12-24T12:45:00+00:00,133.8,133.85,133.8,133.85,50
2024-12-24T12:50:00+00:00,133.9,133.95,133.9,133.95,139
2024-12-24T12:55:00+00:00,134.0,134.0,133.35,133.75,686
2024-12-24T13:00:00+00:00,133.75,133.95,133.45,133.75,27
2024-12-24T13:05:00+00:00,133.55,133.85,133.55,133.85,60
2024-12-24T13:10:00+00:00,133.8,134.0,133.8,134.0,153
2024-12-24T13:15:00+00:00,133.95,134.0,133.85,133.95,80
2024-12-24T13:20:00+00:00,134.0,134.0,133.3,133.65,403
2024-12-24T13:25:00+00:00,133.65,133.85,133.65,133.85,74
2024-12-24T13:30:00+00:00,133.8,133.95,133.05,133.75,555
2024-12-24T13:35:00+00:00,133.65,133.65,133.0,133.0,206
2024-12-24T13:40:00+00:00,133.4,133.65,133.4,133.6,98
2024-12-24T13:45:00+00:00,133.6,133.75,133.5,133.7,179
2024-12-24T13:50:00+00:00,133.75,133.75,133.75,133.75,5
2024-12-24T13:55:00+00:00,133.75,133.8,133.55,133.8,43
2024-12-24T14:00:00+00:00,133.5,133.8,133.5,133.8,59
2024-12-24T14:05:00+00:00,133.5,133.5,132.55,133.0,2054
2024-12-24T14:10:00+00:00,133.0,133.0,132.6,132.85,173
2024-12-24T14:15:00+00:00,132.9,133.0,132.7,132.7,276
2024-12-24T14:20:00+00:00,132.9,132.95,132.7,132.9,211
2024-12-24T14:25:00+00:00,132.9,132.9,132.6,132.6,455
2024-12-24T14:30:00+00:00,132.75,132.8,132.6,132.8,61
2024-12-24T14:35:00+00:00,132.85,133.0,132.6,132.95,425
2024-12-24T14:40:00+00:00,132.95,132.95,132.05,132.75,881
2024-12-24T14:45:00+00:00,132.7,132.7,132.4,132.6,91
2024-12-24T14:50:00+00:00,132.6,132.8,132.6,132.7,137
2024-12-24T14:55:00+00:00,132.7,132.7,132.4,132.45,131
2024-12-24T15:00:00+00:00,132.45,132.5,132.3,132.5,141
2024-12-24T15:05:00+00:00,132.5,132.5,132.4,132.5,123
2024-12-24T15:10:00+00:00,132.5,132.65,132.45,132.55,152
2024-12-24T15:15:00+00:00,132.65,132.65,132.55,132.65,16
2024-12-24T15:20:00+00:00,132.6,132.65,132.55,132.65,55
2024-12-24T15:25:00+00:00,132.7,132.7,132.6,132.6,51
2024-12-24T15:30:00+00:00,132.7,132.9,132.6,132.6,201
2024-12-24T15:35:00+00:00,132.7,132.95,132.7,132.9,12
2024-12-24T15:45:00+00:00,132.95,132.95,132.95,132.95,2
2024-12-24T16:05:00+00:00,132.95,133.0,132.9,133.0,62
2024-12-24T16:10:00+00:00,133.0,133.0,132.95,132.95,115
2024-12-24T16:15:00+00:00,133.0,133.0,132.95,133.0,28
2024-12-24T16:20:00+00:00,133.0,133.1,133.0,133.1,733
2024-12-24T16:25:00+00:00,133.1,133.5,133.1,133.4,143
2024-12-24T16:30:00+00:00,133.3,133.5,133.3,133.5,19
2024-12-24T16:35:00+00:00,133.45,133.7,133.4,133.7,255
2024-12-24T16:40:00+00:00,133.8,133.8,133.7,133.8,15
2024-12-24T16:45:00+00:00,133.9,133.9,133.9,133.9,10
2024-12-24T16:50:00+00:00,133.9,134.1,133.9,134.1,102
2024-12-24T16:55:00+00:00,134.2,134.4,134.2,134.2,21
2024-12-24T17:00:00+00:00,134.2,134.3,134.2,134.3,28
2024-12-24T17:05:00+00:00,134.25,134.3,134.2,134.25,44
2024-12-24T17:10:00+00:00,134.2,134.25,134.0,134.0,331
2024-12-24T17:15:00+00:00,133.9,133.9,133.9,133.9,1
2024-12-24T17:20:00+00:00,133.9,134.0,133.9,133.9,5
2024-12-24T17:25:00+00:00,134.0,134.1,133.9,133.9,38
2024-12-24T17:30:00+00:00,133.9,133.9,133.9,133.9,39
2024-12-24T17:35:00+00:00,133.9,133.9,133.8,133.85,89
2024-12-24T17:40:00+00:00,133.9,133.9,133.9,133.9,11
2024-12-24T17:45:00+00:00,133.9,133.9,133.9,133.9,2
2024-12-24T17:50:00+00:00,133.9,134.15,133.9,134.15,21
2024-12-24T17:55:00+00:00,134.2,134.2,133.85,133.85,6
2024-12-24T18:05:00+00:00,134.0,134.0,134.0,134.0,2
2024-12-24T18:10:00+00:00,134.1,134.2,134.1,134.2,17
2024-12-24T18:15:00+00:00,134.2,134.35,134.2,134.35,126
2024-12-24T18:20:00+00:00,134.35,134.5,134.35,134.5,143
2024-12-24T18:25:00+00:00,134.5,134.7,134.5,134.7,36
2024-12-24T18:30:00+00:00,134.7,134.7,134.6,134.6,5
2024-12-24T18:35:00+00:00,134.7,134.7,134.65,134.65,6
2024-12-24T18:40:00+00:00,134.65,134.65,134.6,134.6,85
2024-12-24T18:45:00+00:00,134.7,134.7,134.6,134.7,5
2024-12-24T18:50:00+00:00,134.7,134.7,134.7,134.7,3
2024-12-24T18:55:00+00:00,134.65,134.65,134.65,134.65,2
2024-12-24T19:00:00+00:00,134.6,134.6,134.5,134.55,124
2024-12-24T19:05:00+00:00,134.55,134.6,134.55,134.6,139
2024-12-24T19:10:00+00:00,134.6,134.65,134.6,134.65,5
2024-12-24T19:15:00+00:00,134.65,134.65,134.4,134.4,21
2024-12-24T19:20:00+00:00,134.4,134.45,134.2,134.45,100
2024-12-24T19:25:00+00:00,134.3,134.3,134.3,134.3,5
2024-12-24T19:30:00+00:00,134.3,134.45,134.3,134.45,7
2024-12-24T19:35:00+00:00,134.25,134.25,134.25,134.25,6
2024-12-24T19:45:00+00:00,134.25,134.5,134.25,134.5,149
2024-12-24T19:50:00+00:00,134.3,134.5,134.3,134.4,47
2024-12-24T19:55:00+00:00,134.4,134.65,134.4,134.65,42
2024-12-24T20:00:00+00:00,134.65,134.65,134.45,134.45,10
2024-12-24T20:05:00+00:00,134.45,134.45,134.4,134.4,8
2024-12-24T20:10:00+00:00,134.4,134.4,134.25,134.3,28
2024-12-24T20:15:00+00:00,134.3,134.35,134.3,134.35,13
2024-12-24T20:20:00+00:00,134.4,134.4,134.35,134.35,20
2024-12-24T20:25:00+00:00,134.35,134.4,134.25,134.25,84
2024-12-24T20:30:00+00:00,134.4,134.4,134.4,134.4,10
2024-12-24T20:35:00+00:00,134.4,134.4,134.4,134.4,3
2024-12-24T20:40:00+00:00,134.35,134.4,134.3,134.4,32
2024-12-24T20:45:00+00:00,134.25,134.4,134.2,134.4,252
2024-12-25T06:55:00+00:00,134.6,134.6,134.6,134.6,1
2024-12-25T07:00:00+00:00,134.4,134.4,130.0,131.15,3782
2024-12-25T07:05:00+00:00,131.2,131.5,130.8,131.3,591
2024-12-25T07:10:00+00:00,131.55,131.9,131.3,131.85,762
2024-12-25T07:15:00+00:00,131.85,131.85,131.65,131.8,145
2024-12-25T07:20:00+00:00,131.85,131.9,131.7,131.9,374
2024-12-25T07:25:00+00:00,131.85,132.2,131.8,132.2,392
2024-12-25T07:30:00+00:00,132.3,132.75,132.05,132.75,805
2024-12-25T07:35:00+00:00,132.5,132.75,132.3,132.55,111
2024-12-25T07:40:00+00:00,132.5,133.0,132.45,132.75,149
2024-12-25T07:45:00+00:00,132.75,132.75,132.55,132.55,39
2024-12-25T07:50:00+00:00,132.75,132.8,132.55,132.8,54
2024-12-25T07:55:00+00:00,132.8,132.8,132.4,132.65,136
2024-12-25T08:00:00+00:00,132.65,132.65,132.3,132.55,65
2024-12-25T08:05:00+00:00,132.55,132.55,132.55,132.55,12
2024-12-25T08:10:00+00:00,132.55,132.6,132.3,132.6,551
2024-12-25T08:15:00+00:00,132.6,132.75,132.4,132.4,53
2024-12-25T08:20:00+00:00,132.4,132.6,132.35,132.4,93
2024-12-25T08:25:00+00:00,132.4,133.5,132.4,132.8,429
2024-12-25T08:30:00+00:00,132.7,133.4,132.65,133.4,111
2024-12-25T08:35:00+00:00,133.4,133.4,133.3,133.4,12
2024-12-25T08:40:00+00:00,133.4,133.5,133.4,133.5,52
2024-12-25T08:45:00+00:00,133.5,133.5,133.05,133.05,74
2024-12-25T08:50:00+00:00,133.2,133.45,133.2,133.45,23
2024-12-25T08:55:00+00:00,133.45,133.5,133.45,133.45,79
2024-12-25T09:00:00+00:00,133.5,133.8,133.5,133.8,19
2024-12-25T09:05:00+00:00,133.7,133.95,133.35,133.35,225
2024-12-25T09:10:00+00:00,133.8,133.8,133.05,133.05,146
2024-12-25T09:15:00+00:00,133.0,133.0,132.15,132.6,1710
2024-12-25T09:20:00+00:00,132.7,133.5,132.6,133.35,410
2024-12-25T09:25:00+00:00,133.4,133.5,133.4,133.5,5
2024-12-25T09:30:00+00:00,133.5,133.75,133.4,133.4,34
2024-12-25T09:35:00+00:00,133.4,133.4,132.3,132.85,2543
2024-12-25T09:40:00+00:00,132.9,133.2,132.85,133.2,94
2024-12-25T09:45:00+00:00,133.1,133.2,132.25,132.25,1562
2024-12-25T09:50:00+00:00,132.25,132.95,132.05,132.95,82
2024-12-25T09:55:00+00:00,132.95,132.95,132.85,132.95,15
2024-12-25T10:00:00+00:00,132.9,133.2,132.9,132.95,278
2024-12-25T10:05:00+00:00,133.1,133.4,132.9,133.2,55
2024-12-25T10:10:00+00:00,133.3,133.45,133.2,133.4,21
2024-12-25T10:15:00+00:00,133.3,133.5,133.1,133.1,115
2024-12-25T10:20:00+00:00,133.15,133.35,133.05,133.1,67
2024-12-25T10:25:00+00:00,133.2,133.2,132.9,133.2,2164
2024-12-25T10:30:00+00:00,133.2,133.2,132.6,133.1,438
2024-12-25T10:35:00+00:00,133.0,133.15,133.0,133.15,19
2024-12-25T10:40:00+00:00,133.15,133.2,133.0,133.2,16
2024-12-25T10:45:00+00:00,133.2,133.2,132.9,133.1,75
2024-12-25T10:50:00+00:00,133.05,133.1,132.6,133.0,123
2024-12-25T10:55:00+00:00,133.1,133.2,133.1,133.2,11
2024-12-25T11:00:00+00:00,133.1,133.5,132.65,133.2,383
2024-12-25T11:05:00+00:00,133.3,133.5,133.25,133.35,150
2024-12-25T11:10:00+00:00,133.4,133.7,133.2,133.4,284
2024-12-25T11:15:00+00:00,133.3,133.3,132.7,133.15,280
2024-12-25T11:20:00+00:00,133.15,133.45,132.8,133.45,305
2024-12-25T11:25:00+00:00,133.3,133.3,132.9,133.3,84
2024-12-25T11:30:00+00:00,133.2,133.2,132.9,132.9,162
2024-12-25T11:35:00+00:00,132.9,133.0,132.7,132.8,371
2024-12-25T11:40:00+00:00,132.95,132.95,132.95,132.95,8
2024-12-25T11:45:00+00:00,133.0,133.0,132.95,132.95,72
2024-12-25T11:50:00+00:00,132.95,133.05,132.95,133.0,20
2024-12-25T11:55:00+00:00,132.95,132.95,132.65,132.95,201
2024-12-25T12:00:00+00:00,132.9,132.95,132.65,132.9,290
2024-12-25T12:05:00+00:00,132.9,133.0,132.85,133.0,29
2024-12-25T12:10:00+00:00,133.05,133.35,133.0,133.3,47
2024-12-25T12:15:00+00:00,133.3,133.3,133.2,133.2,5
2024-12-25T12:20:00+00:00,133.25,133.4,133.05,133.4,49
2024-12-25T12:25:00+00:00,133.4,133.4,133.1,133.3,13
2024-12-25T12:30:00+00:00,133.4,133.4,132.3,132.5,1453
2024-12-25T12:35:00+00:00,132.5,132.75,132.5,132.75,25
2024-12-25T12:40:00+00:00,132.75,132.75,132.4,132.6,133
2024-12-25T12:45:00+00:00,132.6,132.8,132.5,132.8,108
2024-12-25T12:50:00+00:00,132.8,133.7,132.7,133.5,543
2024-12-25T12:55:00+00:00,133.4,133.7,132.75,133.55,872
2024-12-25T13:00:00+00:00,133.55,133.7,132.5,132.5,1482
2024-12-25T13:05:00+00:00,132.7,133.4,132.65,133.15,451
2024-12-25T13:10:00+00:00,133.15,133.35,133.15,133.3,26
2024-12-25T13:15:00+00:00,133.35,133.65,133.1,133.25,341
2024-12-25T13:20:00+00:00,133.55,133.55,132.3,133.05,1546
2024-12-25T13:25:00+00:00,133.0,133.15,132.5,132.9,186
2024-12-25T13:30:00+00:00,132.85,132.85,132.6,132.85,151
2024-12-25T13:35:00+00:00,132.7,132.9,132.65,132.9,253
2024-12-25T13:40:00+00:00,132.9,132.9,132.75,132.75,208
2024-12-25T13:45:00+00:00,133.0,133.1,132.8,132.8,209
2024-12-25T13:50:00+00:00,133.1,133.1,132.8,132.85,178
2024-12-25T13:55:00+00:00,133.05,133.05,132.9,132.9,35
2024-12-25T14:00:00+00:00,133.05,133.15,132.85,133.15,474
2024-12-25T14:05:00+00:00,133.15,133.15,133.05,133.05,14
2024-12-25T14:10:00+00:00,133.05,133.2,132.6,133.0,512
2024-12-25T14:15:00+00:00,133.0,133.0,132.5,132.75,126
2024-12-25T14:20:00+00:00,132.75,132.75,131.75,132.3,1572
2024-12-25T14:25:00+00:00,132.25,132.3,131.95,132.25,157
2024-12-25T14:30:00+00:00,132.1,132.5,132.05,132.5,219
2024-12-25T14:35:00+00:00,132.5,132.5,132.1,132.5,104
2024-12-25T14:40:00+00:00,132.5,132.55,132.45,132.55,29
2024-12-25T14:45:00+00:00,132.45,132.55,132.25,132.55,147
2024-12-25T14:50:00+00:00,132.5,132.5,131.95,132.4,445
2024-12-25T14:55:00+00:00,131.95,132.45,131.15,131.6,1481
2024-12-25T15:00:00+00:00,132.15,132.8,132.15,132.7,691
2024-12-25T15:05:00+00:00,132.65,133.1,132.2,132.45,416
2024-12-25T15:10:00+00:00,132.45,132.8,132.4,132.8,118
2024-12-25T15:15:00+00:00,132.8,133.0,132.4,132.4,562
2024-12-25T15:20:00+00:00,132.5,132.85,132.5,132.85,4
2024-12-25T15:25:00+00:00,132.55,132.9,132.5,132.55,258
2024-12-25T15:30:00+00:00,132.85,132.9,132.55,132.9,158
2024-12-25T15:35:00+00:00,132.7,132.85,132.4,132.75,482
2024-12-25T15:45:00+00:00,132.8,132.8,132.8,132.8,33
2024-12-25T16:00:00+00:00,133.0,133.0,133.0,133.0,27
2024-12-25T16:05:00+00:00,133.0,133.0,132.65,133.0,714
2024-12-25T16:10:00+00:00,133.0,133.15,133.0,133.1,303
2024-12-25T16:15:00+00:00,133.0,133.15,133.0,133.0,291
2024-12-25T16:20:00+00:00,133.1,133.1,133.05,133.1,110
2024-12-25T16:25:00+00:00,133.1,133.15,133.0,133.0,157
2024-12-25T16:30:00+00:00,133.15,133.15,133.05,133.05,124
2024-12-25T16:35:00+00:00,133.05,133.4,133.05,133.25,122
2024-12-25T16:40:00+00:00,133.35,133.45,133.1,133.1,81
2024-12-25T16:45:00+00:00,133.25,133.25,133.05,133.2,47
2024-12-25T16:50:00+00:00,133.2,133.2,133.0,133.1,71
2024-12-25T16:55:00+00:00,133.1,133.1,132.8,133.05,111
2024-12-25T17:00:00+00:00,133.05,133.1,132.75,133.0,87
2024-12-25T17:05:00+00:00,133.15,133.4,132.85,133.05,149
2024-12-25T17:10:00+00:00,133.1,133.15,133.1,133.15,3
2024-12-25T17:15:00+00:00,133.1,133.25,133.1,133.25,3
2024-12-25T17:20:00+00:00,133.25,133.4,133.25,133.4,18
2024-12-25T17:25:00+00:00,133.4,133.4,132.8,132.9,113
2024-12-25T17:30:00+00:00,133.05,133.1,133.05,133.1,8
2024-12-25T17:35:00+00:00,133.1,133.1,133.1,133.1,5
2024-12-25T17:40:00+00:00,133.1,133.1,132.75,133.0,201
2024-12-25T17:50:00+00:00,133.05,133.15,133.05,133.15,5
2024-12-25T17:55:00+00:00,133.25,133.25,133.25,133.25,20
2024-12-25T18:00:00+00:00,133.3,133.3,132.7,133.05,150
2024-12-25T18:05:00+00:00,133.15,133.35,132.8,132.95,89
2024-12-25T18:10:00+00:00,132.95,133.15,132.95,133.05,12
2024-12-25T18:15:00+00:00,133.05,133.05,133.05,133.05,2
2024-12-25T18:20:00+00:00,133.15,133.4,133.15,133.15,35
2024-12-25T18:25:00+00:00,133.25,133.4,133.25,133.4,26
2024-12-25T18:30:00+00:00,133.4,133.4,133.35,133.4,3
2024-12-25T18:35:00+00:00,133.4,133.4,133.0,133.35,382
2024-12-25T18:40:00+00:00,133.35,133.45,133.35,133.35,40
2024-12-25T18:45:00+00:00,133.45,133.45,132.8,132.95,107
2024-12-25T18:50:00+00:00,132.95,133.0,132.95,133.0,3
2024-12-25T18:55:00+00:00,133.0,133.05,133.0,133.05,34
2024-12-25T19:00:00+00:00,133.0,133.4,133.0,133.0,182
2024-12-25T19:05:00+00:00,133.15,133.25,132.75,132.75,151
2024-12-25T19:10:00+00:00,132.85,133.05,132.85,133.05,8
2024-12-25T19:15:00+00:00,132.95,133.3,132.95,133.3,8
2024-12-25T19:20:00+00:00,133.3,133.3,132.95,133.1,57
2024-12-25T19:25:00+00:00,133.15,133.55,132.7,133.5,721
2024-12-25T19:30:00+00:00,133.55,133.6,133.5,133.55,36
2024-12-25T19:35:00+00:00,133.6,134.3,133.35,134.15,1200
2024-12-25T19:40:00+00:00,134.05,134.05,133.3,133.5,95
2024-12-25T19:45:00+00:00,133.55,133.7,133.55,133.65,8
2024-12-25T19:50:00+00:00,133.65,133.65,132.95,133.25,38
2024-12-25T19:55:00+00:00,133.35,133.4,133.25,133.25,7
2024-12-25T20:00:00+00:00,133.3,133.45,133.3,133.45,6
2024-12-25T20:05:00+00:00,133.55,133.6,132.7,133.35,459
2024-12-25T20:10:00+00:00,133.45,134.1,133.45,133.55,200
2024-12-25T20:15:00+00:00,133.45,133.55,133.4,133.55,8
2024-12-25T20:20:00+00:00,133.55,133.55,133.4,133.4,21
2024-12-25T20:25:00+00:00,133.55,133.6,133.35,133.55,35
2024-12-25T20:30:00+00:00,133.6,134.5,133.55,133.65,334
2024-12-25T20:35:00+00:00,133.65,134.35,133.4,133.55,363
2024-12-25T20:40:00+00:00,133.65,133.75,133.55,133.75,5
2024-12-25T20:45:00+00:00,133.75,133.9,133.75,133.8,13
2024-12-26T06:55:00+00:00,134.4,134.4,134.4,134.4,6
2024-12-26T07:00:00+00:00,134.55,135.15,132.15,133.05,2154
2024-12-26T07:05:00+00:00,133.0,133.35,132.65,133.05,308
2024-12-26T07:10:00+00:00,133.05,133.15,132.1,132.6,1487
2024-12-26T07:15:00+00:00,132.6,133.1,132.05,132.85,2922
2024-12-26T07:20:00+00:00,132.95,133.05,132.55,133.0,311
2024-12-26T07:25:00+00:00,133.0,133.0,132.65,133.0,89
2024-12-26T07:30:00+00:00,133.0,133.65,132.45,133.25,941
2024-12-26T07:35:00+00:00,133.25,133.7,133.25,133.7,152
2024-12-26T07:40:00+00:00,133.3,133.3,131.15,132.75,8978
2024-12-26T07:45:00+00:00,132.8,132.9,132.6,132.85,128
2024-12-26T07:50:00+00:00,132.85,133.1,132.55,133.1,1303
2024-12-26T07:55:00+00:00,132.9,133.1,132.55,132.95,302
2024-12-26T08:00:00+00:00,133.15,133.2,133.0,133.2,15
2024-12-26T08:05:00+00:00,133.2,133.35,132.6,133.35,1575
2024-12-26T08:10:00+00:00,133.3,133.35,133.0,133.35,195
2024-12-26T08:15:00+00:00,133.4,133.5,133.0,133.1,655
2024-12-26T08:20:00+00:00,133.1,133.15,132.55,132.8,756
2024-12-26T08:25:00+00:00,132.85,133.15,132.85,132.9,85
2024-12-26T08:30:00+00:00,132.85,132.85,132.55,132.65,178
2024-12-26T08:35:00+00:00,132.8,132.9,132.5,132.9,412
2024-12-26T08:40:00+00:00,132.8,133.15,132.55,133.0,347
2024-12-26T08:45:00+00:00,133.1,133.3,132.15,132.4,1601
2024-12-26T08:50:00+00:00,132.4,133.05,132.1,132.6,1589
2024-12-26T08:55:00+00:00,132.6,132.95,132.6,132.8,26
2024-12-26T09:00:00+00:00,132.8,132.8,132.7,132.8,226
2024-12-26T09:05:00+00:00,132.8,132.8,132.7,132.8,32
2024-12-26T09:10:00+00:00,132.8,132.85,132.7,132.85,167
2024-12-26T09:15:00+00:00,132.85,133.05,132.85,132.95,92
2024-12-26T09:20:00+00:00,133.0,133.0,132.15,132.7,257
2024-12-26T09:25:00+00:00,132.75,133.1,132.45,132.45,513
2024-12-26T09:30:00+00:00,132.45,133.1,132.15,132.6,1102
2024-12-26T09:35:00+00:00,132.7,132.95,132.65,132.9,343
2024-12-26T09:40:00+00:00,132.8,133.05,132.6,132.8,179
2024-12-26T09:45:00+00:00,133.0,133.05,132.75,133.0,240
2024-12-26T09:50:00+00:00,133.0,133.1,132.9,133.0,75
2024-12-26T09:55:00+00:00,133.0,133.1,133.0,133.1,19
2024-12-26T10:00:00+00:00,133.05,133.1,133.0,133.1,67
2024-12-26T10:05:00+00:00,133.1,133.1,133.0,133.05,97
2024-12-26T10:10:00+00:00,133.0,133.1,133.0,133.1,243
2024-12-26T10:15:00+00:00,133.0,133.05,132.8,132.95,192
2024-12-26T10:20:00+00:00,132.95,133.05,132.75,132.75,124
2024-12-26T10:25:00+00:00,132.9,133.05,132.9,133.05,13
2024-12-26T10:30:00+00:00,133.05,133.05,132.7,132.7,196
2024-12-26T10:35:00+00:00,132.8,133.0,132.8,133.0,14
2024-12-26T10:40:00+00:00,133.0,133.1,132.8,133.0,221
2024-12-26T10:45:00+00:00,133.0,133.1,132.5,132.7,2169
2024-12-26T10:50:00+00:00,132.8,133.0,132.6,133.0,253
2024-12-26T10:55:00+00:00,133.0,133.0,132.9,133.0,14
2024-12-26T11:00:00+00:00,132.9,132.9,132.05,132.6,1758
2024-12-26T11:05:00+00:00,132.8,132.95,132.7,132.8,259
2024-12-26T11:10:00+00:00,132.7,132.8,132.7,132.8,93
2024-12-26T11:15:00+00:00,132.8,132.9,132.7,132.9,90
2024-12-26T11:20:00+00:00,132.9,132.95,132.8,132.9,28
2024-12-26T11:25:00+00:00,132.9,132.95,132.75,132.95,176
2024-12-26T11:30:00+00:00,132.95,133.0,132.75,132.95,184
2024-12-26T11:35:00+00:00,132.9,132.9,132.5,132.8,324
2024-12-26T11:40:00+00:00,132.7,132.9,132.7,132.9,83
2024-12-26T11:45:00+00:00,132.9,132.95,132.6,132.8,125
2024-12-26T11:50:00+00:00,132.9,133.05,132.7,133.05,191
2024-12-26T11:55:00+00:00,133.1,133.2,132.85,133.2,533
2024-12-26T12:00:00+00:00,133.0,133.2,132.7,133.05,497
2024-12-26T12:05:00+00:00,133.1,133.1,133.0,133.0,66
2024-12-26T12:10:00+00:00,133.1,133.1,133.0,133.1,55
2024-12-26T12:15:00+00:00,133.1,133.15,132.7,132.9,173
2024-12-26T12:20:00+00:00,133.0,133.15,132.8,132.9,83
2024-12-26T12:25:00+00:00,133.0,133.2,132.75,132.75,122
2024-12-26T12:30:00+00:00,132.75,132.95,132.75,132.9,27
2024-12-26T12:35:00+00:00,133.0,133.05,133.0,133.05,7
2024-12-26T12:40:00+00:00,133.0,133.2,132.9,133.15,185
2024-12-26T12:45:00+00:00,133.0,133.0,131.15,132.1,5152
2024-12-26T12:50:00+00:00,132.2,132.55,132.0,132.5,295
2024-12-26T12:55:00+00:00,132.45,132.5,131.85,132.4,802
2024-12-26T13:00:00+00:00,132.4,132.4,132.3,132.4,14
2024-12-26T13:05:00+00:00,132.4,132.6,132.4,132.6,118
2024-12-26T13:10:00+00:00,132.6,132.65,132.45,132.65,182
2024-12-26T13:15:00+00:00,132.6,132.7,132.3,132.5,332
2024-12-26T13:20:00+00:00,132.55,132.6,132.55,132.6,11
2024-12-26T13:25:00+00:00,132.6,132.6,132.35,132.6,108
2024-12-26T13:30:00+00:00,132.6,132.8,132.6,132.8,317
2024-12-26T13:35:00+00:00,132.75,132.75,132.3,132.4,300
2024-12-26T13:40:00+00:00,132.5,132.75,132.2,132.6,145
2024-12-26T13:45:00+00:00,132.5,132.5,131.6,131.9,2039
2024-12-26T13:50:00+00:00,131.9,132.1,131.7,132.1,180
2024-12-26T13:55:00+00:00,132.1,132.3,131.7,131.9,365
2024-12-26T14:00:00+00:00,131.9,132.05,131.75,132.0,297
2024-12-26T14:05:00+00:00,131.95,132.0,131.8,132.0,60
2024-12-26T14:10:00+00:00,132.0,132.1,131.9,131.9,205
2024-12-26T14:15:00+00:00,131.9,132.8,131.8,132.35,1266
2024-12-26T14:20:00+00:00,132.35,132.35,132.05,132.3,10
2024-12-26T14:25:00+00:00,132.3,132.75,131.9,132.75,287
2024-12-26T14:30:00+00:00,132.75,132.75,132.7,132.7,19
2024-12-26T14:35:00+00:00,132.5,132.5,132.3,132.5,10
2024-12-26T14:40:00+00:00,132.5,132.65,132.5,132.65,61
2024-12-26T14:45:00+00:00,132.65,132.65,132.35,132.65,12
2024-12-26T14:50:00+00:00,132.6,132.6,132.25,132.25,22
2024-12-26T14:55:00+00:00,132.6,132.6,132.25,132.5,19
2024-12-26T15:00:00+00:00,132.55,132.65,132.35,132.35,320
2024-12-26T15:05:00+00:00,132.6,132.65,132.4,132.65,172
2024-12-26T15:10:00+00:00,132.65,132.65,132.6,132.65,123
2024-12-26T15:15:00+00:00,132.6,132.6,132.3,132.6,112
2024-12-26T15:20:00+00:00,132.6,132.6,132.5,132.5,76
2024-12-26T15:25:00+00:00,132.6,132.6,132.35,132.6,79
2024-12-26T15:30:00+00:00,132.6,132.8,132.6,132.8,151
2024-12-26T15:35:00+00:00,132.8,132.85,132.8,132.85,227
2024-12-26T15:45:00+00:00,132.85,132.85,132.85,132.85,15
2024-12-26T16:00:00+00:00,132.85,132.85,132.85,132.85,1
2024-12-26T16:05:00+00:00,132.85,132.85,132.85,132.85,43
2024-12-26T16:10:00+00:00,132.85,132.9,132.8,132.8,106
2024-12-26T16:15:00+00:00,132.9,132.9,132.8,132.9,3
2024-12-26T16:20:00+00:00,132.9,132.9,132.8,132.9,55
2024-12-26T16:25:00+00:00,132.95,132.95,132.9,132.95,65
2024-12-26T16:30:00+00:00,132.95,133.0,132.95,132.95,210
2024-12-26T16:35:00+00:00,133.0,133.0,132.95,132.95,43
2024-12-26T16:40:00+00:00,132.95,133.0,132.8,133.0,245
2024-12-26T16:45:00+00:00,132.9,132.9,132.9,132.9,1
2024-12-26T16:50:00+00:00,132.9,132.9,132.9,132.9,8
2024-12-26T16:55:00+00:00,132.9,132.9,132.9,132.9,27
2024-12-26T17:00:00+00:00,132.9,132.9,132.8,132.9,67
2024-12-26T17:05:00+00:00,132.95,133.05,132.95,133.05,351
2024-12-26T17:10:00+00:00,133.05,133.1,133.0,133.1,1025
2024-12-26T17:15:00+00:00,133.1,133.1,133.1,133.1,55
2024-12-26T17:20:00+00:00,133.0,133.1,132.9,133.1,72
2024-12-26T17:25:00+00:00,133.1,133.1,132.9,133.0,152
2024-12-26T17:30:00+00:00,132.9,133.0,132.9,132.9,6
2024-12-26T17:35:00+00:00,132.85,132.9,132.85,132.9,15
2024-12-26T17:40:00+00:00,132.85,132.85,132.45,132.45,614
2024-12-26T17:45:00+00:00,132.5,132.7,132.5,132.7,6
2024-12-26T17:50:00+00:00,132.7,133.05,132.6,133.05,14
2024-12-26T17:55:00+00:00,133.05,133.05,133.05,133.05,7
2024-12-26T18:00:00+00:00,133.0,133.05,133.0,133.05,20
2024-12-26T18:05:00+00:00,133.0,133.0,132.9,132.95,4
2024-12-26T18:15:00+00:00,132.95,132.95,132.35,132.4,393
2024-12-26T18:20:00+00:00,132.35,132.6,132.0,132.5,665
2024-12-26T18:30:00+00:00,132.6,132.7,132.5,132.6,49
2024-12-26T18:35:00+00:00,132.5,132.7,132.5,132.7,4
2024-12-26T18:40:00+00:00,132.7,132.9,132.7,132.8,97
2024-12-26T18:45:00+00:00,132.9,132.9,132.8,132.8,90
2024-12-26T18:50:00+00:00,132.8,132.9,132.8,132.9,125
2024-12-26T18:55:00+00:00,132.9,132.9,132.55,132.85,44
2024-12-26T19:00:00+00:00,132.85,132.85,132.85,132.85,19
2024-12-26T19:05:00+00:00,132.85,132.85,132.85,132.85,3
2024-12-26T19:10:00+00:00,132.8,132.85,132.7,132.7,12
2024-12-26T19:15:00+00:00,132.7,132.9,132.7,132.9,272
2024-12-26T19:20:00+00:00,132.9,133.0,132.9,132.95,90
2024-12-26T19:25:00+00:00,132.95,132.95,132.95,132.95,1
2024-12-26T19:30:00+00:00,132.8,132.8,132.8,132.8,13
2024-12-26T19:35:00+00:00,132.8,132.8,132.75,132.75,3
2024-12-26T19:40:00+00:00,132.7,132.8,132.7,132.8,35
2024-12-26T19:50:00+00:00,132.8,132.85,132.8,132.85,18
2024-12-26T19:55:00+00:00,132.85,132.85,132.75,132.75,7
2024-12-26T20:00:00+00:00,132.75,133.0,132.75,133.0,207
2024-12-26T20:05:00+00:00,132.95,133.2,132.95,133.2,663
2024-12-26T20:10:00+00:00,133.2,133.25,133.15,133.15,280
2024-12-26T20:15:00+00:00,133.15,133.2,133.15,133.2,201
2024-12-26T20:20:00+00:00,133.2,133.2,133.2,133.2,1
2024-12-26T20:25:00+00:00,133.2,133.2,132.7,132.75,62
2024-12-26T20:35:00+00:00,132.9,132.9,132.9,132.9,3
2024-12-26T20:40:00+00:00,132.9,133.05,132.9,133.05,142
2024-12-26T20:45:00+00:00,133.0,133.05,132.9,132.9,36
2024-12-27T06:55:00+00:00,132.85,132.85,132.85,132.85,31
2024-12-27T07:00:00+00:00,132.9,133.45,132.05,132.35,806
2024-12-27T07:05:00+00:00,132.5,132.5,131.5,132.25,1881
2024-12-27T07:10:00+00:00,132.4,132.65,132.4,132.65,53
2024-12-27T07:15:00+00:00,132.5,132.5,131.8,132.3,396
2024-12-27T07:20:00+00:00,132.2,132.6,131.9,132.6,381
2024-12-27T07:25:00+00:00,132.6,132.65,132.35,132.55,117
2024-12-27T07:30:00+00:00,132.6,132.6,132.4,132.6,40
2024-12-27T07:35:00+00:00,132.5,132.8,132.4,132.4,73
2024-12-27T07:40:00+00:00,132.6,132.95,132.6,132.85,106
2024-12-27T07:45:00+00:00,132.8,132.85,132.8,132.8,15
2024-12-27T07:50:00+00:00,132.8,132.8,132.5,132.5,25
2024-12-27T07:55:00+00:00,132.6,132.8,132.35,132.35,448
2024-12-27T08:00:00+00:00,132.5,132.65,132.5,132.6,31
2024-12-27T08:05:00+00:00,132.6,132.8,132.35,132.35,251
2024-12-27T08:10:00+00:00,132.5,132.8,132.35,132.8,154
2024-12-27T08:15:00+00:00,132.8,132.8,132.5,132.8,53
2024-12-27T08:20:00+00:00,132.8,132.8,132.35,132.5,313
2024-12-27T08:25:00+00:00,132.6,132.8,132.4,132.75,229
2024-12-27T08:30:00+00:00,132.5,132.8,132.45,132.65,254
2024-12-27T08:35:00+00:00,132.8,132.8,132.5,132.6,345
2024-12-27T08:40:00+00:00,132.7,132.9,132.55,132.55,77
2024-12-27T08:45:00+00:00,132.55,132.75,132.4,132.7,176
2024-12-27T08:50:00+00:00,132.65,132.8,131.8,132.35,1687
2024-12-27T08:55:00+00:00,132.2,132.2,131.9,132.0,67
2024-12-27T09:00:00+00:00,132.0,132.55,132.0,132.5,90
2024-12-27T09:05:00+00:00,132.55,132.55,132.5,132.55,19
2024-12-27T09:10:00+00:00,132.5,132.5,132.05,132.05,191
2024-12-27T09:15:00+00:00,132.2,132.45,131.5,131.9,1378
2024-12-27T09:20:00+00:00,132.0,132.15,132.0,132.1,32
2024-12-27T09:25:00+00:00,132.1,132.2,131.65,131.8,417
2024-12-27T09:30:00+00:00,131.9,132.0,131.6,131.85,140
2024-12-27T09:35:00+00:00,131.7,131.85,131.25,131.3,1432
2024-12-27T09:40:00+00:00,131.3,131.7,131.3,131.65,119
2024-12-27T09:45:00+00:00,131.6,131.6,130.5,131.35,3982
2024-12-27T09:50:00+00:00,131.4,131.65,131.2,131.4,323
2024-12-27T09:55:00+00:00,131.4,131.65,131.2,131.65,353
2024-12-27T10:00:00+00:00,131.65,131.65,130.8,131.45,1163
2024-12-27T10:05:00+00:00,131.45,131.55,130.55,131.55,1149
2024-12-27T10:10:00+00:00,131.6,131.8,131.55,131.8,293
2024-12-27T10:15:00+00:00,131.75,132.0,131.7,132.0,441
2024-12-27T10:20:00+00:00,132.0,132.1,131.8,131.8,37
2024-12-27T10:25:00+00:00,131.8,131.9,131.5,131.7,1486
2024-12-27T10:30:00+00:00,131.8,131.8,131.8,131.8,18
2024-12-27T10:35:00+00:00,131.8,131.8,131.35,131.6,186
2024-12-27T10:40:00+00:00,131.5,131.5,131.4,131.5,10
2024-12-27T10:45:00+00:00,131.5,131.5,131.3,131.5,391
2024-12-27T10:50:00+00:00,131.6,131.95,131.6,131.8,92
2024-12-27T10:55:00+00:00,131.8,131.85,131.2,131.8,273
2024-12-27T11:00:00+00:00,131.8,131.8,131.35,131.35,223
2024-12-27T11:05:00+00:00,131.5,131.75,131.5,131.75,18
2024-12-27T11:10:00+00:00,131.75,131.8,131.45,131.75,88
2024-12-27T11:15:00+00:00,131.75,131.8,131.45,131.6,51
2024-12-27T11:20:00+00:00,131.7,131.8,131.45,131.45,134
2024-12-27T11:25:00+00:00,131.5,131.6,131.5,131.6,10
2024-12-27T11:30:00+00:00,131.6,131.9,131.4,131.4,140
2024-12-27T11:35:00+00:00,131.6,131.85,131.4,131.8,114
2024-12-27T11:40:00+00:00,131.8,131.8,131.8,131.8,11
2024-12-27T11:45:00+00:00,131.7,131.8,131.7,131.8,8
2024-12-27T11:50:00+00:00,131.85,132.0,131.85,132.0,249
2024-12-27T11:55:00+00:00,132.0,132.0,131.8,132.0,72
2024-12-27T12:00:00+00:00,132.0,132.0,131.8,132.0,333
2024-12-27T12:05:00+00:00,131.95,131.95,131.8,131.95,67
2024-12-27T12:10:00+00:00,131.9,131.9,131.9,131.9,13
2024-12-27T12:15:00+00:00,131.9,132.25,131.8,132.25,250
2024-12-27T12:20:00+00:00,132.1,132.2,132.1,132.15,10
2024-12-27T12:25:00+00:00,132.2,132.2,132.1,132.1,58
2024-12-27T12:30:00+00:00,132.2,132.2,132.1,132.2,39
2024-12-27T12:35:00+00:00,132.2,132.2,132.0,132.05,213
2024-12-27T12:40:00+00:00,132.1,132.3,132.1,132.1,288
2024-12-27T12:45:00+00:00,132.1,132.1,132.1,132.1,2
2024-12-27T12:50:00+00:00,132.3,132.4,132.3,132.4,78
2024-12-27T12:55:00+00:00,132.4,132.7,132.4,132.65,1019
2024-12-27T13:00:00+00:00,132.65,132.7,132.65,132.65,97
2024-12-27T13:05:00+00:00,132.6,132.65,132.3,132.3,75
2024-12-27T13:10:00+00:00,132.4,132.6,132.4,132.5,11
2024-12-27T13:15:00+00:00,132.5,132.65,132.5,132.65,31
2024-12-27T13:20:00+00:00,132.6,132.65,132.6,132.65,189
2024-12-27T13:25:00+00:00,132.6,132.65,132.1,132.2,434
2024-12-27T13:30:00+00:00,132.1,132.4,132.1,132.4,72
2024-12-27T13:35:00+00:00,132.4,132.55,132.2,132.5,317
2024-12-27T13:40:00+00:00,132.5,132.55,132.05,132.2,111
2024-12-27T13:45:00+00:00,132.2,132.4,132.2,132.2,7
2024-12-27T13:50:00+00:00,132.2,132.3,132.2,132.3,6
2024-12-27T13:55:00+00:00,132.2,132.5,132.15,132.35,90
2024-12-27T14:00:00+00:00,132.3,132.3,132.05,132.2,1721
2024-12-27T14:05:00+00:00,132.3,132.3,132.0,132.0,337
2024-12-27T14:10:00+00:00,131.95,132.1,131.95,132.1,95
2024-12-27T14:15:00+00:00,132.0,132.1,131.95,132.0,64
2024-12-27T14:20:00+00:00,131.9,132.1,131.9,132.1,86
2024-12-27T14:25:00+00:00,132.1,132.3,132.1,132.3,60
2024-12-27T14:30:00+00:00,132.3,132.3,132.2,132.2,523
2024-12-27T14:35:00+00:00,132.3,132.3,132.2,132.3,18
2024-12-27T14:40:00+00:00,132.2,132.3,132.2,132.3,14
2024-12-27T14:45:00+00:00,132.3,132.3,132.3,132.3,32
2024-12-27T14:50:00+00:00,132.3,132.4,132.1,132.4,120
2024-12-27T14:55:00+00:00,132.4,132.4,132.05,132.05,35
2024-12-27T15:00:00+00:00,132.2,132.3,132.2,132.3,15
2024-12-27T15:05:00+00:00,132.3,132.5,132.2,132.5,160
2024-12-27T15:10:00+00:00,132.5,132.55,132.45,132.45,632
2024-12-27T15:15:00+00:00,132.4,132.4,132.05,132.2,112
2024-12-27T15:20:00+00:00,132.2,132.55,132.2,132.45,524
2024-12-27T15:25:00+00:00,132.55,132.55,132.4,132.55,461
2024-12-27T15:30:00+00:00,132.55,132.55,132.15,132.15,57
2024-12-27T15:35:00+00:00,132.3,132.55,132.1,132.55,115
2024-12-27T15:45:00+00:00,132.4,132.4,132.4,132.4,53
2024-12-27T16:05:00+00:00,132.4,132.5,132.4,132.5,33
2024-12-27T16:10:00+00:00,132.55,132.55,132.3,132.5,103
2024-12-27T16:15:00+00:00,132.5,132.5,132.05,132.05,80
2024-12-27T16:20:00+00:00,132.2,132.2,132.2,132.2,3
2024-12-27T16:25:00+00:00,132.3,132.4,132.3,132.3,11
2024-12-27T16:30:00+00:00,132.4,132.4,132.4,132.4,2
2024-12-27T16:35:00+00:00,132.4,132.4,132.4,132.4,2
2024-12-27T16:40:00+00:00,132.4,132.45,132.4,132.45,12
2024-12-27T16:45:00+00:00,132.5,132.5,132.5,132.5,9
2024-12-27T16:50:00+00:00,132.45,132.5,132.3,132.5,11
2024-12-27T16:55:00+00:00,132.5,132.5,132.5,132.5,11
2024-12-27T17:00:00+00:00,132.3,132.5,132.1,132.4,111
2024-12-27T17:05:00+00:00,132.3,132.3,132.3,132.3,1
2024-12-27T17:10:00+00:00,132.3,132.3,132.0,132.1,362
2024-12-27T17:15:00+00:00,132.2,132.45,132.2,132.45,24
2024-12-27T17:20:00+00:00,132.3,132.4,132.0,132.0,66
2024-12-27T17:25:00+00:00,132.0,132.4,132.0,132.4,78
2024-12-27T17:30:00+00:00,132.4,132.5,132.4,132.4,92
2024-12-27T17:35:00+00:00,132.4,132.55,132.4,132.5,55
2024-12-27T17:40:00+00:00,132.55,132.55,132.4,132.4,21
2024-12-27T17:45:00+00:00,132.3,132.5,132.2,132.4,22
2024-12-27T17:50:00+00:00,132.45,132.5,132.2,132.2,17
2024-12-27T17:55:00+00:00,132.4,132.5,132.1,132.1,57
2024-12-27T18:00:00+00:00,132.2,132.55,132.2,132.5,100
2024-12-27T18:05:00+00:00,132.4,132.4,132.3,132.4,7
2024-12-27T18:10:00+00:00,132.45,132.5,132.4,132.4,19
2024-12-27T18:15:00+00:00,132.3,132.3,132.2,132.3,140
2024-12-27T18:20:00+00:00,132.2,132.35,132.1,132.35,41
2024-12-27T18:25:00+00:00,132.4,132.4,132.2,132.3,26
2024-12-27T18:30:00+00:00,132.35,132.4,132.3,132.3,87
2024-12-27T18:35:00+00:00,132.4,132.55,132.4,132.5,194
2024-12-27T18:40:00+00:00,132.5,132.5,132.4,132.45,27
2024-12-27T18:45:00+00:00,132.45,132.5,132.45,132.45,19
2024-12-27T18:50:00+00:00,132.4,132.5,132.4,132.5,58
2024-12-27T18:55:00+00:00,132.4,132.4,132.4,132.4,7
2024-12-27T19:00:00+00:00,132.45,132.5,132.45,132.5,2
2024-12-27T19:05:00+00:00,132.5,132.55,132.5,132.55,552
2024-12-27T19:10:00+00:00,132.55,132.55,132.5,132.5,85
2024-12-27T19:15:00+00:00,132.5,132.5,132.2,132.2,79
2024-12-27T19:20:00+00:00,132.2,132.6,132.1,132.55,579
2024-12-27T19:25:00+00:00,132.55,132.6,132.5,132.6,108
2024-12-27T19:30:00+00:00,132.6,132.6,132.15,132.6,53
2024-12-27T19:35:00+00:00,132.5,132.5,132.3,132.4,6
2024-12-27T19:40:00+00:00,132.4,132.6,132.3,132.5,17
2024-12-27T19:45:00+00:00,132.55,132.55,132.4,132.4,5
2024-12-27T19:50:00+00:00,132.5,132.5,132.4,132.4,5
2024-12-27T20:00:00+00:00,132.45,132.5,132.45,132.5,2
2024-12-27T20:05:00+00:00,132.5,132.6,132.5,132.55,11
2024-12-27T20:10:00+00:00,132.55,132.55,132.55,132.55,2
2024-12-27T20:15:00+00:00,132.45,132.45,132.45,132.45,10
2024-12-27T20:20:00+00:00,132.45,132.45,132.0,132.2,460
2024-12-27T20:25:00+00:00,132.2,132.2,132.2,132.2,305
2024-12-27T20:30:00+00:00,132.1,132.1,132.1,132.1,27
2024-12-27T20:35:00+00:00,132.1,132.1,131.9,131.95,40
2024-12-27T20:40:00+00:00,131.95,131.95,131.8,131.9,132
2024-12-27T20:45:00+00:00,131.8,131.95,131.8,131.95,552
2024-12-28T06:55:00+00:00,132.5,132.5,132.5,132.5,4
2024-12-28T07:00:00+00:00,132.5,132.75,132.1,132.5,628
2024-12-28T07:05:00+00:00,132.7,132.75,132.35,132.6,90
2024-12-28T07:10:00+00:00,132.6,132.8,132.6,132.7,357
2024-12-28T07:15:00+00:00,132.6,132.8,132.3,132.75,682
2024-12-28T07:20:00+00:00,132.7,132.7,131.75,132.2,604
2024-12-28T07:25:00+00:00,132.4,132.5,131.85,132.4,277
2024-12-28T07:30:00+00:00,132.45,132.5,132.1,132.5,162
2024-12-28T07:35:00+00:00,132.5,132.5,132.2,132.5,146
2024-12-28T07:40:00+00:00,132.5,132.6,132.5,132.6,94
2024-12-28T07:45:00+00:00,132.6,132.7,132.6,132.7,138
2024-12-28T07:50:00+00:00,132.6,132.75,132.5,132.75,336
2024-12-28T07:55:00+00:00,132.75,132.8,132.5,132.6,273
2024-12-28T08:00:00+00:00,132.6,132.6,132.0,132.3,1996
2024-12-28T08:05:00+00:00,132.35,132.5,132.3,132.5,60
2024-12-28T08:10:00+00:00,132.5,132.5,132.0,132.4,560
2024-12-28T08:15:00+00:00,132.4,132.55,132.3,132.4,100
2024-12-28T08:20:00+00:00,132.3,132.6,132.1,132.6,412
2024-12-28T08:25:00+00:00,132.6,132.7,132.35,132.35,222
2024-12-28T08:30:00+00:00,132.5,132.75,132.5,132.6,372
2024-12-28T08:35:00+00:00,132.65,132.8,132.4,132.75,1363
2024-12-28T08:40:00+00:00,132.7,132.9,132.7,132.85,515
2024-12-28T08:45:00+00:00,132.85,132.85,131.9,132.3,1331
2024-12-28T08:50:00+00:00,132.4,132.4,131.9,132.1,556
2024-12-28T08:55:00+00:00,132.1,132.7,132.0,132.7,646
2024-12-28T09:00:00+00:00,132.7,132.85,132.6,132.6,751
2024-12-28T09:05:00+00:00,132.7,132.8,132.65,132.65,54
2024-12-28T09:10:00+00:00,132.65,132.75,132.3,132.6,100
2024-12-28T09:15:00+00:00,132.6,132.6,132.45,132.55,73
2024-12-28T09:20:00+00:00,132.6,132.65,132.6,132.65,91
2024-12-28T09:25:00+00:00,132.6,132.65,132.4,132.6,84
2024-12-28T09:30:00+00:00,132.6,132.8,132.6,132.8,200
2024-12-28T09:35:00+00:00,132.8,132.85,132.7,132.8,192
2024-12-28T09:40:00+00:00,132.8,132.8,132.7,132.8,223
2024-12-28T09:45:00+00:00,132.75,132.8,132.5,132.6,1081
2024-12-28T09:50:00+00:00,132.5,132.8,132.5,132.8,299
2024-12-28T09:55:00+00:00,132.8,132.85,132.7,132.8,173
2024-12-28T10:00:00+00:00,132.8,132.8,132.5,132.6,571
2024-12-28T10:05:00+00:00,132.6,132.85,132.6,132.85,219
2024-12-28T10:10:00+00:00,132.85,132.85,132.7,132.7,120
2024-12-28T10:15:00+00:00,132.8,132.8,132.6,132.7,60
2024-12-28T10:20:00+00:00,132.7,132.8,132.7,132.8,472
2024-12-28T10:25:00+00:00,132.8,132.8,132.8,132.8,27
2024-12-28T10:30:00+00:00,132.8,132.8,132.5,132.5,150
2024-12-28T10:35:00+00:00,132.6,132.75,132.6,132.75,12
2024-12-28T10:40:00+00:00,132.75,132.75,132.6,132.6,17
2024-12-28T10:45:00+00:00,132.6,132.6,132.6,132.6,14
2024-12-28T10:50:00+00:00,132.6,132.6,132.5,132.6,212
2024-12-28T10:55:00+00:00,132.4,132.6,132.4,132.45,113
2024-12-28T11:00:00+00:00,132.6,132.6,132.6,132.6,51
2024-12-28T11:05:00+00:00,132.6,132.65,132.5,132.5,173
2024-12-28T11:10:00+00:00,132.65,132.65,132.3,132.4,206
2024-12-28T11:15:00+00:00,132.3,132.5,132.15,132.5,130
2024-12-28T11:20:00+00:00,132.5,132.65,132.5,132.65,136
2024-12-28T11:25:00+00:00,132.65,132.75,132.65,132.7,72
2024-12-28T11:30:00+00:00,132.75,132.85,132.6,132.7,70
2024-12-28T11:35:00+00:00,132.8,132.85,132.6,132.8,67
2024-12-28T11:40:00+00:00,132.8,132.8,132.8,132.8,119
2024-12-28T11:45:00+00:00,132.8,132.8,132.7,132.8,312
2024-12-28T11:50:00+00:00,132.6,132.8,132.6,132.8,41
2024-12-28T11:55:00+00:00,132.8,132.8,132.6,132.7,128
2024-12-28T12:00:00+00:00,132.7,132.8,132.65,132.75,45
2024-12-28T12:05:00+00:00,132.65,132.75,132.6,132.75,126
2024-12-28T12:10:00+00:00,132.65,132.8,132.65,132.8,130
2024-12-28T12:15:00+00:00,132.8,132.85,132.2,132.75,751
2024-12-28T12:20:00+00:00,132.6,132.7,132.25,132.25,86
2024-12-28T12:25:00+00:00,132.25,132.55,132.05,132.55,340
2024-12-28T12:30:00+00:00,132.55,132.7,132.25,132.7,263
2024-12-28T12:35:00+00:00,132.7,132.8,132.6,132.8,524
2024-12-28T12:40:00+00:00,132.8,132.9,132.55,132.7,792
2024-12-28T12:45:00+00:00,132.8,132.85,132.7,132.85,255
2024-12-28T12:50:00+00:00,132.85,132.9,132.7,132.9,345
2024-12-28T12:55:00+00:00,132.9,132.9,132.7,132.75,616
2024-12-28T13:00:00+00:00,132.7,132.85,132.7,132.85,54
2024-12-28T13:05:00+00:00,132.9,133.0,132.9,132.9,1272
2024-12-28T13:10:00+00:00,133.0,133.2,133.0,133.2,86
2024-12-28T13:15:00+00:00,133.2,133.2,133.1,133.1,47
2024-12-28T13:20:00+00:00,133.2,133.25,133.1,133.15,142
2024-12-28T13:25:00+00:00,133.1,133.2,133.0,133.0,131
2024-12-28T13:30:00+00:00,133.0,133.0,132.8,132.9,90
2024-12-28T13:35:00+00:00,132.8,132.9,132.8,132.9,24
2024-12-28T13:40:00+00:00,132.8,132.95,132.75,132.9,154
2024-12-28T13:45:00+00:00,132.8,132.9,132.8,132.8,40
2024-12-28T13:50:00+00:00,132.8,132.8,132.75,132.8,67
2024-12-28T13:55:00+00:00,132.75,132.9,132.75,132.9,28
2024-12-28T14:00:00+00:00,132.8,132.85,132.5,132.7,372
2024-12-28T14:05:00+00:00,132.6,132.8,132.4,132.8,219
2024-12-28T14:10:00+00:00,132.6,132.75,132.55,132.75,120
2024-12-28T14:15:00+00:00,132.8,133.0,132.8,132.95,183
2024-12-28T14:20:00+00:00,132.85,133.25,132.85,133.2,157
2024-12-28T14:25:00+00:00,133.2,133.2,132.9,132.9,145
2024-12-28T14:30:00+00:00,133.0,133.0,132.75,132.75,285
2024-12-28T14:35:00+00:00,132.9,133.05,132.9,133.0,16
2024-12-28T14:40:00+00:00,132.9,133.2,132.75,132.95,219
2024-12-28T14:45:00+00:00,133.1,133.25,133.1,133.2,349
2024-12-28T14:50:00+00:00,133.2,133.3,133.1,133.1,510
2024-12-28T14:55:00+00:00,133.2,133.2,132.75,132.9,294
2024-12-28T15:00:00+00:00,132.9,133.1,132.75,133.1,121
2024-12-28T15:05:00+00:00,133.0,133.1,132.85,132.85,23
2024-12-28T15:10:00+00:00,132.85,133.15,132.8,133.15,137
2024-12-28T15:15:00+00:00,133.0,133.2,132.85,133.0,146
2024-12-28T15:20:00+00:00,133.1,133.2,133.0,133.1,261
2024-12-28T15:25:00+00:00,133.2,133.25,132.6,133.0,673
2024-12-28T15:30:00+00:00,133.0,133.25,132.9,133.0,367
2024-12-28T15:35:00+00:00,133.0,133.0,132.5,132.5,897
2024-12-28T15:45:00+00:00,131.85,131.85,131.85,131.85,2605
2024-12-28T16:00:00+00:00,132.0,132.0,132.0,132.0,8
2024-12-28T16:05:00+00:00,132.1,132.8,132.05,132.8,123
2024-12-28T16:10:00+00:00,132.8,132.8,132.05,132.6,268
2024-12-28T16:15:00+00:00,132.55,132.6,132.5,132.5,9
2024-12-28T16:20:00+00:00,132.6,132.65,132.4,132.5,142
2024-12-28T16:25:00+00:00,132.5,132.65,132.5,132.65,204
2024-12-28T16:30:00+00:00,132.65,132.7,132.6,132.65,169
2024-12-28T16:35:00+00:00,132.7,132.7,132.7,132.7,106
2024-12-28T16:40:00+00:00,132.7,132.7,132.4,132.7,28
2024-12-28T16:45:00+00:00,132.6,133.35,132.5,133.35,770
2024-12-28T16:50:00+00:00,133.35,133.45,133.2,133.3,730
2024-12-28T16:55:00+00:00,133.3,133.5,133.05,133.05,1056
2024-12-28T17:00:00+00:00,133.2,133.5,133.2,133.3,389
2024-12-28T17:05:00+00:00,133.3,133.4,132.45,132.5,67
2024-12-28T17:10:00+00:00,132.6,133.1,132.6,133.1,567
2024-12-28T17:15:00+00:00,133.1,133.4,133.1,133.4,132
2024-12-28T17:25:00+00:00,133.4,133.5,133.1,133.3,492
2024-12-28T17:30:00+00:00,133.3,133.3,133.2,133.2,8
2024-12-28T17:35:00+00:00,133.2,133.4,133.1,133.1,161
2024-12-28T17:40:00+00:00,133.1,133.2,132.8,133.0,70
2024-12-28T17:45:00+00:00,133.0,133.2,133.0,133.2,37
2024-12-28T17:50:00+00:00,133.2,133.2,133.0,133.0,4
2024-12-28T17:55:00+00:00,133.1,133.2,132.45,132.45,393
2024-12-28T18:00:00+00:00,132.6,133.15,132.6,133.15,41
2024-12-28T18:05:00+00:00,133.0,133.2,133.0,133.2,12
2024-12-28T18:10:00+00:00,133.2,133.3,133.1,133.1,23
2024-12-28T18:15:00+00:00,133.1,133.1,133.1,133.1,3
2024-12-28T18:20:00+00:00,133.15,133.55,133.15,133.55,579
2024-12-28T18:25:00+00:00,133.4,133.4,132.5,132.55,567
2024-12-28T18:30:00+00:00,132.7,132.9,132.7,132.9,6
2024-12-28T18:35:00+00:00,133.0,133.2,132.6,132.9,115
2024-12-28T18:40:00+00:00,133.0,133.4,132.5,133.35,269
2024-12-28T18:45:00+00:00,133.3,133.3,132.25,133.1,2018
2024-12-28T18:50:00+00:00,133.0,133.05,132.9,132.95,207
2024-12-28T18:55:00+00:00,132.95,133.0,132.2,132.8,1651
2024-12-28T19:00:00+00:00,132.9,133.1,132.9,133.1,569
2024-12-28T19:05:00+00:00,133.1,133.4,133.0,133.4,850
2024-12-28T19:10:00+00:00,133.4,133.45,132.95,133.45,367
2024-12-28T19:15:00+00:00,133.4,133.45,133.1,133.45,184
2024-12-28T19:20:00+00:00,133.4,133.4,133.4,133.4,35
2024-12-28T19:25:00+00:00,133.4,133.5,132.95,133.3,838
2024-12-28T19:30:00+00:00,133.4,133.4,133.25,133.3,213
2024-12-28T19:35:00+00:00,133.2,133.4,133.05,133.4,124
2024-12-28T19:40:00+00:00,133.4,133.4,133.2,133.35,289
2024-12-28T19:45:00+00:00,133.35,133.35,133.1,133.1,17
2024-12-28T19:50:00+00:00,133.1,133.3,133.1,133.3,124
2024-12-28T19:55:00+00:00,133.3,133.3,133.1,133.1,357
2024-12-28T20:00:00+00:00,133.0,133.1,132.7,133.1,213
2024-12-28T20:05:00+00:00,133.1,133.1,132.9,133.1,104
2024-12-28T20:10:00+00:00,132.95,133.1,132.9,133.0,138
2024-12-28T20:15:00+00:00,132.9,133.4,132.0,132.8,2774
2024-12-28T20:20:00+00:00,132.8,132.8,132.6,132.65,91
2024-12-28T20:25:00+00:00,132.65,132.8,132.5,132.65,113
2024-12-28T20:30:00+00:00,132.65,132.75,132.55,132.55,126
2024-12-28T20:35:00+00:00,132.6,132.6,132.35,132.4,804
2024-12-28T20:40:00+00:00,132.4,132.7,132.2,132.4,586
2024-12-28T20:45:00+00:00,132.4,132.65,132.0,132.3,3196
2024-12-30T06:55:00+00:00,133.0,133.0,133.0,133.0,7
2024-12-30T07:00:00+00:00,133.0,133.6,133.0,133.3,1078
2024-12-30T07:05:00+00:00,133.4,134.0,133.4,133.6,887
2024-12-30T07:10:00+00:00,133.7,134.85,133.55,134.0,2534
2024-12-30T07:15:00+00:00,134.1,134.4,133.9,134.3,765
2024-12-30T07:20:00+00:00,134.35,134.4,134.05,134.3,1973
2024-12-30T07:25:00+00:00,134.3,134.3,134.05,134.3,240
2024-12-30T07:30:00+00:00,134.3,134.3,134.1,134.3,110
2024-12-30T07:35:00+00:00,134.2,134.4,134.2,134.4,226
2024-12-30T07:40:00+00:00,134.4,134.4,133.9,134.3,680
2024-12-30T07:45:00+00:00,134.4,134.5,134.3,134.4,330
2024-12-30T07:50:00+00:00,134.4,134.5,134.3,134.3,165
2024-12-30T07:55:00+00:00,134.3,134.4,134.2,134.4,1136
2024-12-30T08:00:00+00:00,134.3,134.4,134.0,134.4,380
2024-12-30T08:05:00+00:00,134.4,134.4,134.35,134.4,69
2024-12-30T08:10:00+00:00,134.3,134.8,134.3,134.7,674
2024-12-30T08:15:00+00:00,134.7,136.1,134.7,136.0,1368
2024-12-30T08:20:00+00:00,136.0,137.7,135.95,137.15,2102
2024-12-30T08:25:00+00:00,137.15,137.4,137.1,137.4,1236
2024-12-30T08:30:00+00:00,137.4,137.4,136.55,137.2,740
2024-12-30T08:35:00+00:00,137.15,137.25,136.5,136.5,458
2024-12-30T08:40:00+00:00,136.55,136.9,136.0,136.0,1325
2024-12-30T08:45:00+00:00,136.2,136.2,135.0,135.45,575
2024-12-30T08:50:00+00:00,135.45,137.15,135.45,137.15,1716
2024-12-30T08:55:00+00:00,137.2,137.3,136.7,137.2,720
2024-12-30T09:00:00+00:00,137.2,137.25,137.2,137.2,317
2024-12-30T09:05:00+00:00,137.1,137.2,136.0,136.7,747
2024-12-30T09:10:00+00:00,136.6,136.95,136.6,136.9,645
2024-12-30T09:15:00+00:00,136.9,136.9,136.1,136.65,136
2024-12-30T09:20:00+00:00,136.5,136.5,136.1,136.3,443
2024-12-30T09:25:00+00:00,136.3,136.3,136.1,136.1,368
2024-12-30T09:30:00+00:00,136.25,136.9,136.25,136.8,272
2024-12-30T09:35:00+00:00,136.8,137.0,136.8,136.8,214
2024-12-30T09:40:00+00:00,136.9,137.0,136.8,136.95,171
2024-12-30T09:45:00+00:00,136.95,137.0,136.9,137.0,267
2024-12-30T09:50:00+00:00,137.0,137.0,136.65,136.65,349
2024-12-30T09:55:00+00:00,136.65,137.0,136.65,136.65,274
2024-12-30T10:00:00+00:00,136.65,136.8,136.65,136.8,53
2024-12-30T10:05:00+00:00,136.8,137.3,136.8,137.2,1213
2024-12-30T10:10:00+00:00,137.1,137.3,136.15,136.15,459
2024-12-30T10:15:00+00:00,136.2,136.4,136.0,136.0,451
2024-12-30T10:20:00+00:00,136.0,136.25,136.0,136.2,381
2024-12-30T10:25:00+00:00,136.1,136.3,136.0,136.1,313
2024-12-30T10:30:00+00:00,136.0,136.1,135.9,136.0,238
2024-12-30T10:35:00+00:00,136.0,137.3,135.6,137.2,3558
2024-12-30T10:40:00+00:00,137.25,137.25,136.3,136.9,907
2024-12-30T10:45:00+00:00,137.0,137.05,136.9,136.9,20
2024-12-30T10:50:00+00:00,137.0,137.1,136.9,136.9,177
2024-12-30T10:55:00+00:00,136.9,136.9,136.8,136.85,121
2024-12-30T11:00:00+00:00,136.85,136.85,136.7,136.7,156
2024-12-30T11:05:00+00:00,136.7,136.85,136.7,136.7,32
2024-12-30T11:10:00+00:00,136.65,136.7,136.65,136.7,148
2024-12-30T11:15:00+00:00,136.65,136.7,136.65,136.7,1377
2024-12-30T11:20:00+00:00,136.7,136.75,136.7,136.75,97
2024-12-30T11:25:00+00:00,136.8,137.2,136.65,137.1,1053
2024-12-30T11:30:00+00:00,137.1,137.2,136.9,137.0,147
2024-12-30T11:35:00+00:00,137.1,137.2,136.8,136.8,751
2024-12-30T11:40:00+00:00,136.9,137.2,136.8,137.2,88
2024-12-30T11:45:00+00:00,137.1,137.25,137.1,137.2,48
2024-12-30T11:50:00+00:00,137.1,137.2,137.1,137.1,34
2024-12-30T11:55:00+00:00,137.2,137.2,136.8,136.8,243
2024-12-30T12:00:00+00:00,136.9,137.2,136.9,137.1,172
2024-12-30T12:05:00+00:00,137.1,137.2,136.9,136.9,73
2024-12-30T12:10:00+00:00,136.9,137.2,136.9,137.0,199
2024-12-30T12:15:00+00:00,137.1,137.2,137.05,137.2,34
2024-12-30T12:20:00+00:00,137.2,137.2,137.05,137.2,21
2024-12-30T12:25:00+00:00,137.2,137.2,137.15,137.2,75
2024-12-30T12:30:00+00:00,137.2,137.2,137.15,137.2,79
2024-12-30T12:35:00+00:00,137.2,137.2,136.75,137.1,742
2024-12-30T12:40:00+00:00,137.0,137.2,137.0,137.2,469
2024-12-30T12:45:00+00:00,137.1,137.15,137.0,137.05,178
2024-12-30T12:50:00+00:00,137.2,137.2,137.0,137.1,105
2024-12-30T12:55:00+00:00,137.05,137.1,137.0,137.0,140
2024-12-30T13:00:00+00:00,137.1,137.1,136.9,136.9,1260
2024-12-30T13:05:00+00:00,136.9,137.1,136.9,136.95,217
2024-12-30T13:10:00+00:00,136.95,136.95,136.9,136.95,45
2024-12-30T13:15:00+00:00,136.9,136.95,136.9,136.95,64
2024-12-30T13:20:00+00:00,136.9,137.1,136.9,137.1,486
2024-12-30T13:25:00+00:00,137.15,137.4,136.95,137.3,306
2024-12-30T13:30:00+00:00,137.25,137.3,136.85,136.85,312
2024-12-30T13:35:00+00:00,137.0,137.0,136.9,137.0,3
2024-12-30T13:40:00+00:00,137.0,137.0,136.75,136.75,51
2024-12-30T13:45:00+00:00,136.8,137.0,136.75,137.0,48
2024-12-30T13:50:00+00:00,136.8,136.8,136.7,136.75,35
2024-12-30T13:55:00+00:00,136.75,137.15,136.65,136.75,160
2024-12-30T14:00:00+00:00,136.75,136.85,136.65,136.8,98
2024-12-30T14:05:00+00:00,136.8,136.9,136.65,136.9,408
2024-12-30T14:10:00+00:00,136.75,136.9,136.75,136.9,32
2024-12-30T14:15:00+00:00,136.75,136.9,136.6,136.6,629
2024-12-30T14:20:00+00:00,136.6,136.7,136.6,136.7,10
2024-12-30T14:25:00+00:00,136.7,136.85,136.7,136.85,30
2024-12-30T14:30:00+00:00,136.85,136.85,136.7,136.7,14
2024-12-30T14:35:00+00:00,136.8,137.3,136.8,137.3,664
2024-12-30T14:40:00+00:00,137.1,137.3,137.0,137.25,41
2024-12-30T14:45:00+00:00,137.25,137.3,137.0,137.3,94
2024-12-30T14:50:00+00:00,137.1,137.3,137.1,137.3,14
2024-12-30T14:55:00+00:00,137.3,137.3,137.05,137.1,29
2024-12-30T15:00:00+00:00,137.2,137.3,137.1,137.1,4
2024-12-30T15:05:00+00:00,137.2,137.3,136.8,136.9,260
2024-12-30T15:10:00+00:00,136.75,136.9,136.75,136.75,93
2024-12-30T15:15:00+00:00,136.75,137.15,136.75,136.8,56
2024-12-30T15:20:00+00:00,137.0,137.0,136.75,136.8,20
2024-12-30T15:25:00+00:00,136.8,137.15,136.8,137.15,31
2024-12-30T15:30:00+00:00,137.15,137.15,136.9,136.9,36
2024-12-30T15:35:00+00:00,136.9,137.0,136.9,137.0,43
2024-12-30T15:45:00+00:00,137.05,137.05,137.05,137.05,53
2024-12-30T16:00:00+00:00,137.1,137.1,137.1,137.1,5
2024-12-30T16:05:00+00:00,137.1,137.3,136.95,137.3,270
2024-12-30T16:10:00+00:00,137.3,137.3,137.0,137.0,56
2024-12-30T16:15:00+00:00,137.0,137.3,136.95,137.2,77
2024-12-30T16:20:00+00:00,137.2,137.6,137.2,137.6,619
2024-12-30T16:25:00+00:00,137.6,137.6,137.15,137.2,89
2024-12-30T16:30:00+00:00,137.3,137.65,137.3,137.55,122
2024-12-30T16:35:00+00:00,137.6,137.7,137.6,137.7,14
2024-12-30T16:40:00+00:00,137.6,138.0,137.5,138.0,903
2024-12-30T16:45:00+00:00,138.0,138.0,137.9,138.0,98
2024-12-30T16:50:00+00:00,138.0,138.0,137.9,138.0,142
2024-12-30T16:55:00+00:00,137.9,138.15,137.9,138.15,230
2024-12-30T17:00:00+00:00,138.15,138.2,138.15,138.2,85
2024-12-30T17:05:00+00:00,138.2,138.2,138.15,138.2,53
2024-12-30T17:10:00+00:00,138.25,138.3,138.15,138.15,166
2024-12-30T17:15:00+00:00,138.1,138.15,138.1,138.1,60
2024-12-30T17:20:00+00:00,138.1,138.15,137.6,137.6,262
2024-12-30T17:25:00+00:00,137.7,137.9,137.7,137.9,7
2024-12-30T17:30:00+00:00,137.9,138.15,137.9,138.15,124
2024-12-30T17:35:00+00:00,138.15,138.2,137.95,138.15,99
2024-12-30T17:40:00+00:00,138.15,138.2,138.15,138.2,42
2024-12-30T17:45:00+00:00,138.2,138.2,138.15,138.2,61
2024-12-30T17:50:00+00:00,138.15,138.2,138.15,138.2,69
2024-12-30T17:55:00+00:00,138.2,138.2,138.05,138.05,19
2024-12-30T18:00:00+00:00,138.0,138.0,137.95,137.95,23
2024-12-30T18:05:00+00:00,137.95,137.95,137.9,137.9,10
2024-12-30T18:10:00+00:00,137.9,137.9,137.85,137.85,22
2024-12-30T18:15:00+00:00,137.8,137.8,137.5,137.5,115
2024-12-30T18:20:00+00:00,137.6,137.6,137.6,137.6,31
2024-12-30T18:25:00+00:00,137.6,137.8,137.6,137.7,16
2024-12-30T18:30:00+00:00,137.65,137.8,137.65,137.8,5
2024-12-30T18:40:00+00:00,137.85,137.9,137.85,137.9,17
2024-12-30T18:45:00+00:00,137.85,137.85,137.85,137.85,105
2024-12-30T18:50:00+00:00,137.9,137.9,137.8,137.8,10
2024-12-30T18:55:00+00:00,137.9,137.95,137.8,137.8,21
2024-12-30T19:00:00+00:00,138.0,138.0,137.95,137.95,17
2024-12-30T19:05:00+00:00,137.9,137.95,137.8,137.8,15
2024-12-30T19:10:00+00:00,137.95,137.95,137.8,137.95,13
2024-12-30T19:15:00+00:00,137.9,137.95,137.9,137.95,2
2024-12-30T19:20:00+00:00,137.95,137.95,137.95,137.95,22
2024-12-30T19:25:00+00:00,137.85,137.95,137.8,137.9,482
2024-12-30T19:30:00+00:00,137.95,137.95,137.95,137.95,1
2024-12-30T19:35:00+00:00,137.9,137.9,137.8,137.8,2
2024-12-30T19:40:00+00:00,137.95,137.95,137.8,137.9,96
2024-12-30T19:45:00+00:00,137.9,137.95,137.9,137.95,54
2024-12-30T19:50:00+00:00,137.95,137.95,137.8,137.8,15
2024-12-30T19:55:00+00:00,137.8,137.95,137.75,137.95,35
2024-12-30T20:00:00+00:00,137.95,138.15,137.95,138.15,721
2024-12-30T20:05:00+00:00,138.1,138.15,137.5,137.8,542
2024-12-30T20:10:00+00:00,137.8,137.9,137.8,137.9,60
2024-12-30T20:15:00+00:00,138.0,138.3,138.0,138.3,557
2024-12-30T20:20:00+00:00,138.3,138.3,138.2,138.2,5
2024-12-30T20:25:00+00:00,138.2,138.2,138.1,138.1,19
2024-12-30T20:30:00+00:00,138.0,138.0,137.9,138.0,38
2024-12-30T20:35:00+00:00,138.0,138.0,137.95,137.95,59
2024-12-30T20:40:00+00:00,137.95,138.0,137.95,138.0,34
2024-12-30T20:45:00+00:00,138.1,138.3,138.1,138.3,109
